GAME_ID	SEASON	LEAGUE	PLAYER	TEAM	MATCHUP	MIN	PTS	2PM	2PA	3PM	3PA	FTM	FTA	DREB	OREB	REB	AST	STL	BLK	TOV	PF
1	2025-26	NBB	PEDRO NUNES	VASCO DA GAMA	2025-10-18, VAS vs FOR	35	20	4	5	4	8	0	1	4	1	5	9	3	0	2	2
1	2025-26	NBB	G. BASILIO	VASCO DA GAMA	2025-10-18, VAS vs FOR	40	16	2	6	3	7	3	4	4	2	6	5	0	0	3	1
1	2025-26	NBB	MAGNA	VASCO DA GAMA	2025-10-18, VAS vs FOR	33	15	4	8	1	3	4	4	3	1	4	2	2	0	3	4
1	2025-26	NBB	ZIBECCHI	VASCO DA GAMA	2025-10-18, VAS vs FOR	26	13	2	6	3	7	0	2	1	4	5	5	0	0	2	3
1	2025-26	NBB	HONORATO	VASCO DA GAMA	2025-10-18, VAS vs FOR	17	9	3	5	0	0	3	4	5	2	7	0	0	0	1	2
1	2025-26	NBB	ELIAS	VASCO DA GAMA	2025-10-18, VAS vs FOR	24	4	2	5	0	4	0	0	2	2	4	2	2	0	2	3
1	2025-26	NBB	ALE	VASCO DA GAMA	2025-10-18, VAS vs FOR	23	1	0	4	0	4	1	2	3	1	4	3	0	0	2	3
1	2025-26	NBB	JONATHAN	VASCO DA GAMA	2025-10-18, VAS vs FOR	2	0	0	0	0	0	0	0	0	0	0	0	0	0	0	2
1	2025-26	NBB	ALBERTON	FORTALEZA BASQUETE CEARENSE	2025-10-18, VAS vs FOR	17	16	5	6	0	0	6	6	4	5	9	1	2	0	2	4
1	2025-26	NBB	DUPREE	FORTALEZA BASQUETE CEARENSE	2025-10-18, VAS vs FOR	33	15	2	7	1	3	8	10	5	1	6	5	2	0	1	3
1	2025-26	NBB	GOHLKE	FORTALEZA BASQUETE CEARENSE	2025-10-18, VAS vs FOR	31	14	1	2	4	7	0	0	2	1	3	3	1	0	1	2
1	2025-26	NBB	DA SILVA	FORTALEZA BASQUETE CEARENSE	2025-10-18, VAS vs FOR	20	14	4	9	0	0	6	7	0	4	4	2	0	0	0	0
1	2025-26	NBB	GABRIEL	FORTALEZA BASQUETE CEARENSE	2025-10-18, VAS vs FOR	21	13	2	3	3	5	0	0	3	0	3	1	0	0	2	4
1	2025-26	NBB	POPOVIC	FORTALEZA BASQUETE CEARENSE	2025-10-18, VAS vs FOR	18	5	1	6	1	3	0	0	3	2	5	1	4	0	1	3
1	2025-26	NBB	SALSAMENDI	FORTALEZA BASQUETE CEARENSE	2025-10-18, VAS vs FOR	22	4	2	5	0	0	0	0	1	0	1	5	1	0	0	4
1	2025-26	NBB	JEANZINHO	FORTALEZA BASQUETE CEARENSE	2025-10-18, VAS vs FOR	24	4	1	4	0	2	2	2	2	0	2	5	1	1	2	1
1	2025-26	NBB	AUGUSTO VIEIRA	FORTALEZA BASQUETE CEARENSE	2025-10-18, VAS vs FOR	4	3	0	0	1	2	0	0	0	0	0	0	0	0	0	1
1	2025-26	NBB	SAMUEL	FORTALEZA BASQUETE CEARENSE	2025-10-18, VAS vs FOR	10	0	0	0	0	1	0	0	3	0	3	1	0	2	0	0
2	2025-26	NBB	SENA	CRUZEIRO BASQUETE	2025-10-18, CRU vs SJO	21	12	4	9	0	1	4	4	2	2	4	0	1	1	2	0
2	2025-26	NBB	I. THORNTON	CRUZEIRO BASQUETE	2025-10-18, CRU vs SJO	34	10	2	6	1	4	3	4	3	2	5	1	1	0	2	2
2	2025-26	NBB	CASSIANO	CRUZEIRO BASQUETE	2025-10-18, CRU vs SJO	24	9	1	11	1	4	4	4	4	2	6	3	0	0	1	2
2	2025-26	NBB	ANSALONI	CRUZEIRO BASQUETE	2025-10-18, CRU vs SJO	17	9	4	7	0	0	1	2	4	1	5	0	0	0	1	3
2	2025-26	NBB	JJ	CRUZEIRO BASQUETE	2025-10-18, CRU vs SJO	33	7	3	7	0	6	1	1	3	1	4	1	2	0	3	3
2	2025-26	NBB	DU SOMMER	CRUZEIRO BASQUETE	2025-10-18, CRU vs SJO	22	5	1	5	1	2	0	0	3	1	4	0	1	0	1	1
2	2025-26	NBB	LEO ABREU	CRUZEIRO BASQUETE	2025-10-18, CRU vs SJO	35	5	1	5	1	2	0	2	6	3	9	7	1	0	3	2
2	2025-26	NBB	LUDWIG	CRUZEIRO BASQUETE	2025-10-18, CRU vs SJO	6	3	1	1	0	2	1	1	0	0	0	0	0	0	0	2
2	2025-26	NBB	TULIO	CRUZEIRO BASQUETE	2025-10-18, CRU vs SJO	5	2	1	1	0	0	0	0	0	1	1	1	1	0	1	3
2	2025-26	NBB	EMERSON	CRUZEIRO BASQUETE	2025-10-18, CRU vs SJO	1	0	0	0	0	0	0	0	1	0	1	0	0	0	0	0
2	2025-26	NBB	BRUNINHO	CRUZEIRO BASQUETE	2025-10-18, CRU vs SJO	1	0	0	0	0	0	0	0	0	0	0	0	0	0	0	0
2	2025-26	NBB	LESSA	MR. MOO SAO JOSE BASKETBALL	2025-10-18, CRU vs SJO	27	17	0	2	3	4	8	10	1	0	1	1	1	0	2	3
2	2025-26	NBB	ADYEL	MR. MOO SAO JOSE BASKETBALL	2025-10-18, CRU vs SJO	28	17	2	5	4	9	1	2	6	1	7	5	4	0	4	1
2	2025-26	NBB	CAUE	MR. MOO SAO JOSE BASKETBALL	2025-10-18, CRU vs SJO	32	12	3	3	2	7	0	0	4	0	4	6	0	0	2	2
2	2025-26	NBB	MAIQUE	MR. MOO SAO JOSE BASKETBALL	2025-10-18, CRU vs SJO	22	12	2	5	2	2	2	2	6	0	6	1	1	1	1	4
2	2025-26	NBB	MILLER	MR. MOO SAO JOSE BASKETBALL	2025-10-18, CRU vs SJO	32	8	2	3	1	3	1	1	5	1	6	1	1	0	1	1
2	2025-26	NBB	ANDERSON	MR. MOO SAO JOSE BASKETBALL	2025-10-18, CRU vs SJO	17	6	2	6	0	0	2	3	3	0	3	0	0	0	2	4
2	2025-26	NBB	NICKEL	MR. MOO SAO JOSE BASKETBALL	2025-10-18, CRU vs SJO	4	6	1	1	0	1	4	4	0	0	0	0	0	0	0	0
2	2025-26	NBB	DOS SANTOS	MR. MOO SAO JOSE BASKETBALL	2025-10-18, CRU vs SJO	17	4	1	1	0	3	2	2	2	1	3	0	0	0	1	3
2	2025-26	NBB	LEO CRAVERO	MR. MOO SAO JOSE BASKETBALL	2025-10-18, CRU vs SJO	18	3	0	2	1	3	0	0	9	2	11	0	0	0	1	2
2	2025-26	NBB	FORESTI	MR. MOO SAO JOSE BASKETBALL	2025-10-18, CRU vs SJO	2	0	0	0	0	0	0	0	1	0	1	0	0	0	0	2
3	2025-26	NBB	ANDREZAO	BAURU BASKET	2025-10-18, BAU vs FLA	31	25	10	15	0	0	5	6	10	5	15	0	1	0	5	2
3	2025-26	NBB	EUGENIUSZ	BAURU BASKET	2025-10-18, BAU vs FLA	32	23	4	8	3	6	6	6	1	1	2	5	0	0	1	3
3	2025-26	NBB	AUGUSTO	BAURU BASKET	2025-10-18, BAU vs FLA	11	10	1	1	2	2	2	2	1	0	1	0	0	0	0	1
3	2025-26	NBB	GEMERSON	BAURU BASKET	2025-10-18, BAU vs FLA	27	8	1	1	2	9	0	0	5	1	6	1	0	0	2	4
3	2025-26	NBB	PEDRO	BAURU BASKET	2025-10-18, BAU vs FLA	25	8	1	2	2	3	0	0	0	1	1	3	1	0	1	2
3	2025-26	NBB	ALEX	BAURU BASKET	2025-10-18, BAU vs FLA	31	8	2	3	1	4	1	1	1	0	1	9	3	0	4	3
3	2025-26	NBB	VITHINHO	BAURU BASKET	2025-10-18, BAU vs FLA	20	4	1	2	0	2	2	2	2	1	3	2	1	0	2	0
3	2025-26	NBB	GUSTAVO	BAURU BASKET	2025-10-18, BAU vs FLA	6	0	0	0	0	2	0	0	0	0	0	0	0	0	0	0
3	2025-26	NBB	MOREIRA	BAURU BASKET	2025-10-18, BAU vs FLA	10	0	0	1	0	0	0	0	1	1	2	0	1	1	3	4
3	2025-26	NBB	MOGI	BAURU BASKET	2025-10-18, BAU vs FLA	8	0	0	1	0	0	0	0	1	0	1	1	0	0	1	1
3	2025-26	NBB	WESLEY	FLAMENGO	2025-10-18, BAU vs FLA	21	22	9	10	1	1	1	1	3	3	6	0	3	0	2	3
3	2025-26	NBB	CUMMINGS	FLAMENGO	2025-10-18, BAU vs FLA	23	20	3	3	3	5	5	7	1	2	3	2	1	0	0	2
3	2025-26	NBB	ALEXEY	FLAMENGO	2025-10-18, BAU vs FLA	31	12	6	10	0	3	0	0	4	0	4	9	0	0	3	2
3	2025-26	NBB	GUI	FLAMENGO	2025-10-18, BAU vs FLA	26	12	1	1	3	6	1	2	1	1	2	1	0	0	0	1
3	2025-26	NBB	NEGRETE	FLAMENGO	2025-10-18, BAU vs FLA	19	10	3	3	1	2	1	2	3	0	3	1	0	0	1	0
3	2025-26	NBB	BOST	FLAMENGO	2025-10-18, BAU vs FLA	17	7	1	3	1	3	2	2	1	0	1	3	0	1	2	2
3	2025-26	NBB	DORIA	FLAMENGO	2025-10-18, BAU vs FLA	15	7	3	4	0	0	1	1	2	4	6	0	2	0	0	4
3	2025-26	NBB	JOHNSON SR.	FLAMENGO	2025-10-18, BAU vs FLA	24	6	0	1	1	4	3	3	2	0	2	2	1	0	0	1
3	2025-26	NBB	KAYO	FLAMENGO	2025-10-18, BAU vs FLA	11	4	0	1	1	6	1	2	1	0	1	0	0	0	1	2
3	2025-26	NBB	JHONATAN	FLAMENGO	2025-10-18, BAU vs FLA	12	2	1	1	0	0	0	0	1	1	2	0	0	0	1	0
3	2025-26	NBB	MANEL	FLAMENGO	2025-10-18, BAU vs FLA	2	0	0	0	0	0	0	0	0	0	0	0	0	0	0	0
4	2025-26	NBB	FISCHER	KTO MINAS	2025-10-18, MIN vs COR	29	20	0	2	6	8	2	2	0	1	1	2	0	1	4	3
4	2025-26	NBB	MCCREE	KTO MINAS	2025-10-18, MIN vs COR	27	15	2	5	2	4	5	7	4	0	4	2	1	2	3	2
4	2025-26	NBB	YURI	KTO MINAS	2025-10-18, MIN vs COR	25	12	3	4	2	9	0	0	5	3	8	2	1	0	1	0
4	2025-26	NBB	PARANHOS	KTO MINAS	2025-10-18, MIN vs COR	19	10	5	6	0	0	0	0	4	0	4	2	2	0	1	3
4	2025-26	NBB	ARENGO	KTO MINAS	2025-10-18, MIN vs COR	19	9	1	1	1	2	4	6	1	0	1	2	1	0	0	1
4	2025-26	NBB	FUZARO	KTO MINAS	2025-10-18, MIN vs COR	12	6	0	0	2	2	0	0	1	1	2	1	0	0	1	1
4	2025-26	NBB	DAVIS JR.	KTO MINAS	2025-10-18, MIN vs COR	17	4	2	3	0	1	0	0	0	1	1	7	0	0	1	1
4	2025-26	NBB	R. RACHEL	KTO MINAS	2025-10-18, MIN vs COR	13	3	0	1	1	5	0	0	3	0	3	0	0	0	0	2
4	2025-26	NBB	WINI SILVA	KTO MINAS	2025-10-18, MIN vs COR	21	3	0	5	0	0	3	4	5	3	8	2	1	1	0	4
4	2025-26	NBB	CESAR	KTO MINAS	2025-10-18, MIN vs COR	10	1	0	0	0	2	1	2	0	1	1	0	1	0	0	2
4	2025-26	NBB	RODRIGUEZ	KTO MINAS	2025-10-18, MIN vs COR	8	0	0	0	0	2	0	0	1	0	1	1	0	0	0	0
4	2025-26	NBB	THOMAS	CORINTHIANS	2025-10-18, MIN vs COR	36	21	9	11	0	3	3	3	3	2	5	3	1	1	2	1
4	2025-26	NBB	CLARK	CORINTHIANS	2025-10-18, MIN vs COR	28	17	3	5	3	8	2	2	3	0	3	5	4	0	2	3
4	2025-26	NBB	NOVAES	CORINTHIANS	2025-10-18, MIN vs COR	25	10	3	6	1	2	1	2	3	1	4	1	0	0	0	2
4	2025-26	NBB	ELINHO	CORINTHIANS	2025-10-18, MIN vs COR	37	9	1	2	2	10	1	2	3	0	3	9	3	1	3	2
4	2025-26	NBB	VICTAO	CORINTHIANS	2025-10-18, MIN vs COR	22	6	3	4	0	2	0	0	2	1	3	0	0	0	1	5
4	2025-26	NBB	RAYMUNDO	CORINTHIANS	2025-10-18, MIN vs COR	7	6	2	3	0	0	2	2	0	0	0	2	0	0	1	3
4	2025-26	NBB	MUNFORD	CORINTHIANS	2025-10-18, MIN vs COR	26	6	2	4	0	2	2	2	1	1	2	1	0	0	1	3
4	2025-26	NBB	LUCAS CAUE	CORINTHIANS	2025-10-18, MIN vs COR	17	6	3	5	0	0	0	0	4	1	5	0	0	0	0	2
4	2025-26	NBB	T. FARIA	CORINTHIANS	2025-10-18, MIN vs COR	3	0	0	0	0	0	0	0	0	0	0	0	0	0	0	0
5	2025-26	NBB	SCOTT	CONTA SIMPLES RIO CLARO	2025-10-18, RCB vs PIN	36	23	6	10	3	5	2	3	7	0	7	3	1	0	3	2
5	2025-26	NBB	RIKALO	CONTA SIMPLES RIO CLARO	2025-10-18, RCB vs PIN	38	20	4	7	3	9	3	4	4	0	4	6	1	0	5	3
5	2025-26	NBB	BONFIM	CONTA SIMPLES RIO CLARO	2025-10-18, RCB vs PIN	34	14	5	7	0	1	4	8	5	1	6	5	1	2	2	2
5	2025-26	NBB	DOS ANJOS	CONTA SIMPLES RIO CLARO	2025-10-18, RCB vs PIN	30	12	2	3	2	4	2	2	4	0	4	2	1	0	2	4
5	2025-26	NBB	GEMADINHA	CONTA SIMPLES RIO CLARO	2025-10-18, RCB vs PIN	37	9	1	4	2	6	1	1	6	0	6	4	2	0	1	3
5	2025-26	NBB	VITOR	CONTA SIMPLES RIO CLARO	2025-10-18, RCB vs PIN	14	5	1	1	1	2	0	0	4	1	5	1	1	0	0	2
5	2025-26	NBB	COSTA	CONTA SIMPLES RIO CLARO	2025-10-18, RCB vs PIN	2	3	0	0	1	1	0	0	0	0	0	0	0	0	1	1
5	2025-26	NBB	CARLOS JR.	CONTA SIMPLES RIO CLARO	2025-10-18, RCB vs PIN	8	0	0	3	0	0	0	0	0	0	0	0	0	0	0	1
5	2025-26	NBB	MURILO	CONTA SIMPLES RIO CLARO	2025-10-18, RCB vs PIN	2	0	0	0	0	1	0	0	0	0	0	0	0	0	0	0
5	2025-26	NBB	SLOAN	PINHEIROS	2025-10-18, RCB vs PIN	30	21	6	11	3	8	0	0	3	1	4	9	2	0	5	2
5	2025-26	NBB	PENHA JR.	PINHEIROS	2025-10-18, RCB vs PIN	31	13	4	6	1	9	2	2	6	2	8	0	2	0	0	5
5	2025-26	NBB	GREGATE	PINHEIROS	2025-10-18, RCB vs PIN	21	13	4	6	1	2	2	2	4	0	4	4	0	1	0	4
5	2025-26	NBB	PACHECO	PINHEIROS	2025-10-18, RCB vs PIN	21	11	2	3	2	7	1	3	2	0	2	1	0	0	0	0
5	2025-26	NBB	PASTRE	PINHEIROS	2025-10-18, RCB vs PIN	24	8	1	3	1	6	3	3	0	4	4	1	0	1	0	1
5	2025-26	NBB	MACIEL	PINHEIROS	2025-10-18, RCB vs PIN	24	7	3	6	0	1	1	1	6	2	8	0	0	2	0	3
5	2025-26	NBB	AFONSO	PINHEIROS	2025-10-18, RCB vs PIN	12	6	2	2	0	0	2	3	0	5	5	1	0	0	1	1
5	2025-26	NBB	DJALO	PINHEIROS	2025-10-18, RCB vs PIN	15	5	0	1	1	4	2	2	0	2	2	2	1	0	1	2
5	2025-26	NBB	BETINHO	PINHEIROS	2025-10-18, RCB vs PIN	22	4	2	4	0	3	0	0	3	1	4	2	1	0	4	3
6	2025-26	NBB	BRENO	BASKET OSASCO	2025-10-19, OSA vs FRA	22	11	2	4	1	1	4	5	2	2	4	0	0	0	2	2
6	2025-26	NBB	WEBER	BASKET OSASCO	2025-10-19, OSA vs FRA	28	10	2	7	2	6	0	0	2	1	3	2	3	0	3	3
6	2025-26	NBB	DALAQUA	BASKET OSASCO	2025-10-19, OSA vs FRA	12	9	2	5	1	3	2	2	2	0	2	2	2	0	1	0
6	2025-26	NBB	MANAUS	BASKET OSASCO	2025-10-19, OSA vs FRA	15	6	3	7	0	0	0	0	1	1	2	0	1	0	0	2
6	2025-26	NBB	BRITOS	BASKET OSASCO	2025-10-19, OSA vs FRA	20	6	0	0	2	6	0	0	2	0	2	2	0	0	2	3
6	2025-26	NBB	EDDY	BASKET OSASCO	2025-10-19, OSA vs FRA	36	6	1	2	1	8	1	2	2	1	3	2	0	0	2	2
6	2025-26	NBB	HARRIS	BASKET OSASCO	2025-10-19, OSA vs FRA	26	4	2	5	0	3	0	0	4	0	4	5	0	1	2	1
6	2025-26	NBB	PASSOS	BASKET OSASCO	2025-10-19, OSA vs FRA	20	3	1	1	0	0	1	2	2	2	4	1	0	0	0	2
6	2025-26	NBB	LEONI	BASKET OSASCO	2025-10-19, OSA vs FRA	12	3	0	2	1	2	0	0	1	0	1	1	0	0	1	0
6	2025-26	NBB	MALACHIAS	BASKET OSASCO	2025-10-19, OSA vs FRA	9	2	1	5	0	0	0	0	2	0	2	0	0	0	0	0
6	2025-26	NBB	ZU JR.	SESI FRANCA	2025-10-19, OSA vs FRA	26	18	7	8	1	2	1	2	5	0	5	1	0	0	1	2
6	2025-26	NBB	GEORGINHO	SESI FRANCA	2025-10-19, OSA vs FRA	33	17	4	5	2	5	3	4	11	1	12	10	2	3	3	0
6	2025-26	NBB	DAVID JACKSON	SESI FRANCA	2025-10-19, OSA vs FRA	27	17	5	8	2	2	1	1	3	0	3	1	1	0	0	1
6	2025-26	NBB	DAVID FERREIRA	SESI FRANCA	2025-10-19, OSA vs FRA	12	11	3	3	1	1	2	2	0	0	0	0	0	0	0	1
6	2025-26	NBB	FELICIO	SESI FRANCA	2025-10-19, OSA vs FRA	22	11	5	9	0	0	1	1	8	4	12	2	1	0	0	0
6	2025-26	NBB	LUCAS DIAS	SESI FRANCA	2025-10-19, OSA vs FRA	28	9	3	3	0	7	3	5	3	0	3	6	1	1	0	2
6	2025-26	NBB	LATERZA	SESI FRANCA	2025-10-19, OSA vs FRA	20	8	2	3	0	3	4	4	3	1	4	8	4	1	3	1
6	2025-26	NBB	VINI	SESI FRANCA	2025-10-19, OSA vs FRA	22	7	2	3	1	4	0	0	1	1	2	2	0	1	0	3
6	2025-26	NBB	THAYLOR	SESI FRANCA	2025-10-19, OSA vs FRA	8	4	2	3	0	0	0	0	0	1	1	0	0	0	0	1
6	2025-26	NBB	BENNETT	SESI FRANCA	2025-10-19, OSA vs FRA	3	3	0	0	1	3	0	0	0	0	0	0	0	0	0	1
7	2025-26	NBB	PARANHOS	KTO MINAS	2025-10-20, MIN vs SJO	33	25	10	13	0	0	5	6	4	3	7	2	3	2	3	3
7	2025-26	NBB	MCCREE	KTO MINAS	2025-10-20, MIN vs SJO	28	15	4	5	1	7	4	5	5	1	6	2	0	3	0	1
7	2025-26	NBB	FISCHER	KTO MINAS	2025-10-20, MIN vs SJO	32	14	4	5	2	4	0	0	6	0	6	4	2	0	4	2
7	2025-26	NBB	ARENGO	KTO MINAS	2025-10-20, MIN vs SJO	28	13	4	7	0	6	5	6	3	2	5	4	0	0	2	3
7	2025-26	NBB	R. RACHEL	KTO MINAS	2025-10-20, MIN vs SJO	17	8	2	2	1	4	1	2	5	1	6	0	0	0	0	1
7	2025-26	NBB	YURI	KTO MINAS	2025-10-20, MIN vs SJO	29	5	1	2	1	3	0	0	4	0	4	1	1	0	0	4
7	2025-26	NBB	RODRIGUEZ	KTO MINAS	2025-10-20, MIN vs SJO	13	3	1	1	0	1	1	1	0	1	1	0	1	0	0	0
7	2025-26	NBB	FUZARO	KTO MINAS	2025-10-20, MIN vs SJO	16	2	1	2	0	3	0	0	0	0	0	2	0	0	3	1
7	2025-26	NBB	WINI SILVA	KTO MINAS	2025-10-20, MIN vs SJO	12	2	0	0	0	1	2	2	4	0	4	0	0	2	3	3
7	2025-26	NBB	DAVIS JR.	KTO MINAS	2025-10-20, MIN vs SJO	17	1	0	2	0	0	1	2	0	0	0	7	1	0	1	3
7	2025-26	NBB	MCCREE	MR. MOO SAO JOSE BASKETBALL	2025-10-20, MIN vs SJO	5	6	2	2	0	1	2	3	2	0	2	0	0	0	0	0
7	2025-26	NBB	PARANHOS	MR. MOO SAO JOSE BASKETBALL	2025-10-20, MIN vs SJO	5	4	0	0	0	0	4	4	1	0	1	0	1	1	0	0
7	2025-26	NBB	ARENGO	MR. MOO SAO JOSE BASKETBALL	2025-10-20, MIN vs SJO	5	2	0	1	0	0	2	2	1	0	1	1	0	0	0	0
7	2025-26	NBB	DAVIS JR.	MR. MOO SAO JOSE BASKETBALL	2025-10-20, MIN vs SJO	5	1	0	0	0	0	1	2	0	0	0	2	1	0	0	0
7	2025-26	NBB	FISCHER	MR. MOO SAO JOSE BASKETBALL	2025-10-20, MIN vs SJO	5	0	0	1	0	1	0	0	0	0	0	0	0	0	1	0
8	2025-26	NBB	GUI ABREU	PAULISTANO	2025-10-20, CAP vs BAU	30	14	2	4	3	4	1	2	10	3	13	3	1	0	4	3
8	2025-26	NBB	SIEWERT	PAULISTANO	2025-10-20, CAP vs BAU	26	12	4	7	1	2	1	1	3	0	3	1	0	0	2	0
8	2025-26	NBB	HUNTER	PAULISTANO	2025-10-20, CAP vs BAU	30	11	2	8	2	4	1	2	3	0	3	3	0	0	1	2
8	2025-26	NBB	LEANDRO	PAULISTANO	2025-10-20, CAP vs BAU	22	9	2	2	1	1	2	2	5	0	5	0	4	2	4	3
8	2025-26	NBB	DEMETRIO	PAULISTANO	2025-10-20, CAP vs BAU	23	9	4	9	0	3	1	1	5	3	8	1	0	0	2	2
8	2025-26	NBB	SEIXAS	PAULISTANO	2025-10-20, CAP vs BAU	20	7	1	3	1	1	2	2	0	0	0	2	0	0	1	1
8	2025-26	NBB	BIANCHI	PAULISTANO	2025-10-20, CAP vs BAU	8	2	1	1	0	2	0	0	1	0	1	1	1	0	0	0
8	2025-26	NBB	VITINHO	PAULISTANO	2025-10-20, CAP vs BAU	32	2	1	5	0	4	0	0	1	1	2	4	2	0	3	1
8	2025-26	NBB	NETO	PAULISTANO	2025-10-20, CAP vs BAU	4	0	0	0	0	0	0	0	0	0	0	1	0	1	1	3
8	2025-26	NBB	GABRIEL	PAULISTANO	2025-10-20, CAP vs BAU	5	0	0	0	0	0	0	0	2	1	3	0	0	0	0	2
8	2025-26	NBB	ANDREZAO	BAURU BASKET	2025-10-20, CAP vs BAU	26	12	5	11	0	0	2	2	7	5	12	1	1	1	1	1
8	2025-26	NBB	GUSTAVO	BAURU BASKET	2025-10-20, CAP vs BAU	18	11	1	2	3	7	0	2	0	0	0	1	1	0	1	1
8	2025-26	NBB	AUGUSTO	BAURU BASKET	2025-10-20, CAP vs BAU	25	9	0	1	3	7	0	0	1	0	1	0	1	1	0	1
8	2025-26	NBB	PEDRO	BAURU BASKET	2025-10-20, CAP vs BAU	30	6	1	2	1	5	1	2	1	1	2	1	1	0	0	2
8	2025-26	NBB	VITHINHO	BAURU BASKET	2025-10-20, CAP vs BAU	29	6	3	7	0	3	0	0	1	1	2	4	2	1	4	0
8	2025-26	NBB	MOREIRA	BAURU BASKET	2025-10-20, CAP vs BAU	14	5	1	5	0	0	3	4	4	2	6	1	0	1	2	3
8	2025-26	NBB	ALEX	BAURU BASKET	2025-10-20, CAP vs BAU	28	5	1	3	1	4	0	0	3	0	3	5	3	0	4	2
8	2025-26	NBB	GEMERSON	BAURU BASKET	2025-10-20, CAP vs BAU	17	3	0	0	1	3	0	0	4	0	4	1	1	0	2	2
8	2025-26	NBB	EUGENIUSZ	BAURU BASKET	2025-10-20, CAP vs BAU	13	2	0	1	0	1	2	2	1	0	1	0	0	0	1	4
9	2025-26	NBB	ALCASSA	BOTAFOGO	2025-10-20, BOT vs FOR	33	22	6	13	1	2	7	7	6	4	10	1	2	0	0	2
9	2025-26	NBB	MARQUARDT	BOTAFOGO	2025-10-20, BOT vs FOR	29	20	2	3	5	8	1	2	1	0	1	2	2	0	2	4
9	2025-26	NBB	DAWKINS	BOTAFOGO	2025-10-20, BOT vs FOR	19	12	2	3	2	4	2	2	3	0	3	2	0	0	3	1
9	2025-26	NBB	SCHEUER	BOTAFOGO	2025-10-20, BOT vs FOR	13	10	3	3	0	0	4	5	2	0	2	2	0	0	3	3
9	2025-26	NBB	MATHEUSINHO	BOTAFOGO	2025-10-20, BOT vs FOR	30	9	3	11	1	5	0	2	3	1	4	8	2	1	4	3
9	2025-26	NBB	EMANUEL	BOTAFOGO	2025-10-20, BOT vs FOR	20	5	2	2	0	2	1	2	1	0	1	2	2	1	0	5
9	2025-26	NBB	PAULINO	BOTAFOGO	2025-10-20, BOT vs FOR	12	2	1	2	0	2	0	0	0	0	0	0	2	0	1	1
9	2025-26	NBB	LUCAS	BOTAFOGO	2025-10-20, BOT vs FOR	9	0	0	1	0	0	0	0	0	0	0	2	0	0	0	1
9	2025-26	NBB	DANIEL	BOTAFOGO	2025-10-20, BOT vs FOR	10	0	0	0	0	1	0	0	1	0	1	1	0	0	0	0
9	2025-26	NBB	XAVIER	BOTAFOGO	2025-10-20, BOT vs FOR	25	0	0	5	0	2	0	0	4	2	6	1	2	0	0	5
9	2025-26	NBB	DA SILVA	FORTALEZA BASQUETE CEARENSE	2025-10-20, BOT vs FOR	35	27	9	13	0	0	9	13	6	4	10	3	0	0	3	3
9	2025-26	NBB	POPOVIC	FORTALEZA BASQUETE CEARENSE	2025-10-20, BOT vs FOR	28	17	4	10	1	1	6	7	4	4	8	0	2	3	2	1
9	2025-26	NBB	GOHLKE	FORTALEZA BASQUETE CEARENSE	2025-10-20, BOT vs FOR	36	12	1	2	3	6	1	1	6	1	7	4	1	0	2	4
9	2025-26	NBB	DUPREE	FORTALEZA BASQUETE CEARENSE	2025-10-20, BOT vs FOR	30	11	2	9	1	2	4	5	4	0	4	5	1	0	3	3
9	2025-26	NBB	SALSAMENDI	FORTALEZA BASQUETE CEARENSE	2025-10-20, BOT vs FOR	22	11	1	2	1	2	6	6	2	0	2	2	1	1	3	1
9	2025-26	NBB	ALBERTON	FORTALEZA BASQUETE CEARENSE	2025-10-20, BOT vs FOR	19	4	2	4	0	0	0	0	7	0	7	2	1	3	1	4
9	2025-26	NBB	JEANZINHO	FORTALEZA BASQUETE CEARENSE	2025-10-20, BOT vs FOR	15	2	0	3	0	1	2	2	0	0	0	1	0	0	2	3
9	2025-26	NBB	SAMUEL	FORTALEZA BASQUETE CEARENSE	2025-10-20, BOT vs FOR	1	0	0	0	0	0	0	0	0	0	0	0	0	0	1	0
9	2025-26	NBB	GABRIEL	FORTALEZA BASQUETE CEARENSE	2025-10-20, BOT vs FOR	13	0	0	0	0	1	0	0	1	0	1	0	0	0	0	1
10	2025-26	NBB	SHAMELL	CAXIAS DO SUL BASQUETE	2025-10-21, CAX vs PAT	20	11	4	7	0	3	3	3	4	1	5	2	0	0	3	0
10	2025-26	NBB	OMENA	CAXIAS DO SUL BASQUETE	2025-10-21, CAX vs PAT	28	10	0	1	3	6	1	2	4	2	6	5	0	0	3	2
10	2025-26	NBB	AUGUSTO	CAXIAS DO SUL BASQUETE	2025-10-21, CAX vs PAT	26	10	1	1	2	6	2	4	3	1	4	4	2	0	2	2
10	2025-26	NBB	HUMBERTO	CAXIAS DO SUL BASQUETE	2025-10-21, CAX vs PAT	34	8	3	7	0	1	2	2	6	2	8	5	0	3	9	3
10	2025-26	NBB	TIAGO M.	CAXIAS DO SUL BASQUETE	2025-10-21, CAX vs PAT	6	8	1	1	1	1	3	4	1	0	1	0	0	0	0	1
10	2025-26	NBB	FABRIZZIO	CAXIAS DO SUL BASQUETE	2025-10-21, CAX vs PAT	15	8	2	4	1	2	1	2	0	1	1	1	2	0	2	3
10	2025-26	NBB	VEZARO	CAXIAS DO SUL BASQUETE	2025-10-21, CAX vs PAT	22	6	0	0	2	5	0	0	3	2	5	1	1	0	2	1
10	2025-26	NBB	LUAN	CAXIAS DO SUL BASQUETE	2025-10-21, CAX vs PAT	17	4	2	2	0	0	0	0	3	0	3	0	0	0	1	1
10	2025-26	NBB	RAFA	CAXIAS DO SUL BASQUETE	2025-10-21, CAX vs PAT	16	3	0	1	0	1	3	4	2	0	2	1	0	0	1	3
10	2025-26	NBB	MIGUEL	CAXIAS DO SUL BASQUETE	2025-10-21, CAX vs PAT	11	2	1	1	0	0	0	0	1	1	2	0	1	0	1	2
10	2025-26	NBB	JOAO M.	CAXIAS DO SUL BASQUETE	2025-10-21, CAX vs PAT	3	0	0	0	0	1	0	0	1	0	1	0	0	0	0	0
10	2025-26	NBB	HORTON	PATO BASQUETE	2025-10-21, CAX vs PAT	35	25	7	8	3	6	2	4	4	1	5	1	5	1	1	2
10	2025-26	NBB	THOMPSON	PATO BASQUETE	2025-10-21, CAX vs PAT	26	9	4	6	0	4	1	3	0	0	0	2	0	0	3	3
10	2025-26	NBB	GRIGOR	PATO BASQUETE	2025-10-21, CAX vs PAT	27	8	4	7	0	1	0	0	2	3	5	0	3	2	3	3
10	2025-26	NBB	CREWS	PATO BASQUETE	2025-10-21, CAX vs PAT	16	6	0	2	2	8	0	0	2	1	3	2	1	0	0	2
10	2025-26	NBB	NAKA	PATO BASQUETE	2025-10-21, CAX vs PAT	15	5	1	4	1	2	0	0	0	0	0	3	0	0	0	0
10	2025-26	NBB	EDU MARILIA	PATO BASQUETE	2025-10-21, CAX vs PAT	19	4	1	1	0	2	2	2	2	1	3	1	2	2	2	3
10	2025-26	NBB	MICHEL	PATO BASQUETE	2025-10-21, CAX vs PAT	24	2	1	1	0	5	0	0	0	0	0	0	2	0	1	3
10	2025-26	NBB	WILLKER Z.	PATO BASQUETE	2025-10-21, CAX vs PAT	6	2	1	1	0	0	0	2	1	0	1	0	0	0	0	1
10	2025-26	NBB	D. PENTEADO	PATO BASQUETE	2025-10-21, CAX vs PAT	24	2	1	3	0	2	0	2	2	0	2	1	1	0	2	2
10	2025-26	NBB	N. GOMES	PATO BASQUETE	2025-10-21, CAX vs PAT	8	0	0	0	0	1	0	0	1	0	1	1	1	0	0	0
11	2025-26	NBB	PENHA JR.	PINHEIROS	2025-10-21, PIN vs FRA	29	16	6	8	0	5	4	6	2	2	4	3	0	0	2	1
11	2025-26	NBB	PASTRE	PINHEIROS	2025-10-21, PIN vs FRA	23	9	0	2	3	7	0	0	3	0	3	3	2	0	2	1
11	2025-26	NBB	M. ALESSANCO	PINHEIROS	2025-10-21, PIN vs FRA	27	8	1	3	1	5	3	5	4	1	5	2	2	2	0	1
11	2025-26	NBB	AFONSO	PINHEIROS	2025-10-21, PIN vs FRA	12	8	4	4	0	0	0	0	0	0	0	1	0	0	2	3
11	2025-26	NBB	BETINHO	PINHEIROS	2025-10-21, PIN vs FRA	16	7	1	3	1	1	2	2	2	0	2	3	0	0	0	2
11	2025-26	NBB	PACHECO	PINHEIROS	2025-10-21, PIN vs FRA	19	6	0	4	2	3	0	0	0	0	0	1	2	0	0	1
11	2025-26	NBB	GREGATE	PINHEIROS	2025-10-21, PIN vs FRA	22	5	1	2	1	3	0	0	4	0	4	3	0	0	2	3
11	2025-26	NBB	SLOAN	PINHEIROS	2025-10-21, PIN vs FRA	24	5	2	4	0	3	1	2	2	0	2	2	1	0	2	1
11	2025-26	NBB	MEILI	PINHEIROS	2025-10-21, PIN vs FRA	2	3	0	0	1	2	0	0	0	0	0	0	0	0	0	0
11	2025-26	NBB	DJALO	PINHEIROS	2025-10-21, PIN vs FRA	10	2	0	0	0	0	2	2	0	0	0	1	1	0	1	2
11	2025-26	NBB	MACIEL	PINHEIROS	2025-10-21, PIN vs FRA	13	0	0	0	0	1	0	0	4	1	5	0	0	0	3	0
11	2025-26	NBB	BRAYAN	PINHEIROS	2025-10-21, PIN vs FRA	2	0	0	0	0	0	0	0	0	0	0	0	0	0	0	0
11	2025-26	NBB	FELICIO	SESI FRANCA	2025-10-21, PIN vs FRA	22	18	7	8	0	0	4	7	7	2	9	1	0	2	3	3
11	2025-26	NBB	GEORGINHO	SESI FRANCA	2025-10-21, PIN vs FRA	25	15	3	6	2	3	3	4	10	1	11	2	1	0	5	3
11	2025-26	NBB	DAVID JACKSON	SESI FRANCA	2025-10-21, PIN vs FRA	17	10	0	1	2	3	4	4	0	0	0	2	1	0	0	1
11	2025-26	NBB	ZU JR.	SESI FRANCA	2025-10-21, PIN vs FRA	23	10	2	4	2	4	0	0	2	0	2	3	2	0	0	0
11	2025-26	NBB	LUCAS DIAS	SESI FRANCA	2025-10-21, PIN vs FRA	32	10	2	4	1	3	3	3	4	1	5	4	2	0	1	2
11	2025-26	NBB	MINEIRO	SESI FRANCA	2025-10-21, PIN vs FRA	20	9	4	5	0	3	1	2	3	1	4	0	1	1	1	2
11	2025-26	NBB	BENNETT	SESI FRANCA	2025-10-21, PIN vs FRA	27	9	3	3	1	1	0	0	1	0	1	3	1	0	2	2
11	2025-26	NBB	LATERZA	SESI FRANCA	2025-10-21, PIN vs FRA	28	6	0	2	2	5	0	0	0	0	0	4	1	0	3	5
11	2025-26	NBB	DAVID FERREIRA	SESI FRANCA	2025-10-21, PIN vs FRA	1	0	0	0	0	0	0	0	0	0	0	0	0	0	0	0
11	2025-26	NBB	VINI	SESI FRANCA	2025-10-21, PIN vs FRA	2	0	0	0	0	0	0	0	0	0	0	0	0	0	0	0
11	2025-26	NBB	THAYLOR	SESI FRANCA	2025-10-21, PIN vs FRA	2	0	0	0	0	0	0	0	0	0	0	0	0	0	1	1
12	2025-26	NBB	ALEXEY	FLAMENGO	2025-10-21, FLA vs UFC	26	19	2	2	5	5	0	0	2	1	3	8	0	0	2	1
12	2025-26	NBB	CUMMINGS	FLAMENGO	2025-10-21, FLA vs UFC	30	14	1	4	3	4	3	5	1	3	4	1	0	0	0	2
12	2025-26	NBB	GUI	FLAMENGO	2025-10-21, FLA vs UFC	25	13	1	2	3	8	2	2	4	0	4	0	2	0	2	1
12	2025-26	NBB	WESLEY	FLAMENGO	2025-10-21, FLA vs UFC	22	13	5	5	1	3	0	0	4	1	5	0	0	0	2	2
12	2025-26	NBB	KAYO	FLAMENGO	2025-10-21, FLA vs UFC	16	6	0	1	2	7	0	0	2	3	5	1	1	0	0	1
12	2025-26	NBB	NEGRETE	FLAMENGO	2025-10-21, FLA vs UFC	22	6	1	4	0	2	4	5	3	1	4	3	1	0	1	0
12	2025-26	NBB	BOST	FLAMENGO	2025-10-21, FLA vs UFC	14	4	1	2	0	5	2	3	0	0	0	1	1	0	0	2
12	2025-26	NBB	JOHNSON SR.	FLAMENGO	2025-10-21, FLA vs UFC	24	4	2	6	0	6	0	0	4	1	5	1	0	0	1	4
12	2025-26	NBB	DANIEL	FLAMENGO	2025-10-21, FLA vs UFC	4	1	0	0	0	1	1	2	0	2	2	0	0	0	0	1
12	2025-26	NBB	MANEL	FLAMENGO	2025-10-21, FLA vs UFC	2	0	0	1	0	1	0	0	0	0	0	0	0	0	0	1
12	2025-26	NBB	DORIA	FLAMENGO	2025-10-21, FLA vs UFC	9	0	0	2	0	0	0	0	0	3	3	1	0	0	0	1
12	2025-26	NBB	JHONATAN	FLAMENGO	2025-10-21, FLA vs UFC	5	0	0	1	0	1	0	0	0	0	0	1	0	0	0	0
12	2025-26	NBB	ANTONIO	UNIFACISA	2025-10-21, FLA vs UFC	23	14	2	2	3	5	1	2	4	1	5	2	1	1	2	3
12	2025-26	NBB	ANTHONY	UNIFACISA	2025-10-21, FLA vs UFC	34	12	6	9	0	1	0	0	1	0	1	5	1	0	2	0
12	2025-26	NBB	JOAO PAULO	UNIFACISA	2025-10-21, FLA vs UFC	8	10	3	3	0	0	4	4	2	1	3	0	0	0	0	0
12	2025-26	NBB	GUEYE	UNIFACISA	2025-10-21, FLA vs UFC	23	10	2	5	2	4	0	0	5	1	6	2	1	0	1	4
12	2025-26	NBB	JIMMY	UNIFACISA	2025-10-21, FLA vs UFC	35	9	4	5	0	2	1	2	4	2	6	0	3	0	1	3
12	2025-26	NBB	MELVIN	UNIFACISA	2025-10-21, FLA vs UFC	30	7	3	8	0	5	1	2	0	0	0	1	0	0	2	0
12	2025-26	NBB	SIFONTES	UNIFACISA	2025-10-21, FLA vs UFC	20	4	2	2	0	2	0	0	2	0	2	6	0	0	4	4
12	2025-26	NBB	GERSON	UNIFACISA	2025-10-21, FLA vs UFC	18	2	0	2	0	0	2	2	6	0	6	1	0	0	0	3
12	2025-26	NBB	LEAL	UNIFACISA	2025-10-21, FLA vs UFC	7	2	1	2	0	0	0	0	4	1	5	0	0	0	2	2
13	2025-26	NBB	ANSALONI	CRUZEIRO BASQUETE	2025-10-21, CRU vs COR	26	18	3	7	3	4	3	6	5	0	5	2	0	1	4	5
13	2025-26	NBB	CASSIANO	CRUZEIRO BASQUETE	2025-10-21, CRU vs COR	33	11	3	8	1	4	2	2	4	4	8	6	2	0	1	2
13	2025-26	NBB	JJ	CRUZEIRO BASQUETE	2025-10-21, CRU vs COR	32	10	2	5	2	7	0	0	5	1	6	3	1	0	2	2
13	2025-26	NBB	SENA	CRUZEIRO BASQUETE	2025-10-21, CRU vs COR	10	8	1	3	0	1	6	8	2	1	3	0	0	0	2	0
13	2025-26	NBB	I. THORNTON	CRUZEIRO BASQUETE	2025-10-21, CRU vs COR	38	8	2	2	0	2	4	5	2	1	3	1	0	0	3	3
13	2025-26	NBB	FELIPE	CRUZEIRO BASQUETE	2025-10-21, CRU vs COR	8	6	3	6	0	0	0	0	2	1	3	0	0	0	0	1
13	2025-26	NBB	TULIO	CRUZEIRO BASQUETE	2025-10-21, CRU vs COR	4	2	1	2	0	0	0	0	1	0	1	0	1	0	1	1
13	2025-26	NBB	LUDWIG	CRUZEIRO BASQUETE	2025-10-21, CRU vs COR	20	2	1	3	0	3	0	0	1	2	3	1	1	0	1	2
13	2025-26	NBB	DU SOMMER	CRUZEIRO BASQUETE	2025-10-21, CRU vs COR	15	0	0	1	0	2	0	0	2	0	2	0	0	0	1	0
13	2025-26	NBB	LEO ABREU	CRUZEIRO BASQUETE	2025-10-21, CRU vs COR	10	0	0	1	0	0	0	0	0	0	0	4	0	0	1	4
13	2025-26	NBB	EMERSON	CRUZEIRO BASQUETE	2025-10-21, CRU vs COR	4	0	0	0	0	1	0	0	1	1	2	1	0	0	0	0
13	2025-26	NBB	THOMAS	CORINTHIANS	2025-10-21, CRU vs COR	32	16	4	7	2	10	2	3	6	0	6	1	0	2	1	2
13	2025-26	NBB	CLARK	CORINTHIANS	2025-10-21, CRU vs COR	21	15	3	5	1	2	6	6	2	1	3	4	4	0	1	4
13	2025-26	NBB	NOVAES	CORINTHIANS	2025-10-21, CRU vs COR	28	14	4	6	0	2	6	6	6	4	10	2	0	1	1	2
13	2025-26	NBB	MUNFORD	CORINTHIANS	2025-10-21, CRU vs COR	22	9	3	4	1	1	0	1	4	3	7	0	2	0	0	2
13	2025-26	NBB	ELINHO	CORINTHIANS	2025-10-21, CRU vs COR	24	8	1	2	2	4	0	0	3	0	3	7	1	0	1	4
13	2025-26	NBB	VICTAO	CORINTHIANS	2025-10-21, CRU vs COR	30	7	2	4	1	4	0	0	3	0	3	4	0	0	4	4
13	2025-26	NBB	T. FARIA	CORINTHIANS	2025-10-21, CRU vs COR	21	6	0	3	2	4	0	0	1	0	1	0	1	0	4	0
13	2025-26	NBB	LUCAS CAUE	CORINTHIANS	2025-10-21, CRU vs COR	17	4	2	7	0	0	0	0	2	1	3	0	1	1	0	3
13	2025-26	NBB	RAYMUNDO	CORINTHIANS	2025-10-21, CRU vs COR	5	2	0	0	0	0	2	2	1	1	2	0	0	0	0	2
14	2025-26	NBB	CORVALAN	CAIXA/BRASILIA	2025-10-22, BRA vs OSA	36	19	4	4	3	11	2	2	6	1	7	5	2	1	2	3
14	2025-26	NBB	BUIU	CAIXA/BRASILIA	2025-10-22, BRA vs OSA	22	16	2	3	2	6	6	6	3	1	4	0	2	0	1	3
14	2025-26	NBB	LUCAS	CAIXA/BRASILIA	2025-10-22, BRA vs OSA	16	13	3	3	2	6	1	2	0	0	0	3	0	0	2	1
14	2025-26	NBB	VON HAYDIN	CAIXA/BRASILIA	2025-10-22, BRA vs OSA	30	8	1	2	2	9	0	0	2	1	3	2	2	0	5	2
14	2025-26	NBB	CRESCENZI	CAIXA/BRASILIA	2025-10-22, BRA vs OSA	17	6	2	4	0	2	2	2	3	1	4	3	1	0	1	3
14	2025-26	NBB	BRUNAO	CAIXA/BRASILIA	2025-10-22, BRA vs OSA	23	6	1	2	0	0	4	6	8	1	9	0	1	2	2	5
14	2025-26	NBB	PAULICHI	CAIXA/BRASILIA	2025-10-22, BRA vs OSA	24	5	1	1	1	3	0	0	3	1	4	3	1	1	2	3
14	2025-26	NBB	CARBONARI	CAIXA/BRASILIA	2025-10-22, BRA vs OSA	19	4	2	5	0	1	0	0	0	2	2	2	5	1	0	0
14	2025-26	NBB	PEDRO	CAIXA/BRASILIA	2025-10-22, BRA vs OSA	13	0	0	1	0	0	0	2	3	0	3	1	0	0	1	1
14	2025-26	NBB	BRITOS	BASKET OSASCO	2025-10-22, BRA vs OSA	31	23	0	2	7	10	2	2	3	0	3	5	2	0	2	1
14	2025-26	NBB	HARRIS	BASKET OSASCO	2025-10-22, BRA vs OSA	34	19	4	6	2	2	5	8	5	1	6	3	4	1	3	3
14	2025-26	NBB	DALAQUA	BASKET OSASCO	2025-10-22, BRA vs OSA	17	9	4	7	0	4	1	1	2	0	2	0	1	0	3	2
14	2025-26	NBB	BRENO	BASKET OSASCO	2025-10-22, BRA vs OSA	18	7	0	2	2	5	1	2	2	0	2	0	2	1	2	4
14	2025-26	NBB	WEBER	BASKET OSASCO	2025-10-22, BRA vs OSA	30	7	0	1	1	4	4	4	6	0	6	0	2	0	2	1
14	2025-26	NBB	MALACHIAS	BASKET OSASCO	2025-10-22, BRA vs OSA	22	5	2	4	0	0	1	2	2	0	2	0	0	0	3	3
14	2025-26	NBB	PASSOS	BASKET OSASCO	2025-10-22, BRA vs OSA	21	2	1	2	0	0	0	0	2	2	4	4	0	0	3	4
14	2025-26	NBB	EDDY	BASKET OSASCO	2025-10-22, BRA vs OSA	19	2	0	2	0	4	2	2	2	0	2	2	0	0	1	2
14	2025-26	NBB	LEONI	BASKET OSASCO	2025-10-22, BRA vs OSA	4	0	0	0	0	0	0	0	0	0	0	0	0	0	0	0
14	2025-26	NBB	MANAUS	BASKET OSASCO	2025-10-22, BRA vs OSA	3	0	0	0	0	0	0	0	0	1	1	0	0	0	0	0
17	2025-26	NBB	VERISSIMO	CEISC/UNIAO CORINTHIANS	2025-10-23, UCO vs PAT	28	21	5	6	2	3	5	6	1	1	2	2	0	0	2	2
17	2025-26	NBB	HOLLOWELL	CEISC/UNIAO CORINTHIANS	2025-10-23, UCO vs PAT	34	21	4	8	3	6	4	4	4	1	5	2	0	2	0	2
17	2025-26	NBB	SCOTT	CEISC/UNIAO CORINTHIANS	2025-10-23, UCO vs PAT	24	15	5	6	0	1	5	7	3	4	7	0	3	1	2	4
17	2025-26	NBB	BARNES	CEISC/UNIAO CORINTHIANS	2025-10-23, UCO vs PAT	28	12	2	9	1	2	5	5	1	0	1	3	1	0	1	2
17	2025-26	NBB	GOES	CEISC/UNIAO CORINTHIANS	2025-10-23, UCO vs PAT	28	11	1	2	1	1	6	6	4	0	4	5	1	1	3	3
17	2025-26	NBB	HETTSHEIMEIR	CEISC/UNIAO CORINTHIANS	2025-10-23, UCO vs PAT	16	6	0	1	2	4	0	0	3	0	3	0	0	0	1	1
17	2025-26	NBB	ROSSETTO	CEISC/UNIAO CORINTHIANS	2025-10-23, UCO vs PAT	22	6	2	3	0	2	2	2	4	2	6	2	1	0	3	4
17	2025-26	NBB	ISAAC	CEISC/UNIAO CORINTHIANS	2025-10-23, UCO vs PAT	5	0	0	0	0	1	0	0	0	0	0	0	0	1	1	1
17	2025-26	NBB	RENAN	CEISC/UNIAO CORINTHIANS	2025-10-23, UCO vs PAT	2	0	0	0	0	0	0	0	0	1	1	0	0	0	0	0
17	2025-26	NBB	GUYTON	CEISC/UNIAO CORINTHIANS	2025-10-23, UCO vs PAT	13	0	0	0	0	3	0	0	2	0	2	1	0	0	1	1
17	2025-26	NBB	HORTON	PATO BASQUETE	2025-10-23, UCO vs PAT	31	24	6	8	1	5	9	10	3	2	5	3	1	0	1	3
17	2025-26	NBB	THOMPSON	PATO BASQUETE	2025-10-23, UCO vs PAT	31	20	7	12	2	5	0	0	3	2	5	1	0	0	2	4
17	2025-26	NBB	EDU MARILIA	PATO BASQUETE	2025-10-23, UCO vs PAT	20	14	5	5	1	4	1	3	3	2	5	1	1	1	0	4
17	2025-26	NBB	NAKA	PATO BASQUETE	2025-10-23, UCO vs PAT	16	6	1	2	0	1	4	6	4	0	4	2	1	0	2	0
17	2025-26	NBB	GRIGOR	PATO BASQUETE	2025-10-23, UCO vs PAT	23	6	0	1	2	4	0	0	0	0	0	0	0	2	0	5
17	2025-26	NBB	CREWS	PATO BASQUETE	2025-10-23, UCO vs PAT	19	5	0	2	1	3	2	2	1	1	2	2	2	0	4	1
17	2025-26	NBB	MICHEL	PATO BASQUETE	2025-10-23, UCO vs PAT	22	5	1	2	1	5	0	0	1	3	4	2	2	0	0	3
17	2025-26	NBB	FIDELIS	PATO BASQUETE	2025-10-23, UCO vs PAT	20	4	2	6	0	1	0	0	3	5	8	1	0	0	2	3
17	2025-26	NBB	D. PENTEADO	PATO BASQUETE	2025-10-23, UCO vs PAT	13	2	0	0	0	3	2	2	0	1	1	0	0	0	0	0
17	2025-26	NBB	N. GOMES	PATO BASQUETE	2025-10-23, UCO vs PAT	2	2	0	0	0	1	2	2	1	0	1	0	0	0	0	2
17	2025-26	NBB	MATEUS	PATO BASQUETE	2025-10-23, UCO vs PAT	4	0	0	0	0	1	0	0	0	1	1	0	0	0	0	0
18	2025-26	NBB	BOST	FLAMENGO	2025-10-23, FLA vs FOR	21	22	0	0	7	12	1	2	1	0	1	2	4	0	2	4
18	2025-26	NBB	ALEXEY	FLAMENGO	2025-10-23, FLA vs FOR	26	18	6	10	1	1	3	4	6	1	7	6	1	0	4	1
18	2025-26	NBB	NEGRETE	FLAMENGO	2025-10-23, FLA vs FOR	25	15	3	6	2	4	3	3	2	0	2	3	2	1	0	0
18	2025-26	NBB	JOHNSON SR.	FLAMENGO	2025-10-23, FLA vs FOR	28	13	2	2	3	6	0	0	3	0	3	4	1	0	0	2
18	2025-26	NBB	KAYO	FLAMENGO	2025-10-23, FLA vs FOR	17	9	0	1	3	7	0	0	1	0	1	1	0	0	0	2
18	2025-26	NBB	WESLEY	FLAMENGO	2025-10-23, FLA vs FOR	18	7	3	5	0	0	1	2	2	3	5	2	0	0	2	1
18	2025-26	NBB	CUMMINGS	FLAMENGO	2025-10-23, FLA vs FOR	21	7	3	3	0	2	1	2	4	1	5	4	0	0	0	1
18	2025-26	NBB	DANIEL	FLAMENGO	2025-10-23, FLA vs FOR	8	4	2	4	0	0	0	0	0	0	0	0	0	0	1	0
18	2025-26	NBB	DORIA	FLAMENGO	2025-10-23, FLA vs FOR	19	4	1	1	0	0	2	2	3	1	4	2	4	0	1	1
18	2025-26	NBB	JHONATAN	FLAMENGO	2025-10-23, FLA vs FOR	13	3	0	1	1	2	0	0	1	1	2	0	0	0	2	1
18	2025-26	NBB	V. CAUA	FLAMENGO	2025-10-23, FLA vs FOR	2	0	0	0	0	0	0	2	1	0	1	0	1	0	0	0
18	2025-26	NBB	MANEL	FLAMENGO	2025-10-23, FLA vs FOR	3	0	0	0	0	0	0	0	0	1	1	1	2	0	0	1
18	2025-26	NBB	DUPREE	FORTALEZA BASQUETE CEARENSE	2025-10-23, FLA vs FOR	33	16	5	12	2	5	0	0	0	2	2	6	1	0	1	3
18	2025-26	NBB	GOHLKE	FORTALEZA BASQUETE CEARENSE	2025-10-23, FLA vs FOR	35	14	1	2	4	16	0	0	3	2	5	4	3	0	3	1
18	2025-26	NBB	DA SILVA	FORTALEZA BASQUETE CEARENSE	2025-10-23, FLA vs FOR	32	14	6	11	0	0	2	2	3	4	7	2	1	0	2	1
18	2025-26	NBB	SALSAMENDI	FORTALEZA BASQUETE CEARENSE	2025-10-23, FLA vs FOR	16	7	0	2	1	1	4	4	1	1	2	0	0	0	3	2
18	2025-26	NBB	GABRIEL	FORTALEZA BASQUETE CEARENSE	2025-10-23, FLA vs FOR	19	7	1	3	1	5	2	2	4	2	6	1	0	0	1	2
18	2025-26	NBB	POPOVIC	FORTALEZA BASQUETE CEARENSE	2025-10-23, FLA vs FOR	25	5	1	3	1	2	0	1	3	1	4	1	0	1	5	2
18	2025-26	NBB	SAMUEL	FORTALEZA BASQUETE CEARENSE	2025-10-23, FLA vs FOR	8	4	2	3	0	1	0	0	1	2	3	0	1	0	1	4
18	2025-26	NBB	ALBERTON	FORTALEZA BASQUETE CEARENSE	2025-10-23, FLA vs FOR	17	4	1	2	0	1	2	2	4	1	5	0	0	1	2	2
18	2025-26	NBB	JEANZINHO	FORTALEZA BASQUETE CEARENSE	2025-10-23, FLA vs FOR	7	2	1	1	0	0	0	0	0	0	0	1	0	0	1	1
18	2025-26	NBB	AUGUSTO VIEIRA	FORTALEZA BASQUETE CEARENSE	2025-10-23, FLA vs FOR	6	0	0	0	0	1	0	0	0	0	0	0	0	0	1	0
19	2025-26	NBB	PASTRE	PINHEIROS	2025-10-23, PIN vs BAU	27	14	0	1	3	6	5	5	4	0	4	1	4	1	3	2
19	2025-26	NBB	DJALO	PINHEIROS	2025-10-23, PIN vs BAU	24	14	1	2	3	4	3	4	7	0	7	0	0	0	0	4
19	2025-26	NBB	MACIEL	PINHEIROS	2025-10-23, PIN vs BAU	21	11	4	5	0	0	3	5	3	0	3	0	0	0	1	1
19	2025-26	NBB	GREGATE	PINHEIROS	2025-10-23, PIN vs BAU	23	11	2	4	2	4	1	2	3	0	3	1	0	0	1	2
19	2025-26	NBB	PENHA JR.	PINHEIROS	2025-10-23, PIN vs BAU	23	9	1	5	1	3	4	4	6	2	8	0	0	1	1	0
19	2025-26	NBB	BETINHO	PINHEIROS	2025-10-23, PIN vs BAU	22	6	0	0	2	4	0	0	2	0	2	4	1	0	1	2
19	2025-26	NBB	PACHECO	PINHEIROS	2025-10-23, PIN vs BAU	20	6	1	2	0	3	4	5	2	0	2	8	1	0	3	0
19	2025-26	NBB	AFONSO	PINHEIROS	2025-10-23, PIN vs BAU	16	5	2	5	0	0	1	3	5	3	8	0	0	0	0	1
19	2025-26	NBB	SLOAN	PINHEIROS	2025-10-23, PIN vs BAU	18	4	2	4	0	5	0	0	3	0	3	7	1	0	2	3
19	2025-26	NBB	MEILI	PINHEIROS	2025-10-23, PIN vs BAU	2	3	0	0	1	1	0	0	0	0	0	0	2	0	1	0
19	2025-26	NBB	ANTHONY	PINHEIROS	2025-10-23, PIN vs BAU	1	0	0	1	0	0	0	0	0	0	0	0	0	0	0	0
19	2025-26	NBB	BRAYAN	PINHEIROS	2025-10-23, PIN vs BAU	2	0	0	0	0	0	0	0	0	0	0	0	0	0	0	0
19	2025-26	NBB	EUGENIUSZ	BAURU BASKET	2025-10-23, PIN vs BAU	24	13	3	4	2	8	1	1	0	0	0	1	3	0	3	3
19	2025-26	NBB	ANDREZAO	BAURU BASKET	2025-10-23, PIN vs BAU	26	10	4	10	0	1	2	2	7	2	9	1	1	1	3	1
19	2025-26	NBB	ALEX	BAURU BASKET	2025-10-23, PIN vs BAU	31	10	2	5	1	7	3	3	6	0	6	1	0	1	3	4
19	2025-26	NBB	VITHINHO	BAURU BASKET	2025-10-23, PIN vs BAU	24	9	3	7	0	2	3	4	3	0	3	5	1	0	0	1
19	2025-26	NBB	GEMERSON	BAURU BASKET	2025-10-23, PIN vs BAU	22	8	0	1	2	5	2	2	4	1	5	1	1	0	1	1
19	2025-26	NBB	GUSTAVO	BAURU BASKET	2025-10-23, PIN vs BAU	26	5	1	3	1	3	0	0	2	3	5	1	1	0	2	4
19	2025-26	NBB	PEDRO	BAURU BASKET	2025-10-23, PIN vs BAU	26	3	1	2	0	4	1	2	0	2	2	1	0	0	0	3
19	2025-26	NBB	MOREIRA	BAURU BASKET	2025-10-23, PIN vs BAU	12	2	1	2	0	0	0	0	2	0	2	0	1	0	0	2
19	2025-26	NBB	AUGUSTO	BAURU BASKET	2025-10-23, PIN vs BAU	10	0	0	0	0	2	0	0	3	1	4	0	1	0	0	2
20	2025-26	NBB	HUNTER	PAULISTANO	2025-10-24, CAP vs FRA	33	29	4	7	6	12	3	5	3	2	5	2	1	1	1	1
20	2025-26	NBB	GUI ABREU	PAULISTANO	2025-10-24, CAP vs FRA	32	16	3	7	3	8	1	2	8	6	14	2	2	1	0	4
20	2025-26	NBB	DEMETRIO	PAULISTANO	2025-10-24, CAP vs FRA	20	8	2	3	1	4	1	2	1	4	5	0	0	0	0	3
20	2025-26	NBB	SIEWERT	PAULISTANO	2025-10-24, CAP vs FRA	23	5	1	2	1	8	0	0	3	2	5	0	1	0	1	3
20	2025-26	NBB	LEANDRO	PAULISTANO	2025-10-24, CAP vs FRA	24	4	2	9	0	0	0	0	1	1	2	0	0	0	0	2
20	2025-26	NBB	GABRIEL	PAULISTANO	2025-10-24, CAP vs FRA	7	4	2	2	0	0	0	0	2	0	2	0	0	0	0	2
20	2025-26	NBB	VITINHO	PAULISTANO	2025-10-24, CAP vs FRA	35	3	1	7	0	4	1	2	3	1	4	5	0	0	1	2
20	2025-26	NBB	BIANCHI	PAULISTANO	2025-10-24, CAP vs FRA	3	0	0	0	0	0	0	0	0	0	0	0	1	0	0	1
20	2025-26	NBB	NETO	PAULISTANO	2025-10-24, CAP vs FRA	5	0	0	0	0	0	0	0	1	0	1	0	0	0	0	1
20	2025-26	NBB	SEIXAS	PAULISTANO	2025-10-24, CAP vs FRA	17	0	0	0	0	2	0	0	1	0	1	1	1	0	0	2
20	2025-26	NBB	FELICIO	SESI FRANCA	2025-10-24, CAP vs FRA	26	22	11	13	0	0	0	3	6	3	9	1	0	1	1	4
20	2025-26	NBB	ZU JR.	SESI FRANCA	2025-10-24, CAP vs FRA	23	13	2	4	2	4	3	4	2	0	2	2	0	0	2	3
20	2025-26	NBB	BENNETT	SESI FRANCA	2025-10-24, CAP vs FRA	28	11	4	6	0	2	3	4	5	2	7	0	0	0	0	1
20	2025-26	NBB	GEORGINHO	SESI FRANCA	2025-10-24, CAP vs FRA	34	11	2	4	1	3	4	6	7	0	7	3	0	2	1	3
20	2025-26	NBB	LUCAS DIAS	SESI FRANCA	2025-10-24, CAP vs FRA	31	6	1	4	1	4	1	3	4	1	5	3	1	1	1	3
20	2025-26	NBB	LATERZA	SESI FRANCA	2025-10-24, CAP vs FRA	37	5	1	3	1	6	0	0	4	0	4	9	1	0	3	2
20	2025-26	NBB	MINEIRO	SESI FRANCA	2025-10-24, CAP vs FRA	18	3	1	2	0	1	1	2	2	1	3	1	0	0	1	1
20	2025-26	NBB	VINI	SESI FRANCA	2025-10-24, CAP vs FRA	2	0	0	1	0	0	0	0	0	0	0	0	0	0	0	0
21	2025-26	NBB	PEDRO NUNES	VASCO DA GAMA	2025-10-24, VAS vs UFC	42	19	5	7	1	3	6	11	8	2	10	4	2	0	3	1
21	2025-26	NBB	MAGNA	VASCO DA GAMA	2025-10-24, VAS vs UFC	42	17	2	7	3	6	4	4	2	0	2	2	1	0	3	4
21	2025-26	NBB	MATHIAS	VASCO DA GAMA	2025-10-24, VAS vs UFC	34	15	6	11	1	1	0	2	8	2	10	3	0	1	3	4
21	2025-26	NBB	ALE	VASCO DA GAMA	2025-10-24, VAS vs UFC	34	9	3	6	1	8	0	2	5	0	5	8	2	0	1	4
21	2025-26	NBB	G. BASILIO	VASCO DA GAMA	2025-10-24, VAS vs UFC	40	8	1	2	2	10	0	0	4	0	4	6	2	0	3	5
21	2025-26	NBB	ELIAS	VASCO DA GAMA	2025-10-24, VAS vs UFC	13	6	3	4	0	2	0	1	2	2	4	0	0	0	0	2
21	2025-26	NBB	ZIBECCHI	VASCO DA GAMA	2025-10-24, VAS vs UFC	11	4	2	2	0	1	0	0	0	1	1	1	0	0	1	2
21	2025-26	NBB	HONORATO	VASCO DA GAMA	2025-10-24, VAS vs UFC	10	2	0	1	0	0	2	2	3	1	4	0	0	0	0	1
21	2025-26	NBB	MAGNA	UNIFACISA	2025-10-24, VAS vs UFC	5	5	0	0	1	1	2	2	0	0	0	0	0	0	1	0
21	2025-26	NBB	PEDRO NUNES	UNIFACISA	2025-10-24, VAS vs UFC	5	3	0	0	0	0	3	6	1	0	1	1	0	0	0	0
21	2025-26	NBB	ALE	UNIFACISA	2025-10-24, VAS vs UFC	5	2	1	2	0	0	0	0	0	0	0	1	0	0	0	1
21	2025-26	NBB	MATHIAS	UNIFACISA	2025-10-24, VAS vs UFC	5	2	1	2	0	0	0	0	1	0	1	0	0	0	1	1
21	2025-26	NBB	G. BASILIO	UNIFACISA	2025-10-24, VAS vs UFC	5	0	0	0	0	0	0	0	0	0	0	1	0	0	0	2
22	2025-26	NBB	ANSALONI	CRUZEIRO BASQUETE	2025-10-25, CRU vs MOG	22	17	7	10	0	2	3	3	5	1	6	1	0	1	1	0
22	2025-26	NBB	I. THORNTON	CRUZEIRO BASQUETE	2025-10-25, CRU vs MOG	30	16	2	6	2	2	6	7	0	1	1	1	0	0	1	2
22	2025-26	NBB	JJ	CRUZEIRO BASQUETE	2025-10-25, CRU vs MOG	34	16	1	4	4	6	2	3	3	3	6	4	0	1	1	3
22	2025-26	NBB	TULIO	CRUZEIRO BASQUETE	2025-10-25, CRU vs MOG	13	7	3	3	0	1	1	2	2	0	2	0	1	0	1	2
22	2025-26	NBB	CASSIANO	CRUZEIRO BASQUETE	2025-10-25, CRU vs MOG	24	7	2	6	1	2	0	0	4	0	4	2	1	0	3	5
22	2025-26	NBB	FELIPE	CRUZEIRO BASQUETE	2025-10-25, CRU vs MOG	5	6	2	4	0	0	2	3	2	1	3	0	0	0	0	1
22	2025-26	NBB	LUDWIG	CRUZEIRO BASQUETE	2025-10-25, CRU vs MOG	12	6	0	0	2	4	0	0	0	1	1	2	1	0	1	1
22	2025-26	NBB	SENA	CRUZEIRO BASQUETE	2025-10-25, CRU vs MOG	12	4	2	5	0	1	0	0	4	1	5	1	0	0	2	1
22	2025-26	NBB	EMERSON	CRUZEIRO BASQUETE	2025-10-25, CRU vs MOG	17	3	0	1	1	3	0	0	0	1	1	0	0	0	1	3
22	2025-26	NBB	LEO ABREU	CRUZEIRO BASQUETE	2025-10-25, CRU vs MOG	30	2	1	6	0	1	0	0	8	0	8	11	2	1	4	3
22	2025-26	NBB	BRUNINHO	CRUZEIRO BASQUETE	2025-10-25, CRU vs MOG	1	0	0	0	0	0	0	0	0	0	0	0	0	0	0	0
22	2025-26	NBB	GABRIEL CAMPOS	MOGI BASQUETE	2025-10-25, CRU vs MOG	20	21	7	8	1	5	4	7	2	0	2	0	3	0	4	1
22	2025-26	NBB	PAULO	MOGI BASQUETE	2025-10-25, CRU vs MOG	29	16	4	5	2	2	2	2	1	1	2	2	2	1	0	0
22	2025-26	NBB	MENCA	MOGI BASQUETE	2025-10-25, CRU vs MOG	29	16	2	7	3	5	3	4	3	1	4	3	1	0	2	3
22	2025-26	NBB	VINI CHAGAS	MOGI BASQUETE	2025-10-25, CRU vs MOG	15	10	5	6	0	1	0	0	2	2	4	2	0	0	0	4
22	2025-26	NBB	RUIVO	MOGI BASQUETE	2025-10-25, CRU vs MOG	24	10	1	3	2	5	2	3	2	0	2	6	1	0	0	0
22	2025-26	NBB	DUANE JOHNSON	MOGI BASQUETE	2025-10-25, CRU vs MOG	14	9	2	4	1	4	2	2	1	1	2	1	1	0	1	2
22	2025-26	NBB	VITORIANO	MOGI BASQUETE	2025-10-25, CRU vs MOG	15	7	2	2	1	2	0	2	2	1	3	1	0	1	0	2
22	2025-26	NBB	CALDEIRA	MOGI BASQUETE	2025-10-25, CRU vs MOG	17	6	0	1	2	2	0	0	0	0	0	4	2	0	0	2
22	2025-26	NBB	ANDERSON	MOGI BASQUETE	2025-10-25, CRU vs MOG	24	6	0	1	2	5	0	0	6	0	6	1	2	0	0	4
22	2025-26	NBB	DIKEMBE	MOGI BASQUETE	2025-10-25, CRU vs MOG	10	2	1	3	0	0	0	2	3	1	4	0	1	0	1	3
22	2025-26	NBB	RAUL	MOGI BASQUETE	2025-10-25, CRU vs MOG	2	0	0	0	0	0	0	0	0	0	0	0	0	0	1	0
23	2025-26	NBB	HARRIS	BASKET OSASCO	2025-10-25, OSA vs BAU	36	15	2	3	1	3	8	9	5	0	5	3	0	1	5	3
23	2025-26	NBB	BRITOS	BASKET OSASCO	2025-10-25, OSA vs BAU	28	13	2	2	3	7	0	0	3	0	3	3	1	0	3	1
23	2025-26	NBB	WEBER	BASKET OSASCO	2025-10-25, OSA vs BAU	30	12	0	2	3	7	3	4	1	0	1	3	1	0	2	1
23	2025-26	NBB	PASSOS	BASKET OSASCO	2025-10-25, OSA vs BAU	27	10	5	6	0	0	0	0	4	2	6	2	2	0	2	4
23	2025-26	NBB	BRENO	BASKET OSASCO	2025-10-25, OSA vs BAU	23	7	1	1	0	3	5	6	1	0	1	1	1	0	1	3
23	2025-26	NBB	MANAUS	BASKET OSASCO	2025-10-25, OSA vs BAU	18	5	1	2	1	4	0	0	2	0	2	0	2	0	2	3
23	2025-26	NBB	EDDY	BASKET OSASCO	2025-10-25, OSA vs BAU	18	3	0	0	1	5	0	0	5	0	5	3	1	0	0	2
23	2025-26	NBB	LEONI	BASKET OSASCO	2025-10-25, OSA vs BAU	6	2	0	2	0	1	2	2	0	0	0	1	1	0	0	0
23	2025-26	NBB	DALAQUA	BASKET OSASCO	2025-10-25, OSA vs BAU	11	2	1	1	0	3	0	0	0	1	1	1	0	0	0	1
23	2025-26	NBB	MALACHIAS	BASKET OSASCO	2025-10-25, OSA vs BAU	2	0	0	0	0	0	0	0	0	0	0	0	0	0	0	2
23	2025-26	NBB	GEMERSON	BAURU BASKET	2025-10-25, OSA vs BAU	31	28	2	3	7	11	3	3	1	1	2	0	1	0	0	3
23	2025-26	NBB	ANDREZAO	BAURU BASKET	2025-10-25, OSA vs BAU	32	22	9	15	0	0	4	7	6	1	7	0	0	3	3	2
23	2025-26	NBB	ALEX	BAURU BASKET	2025-10-25, OSA vs BAU	38	14	3	5	2	6	2	4	6	0	6	13	1	0	4	2
23	2025-26	NBB	EUGENIUSZ	BAURU BASKET	2025-10-25, OSA vs BAU	21	10	3	4	1	5	1	1	3	0	3	1	0	0	2	3
23	2025-26	NBB	PEDRO	BAURU BASKET	2025-10-25, OSA vs BAU	27	4	2	2	0	3	0	0	2	4	6	5	2	0	1	2
23	2025-26	NBB	MOREIRA	BAURU BASKET	2025-10-25, OSA vs BAU	7	4	2	3	0	0	0	0	1	0	1	0	0	0	4	2
23	2025-26	NBB	GUSTAVO	BAURU BASKET	2025-10-25, OSA vs BAU	11	0	0	0	0	1	0	0	0	0	0	1	2	0	0	3
23	2025-26	NBB	VITHINHO	BAURU BASKET	2025-10-25, OSA vs BAU	25	0	0	0	0	2	0	2	5	0	5	8	1	0	1	2
23	2025-26	NBB	AUGUSTO	BAURU BASKET	2025-10-25, OSA vs BAU	8	0	0	0	0	1	0	0	0	1	1	0	0	0	1	1
24	2025-26	NBB	BRUNAO	CAIXA/BRASILIA	2025-10-25, BRA vs RCB	24	26	8	11	1	2	7	10	6	4	10	1	2	2	2	2
24	2025-26	NBB	LUCAS	CAIXA/BRASILIA	2025-10-25, BRA vs RCB	18	21	1	1	5	8	4	4	0	0	0	3	0	0	0	2
24	2025-26	NBB	VON HAYDIN	CAIXA/BRASILIA	2025-10-25, BRA vs RCB	21	12	0	2	4	8	0	0	5	1	6	2	0	0	1	2
24	2025-26	NBB	BELLER	CAIXA/BRASILIA	2025-10-25, BRA vs RCB	12	11	3	4	1	2	2	2	2	3	5	1	0	0	1	2
24	2025-26	NBB	PAULICHI	CAIXA/BRASILIA	2025-10-25, BRA vs RCB	16	10	5	7	0	1	0	0	4	1	5	3	0	0	1	3
24	2025-26	NBB	CRESCENZI	CAIXA/BRASILIA	2025-10-25, BRA vs RCB	18	9	2	2	1	5	2	2	3	0	3	6	3	0	1	3
24	2025-26	NBB	BUIU	CAIXA/BRASILIA	2025-10-25, BRA vs RCB	24	7	2	3	1	6	0	0	4	0	4	2	1	0	2	3
24	2025-26	NBB	CARBONARI	CAIXA/BRASILIA	2025-10-25, BRA vs RCB	20	6	0	1	2	4	0	0	0	2	2	4	1	0	1	3
24	2025-26	NBB	CORVALAN	CAIXA/BRASILIA	2025-10-25, BRA vs RCB	23	5	1	2	1	5	0	0	0	0	0	5	4	0	2	1
24	2025-26	NBB	PEDRO	CAIXA/BRASILIA	2025-10-25, BRA vs RCB	16	2	0	1	0	1	2	2	2	2	4	3	3	0	0	3
24	2025-26	NBB	GUSTAVO	CAIXA/BRASILIA	2025-10-25, BRA vs RCB	4	0	0	1	0	0	0	0	0	1	1	0	0	0	0	0
24	2025-26	NBB	ZAGO	CAIXA/BRASILIA	2025-10-25, BRA vs RCB	3	0	0	0	0	0	0	0	0	0	0	0	0	0	0	0
24	2025-26	NBB	GEMADINHA	CONTA SIMPLES RIO CLARO	2025-10-25, BRA vs RCB	28	15	3	7	2	4	3	4	1	0	1	0	0	0	3	4
24	2025-26	NBB	DOS ANJOS	CONTA SIMPLES RIO CLARO	2025-10-25, BRA vs RCB	22	11	1	4	1	2	6	7	3	0	3	0	0	1	3	1
24	2025-26	NBB	RIKALO	CONTA SIMPLES RIO CLARO	2025-10-25, BRA vs RCB	25	8	0	0	2	4	2	3	1	0	1	1	0	0	3	5
24	2025-26	NBB	VITOR	CONTA SIMPLES RIO CLARO	2025-10-25, BRA vs RCB	23	7	2	3	0	3	3	6	1	0	1	0	0	0	1	2
24	2025-26	NBB	SCOTT	CONTA SIMPLES RIO CLARO	2025-10-25, BRA vs RCB	31	7	2	6	0	2	3	4	3	0	3	1	3	1	4	0
24	2025-26	NBB	BONFIM	CONTA SIMPLES RIO CLARO	2025-10-25, BRA vs RCB	29	5	2	5	0	1	1	2	6	2	8	2	3	1	0	2
24	2025-26	NBB	PASTOR	CONTA SIMPLES RIO CLARO	2025-10-25, BRA vs RCB	10	4	2	4	0	0	0	0	1	0	1	0	0	0	1	1
24	2025-26	NBB	MURILO	CONTA SIMPLES RIO CLARO	2025-10-25, BRA vs RCB	16	0	0	1	0	2	0	0	3	1	4	0	0	0	3	1
24	2025-26	NBB	COSTA	CONTA SIMPLES RIO CLARO	2025-10-25, BRA vs RCB	12	0	0	0	0	0	0	0	1	0	1	2	0	0	4	2
24	2025-26	NBB	CARLOS JR.	CONTA SIMPLES RIO CLARO	2025-10-25, BRA vs RCB	4	0	0	0	0	0	0	0	0	0	0	0	0	0	1	2
25	2025-26	NBB	XAVIER	BOTAFOGO	2025-10-26, BOT vs UFC	37	30	12	16	2	5	0	0	5	6	11	0	0	0	0	0
25	2025-26	NBB	MATHEUSINHO	BOTAFOGO	2025-10-26, BOT vs UFC	34	15	5	9	0	5	5	8	4	4	8	7	2	0	5	4
25	2025-26	NBB	ALCASSA	BOTAFOGO	2025-10-26, BOT vs UFC	26	7	3	7	0	1	1	3	4	1	5	2	1	0	1	2
25	2025-26	NBB	MARQUARDT	BOTAFOGO	2025-10-26, BOT vs UFC	31	6	0	2	2	8	0	0	4	1	5	2	2	0	3	2
25	2025-26	NBB	SCHEUER	BOTAFOGO	2025-10-26, BOT vs UFC	16	6	1	3	0	1	4	4	3	0	3	1	1	1	3	3
25	2025-26	NBB	EMANUEL	BOTAFOGO	2025-10-26, BOT vs UFC	30	6	3	6	0	3	0	0	2	1	3	0	2	0	2	3
25	2025-26	NBB	PAULINO	BOTAFOGO	2025-10-26, BOT vs UFC	5	2	0	0	0	0	2	2	0	1	1	0	0	0	0	3
25	2025-26	NBB	DAWKINS	BOTAFOGO	2025-10-26, BOT vs UFC	13	0	0	1	0	3	0	2	1	0	1	1	0	0	0	1
25	2025-26	NBB	DANIEL	BOTAFOGO	2025-10-26, BOT vs UFC	7	0	0	0	0	1	0	0	1	0	1	0	0	0	0	0
25	2025-26	NBB	MELVIN	UNIFACISA	2025-10-26, BOT vs UFC	27	26	4	8	4	7	6	6	3	1	4	2	1	0	0	2
25	2025-26	NBB	SIFONTES	UNIFACISA	2025-10-26, BOT vs UFC	31	20	3	9	3	7	5	6	2	3	5	6	1	2	4	1
25	2025-26	NBB	JIMMY	UNIFACISA	2025-10-26, BOT vs UFC	34	11	4	4	1	4	0	0	3	3	6	2	0	0	1	2
25	2025-26	NBB	LEAL	UNIFACISA	2025-10-26, BOT vs UFC	16	10	4	7	0	0	2	2	2	1	3	2	0	0	1	4
25	2025-26	NBB	ANTONIO	UNIFACISA	2025-10-26, BOT vs UFC	21	7	2	5	1	2	0	0	3	0	3	0	0	0	1	2
25	2025-26	NBB	FLORES	UNIFACISA	2025-10-26, BOT vs UFC	22	4	1	1	0	5	2	2	3	0	3	1	3	0	1	4
25	2025-26	NBB	GUEYE	UNIFACISA	2025-10-26, BOT vs UFC	17	3	0	0	1	1	0	0	4	0	4	1	0	3	0	1
25	2025-26	NBB	JOAO PAULO	UNIFACISA	2025-10-26, BOT vs UFC	13	2	1	3	0	1	0	0	1	1	2	1	1	0	2	1
25	2025-26	NBB	GERSON	UNIFACISA	2025-10-26, BOT vs UFC	16	2	1	3	0	0	0	0	3	0	3	1	0	0	0	0
25	2025-26	NBB	ANTHONY	UNIFACISA	2025-10-26, BOT vs UFC	3	0	0	0	0	0	0	0	0	0	0	0	0	0	3	1
26	2025-26	NBB	THOMPSON	PATO BASQUETE	2025-10-27, PAT vs MIN	31	19	7	15	1	4	2	2	2	1	3	4	0	0	1	4
26	2025-26	NBB	MICHEL	PATO BASQUETE	2025-10-27, PAT vs MIN	19	14	1	2	4	6	0	0	2	3	5	1	2	0	0	2
26	2025-26	NBB	D. PENTEADO	PATO BASQUETE	2025-10-27, PAT vs MIN	30	13	1	3	3	7	2	2	3	3	6	1	0	1	2	3
26	2025-26	NBB	FIDELIS	PATO BASQUETE	2025-10-27, PAT vs MIN	26	13	3	10	2	3	1	2	4	4	8	2	0	0	2	1
26	2025-26	NBB	NAKA	PATO BASQUETE	2025-10-27, PAT vs MIN	30	7	2	9	1	6	0	0	4	3	7	4	1	0	1	2
26	2025-26	NBB	EDU MARILIA	PATO BASQUETE	2025-10-27, PAT vs MIN	22	6	3	7	0	2	0	0	6	3	9	1	0	0	1	4
26	2025-26	NBB	GRIGOR	PATO BASQUETE	2025-10-27, PAT vs MIN	15	3	0	1	1	1	0	0	1	0	1	2	0	0	0	1
26	2025-26	NBB	MATEUS	PATO BASQUETE	2025-10-27, PAT vs MIN	12	0	0	0	0	2	0	0	2	1	3	1	0	0	0	1
26	2025-26	NBB	EULER	PATO BASQUETE	2025-10-27, PAT vs MIN	3	0	0	0	0	1	0	0	0	0	0	0	0	0	1	0
26	2025-26	NBB	N. GOMES	PATO BASQUETE	2025-10-27, PAT vs MIN	11	0	0	2	0	0	0	0	1	2	3	1	0	0	0	3
26	2025-26	NBB	WILLKER Z.	PATO BASQUETE	2025-10-27, PAT vs MIN	1	0	0	0	0	0	0	0	0	0	0	0	0	0	0	0
26	2025-26	NBB	PARANHOS	KTO MINAS	2025-10-27, PAT vs MIN	30	16	7	10	0	0	2	2	6	1	7	3	0	1	1	3
26	2025-26	NBB	MCCREE	KTO MINAS	2025-10-27, PAT vs MIN	21	13	1	3	3	5	2	4	3	0	3	0	0	1	2	1
26	2025-26	NBB	ARENGO	KTO MINAS	2025-10-27, PAT vs MIN	24	9	1	2	1	4	4	5	4	0	4	2	2	0	1	0
26	2025-26	NBB	R. RACHEL	KTO MINAS	2025-10-27, PAT vs MIN	19	8	2	3	1	4	1	2	1	1	2	1	0	1	0	3
26	2025-26	NBB	FISCHER	KTO MINAS	2025-10-27, PAT vs MIN	23	7	2	4	1	3	0	0	1	0	1	5	1	0	1	1
26	2025-26	NBB	WINI SILVA	KTO MINAS	2025-10-27, PAT vs MIN	10	7	3	4	0	0	1	2	3	3	6	0	0	0	1	3
26	2025-26	NBB	DAVIS JR.	KTO MINAS	2025-10-27, PAT vs MIN	21	5	1	4	1	2	0	2	2	0	2	2	0	0	2	3
26	2025-26	NBB	YURI	KTO MINAS	2025-10-27, PAT vs MIN	21	5	0	1	1	2	2	2	4	0	4	1	0	0	1	0
26	2025-26	NBB	WILLIAMS	KTO MINAS	2025-10-27, PAT vs MIN	12	4	1	1	0	2	2	2	1	0	1	0	0	1	1	1
26	2025-26	NBB	FUZARO	KTO MINAS	2025-10-27, PAT vs MIN	20	2	1	5	0	0	0	1	1	1	2	4	2	0	0	1
28	2025-26	NBB	LUCAS DIAS	SESI FRANCA	2025-10-28, FRA vs CAX	34	17	3	6	2	7	5	5	6	0	6	1	0	0	1	2
28	2025-26	NBB	FELICIO	SESI FRANCA	2025-10-28, FRA vs CAX	24	15	5	6	0	0	5	6	5	8	13	1	2	0	4	2
28	2025-26	NBB	LATERZA	SESI FRANCA	2025-10-28, FRA vs CAX	34	14	2	2	2	6	4	5	1	0	1	7	1	0	7	4
28	2025-26	NBB	BENNETT	SESI FRANCA	2025-10-28, FRA vs CAX	35	9	3	7	0	4	3	4	4	1	5	1	1	0	0	1
28	2025-26	NBB	ZU JR.	SESI FRANCA	2025-10-28, FRA vs CAX	31	7	1	3	1	5	2	4	1	0	1	1	1	0	1	1
28	2025-26	NBB	MINEIRO	SESI FRANCA	2025-10-28, FRA vs CAX	26	7	0	0	2	5	1	2	5	0	5	3	1	1	1	1
28	2025-26	NBB	VINI	SESI FRANCA	2025-10-28, FRA vs CAX	13	4	2	3	0	1	0	0	3	4	7	0	0	0	0	1
28	2025-26	NBB	NICOLINI	SESI FRANCA	2025-10-28, FRA vs CAX	3	0	0	1	0	1	0	0	0	0	0	0	0	0	0	0
28	2025-26	NBB	VEZARO	CAXIAS DO SUL BASQUETE	2025-10-28, FRA vs CAX	22	15	4	4	1	3	4	5	3	0	3	4	0	0	2	2
28	2025-26	NBB	HUMBERTO	CAXIAS DO SUL BASQUETE	2025-10-28, FRA vs CAX	33	13	2	7	2	3	3	6	7	2	9	4	1	1	4	3
28	2025-26	NBB	AUGUSTO	CAXIAS DO SUL BASQUETE	2025-10-28, FRA vs CAX	18	13	2	3	3	6	0	0	1	1	2	0	1	0	0	2
28	2025-26	NBB	RAFA	CAXIAS DO SUL BASQUETE	2025-10-28, FRA vs CAX	23	8	1	3	2	3	0	0	2	0	2	0	2	0	1	3
28	2025-26	NBB	OMENA	CAXIAS DO SUL BASQUETE	2025-10-28, FRA vs CAX	30	7	2	2	1	2	0	0	1	1	2	3	1	0	1	2
28	2025-26	NBB	FABRIZZIO	CAXIAS DO SUL BASQUETE	2025-10-28, FRA vs CAX	25	6	2	6	0	2	2	2	3	0	3	1	1	0	3	3
28	2025-26	NBB	JOAO M.	CAXIAS DO SUL BASQUETE	2025-10-28, FRA vs CAX	7	6	1	1	1	4	1	1	1	0	1	1	1	0	1	0
28	2025-26	NBB	LUAN	CAXIAS DO SUL BASQUETE	2025-10-28, FRA vs CAX	16	4	2	2	0	0	0	0	2	2	4	0	0	0	0	4
28	2025-26	NBB	SHAMELL	CAXIAS DO SUL BASQUETE	2025-10-28, FRA vs CAX	19	3	0	2	1	5	0	1	2	0	2	1	0	1	0	0
28	2025-26	NBB	MIGUEL	CAXIAS DO SUL BASQUETE	2025-10-28, FRA vs CAX	7	0	0	2	0	0	0	0	0	0	0	1	1	0	1	3
29	2025-26	NBB	ANDREZAO	BAURU BASKET	2025-10-28, BAU vs UCO	36	18	6	12	0	0	6	8	7	5	12	2	1	0	1	2
29	2025-26	NBB	EUGENIUSZ	BAURU BASKET	2025-10-28, BAU vs UCO	31	16	4	7	1	5	5	9	7	0	7	5	1	0	2	2
29	2025-26	NBB	ALEX	BAURU BASKET	2025-10-28, BAU vs UCO	36	10	4	7	0	4	2	3	3	1	4	4	0	2	4	3
29	2025-26	NBB	GUSTAVO	BAURU BASKET	2025-10-28, BAU vs UCO	22	5	1	3	1	3	0	0	2	1	3	1	1	0	1	1
29	2025-26	NBB	PEDRO	BAURU BASKET	2025-10-28, BAU vs UCO	24	5	1	1	1	3	0	0	0	0	0	2	0	0	0	0
29	2025-26	NBB	VITHINHO	BAURU BASKET	2025-10-28, BAU vs UCO	14	4	2	4	0	5	0	0	1	0	1	0	1	0	1	1
29	2025-26	NBB	MOREIRA	BAURU BASKET	2025-10-28, BAU vs UCO	6	2	1	2	0	0	0	0	2	0	2	0	0	0	0	2
29	2025-26	NBB	AUGUSTO	BAURU BASKET	2025-10-28, BAU vs UCO	6	0	0	0	0	0	0	0	0	2	2	0	0	0	0	0
29	2025-26	NBB	GEMERSON	BAURU BASKET	2025-10-28, BAU vs UCO	25	0	0	0	0	6	0	0	1	0	1	3	3	0	0	4
29	2025-26	NBB	SCOTT	CEISC/UNIAO CORINTHIANS	2025-10-28, BAU vs UCO	36	15	7	11	0	2	1	1	2	0	2	3	1	1	3	3
29	2025-26	NBB	ROSSETTO	CEISC/UNIAO CORINTHIANS	2025-10-28, BAU vs UCO	21	8	2	4	1	4	1	3	1	0	1	2	1	0	1	4
29	2025-26	NBB	VERISSIMO	CEISC/UNIAO CORINTHIANS	2025-10-28, BAU vs UCO	25	8	4	5	0	4	0	0	2	3	5	1	0	0	1	1
29	2025-26	NBB	HETTSHEIMEIR	CEISC/UNIAO CORINTHIANS	2025-10-28, BAU vs UCO	18	6	0	0	2	4	0	0	3	0	3	0	1	0	0	1
29	2025-26	NBB	BARNES	CEISC/UNIAO CORINTHIANS	2025-10-28, BAU vs UCO	16	4	2	4	0	0	0	0	2	0	2	3	1	0	3	4
29	2025-26	NBB	GUYTON	CEISC/UNIAO CORINTHIANS	2025-10-28, BAU vs UCO	27	4	2	3	0	4	0	0	2	0	2	5	0	1	1	1
29	2025-26	NBB	HOLLOWELL	CEISC/UNIAO CORINTHIANS	2025-10-28, BAU vs UCO	26	4	2	4	0	1	0	0	8	0	8	1	0	0	4	5
29	2025-26	NBB	GOES	CEISC/UNIAO CORINTHIANS	2025-10-28, BAU vs UCO	31	3	0	4	1	2	0	0	7	0	7	3	0	0	3	2
30	2025-26	NBB	RIKALO	CONTA SIMPLES RIO CLARO	2025-10-28, RCB vs CAP	40	23	1	7	4	12	9	11	1	0	1	4	0	0	1	3
30	2025-26	NBB	SCOTT	CONTA SIMPLES RIO CLARO	2025-10-28, RCB vs CAP	36	22	6	10	2	7	4	6	10	1	11	4	3	0	5	3
30	2025-26	NBB	DOS ANJOS	CONTA SIMPLES RIO CLARO	2025-10-28, RCB vs CAP	25	15	4	6	2	5	1	1	2	3	5	1	0	0	1	4
30	2025-26	NBB	GEMADINHA	CONTA SIMPLES RIO CLARO	2025-10-28, RCB vs CAP	32	13	4	10	1	4	2	2	2	0	2	3	1	0	2	4
30	2025-26	NBB	BONFIM	CONTA SIMPLES RIO CLARO	2025-10-28, RCB vs CAP	26	8	3	5	0	1	2	5	7	6	13	2	1	2	0	4
30	2025-26	NBB	VITOR	CONTA SIMPLES RIO CLARO	2025-10-28, RCB vs CAP	21	4	0	1	1	3	1	2	1	3	4	0	1	0	0	2
30	2025-26	NBB	OWENS	CONTA SIMPLES RIO CLARO	2025-10-28, RCB vs CAP	10	4	2	2	0	0	0	0	3	0	3	0	0	0	0	0
30	2025-26	NBB	MURILO	CONTA SIMPLES RIO CLARO	2025-10-28, RCB vs CAP	9	0	0	1	0	1	0	0	2	0	2	0	1	2	0	0
30	2025-26	NBB	SIEWERT	PAULISTANO	2025-10-28, RCB vs CAP	26	18	0	1	5	10	3	4	7	0	7	0	0	2	0	4
30	2025-26	NBB	DEMETRIO	PAULISTANO	2025-10-28, RCB vs CAP	24	17	8	10	0	1	1	2	8	5	13	1	0	0	1	3
30	2025-26	NBB	HUNTER	PAULISTANO	2025-10-28, RCB vs CAP	35	16	3	11	2	4	4	6	5	1	6	3	0	0	2	3
30	2025-26	NBB	GUI ABREU	PAULISTANO	2025-10-28, RCB vs CAP	29	11	2	6	1	5	4	4	1	3	4	3	0	0	3	4
30	2025-26	NBB	LANDEIRA	PAULISTANO	2025-10-28, RCB vs CAP	34	7	2	4	1	6	0	0	3	0	3	5	2	1	4	4
30	2025-26	NBB	LEANDRO	PAULISTANO	2025-10-28, RCB vs CAP	14	6	3	8	0	0	0	0	4	2	6	3	0	1	0	0
30	2025-26	NBB	NETO	PAULISTANO	2025-10-28, RCB vs CAP	7	4	1	2	0	1	2	2	0	0	0	0	0	1	0	1
30	2025-26	NBB	SEIXAS	PAULISTANO	2025-10-28, RCB vs CAP	20	3	0	2	1	4	0	0	2	0	2	1	0	0	1	4
30	2025-26	NBB	BIANCHI	PAULISTANO	2025-10-28, RCB vs CAP	7	3	0	0	1	1	0	0	0	0	0	1	2	0	1	3
30	2025-26	NBB	GABRIEL	PAULISTANO	2025-10-28, RCB vs CAP	4	2	1	2	0	0	0	0	2	1	3	0	0	0	1	1
31	2025-26	NBB	GABRIEL CAMPOS	MOGI BASQUETE	2025-10-29, MOG vs BOT	19	15	3	5	3	6	0	1	2	0	2	3	2	0	1	2
31	2025-26	NBB	ANDERSON	MOGI BASQUETE	2025-10-29, MOG vs BOT	24	15	5	6	1	2	2	2	9	1	10	4	2	0	0	0
31	2025-26	NBB	MENCA	MOGI BASQUETE	2025-10-29, MOG vs BOT	20	13	1	3	3	5	2	3	0	0	0	3	3	0	1	0
31	2025-26	NBB	DIKEMBE	MOGI BASQUETE	2025-10-29, MOG vs BOT	16	10	5	8	0	0	0	0	5	3	8	3	4	0	4	1
31	2025-26	NBB	VINI CHAGAS	MOGI BASQUETE	2025-10-29, MOG vs BOT	17	10	4	4	0	1	2	4	3	0	3	0	1	0	0	2
31	2025-26	NBB	CALDEIRA	MOGI BASQUETE	2025-10-29, MOG vs BOT	18	9	3	6	1	2	0	0	1	0	1	2	1	0	3	2
31	2025-26	NBB	RUIVO	MOGI BASQUETE	2025-10-29, MOG vs BOT	20	6	0	0	2	8	0	0	0	0	0	3	1	0	1	1
31	2025-26	NBB	PEDROSO	MOGI BASQUETE	2025-10-29, MOG vs BOT	8	3	0	0	1	3	0	0	0	2	2	1	2	0	0	0
31	2025-26	NBB	VITORIANO	MOGI BASQUETE	2025-10-29, MOG vs BOT	17	2	1	2	0	3	0	0	2	3	5	2	0	0	0	4
31	2025-26	NBB	MAICON DOUGLAS	MOGI BASQUETE	2025-10-29, MOG vs BOT	12	2	1	2	0	0	0	0	3	1	4	0	0	0	0	3
31	2025-26	NBB	PAULO	MOGI BASQUETE	2025-10-29, MOG vs BOT	19	2	1	3	0	3	0	0	1	2	3	4	2	0	1	1
31	2025-26	NBB	BARRY	MOGI BASQUETE	2025-10-29, MOG vs BOT	9	0	0	0	0	0	0	0	2	0	2	0	0	0	0	2
31	2025-26	NBB	MATHEUSINHO	BOTAFOGO	2025-10-29, MOG vs BOT	25	13	4	10	1	5	2	2	0	0	0	3	0	0	5	1
31	2025-26	NBB	EMANUEL	BOTAFOGO	2025-10-29, MOG vs BOT	20	8	2	3	1	2	1	1	5	0	5	0	1	0	2	1
31	2025-26	NBB	PAULINO	BOTAFOGO	2025-10-29, MOG vs BOT	16	7	1	2	0	2	5	7	3	0	3	0	0	0	0	4
31	2025-26	NBB	SCHEUER	BOTAFOGO	2025-10-29, MOG vs BOT	15	6	2	4	0	1	2	3	3	0	3	0	0	1	0	2
31	2025-26	NBB	ALCASSA	BOTAFOGO	2025-10-29, MOG vs BOT	27	5	2	3	0	1	1	2	4	1	5	0	1	0	2	1
31	2025-26	NBB	XAVIER	BOTAFOGO	2025-10-29, MOG vs BOT	25	3	1	3	0	0	1	1	3	0	3	0	1	0	1	2
31	2025-26	NBB	DAWKINS	BOTAFOGO	2025-10-29, MOG vs BOT	20	2	1	1	0	0	0	0	0	0	0	1	0	0	3	1
31	2025-26	NBB	KLEBINHO	BOTAFOGO	2025-10-29, MOG vs BOT	12	1	0	1	0	0	1	2	0	0	0	2	0	0	2	0
31	2025-26	NBB	DANIEL	BOTAFOGO	2025-10-29, MOG vs BOT	10	0	0	0	0	2	0	0	1	0	1	0	0	0	1	1
31	2025-26	NBB	MARQUARDT	BOTAFOGO	2025-10-29, MOG vs BOT	22	0	0	2	0	0	0	0	5	0	5	0	1	1	4	2
31	2025-26	NBB	JHONATAN	BOTAFOGO	2025-10-29, MOG vs BOT	8	0	0	2	0	0	0	0	0	0	0	0	1	0	1	0
33	2025-26	NBB	D. PENTEADO	PATO BASQUETE	2025-10-29, PAT vs CRU	35	24	2	5	5	9	5	7	4	4	8	2	1	0	0	2
33	2025-26	NBB	THOMPSON	PATO BASQUETE	2025-10-29, PAT vs CRU	36	19	8	17	0	3	3	7	1	2	3	1	2	0	4	1
33	2025-26	NBB	EDU MARILIA	PATO BASQUETE	2025-10-29, PAT vs CRU	33	10	3	5	0	3	4	4	9	1	10	3	3	4	0	4
33	2025-26	NBB	MICHEL	PATO BASQUETE	2025-10-29, PAT vs CRU	32	9	0	4	3	8	0	0	5	1	6	2	1	0	0	3
33	2025-26	NBB	GRIGOR	PATO BASQUETE	2025-10-29, PAT vs CRU	26	5	1	1	1	5	0	0	3	0	3	1	1	1	4	5
33	2025-26	NBB	FIDELIS	PATO BASQUETE	2025-10-29, PAT vs CRU	14	2	1	2	0	1	0	0	0	0	0	2	0	1	1	5
33	2025-26	NBB	MATEUS	PATO BASQUETE	2025-10-29, PAT vs CRU	4	0	0	0	0	0	0	0	0	0	0	0	0	0	0	0
33	2025-26	NBB	WILLKER Z.	PATO BASQUETE	2025-10-29, PAT vs CRU	2	0	0	0	0	0	0	0	0	0	0	0	0	0	1	0
33	2025-26	NBB	NAKA	PATO BASQUETE	2025-10-29, PAT vs CRU	17	0	0	3	0	1	0	0	4	0	4	2	1	0	1	1
33	2025-26	NBB	SENA	CRUZEIRO BASQUETE	2025-10-29, PAT vs CRU	22	16	5	7	0	1	6	10	6	1	7	1	1	0	3	2
33	2025-26	NBB	LEO ABREU	CRUZEIRO BASQUETE	2025-10-29, PAT vs CRU	36	16	4	6	1	2	5	6	12	2	14	7	4	0	3	3
33	2025-26	NBB	ANSALONI	CRUZEIRO BASQUETE	2025-10-29, PAT vs CRU	29	8	2	8	1	1	1	1	4	2	6	0	0	0	3	1
33	2025-26	NBB	I. THORNTON	CRUZEIRO BASQUETE	2025-10-29, PAT vs CRU	32	8	0	2	2	6	2	2	3	1	4	2	0	0	3	2
33	2025-26	NBB	CASSIANO	CRUZEIRO BASQUETE	2025-10-29, PAT vs CRU	23	8	3	4	0	3	2	2	4	1	5	2	0	0	0	2
33	2025-26	NBB	JJ	CRUZEIRO BASQUETE	2025-10-29, PAT vs CRU	27	7	2	5	1	4	0	0	1	0	1	3	0	0	2	1
33	2025-26	NBB	LUDWIG	CRUZEIRO BASQUETE	2025-10-29, PAT vs CRU	11	6	1	4	1	2	1	2	1	2	3	0	0	0	0	3
33	2025-26	NBB	FELIPE	CRUZEIRO BASQUETE	2025-10-29, PAT vs CRU	11	2	1	1	0	0	0	0	2	0	2	0	0	1	1	2
33	2025-26	NBB	CLAY	CRUZEIRO BASQUETE	2025-10-29, PAT vs CRU	8	0	0	2	0	1	0	0	0	0	0	0	1	0	0	1
33	2025-26	NBB	TULIO	CRUZEIRO BASQUETE	2025-10-29, PAT vs CRU	2	0	0	0	0	0	0	0	0	0	0	0	0	0	1	0
34	2025-26	NBB	CLARK	CORINTHIANS	2025-10-29, COR vs VAS	28	17	3	6	2	4	5	6	7	4	11	3	2	1	5	1
34	2025-26	NBB	T. FARIA	CORINTHIANS	2025-10-29, COR vs VAS	19	12	3	8	0	2	6	6	2	0	2	2	0	0	1	1
34	2025-26	NBB	ELINHO	CORINTHIANS	2025-10-29, COR vs VAS	21	12	3	6	2	4	0	0	3	0	3	8	3	0	3	1
34	2025-26	NBB	THOMAS	CORINTHIANS	2025-10-29, COR vs VAS	26	9	1	1	2	5	1	1	0	0	0	1	1	0	0	3
34	2025-26	NBB	VICTAO	CORINTHIANS	2025-10-29, COR vs VAS	26	9	3	3	1	5	0	0	1	4	5	0	1	0	0	1
34	2025-26	NBB	MUNFORD	CORINTHIANS	2025-10-29, COR vs VAS	22	9	1	4	1	3	4	4	2	2	4	1	0	0	0	1
34	2025-26	NBB	LUCAS CAUE	CORINTHIANS	2025-10-29, COR vs VAS	20	4	1	6	0	0	2	2	0	2	2	2	0	0	1	2
34	2025-26	NBB	RAYMUNDO	CORINTHIANS	2025-10-29, COR vs VAS	26	4	1	4	0	1	2	4	5	0	5	1	3	3	0	5
34	2025-26	NBB	KAIQUE	CORINTHIANS	2025-10-29, COR vs VAS	6	3	1	1	0	1	1	3	0	0	0	0	0	0	0	2
34	2025-26	NBB	LUKINHAS	CORINTHIANS	2025-10-29, COR vs VAS	4	2	1	1	0	0	0	0	0	1	1	0	0	0	0	0
34	2025-26	NBB	M. JAMELAO	CORINTHIANS	2025-10-29, COR vs VAS	2	0	0	0	0	1	0	0	0	0	0	0	0	0	0	0
34	2025-26	NBB	MATHIAS	VASCO DA GAMA	2025-10-29, COR vs VAS	29	15	4	6	2	2	1	2	3	3	6	3	1	1	5	3
34	2025-26	NBB	MAGNA	VASCO DA GAMA	2025-10-29, COR vs VAS	16	13	0	0	4	5	1	2	4	0	4	1	0	0	2	1
34	2025-26	NBB	PEDRO NUNES	VASCO DA GAMA	2025-10-29, COR vs VAS	36	13	5	8	1	5	0	0	6	1	7	3	1	0	3	2
34	2025-26	NBB	G. BASILIO	VASCO DA GAMA	2025-10-29, COR vs VAS	36	8	2	4	1	6	1	1	2	2	4	1	1	1	1	3
34	2025-26	NBB	ELIAS	VASCO DA GAMA	2025-10-29, COR vs VAS	21	7	1	2	1	4	2	2	3	0	3	3	3	0	2	5
34	2025-26	NBB	ALE	VASCO DA GAMA	2025-10-29, COR vs VAS	15	5	2	6	0	2	1	1	1	2	3	2	0	0	2	3
34	2025-26	NBB	HONORATO	VASCO DA GAMA	2025-10-29, COR vs VAS	9	3	1	2	0	0	1	2	1	2	3	1	0	0	0	0
34	2025-26	NBB	JONATHAN	VASCO DA GAMA	2025-10-29, COR vs VAS	2	0	0	0	0	0	0	0	2	0	2	0	0	0	0	1
34	2025-26	NBB	ZIBECCHI	VASCO DA GAMA	2025-10-29, COR vs VAS	22	0	0	3	0	5	0	0	0	0	0	4	0	0	2	1
34	2025-26	NBB	JUAN	VASCO DA GAMA	2025-10-29, COR vs VAS	6	0	0	1	0	1	0	0	0	1	1	0	0	0	0	1
34	2025-26	NBB	ICARO	VASCO DA GAMA	2025-10-29, COR vs VAS	7	0	0	0	0	1	0	0	0	0	0	0	1	0	0	3
35	2025-26	NBB	LATERZA	SESI FRANCA	2025-10-30, FRA vs UCO	35	29	3	5	5	7	8	8	4	0	4	2	2	0	0	3
35	2025-26	NBB	ZU JR.	SESI FRANCA	2025-10-30, FRA vs UCO	29	26	10	14	1	4	3	4	4	2	6	0	1	0	0	0
35	2025-26	NBB	BENNETT	SESI FRANCA	2025-10-30, FRA vs UCO	34	17	4	5	2	5	3	4	3	0	3	5	2	0	1	3
35	2025-26	NBB	LUCAS DIAS	SESI FRANCA	2025-10-30, FRA vs UCO	37	10	2	8	0	8	6	8	3	4	7	2	3	0	0	1
35	2025-26	NBB	FELICIO	SESI FRANCA	2025-10-30, FRA vs UCO	23	6	2	3	0	1	2	2	4	4	8	3	1	0	4	3
35	2025-26	NBB	THAYLOR	SESI FRANCA	2025-10-30, FRA vs UCO	1	2	0	0	0	0	2	2	0	0	0	0	0	0	0	1
35	2025-26	NBB	NICOLINI	SESI FRANCA	2025-10-30, FRA vs UCO	2	2	1	3	0	0	0	0	0	0	0	0	0	0	0	1
35	2025-26	NBB	MINEIRO	SESI FRANCA	2025-10-30, FRA vs UCO	25	2	1	1	0	1	0	0	3	1	4	0	1	2	3	2
35	2025-26	NBB	VINI	SESI FRANCA	2025-10-30, FRA vs UCO	14	2	1	2	0	1	0	0	0	0	0	0	0	0	0	3
35	2025-26	NBB	PIA	SESI FRANCA	2025-10-30, FRA vs UCO	1	0	0	0	0	0	0	0	0	0	0	0	0	0	0	0
35	2025-26	NBB	BARNES	CEISC/UNIAO CORINTHIANS	2025-10-30, FRA vs UCO	35	23	4	7	5	11	0	0	1	0	1	3	1	1	3	1
35	2025-26	NBB	GOES	CEISC/UNIAO CORINTHIANS	2025-10-30, FRA vs UCO	25	14	1	2	4	6	0	0	8	1	9	0	0	1	3	2
35	2025-26	NBB	HOLLOWELL	CEISC/UNIAO CORINTHIANS	2025-10-30, FRA vs UCO	26	13	6	9	0	3	1	1	1	2	3	0	0	0	2	4
35	2025-26	NBB	VERISSIMO	CEISC/UNIAO CORINTHIANS	2025-10-30, FRA vs UCO	21	11	5	8	0	1	1	1	1	1	2	1	1	0	0	3
35	2025-26	NBB	GUYTON	CEISC/UNIAO CORINTHIANS	2025-10-30, FRA vs UCO	18	6	0	2	2	4	0	0	1	0	1	1	0	0	3	1
35	2025-26	NBB	SCOTT	CEISC/UNIAO CORINTHIANS	2025-10-30, FRA vs UCO	22	4	1	2	0	0	2	2	4	1	5	1	1	0	2	6
35	2025-26	NBB	ROSSETTO	CEISC/UNIAO CORINTHIANS	2025-10-30, FRA vs UCO	26	3	0	0	0	2	3	4	4	2	6	4	0	0	3	2
35	2025-26	NBB	RENAN	CEISC/UNIAO CORINTHIANS	2025-10-30, FRA vs UCO	1	2	1	1	0	0	0	0	0	0	0	0	0	0	0	1
35	2025-26	NBB	BRANDAO	CEISC/UNIAO CORINTHIANS	2025-10-30, FRA vs UCO	2	1	0	0	0	0	1	2	0	0	0	0	0	0	0	0
35	2025-26	NBB	HETTSHEIMEIR	CEISC/UNIAO CORINTHIANS	2025-10-30, FRA vs UCO	23	0	0	1	0	4	0	0	5	1	6	1	0	0	1	2
35	2025-26	NBB	COELHO	CEISC/UNIAO CORINTHIANS	2025-10-30, FRA vs UCO	1	0	0	0	0	0	0	0	0	1	1	0	0	0	0	0
36	2025-26	NBB	ANDREZAO	BAURU BASKET	2025-10-30, BAU vs CAX	30	23	10	16	0	0	3	4	11	5	16	5	2	1	1	2
36	2025-26	NBB	GEMERSON	BAURU BASKET	2025-10-30, BAU vs CAX	37	19	2	2	5	8	0	0	4	0	4	1	1	0	1	3
36	2025-26	NBB	ALEX	BAURU BASKET	2025-10-30, BAU vs CAX	31	17	3	7	2	4	5	5	6	2	8	3	2	0	5	3
36	2025-26	NBB	EUGENIUSZ	BAURU BASKET	2025-10-30, BAU vs CAX	31	5	0	2	1	3	2	2	4	1	5	6	0	0	4	3
36	2025-26	NBB	PEDRO	BAURU BASKET	2025-10-30, BAU vs CAX	29	4	2	2	0	4	0	0	2	1	3	2	1	1	1	2
36	2025-26	NBB	GUSTAVO	BAURU BASKET	2025-10-30, BAU vs CAX	31	4	1	3	0	2	2	2	1	1	2	2	1	0	1	1
36	2025-26	NBB	AUGUSTO	BAURU BASKET	2025-10-30, BAU vs CAX	3	3	0	1	1	3	0	0	1	0	1	0	0	0	1	2
36	2025-26	NBB	MOREIRA	BAURU BASKET	2025-10-30, BAU vs CAX	9	0	0	3	0	0	0	0	3	1	4	0	0	0	0	1
36	2025-26	NBB	VEZARO	CAXIAS DO SUL BASQUETE	2025-10-30, BAU vs CAX	26	12	3	4	2	3	0	0	2	0	2	1	2	0	1	3
36	2025-26	NBB	FABRIZZIO	CAXIAS DO SUL BASQUETE	2025-10-30, BAU vs CAX	18	8	2	4	1	6	1	2	0	0	0	1	0	0	3	1
36	2025-26	NBB	HUMBERTO	CAXIAS DO SUL BASQUETE	2025-10-30, BAU vs CAX	33	8	2	6	1	2	1	3	3	2	5	3	2	0	1	2
36	2025-26	NBB	LUAN	CAXIAS DO SUL BASQUETE	2025-10-30, BAU vs CAX	18	8	4	4	0	0	0	1	4	1	5	0	0	1	1	1
36	2025-26	NBB	MIGUEL	CAXIAS DO SUL BASQUETE	2025-10-30, BAU vs CAX	13	7	2	2	1	2	0	0	0	3	3	0	0	0	0	0
36	2025-26	NBB	AUGUSTO	CAXIAS DO SUL BASQUETE	2025-10-30, BAU vs CAX	23	7	2	3	1	4	0	1	2	1	3	1	0	0	2	4
36	2025-26	NBB	SHAMELL	CAXIAS DO SUL BASQUETE	2025-10-30, BAU vs CAX	25	5	2	6	0	2	1	1	0	1	1	5	1	1	1	1
36	2025-26	NBB	TIAGO M.	CAXIAS DO SUL BASQUETE	2025-10-30, BAU vs CAX	7	4	0	3	1	2	1	2	1	1	2	1	1	0	0	1
36	2025-26	NBB	JOAO M.	CAXIAS DO SUL BASQUETE	2025-10-30, BAU vs CAX	7	3	0	0	1	3	0	0	1	1	2	2	0	0	0	0
36	2025-26	NBB	RAFA	CAXIAS DO SUL BASQUETE	2025-10-30, BAU vs CAX	13	2	1	2	0	2	0	2	0	0	0	1	0	0	0	1
36	2025-26	NBB	OMENA	CAXIAS DO SUL BASQUETE	2025-10-30, BAU vs CAX	18	0	0	1	0	5	0	0	1	0	1	1	2	0	1	1
37	2025-26	NBB	GEMADINHA	CONTA SIMPLES RIO CLARO	2025-10-30, RCB vs OSA	30	24	4	6	2	5	10	11	1	0	1	3	1	0	0	3
37	2025-26	NBB	BONFIM	CONTA SIMPLES RIO CLARO	2025-10-30, RCB vs OSA	34	19	5	5	1	1	6	10	11	5	16	3	1	1	3	2
37	2025-26	NBB	SCOTT	CONTA SIMPLES RIO CLARO	2025-10-30, RCB vs OSA	37	17	5	12	2	5	1	2	0	3	3	4	1	0	2	2
37	2025-26	NBB	RIKALO	CONTA SIMPLES RIO CLARO	2025-10-30, RCB vs OSA	35	14	5	9	0	4	4	7	1	0	1	8	1	0	0	3
37	2025-26	NBB	DOS ANJOS	CONTA SIMPLES RIO CLARO	2025-10-30, RCB vs OSA	18	10	2	4	2	4	0	0	1	0	1	0	0	0	0	5
37	2025-26	NBB	VITOR	CONTA SIMPLES RIO CLARO	2025-10-30, RCB vs OSA	23	8	1	2	2	2	0	0	2	3	5	0	1	0	0	2
37	2025-26	NBB	MURILO	CONTA SIMPLES RIO CLARO	2025-10-30, RCB vs OSA	7	5	2	2	0	1	1	1	1	0	1	0	0	0	0	1
37	2025-26	NBB	OWENS	CONTA SIMPLES RIO CLARO	2025-10-30, RCB vs OSA	8	4	2	6	0	0	0	0	1	1	2	0	0	0	0	0
37	2025-26	NBB	CARLOS JR.	CONTA SIMPLES RIO CLARO	2025-10-30, RCB vs OSA	7	2	1	1	0	0	0	0	1	1	2	0	0	0	0	2
37	2025-26	NBB	HARRIS	BASKET OSASCO	2025-10-30, RCB vs OSA	33	27	8	11	0	2	11	13	4	2	6	5	1	0	6	5
37	2025-26	NBB	EDDY	BASKET OSASCO	2025-10-30, RCB vs OSA	35	16	2	3	4	8	0	1	3	0	3	1	0	0	0	2
37	2025-26	NBB	DALAQUA	BASKET OSASCO	2025-10-30, RCB vs OSA	16	13	3	5	2	2	1	1	0	0	0	3	0	0	0	3
37	2025-26	NBB	BRENO	BASKET OSASCO	2025-10-30, RCB vs OSA	16	12	1	1	2	2	4	4	1	1	2	1	0	0	0	2
37	2025-26	NBB	PASSOS	BASKET OSASCO	2025-10-30, RCB vs OSA	31	10	4	5	0	0	2	2	5	2	7	1	0	0	2	3
37	2025-26	NBB	WEBER	BASKET OSASCO	2025-10-30, RCB vs OSA	15	10	3	5	1	2	1	1	1	1	2	0	2	0	1	2
37	2025-26	NBB	BRITOS	BASKET OSASCO	2025-10-30, RCB vs OSA	25	9	1	1	2	8	1	2	0	0	0	7	0	0	0	4
37	2025-26	NBB	MALACHIAS	BASKET OSASCO	2025-10-30, RCB vs OSA	29	7	2	6	1	2	0	2	9	1	10	2	0	0	1	4
38	2025-26	NBB	BRUNAO	CAIXA/BRASILIA	2025-10-30, BRA vs CAP	31	19	6	7	1	1	4	4	4	1	5	0	2	1	2	2
38	2025-26	NBB	LUCAS	CAIXA/BRASILIA	2025-10-30, BRA vs CAP	14	10	1	2	2	4	2	3	0	1	1	0	1	0	1	0
38	2025-26	NBB	CRESCENZI	CAIXA/BRASILIA	2025-10-30, BRA vs CAP	24	10	2	4	2	6	0	0	1	1	2	3	1	0	0	3
38	2025-26	NBB	PAULICHI	CAIXA/BRASILIA	2025-10-30, BRA vs CAP	32	8	2	6	0	2	4	4	5	2	7	2	1	1	5	3
38	2025-26	NBB	VON HAYDIN	CAIXA/BRASILIA	2025-10-30, BRA vs CAP	35	7	2	6	1	4	0	0	6	0	6	4	2	0	0	1
38	2025-26	NBB	CORVALAN	CAIXA/BRASILIA	2025-10-30, BRA vs CAP	37	7	3	5	0	6	1	3	2	0	2	13	4	0	1	2
38	2025-26	NBB	CARBONARI	CAIXA/BRASILIA	2025-10-30, BRA vs CAP	15	7	1	1	1	2	2	2	2	0	2	1	1	1	0	3
38	2025-26	NBB	BUIU	CAIXA/BRASILIA	2025-10-30, BRA vs CAP	8	3	1	2	0	2	1	1	2	0	2	0	0	0	2	3
38	2025-26	NBB	PEDRO	CAIXA/BRASILIA	2025-10-30, BRA vs CAP	4	0	0	1	0	1	0	0	1	0	1	0	0	0	0	1
38	2025-26	NBB	HUNTER	PAULISTANO	2025-10-30, BRA vs CAP	35	20	3	11	2	5	8	8	6	1	7	1	1	1	4	2
38	2025-26	NBB	VITINHO	PAULISTANO	2025-10-30, BRA vs CAP	15	8	2	3	0	1	4	4	1	0	1	2	0	0	3	0
38	2025-26	NBB	SEIXAS	PAULISTANO	2025-10-30, BRA vs CAP	31	7	2	3	1	5	0	0	6	0	6	1	2	0	2	0
38	2025-26	NBB	NETO	PAULISTANO	2025-10-30, BRA vs CAP	7	7	2	3	0	1	3	3	0	3	3	0	0	1	0	2
38	2025-26	NBB	LANDEIRA	PAULISTANO	2025-10-30, BRA vs CAP	27	5	1	1	1	5	0	0	1	1	2	2	2	0	2	3
38	2025-26	NBB	GABRIEL	PAULISTANO	2025-10-30, BRA vs CAP	17	4	2	4	0	0	0	0	3	0	3	0	0	1	0	2
38	2025-26	NBB	DEMETRIO	PAULISTANO	2025-10-30, BRA vs CAP	18	2	0	2	0	3	2	2	6	1	7	2	0	0	6	2
38	2025-26	NBB	LEANDRO	PAULISTANO	2025-10-30, BRA vs CAP	20	1	0	1	0	0	1	2	2	2	4	0	1	0	1	2
38	2025-26	NBB	SIEWERT	PAULISTANO	2025-10-30, BRA vs CAP	23	0	0	5	0	2	0	0	2	3	5	0	0	0	1	2
38	2025-26	NBB	BIANCHI	PAULISTANO	2025-10-30, BRA vs CAP	7	0	0	0	0	1	0	0	1	0	1	0	0	0	0	2
39	2025-26	NBB	MELVIN	UNIFACISA	2025-10-31, UFC vs FOR	28	29	4	6	6	12	3	5	3	0	3	2	0	0	2	0
39	2025-26	NBB	GUEYE	UNIFACISA	2025-10-31, UFC vs FOR	22	19	4	5	3	8	2	2	3	3	6	2	0	0	0	0
39	2025-26	NBB	LEAL	UNIFACISA	2025-10-31, UFC vs FOR	18	9	4	7	0	0	1	2	3	1	4	2	0	0	1	0
39	2025-26	NBB	JIMMY	UNIFACISA	2025-10-31, UFC vs FOR	35	8	1	1	2	3	0	0	3	1	4	2	1	0	2	2
39	2025-26	NBB	FLORES	UNIFACISA	2025-10-31, UFC vs FOR	17	8	1	1	2	3	0	0	1	0	1	2	0	0	4	0
39	2025-26	NBB	SIFONTES	UNIFACISA	2025-10-31, UFC vs FOR	33	6	0	0	2	7	0	0	7	0	7	2	3	1	2	2
39	2025-26	NBB	ANTONIO	UNIFACISA	2025-10-31, UFC vs FOR	21	4	2	2	0	1	0	0	1	1	2	4	0	0	1	4
39	2025-26	NBB	GERSON	UNIFACISA	2025-10-31, UFC vs FOR	14	2	1	3	0	0	0	2	1	1	2	0	1	0	1	2
39	2025-26	NBB	COELHO	UNIFACISA	2025-10-31, UFC vs FOR	2	0	0	0	0	0	0	0	0	0	0	0	0	0	1	2
39	2025-26	NBB	RAVIERY	UNIFACISA	2025-10-31, UFC vs FOR	1	0	0	0	0	0	0	0	0	0	0	0	0	0	0	0
39	2025-26	NBB	JOAO PAULO	UNIFACISA	2025-10-31, UFC vs FOR	9	0	0	1	0	0	0	2	1	1	2	1	0	0	2	3
39	2025-26	NBB	DUPREE	FORTALEZA BASQUETE CEARENSE	2025-10-31, UFC vs FOR	30	14	0	1	4	8	2	2	0	1	1	4	1	0	3	4
39	2025-26	NBB	GOHLKE	FORTALEZA BASQUETE CEARENSE	2025-10-31, UFC vs FOR	36	12	0	0	4	6	0	0	7	0	7	5	4	0	0	0
39	2025-26	NBB	GABRIEL	FORTALEZA BASQUETE CEARENSE	2025-10-31, UFC vs FOR	20	11	4	5	1	5	0	0	2	1	3	0	1	0	1	2
39	2025-26	NBB	SALSAMENDI	FORTALEZA BASQUETE CEARENSE	2025-10-31, UFC vs FOR	28	9	4	7	0	1	1	2	6	1	7	1	1	0	3	2
39	2025-26	NBB	ALBERTON	FORTALEZA BASQUETE CEARENSE	2025-10-31, UFC vs FOR	17	5	1	4	0	0	3	3	1	1	2	2	0	0	4	1
39	2025-26	NBB	DA SILVA	FORTALEZA BASQUETE CEARENSE	2025-10-31, UFC vs FOR	27	5	1	6	0	0	3	4	2	1	3	3	1	1	1	1
39	2025-26	NBB	POPOVIC	FORTALEZA BASQUETE CEARENSE	2025-10-31, UFC vs FOR	21	5	1	1	1	6	0	0	4	1	5	0	0	0	4	3
39	2025-26	NBB	AUGUSTO VIEIRA	FORTALEZA BASQUETE CEARENSE	2025-10-31, UFC vs FOR	6	4	1	1	0	1	2	2	0	0	0	1	0	0	0	1
39	2025-26	NBB	JEANZINHO	FORTALEZA BASQUETE CEARENSE	2025-10-31, UFC vs FOR	15	4	2	2	0	2	0	0	0	0	0	1	0	0	0	1
41	2025-26	NBB	ANSALONI	CRUZEIRO BASQUETE	2025-11-01, CRU vs MIN	24	25	9	13	0	3	7	8	2	1	3	0	0	2	1	5
41	2025-26	NBB	CASSIANO	CRUZEIRO BASQUETE	2025-11-01, CRU vs MIN	26	11	2	2	2	3	1	2	1	1	2	2	1	0	3	3
41	2025-26	NBB	SENA	CRUZEIRO BASQUETE	2025-11-01, CRU vs MIN	23	9	3	7	1	1	0	0	1	0	1	2	1	1	3	3
41	2025-26	NBB	FELIPE	CRUZEIRO BASQUETE	2025-11-01, CRU vs MIN	12	9	3	5	0	0	3	4	2	1	3	0	1	0	0	0
41	2025-26	NBB	I. THORNTON	CRUZEIRO BASQUETE	2025-11-01, CRU vs MIN	24	8	1	6	2	6	0	0	2	0	2	3	0	1	0	3
41	2025-26	NBB	GITTENS	CRUZEIRO BASQUETE	2025-11-01, CRU vs MIN	17	5	1	3	0	2	3	6	2	2	4	4	1	0	1	3
41	2025-26	NBB	CLAY	CRUZEIRO BASQUETE	2025-11-01, CRU vs MIN	14	4	2	4	0	3	0	0	2	0	2	1	1	1	0	1
41	2025-26	NBB	JJ	CRUZEIRO BASQUETE	2025-11-01, CRU vs MIN	30	3	0	2	1	3	0	0	5	1	6	5	2	0	2	3
41	2025-26	NBB	LEO ABREU	CRUZEIRO BASQUETE	2025-11-01, CRU vs MIN	27	2	0	4	0	3	2	2	8	2	10	6	2	0	2	2
41	2025-26	NBB	LUDWIG	CRUZEIRO BASQUETE	2025-11-01, CRU vs MIN	4	0	0	0	0	1	0	0	1	0	1	0	0	0	0	0
41	2025-26	NBB	MCCREE	KTO MINAS	2025-11-01, CRU vs MIN	28	21	2	3	4	5	5	5	4	0	4	1	4	0	2	3
41	2025-26	NBB	WINI SILVA	KTO MINAS	2025-11-01, CRU vs MIN	21	16	3	9	1	3	7	7	7	2	9	0	1	0	0	3
41	2025-26	NBB	ARENGO	KTO MINAS	2025-11-01, CRU vs MIN	24	14	4	6	2	6	0	1	4	0	4	2	1	0	4	2
41	2025-26	NBB	WILLIAMS	KTO MINAS	2025-11-01, CRU vs MIN	24	14	2	6	3	5	1	3	4	2	6	2	2	0	2	3
41	2025-26	NBB	DAVIS JR.	KTO MINAS	2025-11-01, CRU vs MIN	27	7	2	4	1	4	0	0	3	0	3	4	1	1	3	4
41	2025-26	NBB	FUZARO	KTO MINAS	2025-11-01, CRU vs MIN	20	5	2	3	0	1	1	3	5	2	7	2	0	0	3	2
41	2025-26	NBB	PARANHOS	KTO MINAS	2025-11-01, CRU vs MIN	19	4	1	4	0	0	2	2	4	1	5	3	0	0	3	2
41	2025-26	NBB	R. RACHEL	KTO MINAS	2025-11-01, CRU vs MIN	12	3	0	0	1	2	0	0	3	1	4	1	0	1	1	1
41	2025-26	NBB	YURI	KTO MINAS	2025-11-01, CRU vs MIN	12	0	0	1	0	1	0	0	0	2	2	0	0	0	0	2
41	2025-26	NBB	RODRIGUEZ	KTO MINAS	2025-11-01, CRU vs MIN	13	0	0	1	0	3	0	0	2	1	3	2	1	0	1	1
42	2025-26	NBB	BRUNAO	CAIXA/BRASILIA	2025-11-01, BRA vs PIN	29	15	6	7	0	1	3	3	4	2	6	0	1	1	0	4
42	2025-26	NBB	BUIU	CAIXA/BRASILIA	2025-11-01, BRA vs PIN	22	13	4	4	1	6	2	5	5	0	5	1	1	0	1	2
42	2025-26	NBB	PAULICHI	CAIXA/BRASILIA	2025-11-01, BRA vs PIN	28	12	4	6	0	1	4	5	1	1	2	4	0	0	2	4
42	2025-26	NBB	CORVALAN	CAIXA/BRASILIA	2025-11-01, BRA vs PIN	32	9	1	3	2	5	1	2	4	0	4	3	3	0	4	2
42	2025-26	NBB	LUCAS	CAIXA/BRASILIA	2025-11-01, BRA vs PIN	11	6	0	0	2	5	0	0	0	0	0	0	1	0	0	1
42	2025-26	NBB	PEDRO	CAIXA/BRASILIA	2025-11-01, BRA vs PIN	14	5	0	2	1	2	2	2	2	1	3	0	1	1	1	1
42	2025-26	NBB	VON HAYDIN	CAIXA/BRASILIA	2025-11-01, BRA vs PIN	18	3	0	1	1	1	0	0	0	1	1	1	1	1	0	3
42	2025-26	NBB	CRESCENZI	CAIXA/BRASILIA	2025-11-01, BRA vs PIN	31	2	1	3	0	6	0	0	2	0	2	5	1	0	2	1
42	2025-26	NBB	CARBONARI	CAIXA/BRASILIA	2025-11-01, BRA vs PIN	15	2	1	4	0	3	0	0	1	1	2	1	0	0	1	0
42	2025-26	NBB	BELLER	CAIXA/BRASILIA	2025-11-01, BRA vs PIN	1	0	0	0	0	0	0	0	0	0	0	0	0	0	0	0
42	2025-26	NBB	DJALO	PINHEIROS	2025-11-01, BRA vs PIN	30	22	3	4	5	6	1	1	6	1	7	0	0	1	3	5
42	2025-26	NBB	PENHA JR.	PINHEIROS	2025-11-01, BRA vs PIN	35	14	6	10	0	5	2	4	5	2	7	0	0	0	0	2
42	2025-26	NBB	PASTRE	PINHEIROS	2025-11-01, BRA vs PIN	26	11	1	5	3	8	0	2	3	4	7	1	0	0	1	3
42	2025-26	NBB	PACHECO	PINHEIROS	2025-11-01, BRA vs PIN	27	9	3	3	0	4	3	4	2	0	2	3	2	0	3	3
42	2025-26	NBB	AGAPY	PINHEIROS	2025-11-01, BRA vs PIN	23	7	3	5	0	0	1	2	7	2	9	0	1	0	1	3
42	2025-26	NBB	SLOAN	PINHEIROS	2025-11-01, BRA vs PIN	22	6	2	7	0	1	2	2	4	0	4	5	1	0	4	2
42	2025-26	NBB	BETINHO	PINHEIROS	2025-11-01, BRA vs PIN	11	0	0	0	0	3	0	0	2	0	2	0	0	0	1	0
42	2025-26	NBB	AFONSO	PINHEIROS	2025-11-01, BRA vs PIN	5	0	0	0	0	0	0	0	1	0	1	0	0	0	1	2
42	2025-26	NBB	MACIEL	PINHEIROS	2025-11-01, BRA vs PIN	5	0	0	1	0	0	0	0	0	0	0	0	0	0	0	0
42	2025-26	NBB	GREGATE	PINHEIROS	2025-11-01, BRA vs PIN	17	0	0	0	0	1	0	0	0	0	0	1	0	0	3	2
44	2025-26	NBB	MILLER	MR. MOO SAO JOSE BASKETBALL	2025-11-01, SJO vs BOT	28	15	0	5	5	8	0	0	3	0	3	3	0	1	1	5
44	2025-26	NBB	MAIQUE	MR. MOO SAO JOSE BASKETBALL	2025-11-01, SJO vs BOT	20	13	6	8	0	0	1	1	2	3	5	0	0	0	1	0
44	2025-26	NBB	CAUE	MR. MOO SAO JOSE BASKETBALL	2025-11-01, SJO vs BOT	34	12	3	3	2	3	0	0	4	0	4	10	1	0	3	2
44	2025-26	NBB	ANDERSON	MR. MOO SAO JOSE BASKETBALL	2025-11-01, SJO vs BOT	20	10	3	6	0	0	4	4	2	2	4	0	0	0	1	2
44	2025-26	NBB	LESSA	MR. MOO SAO JOSE BASKETBALL	2025-11-01, SJO vs BOT	31	9	2	6	1	4	2	2	0	1	1	4	0	0	2	1
44	2025-26	NBB	ADYEL	MR. MOO SAO JOSE BASKETBALL	2025-11-01, SJO vs BOT	23	8	3	4	0	1	2	2	5	1	6	5	2	0	2	3
44	2025-26	NBB	DOS SANTOS	MR. MOO SAO JOSE BASKETBALL	2025-11-01, SJO vs BOT	20	6	2	4	0	1	2	3	6	1	7	0	0	0	1	1
44	2025-26	NBB	LEO CRAVERO	MR. MOO SAO JOSE BASKETBALL	2025-11-01, SJO vs BOT	19	4	2	6	0	1	0	1	4	0	4	0	1	0	1	1
44	2025-26	NBB	PESSOA	MR. MOO SAO JOSE BASKETBALL	2025-11-01, SJO vs BOT	4	0	0	0	0	1	0	0	0	0	0	0	0	0	0	1
44	2025-26	NBB	XAVIER	BOTAFOGO	2025-11-01, SJO vs BOT	36	17	4	6	1	2	6	10	5	5	10	1	2	0	1	1
44	2025-26	NBB	MATHEUSINHO	BOTAFOGO	2025-11-01, SJO vs BOT	32	15	4	9	2	10	1	4	4	1	5	3	0	0	1	4
44	2025-26	NBB	SCHEUER	BOTAFOGO	2025-11-01, SJO vs BOT	17	7	1	5	1	3	2	2	1	0	1	0	1	0	0	2
44	2025-26	NBB	PAULINO	BOTAFOGO	2025-11-01, SJO vs BOT	22	7	2	5	1	4	0	0	2	4	6	0	1	0	0	2
44	2025-26	NBB	ALCASSA	BOTAFOGO	2025-11-01, SJO vs BOT	30	7	3	6	0	0	1	2	7	2	9	3	0	0	2	1
44	2025-26	NBB	EMANUEL	BOTAFOGO	2025-11-01, SJO vs BOT	30	5	1	1	1	3	0	0	1	0	1	0	1	0	0	2
44	2025-26	NBB	MARQUARDT	BOTAFOGO	2025-11-01, SJO vs BOT	18	3	0	2	1	4	0	0	2	0	2	0	1	0	1	2
44	2025-26	NBB	DAWKINS	BOTAFOGO	2025-11-01, SJO vs BOT	15	3	0	2	1	2	0	0	1	0	1	5	2	0	4	1
45	2025-26	NBB	SHAMELL	CAXIAS DO SUL BASQUETE	2025-11-03, CAX vs RCB	15	18	4	6	2	7	4	4	1	0	1	2	0	0	3	2
45	2025-26	NBB	HUMBERTO	CAXIAS DO SUL BASQUETE	2025-11-03, CAX vs RCB	26	12	4	5	1	4	1	2	3	0	3	9	1	0	3	2
45	2025-26	NBB	AUGUSTO	CAXIAS DO SUL BASQUETE	2025-11-03, CAX vs RCB	16	12	2	3	1	7	5	9	1	1	2	1	1	0	0	2
45	2025-26	NBB	LUAN	CAXIAS DO SUL BASQUETE	2025-11-03, CAX vs RCB	21	12	6	8	0	0	0	0	2	6	8	0	0	0	1	4
45	2025-26	NBB	FABRIZZIO	CAXIAS DO SUL BASQUETE	2025-11-03, CAX vs RCB	30	12	1	3	2	3	4	4	2	0	2	6	2	1	1	3
45	2025-26	NBB	VEZARO	CAXIAS DO SUL BASQUETE	2025-11-03, CAX vs RCB	21	9	0	2	3	7	0	0	3	1	4	1	2	0	2	1
45	2025-26	NBB	TIAGO M.	CAXIAS DO SUL BASQUETE	2025-11-03, CAX vs RCB	6	8	1	1	2	2	0	0	0	0	0	0	0	0	2	2
45	2025-26	NBB	TOM	CAXIAS DO SUL BASQUETE	2025-11-03, CAX vs RCB	16	4	2	2	0	0	0	3	1	5	6	0	0	0	0	3
45	2025-26	NBB	RAFA	CAXIAS DO SUL BASQUETE	2025-11-03, CAX vs RCB	12	3	0	1	0	0	3	4	1	3	4	0	0	0	1	3
45	2025-26	NBB	OMENA	CAXIAS DO SUL BASQUETE	2025-11-03, CAX vs RCB	28	2	1	2	0	4	0	0	1	0	1	4	2	0	0	2
45	2025-26	NBB	MIGUEL	CAXIAS DO SUL BASQUETE	2025-11-03, CAX vs RCB	4	0	0	0	0	0	0	0	2	0	2	1	0	0	0	1
45	2025-26	NBB	JOAO M.	CAXIAS DO SUL BASQUETE	2025-11-03, CAX vs RCB	4	0	0	0	0	2	0	0	0	0	0	0	0	0	1	1
45	2025-26	NBB	RIKALO	CONTA SIMPLES RIO CLARO	2025-11-03, CAX vs RCB	38	21	4	5	3	8	4	4	2	0	2	3	2	0	2	4
45	2025-26	NBB	SCOTT	CONTA SIMPLES RIO CLARO	2025-11-03, CAX vs RCB	39	15	3	4	0	2	9	9	3	0	3	4	2	1	6	4
45	2025-26	NBB	GEMADINHA	CONTA SIMPLES RIO CLARO	2025-11-03, CAX vs RCB	33	13	2	2	2	3	3	4	3	1	4	1	1	0	4	3
45	2025-26	NBB	OWENS	CONTA SIMPLES RIO CLARO	2025-11-03, CAX vs RCB	20	12	5	8	0	1	2	3	2	0	2	1	1	0	0	1
45	2025-26	NBB	BONFIM	CONTA SIMPLES RIO CLARO	2025-11-03, CAX vs RCB	27	8	3	5	0	0	2	2	5	1	6	1	2	0	5	4
45	2025-26	NBB	MURILO	CONTA SIMPLES RIO CLARO	2025-11-03, CAX vs RCB	17	4	1	1	0	2	2	2	1	1	2	1	1	1	1	2
45	2025-26	NBB	COSTA	CONTA SIMPLES RIO CLARO	2025-11-03, CAX vs RCB	8	3	0	1	1	1	0	0	0	0	0	0	0	0	0	0
45	2025-26	NBB	DOS ANJOS	CONTA SIMPLES RIO CLARO	2025-11-03, CAX vs RCB	12	3	1	2	0	1	1	2	2	1	3	0	0	0	1	1
45	2025-26	NBB	CARLOS JR.	CONTA SIMPLES RIO CLARO	2025-11-03, CAX vs RCB	6	0	0	1	0	0	0	0	1	0	1	0	0	0	0	4
46	2025-26	NBB	GABRIEL CAMPOS	MOGI BASQUETE	2025-11-03, MOG vs FLA	32	19	5	8	1	6	6	8	2	0	2	7	2	0	2	2
46	2025-26	NBB	MENCA	MOGI BASQUETE	2025-11-03, MOG vs FLA	31	17	5	5	0	7	7	8	3	1	4	2	0	1	0	3
46	2025-26	NBB	VINI CHAGAS	MOGI BASQUETE	2025-11-03, MOG vs FLA	26	13	5	6	1	2	0	0	4	2	6	1	1	2	4	3
46	2025-26	NBB	PAULO	MOGI BASQUETE	2025-11-03, MOG vs FLA	37	6	0	2	2	5	0	0	6	6	12	0	2	0	3	3
46	2025-26	NBB	ANDERSON	MOGI BASQUETE	2025-11-03, MOG vs FLA	35	5	0	1	1	7	2	2	6	0	6	0	3	0	1	3
46	2025-26	NBB	DIKEMBE	MOGI BASQUETE	2025-11-03, MOG vs FLA	14	4	1	3	0	0	2	2	2	1	3	1	1	2	3	3
46	2025-26	NBB	RUIVO	MOGI BASQUETE	2025-11-03, MOG vs FLA	16	3	0	0	1	6	0	0	2	0	2	0	0	0	2	3
46	2025-26	NBB	BARRY	MOGI BASQUETE	2025-11-03, MOG vs FLA	3	0	0	0	0	0	0	0	0	0	0	0	0	0	0	1
46	2025-26	NBB	VITORIANO	MOGI BASQUETE	2025-11-03, MOG vs FLA	1	0	0	0	0	0	0	0	0	0	0	0	0	0	0	0
46	2025-26	NBB	CALDEIRA	MOGI BASQUETE	2025-11-03, MOG vs FLA	4	0	0	0	0	0	0	0	0	0	0	0	0	0	1	1
46	2025-26	NBB	NEGRETE	FLAMENGO	2025-11-03, MOG vs FLA	32	16	4	6	0	2	8	10	2	2	4	3	2	1	2	2
46	2025-26	NBB	ALEXEY	FLAMENGO	2025-11-03, MOG vs FLA	27	12	2	3	2	5	2	2	6	2	8	6	0	0	1	3
46	2025-26	NBB	DORIA	FLAMENGO	2025-11-03, MOG vs FLA	13	8	3	5	0	0	2	3	2	1	3	0	2	0	1	2
46	2025-26	NBB	WESLEY	FLAMENGO	2025-11-03, MOG vs FLA	21	8	3	6	0	0	2	2	1	2	3	1	0	0	3	4
46	2025-26	NBB	CUMMINGS	FLAMENGO	2025-11-03, MOG vs FLA	29	7	2	5	1	1	0	0	3	1	4	1	0	0	3	3
46	2025-26	NBB	GUI	FLAMENGO	2025-11-03, MOG vs FLA	22	6	0	2	2	7	0	0	3	0	3	0	1	0	0	1
46	2025-26	NBB	BOST	FLAMENGO	2025-11-03, MOG vs FLA	16	5	0	0	1	5	2	3	1	0	1	1	3	0	1	0
46	2025-26	NBB	JOHNSON SR.	FLAMENGO	2025-11-03, MOG vs FLA	24	5	1	4	1	4	0	0	2	0	2	1	0	0	5	3
46	2025-26	NBB	JHONATAN	FLAMENGO	2025-11-03, MOG vs FLA	16	2	0	1	0	3	2	2	1	1	2	0	0	0	0	1
47	2025-26	NBB	MUNFORD	CORINTHIANS	2025-11-03, COR vs BOT	28	25	5	5	5	8	0	0	2	1	3	4	0	0	1	2
47	2025-26	NBB	LUCAS CAUE	CORINTHIANS	2025-11-03, COR vs BOT	24	14	7	8	0	0	0	0	5	2	7	4	1	1	1	4
47	2025-26	NBB	CLARK	CORINTHIANS	2025-11-03, COR vs BOT	21	13	2	5	3	6	0	1	3	0	3	2	2	0	3	2
47	2025-26	NBB	VICTAO	CORINTHIANS	2025-11-03, COR vs BOT	29	12	0	0	3	7	3	4	1	0	1	3	2	0	2	2
47	2025-26	NBB	THOMAS	CORINTHIANS	2025-11-03, COR vs BOT	29	12	1	5	2	7	4	4	3	1	4	5	0	0	1	2
47	2025-26	NBB	RAYMUNDO	CORINTHIANS	2025-11-03, COR vs BOT	7	5	2	2	0	0	1	1	0	0	0	0	0	0	1	0
47	2025-26	NBB	ELINHO	CORINTHIANS	2025-11-03, COR vs BOT	30	5	1	1	1	3	0	0	3	0	3	8	1	0	4	1
47	2025-26	NBB	NOVAES	CORINTHIANS	2025-11-03, COR vs BOT	16	2	1	2	0	0	0	0	0	2	2	1	0	0	1	2
47	2025-26	NBB	KAIQUE	CORINTHIANS	2025-11-03, COR vs BOT	5	2	0	0	0	0	2	2	0	1	1	0	0	0	1	2
47	2025-26	NBB	T. FARIA	CORINTHIANS	2025-11-03, COR vs BOT	12	0	0	0	0	2	0	0	2	0	2	3	2	0	2	1
47	2025-26	NBB	PAULINO	BOTAFOGO	2025-11-03, COR vs BOT	22	15	4	5	1	3	4	4	1	0	1	1	0	1	2	4
47	2025-26	NBB	MARQUARDT	BOTAFOGO	2025-11-03, COR vs BOT	29	14	1	2	4	7	0	0	2	0	2	2	2	0	1	2
47	2025-26	NBB	XAVIER	BOTAFOGO	2025-11-03, COR vs BOT	29	14	3	7	2	3	2	3	4	4	8	0	1	0	3	2
47	2025-26	NBB	MATHEUSINHO	BOTAFOGO	2025-11-03, COR vs BOT	31	11	3	9	1	2	2	4	0	1	1	5	0	1	6	1
47	2025-26	NBB	ALCASSA	BOTAFOGO	2025-11-03, COR vs BOT	29	8	2	4	0	1	4	6	7	1	8	2	2	1	2	2
47	2025-26	NBB	SCHEUER	BOTAFOGO	2025-11-03, COR vs BOT	10	7	1	1	1	1	2	3	0	0	0	0	0	0	0	4
47	2025-26	NBB	EMANUEL	BOTAFOGO	2025-11-03, COR vs BOT	34	6	3	4	0	5	0	0	4	1	5	2	1	0	4	2
47	2025-26	NBB	DANIEL	BOTAFOGO	2025-11-03, COR vs BOT	5	0	0	0	0	1	0	0	1	0	1	0	0	0	0	1
47	2025-26	NBB	KLEBINHO	BOTAFOGO	2025-11-03, COR vs BOT	3	0	0	0	0	0	0	0	0	0	0	1	0	0	0	0
47	2025-26	NBB	DAWKINS	BOTAFOGO	2025-11-03, COR vs BOT	6	0	0	1	0	1	0	0	0	0	0	2	0	0	0	0
47	2025-26	NBB	JHONATAN	BOTAFOGO	2025-11-03, COR vs BOT	3	0	0	0	0	1	0	0	0	0	0	0	0	0	0	0
48	2025-26	NBB	LEO ABREU	CRUZEIRO BASQUETE	2025-11-03, CRU vs BAU	25	21	3	4	4	5	3	4	6	1	7	4	3	0	2	2
48	2025-26	NBB	I. THORNTON	CRUZEIRO BASQUETE	2025-11-03, CRU vs BAU	35	12	3	4	0	1	6	8	0	1	1	5	2	0	2	2
48	2025-26	NBB	CLAY	CRUZEIRO BASQUETE	2025-11-03, CRU vs BAU	21	11	2	5	2	6	1	2	4	0	4	3	0	0	0	1
48	2025-26	NBB	SENA	CRUZEIRO BASQUETE	2025-11-03, CRU vs BAU	19	10	4	7	0	0	2	2	1	1	2	1	0	0	4	4
48	2025-26	NBB	CASSIANO	CRUZEIRO BASQUETE	2025-11-03, CRU vs BAU	24	8	4	4	0	2	0	0	2	0	2	3	1	0	3	4
48	2025-26	NBB	GITTENS	CRUZEIRO BASQUETE	2025-11-03, CRU vs BAU	15	8	2	4	0	1	4	8	3	0	3	1	1	0	3	1
48	2025-26	NBB	ANSALONI	CRUZEIRO BASQUETE	2025-11-03, CRU vs BAU	35	6	2	4	0	2	2	2	7	0	7	1	0	0	1	2
48	2025-26	NBB	FELIPE	CRUZEIRO BASQUETE	2025-11-03, CRU vs BAU	4	0	0	0	0	0	0	0	0	0	0	0	0	0	1	1
48	2025-26	NBB	EMERSON	CRUZEIRO BASQUETE	2025-11-03, CRU vs BAU	2	0	0	0	0	0	0	0	0	0	0	0	0	0	0	0
48	2025-26	NBB	LUDWIG	CRUZEIRO BASQUETE	2025-11-03, CRU vs BAU	20	0	0	2	0	1	0	0	2	0	2	0	0	1	1	0
48	2025-26	NBB	ALEX	BAURU BASKET	2025-11-03, CRU vs BAU	38	17	3	8	3	9	2	7	4	0	4	9	4	0	3	4
48	2025-26	NBB	EUGENIUSZ	BAURU BASKET	2025-11-03, CRU vs BAU	30	16	3	4	2	4	4	5	5	2	7	6	0	0	3	3
48	2025-26	NBB	ANDREZAO	BAURU BASKET	2025-11-03, CRU vs BAU	32	16	7	19	0	0	2	3	6	3	9	2	0	1	2	1
48	2025-26	NBB	AUGUSTO	BAURU BASKET	2025-11-03, CRU vs BAU	16	10	3	3	1	3	1	1	1	1	2	1	1	1	0	4
48	2025-26	NBB	MOREIRA	BAURU BASKET	2025-11-03, CRU vs BAU	14	8	3	5	0	0	2	2	4	3	7	0	0	1	2	5
48	2025-26	NBB	GUSTAVO	BAURU BASKET	2025-11-03, CRU vs BAU	34	6	1	2	1	3	1	2	0	1	1	1	5	1	1	1
48	2025-26	NBB	GEMERSON	BAURU BASKET	2025-11-03, CRU vs BAU	18	2	1	1	0	3	0	0	1	0	1	0	0	0	0	2
48	2025-26	NBB	PEDRO	BAURU BASKET	2025-11-03, CRU vs BAU	19	0	0	0	0	1	0	0	1	0	1	2	0	0	2	2
49	2025-26	NBB	SLOAN	PINHEIROS	2025-11-03, PIN vs OSA	25	28	11	15	2	3	0	0	5	1	6	2	1	0	2	1
49	2025-26	NBB	DJALO	PINHEIROS	2025-11-03, PIN vs OSA	24	13	3	3	2	5	1	3	5	2	7	1	3	1	0	3
49	2025-26	NBB	PASTRE	PINHEIROS	2025-11-03, PIN vs OSA	24	12	2	2	2	6	2	2	4	1	5	0	1	1	0	3
49	2025-26	NBB	BETINHO	PINHEIROS	2025-11-03, PIN vs OSA	21	10	3	3	1	3	1	1	2	0	2	2	1	0	2	3
49	2025-26	NBB	PENHA JR.	PINHEIROS	2025-11-03, PIN vs OSA	25	6	1	4	1	6	1	2	3	1	4	2	0	0	1	1
49	2025-26	NBB	PACHECO	PINHEIROS	2025-11-03, PIN vs OSA	24	6	0	3	1	5	3	3	3	1	4	8	1	0	1	2
49	2025-26	NBB	AGAPY	PINHEIROS	2025-11-03, PIN vs OSA	18	6	2	4	0	0	2	3	4	1	5	1	2	0	0	2
49	2025-26	NBB	MEILI	PINHEIROS	2025-11-03, PIN vs OSA	3	4	1	1	0	0	2	2	0	0	0	0	0	0	0	0
49	2025-26	NBB	MACIEL	PINHEIROS	2025-11-03, PIN vs OSA	10	3	1	2	0	0	1	3	3	0	3	0	0	0	0	3
49	2025-26	NBB	GREGATE	PINHEIROS	2025-11-03, PIN vs OSA	17	3	1	2	0	2	1	2	1	1	2	4	2	0	1	1
49	2025-26	NBB	AFONSO	PINHEIROS	2025-11-03, PIN vs OSA	8	0	0	3	0	0	0	0	1	2	3	0	0	0	0	1
49	2025-26	NBB	BRAYAN	PINHEIROS	2025-11-03, PIN vs OSA	2	0	0	1	0	0	0	0	1	0	1	0	0	0	0	0
49	2025-26	NBB	EDDY	BASKET OSASCO	2025-11-03, PIN vs OSA	30	20	4	6	3	9	3	3	1	2	3	3	0	0	2	3
49	2025-26	NBB	HARRIS	BASKET OSASCO	2025-11-03, PIN vs OSA	23	18	2	4	3	4	5	6	3	0	3	3	0	0	2	2
49	2025-26	NBB	BRITOS	BASKET OSASCO	2025-11-03, PIN vs OSA	21	9	0	1	3	5	0	0	3	0	3	3	0	1	6	0
49	2025-26	NBB	MALACHIAS	BASKET OSASCO	2025-11-03, PIN vs OSA	27	7	0	3	2	5	1	2	5	0	5	5	0	2	0	2
49	2025-26	NBB	TAREK	BASKET OSASCO	2025-11-03, PIN vs OSA	15	6	2	4	0	1	2	3	4	0	4	1	1	1	1	3
49	2025-26	NBB	DALAQUA	BASKET OSASCO	2025-11-03, PIN vs OSA	22	5	1	2	0	4	3	3	2	0	2	3	3	0	3	3
49	2025-26	NBB	BRENO	BASKET OSASCO	2025-11-03, PIN vs OSA	20	5	2	4	0	1	1	2	3	2	5	1	1	0	1	0
49	2025-26	NBB	WEBER	BASKET OSASCO	2025-11-03, PIN vs OSA	17	4	1	2	0	2	2	4	2	1	3	0	0	0	0	2
49	2025-26	NBB	PASSOS	BASKET OSASCO	2025-11-03, PIN vs OSA	18	1	0	1	0	0	1	2	5	0	5	1	0	0	1	1
49	2025-26	NBB	LEONI	BASKET OSASCO	2025-11-03, PIN vs OSA	8	0	0	0	0	0	0	0	1	0	1	1	0	0	0	2
50	2025-26	NBB	ARENGO	KTO MINAS	2025-11-04, MIN vs FRA	27	17	4	6	2	5	3	3	2	1	3	1	0	0	1	2
50	2025-26	NBB	WINI SILVA	KTO MINAS	2025-11-04, MIN vs FRA	20	17	7	8	1	4	0	1	2	1	3	0	1	1	3	5
50	2025-26	NBB	WILLIAMS	KTO MINAS	2025-11-04, MIN vs FRA	30	16	2	5	3	8	3	3	5	1	6	2	1	2	4	0
50	2025-26	NBB	MCCREE	KTO MINAS	2025-11-04, MIN vs FRA	30	12	1	4	2	2	4	7	7	1	8	3	0	0	2	2
50	2025-26	NBB	FISCHER	KTO MINAS	2025-11-04, MIN vs FRA	13	9	3	3	0	0	3	3	2	0	2	4	0	0	0	1
50	2025-26	NBB	FUZARO	KTO MINAS	2025-11-04, MIN vs FRA	13	7	2	3	1	2	0	0	3	0	3	1	1	0	1	2
50	2025-26	NBB	PARANHOS	KTO MINAS	2025-11-04, MIN vs FRA	20	4	2	5	0	0	0	0	4	0	4	0	1	1	1	4
50	2025-26	NBB	YURI	KTO MINAS	2025-11-04, MIN vs FRA	14	3	0	2	1	1	0	0	1	0	1	1	0	0	0	2
50	2025-26	NBB	R. RACHEL	KTO MINAS	2025-11-04, MIN vs FRA	10	1	0	1	0	2	1	2	3	0	3	0	0	1	0	0
50	2025-26	NBB	RODRIGUEZ	KTO MINAS	2025-11-04, MIN vs FRA	9	0	0	0	0	1	0	0	1	0	1	2	0	0	1	0
50	2025-26	NBB	DAVIS JR.	KTO MINAS	2025-11-04, MIN vs FRA	13	0	0	3	0	1	0	0	0	2	2	4	0	0	2	1
50	2025-26	NBB	BENNETT	SESI FRANCA	2025-11-04, MIN vs FRA	37	16	7	12	0	4	2	2	4	1	5	4	3	0	3	3
50	2025-26	NBB	LUCAS DIAS	SESI FRANCA	2025-11-04, MIN vs FRA	33	15	4	8	0	6	7	12	5	1	6	5	1	0	0	0
50	2025-26	NBB	ZU JR.	SESI FRANCA	2025-11-04, MIN vs FRA	32	12	3	8	2	4	0	2	4	1	5	1	1	0	1	1
50	2025-26	NBB	MINEIRO	SESI FRANCA	2025-11-04, MIN vs FRA	25	9	3	6	1	1	0	0	1	3	4	2	1	0	2	4
50	2025-26	NBB	FELICIO	SESI FRANCA	2025-11-04, MIN vs FRA	28	8	3	6	0	0	2	3	7	2	9	0	0	0	0	3
50	2025-26	NBB	LATERZA	SESI FRANCA	2025-11-04, MIN vs FRA	33	7	2	3	1	5	0	1	5	0	5	8	2	0	2	3
50	2025-26	NBB	VINI	SESI FRANCA	2025-11-04, MIN vs FRA	8	3	1	2	0	3	1	2	1	0	1	1	0	0	1	1
50	2025-26	NBB	NICOLINI	SESI FRANCA	2025-11-04, MIN vs FRA	1	0	0	0	0	0	0	0	0	0	0	0	0	0	1	0
50	2025-26	NBB	PIA	SESI FRANCA	2025-11-04, MIN vs FRA	3	0	0	1	0	1	0	0	0	0	0	0	1	0	1	1
51	2025-26	NBB	SIEWERT	PAULISTANO	2025-11-04, CAP vs SJO	34	31	6	10	4	7	7	7	6	1	7	2	2	2	3	2
51	2025-26	NBB	GUI ABREU	PAULISTANO	2025-11-04, CAP vs SJO	33	17	4	7	2	6	3	3	5	1	6	1	1	0	1	1
51	2025-26	NBB	VITINHO	PAULISTANO	2025-11-04, CAP vs SJO	30	10	2	3	2	7	0	0	2	1	3	4	1	0	0	1
51	2025-26	NBB	LANDEIRA	PAULISTANO	2025-11-04, CAP vs SJO	25	10	3	3	1	4	1	1	2	1	3	5	1	0	4	3
51	2025-26	NBB	DEMETRIO	PAULISTANO	2025-11-04, CAP vs SJO	23	9	1	3	2	6	1	4	6	2	8	1	1	0	2	1
51	2025-26	NBB	SEIXAS	PAULISTANO	2025-11-04, CAP vs SJO	28	2	1	4	0	6	0	0	0	1	1	1	1	0	0	3
51	2025-26	NBB	GABRIEL	PAULISTANO	2025-11-04, CAP vs SJO	8	1	0	1	0	0	1	2	0	0	0	0	0	0	0	1
51	2025-26	NBB	GABRIEL	PAULISTANO	2025-11-04, CAP vs SJO	14	0	0	0	0	0	0	0	3	2	5	0	0	1	0	1
51	2025-26	NBB	NETO	PAULISTANO	2025-11-04, CAP vs SJO	4	0	0	0	0	0	0	0	0	0	0	0	0	1	0	1
51	2025-26	NBB	LESSA	MR. MOO SAO JOSE BASKETBALL	2025-11-04, CAP vs SJO	36	20	6	7	2	9	2	2	2	0	2	3	0	0	2	0
51	2025-26	NBB	MAIQUE	MR. MOO SAO JOSE BASKETBALL	2025-11-04, CAP vs SJO	21	16	5	7	2	3	0	0	3	3	6	0	1	0	0	3
51	2025-26	NBB	DOS SANTOS	MR. MOO SAO JOSE BASKETBALL	2025-11-04, CAP vs SJO	33	14	2	9	1	4	7	9	7	1	8	6	3	0	5	5
51	2025-26	NBB	MILLER	MR. MOO SAO JOSE BASKETBALL	2025-11-04, CAP vs SJO	38	12	3	6	2	5	0	0	2	3	5	4	1	0	3	2
51	2025-26	NBB	ANDERSON	MR. MOO SAO JOSE BASKETBALL	2025-11-04, CAP vs SJO	21	4	2	7	0	0	0	0	2	0	2	0	0	0	0	3
51	2025-26	NBB	NICKEL	MR. MOO SAO JOSE BASKETBALL	2025-11-04, CAP vs SJO	11	3	1	1	0	0	1	2	0	0	0	1	0	0	1	1
51	2025-26	NBB	CAUE	MR. MOO SAO JOSE BASKETBALL	2025-11-04, CAP vs SJO	28	2	0	1	0	4	2	2	6	0	6	4	0	0	1	4
51	2025-26	NBB	ADYEL	MR. MOO SAO JOSE BASKETBALL	2025-11-04, CAP vs SJO	11	0	0	0	0	0	0	0	1	0	1	2	0	0	2	1
51	2025-26	NBB	FORESTI	MR. MOO SAO JOSE BASKETBALL	2025-11-04, CAP vs SJO	1	0	0	0	0	0	0	0	0	0	0	0	0	0	0	0
52	2025-26	NBB	G. BASILIO	VASCO DA GAMA	2025-11-04, VAS vs PAT	40	15	4	7	2	5	1	2	3	0	3	2	1	0	4	2
52	2025-26	NBB	PEDRO NUNES	VASCO DA GAMA	2025-11-04, VAS vs PAT	38	14	4	7	2	6	0	0	5	5	10	3	3	0	2	3
52	2025-26	NBB	MATHIAS	VASCO DA GAMA	2025-11-04, VAS vs PAT	32	13	5	8	0	1	3	3	4	5	9	2	0	2	0	4
52	2025-26	NBB	MAGNA	VASCO DA GAMA	2025-11-04, VAS vs PAT	28	9	1	4	1	4	4	4	2	1	3	2	1	0	1	3
52	2025-26	NBB	ALE	VASCO DA GAMA	2025-11-04, VAS vs PAT	24	8	2	4	0	4	4	7	2	2	4	4	1	0	3	3
52	2025-26	NBB	ZIBECCHI	VASCO DA GAMA	2025-11-04, VAS vs PAT	16	5	0	3	1	2	2	2	2	1	3	1	1	0	4	1
52	2025-26	NBB	ELIAS	VASCO DA GAMA	2025-11-04, VAS vs PAT	18	1	0	3	0	2	1	3	0	0	0	1	1	0	3	3
52	2025-26	NBB	HONORATO	VASCO DA GAMA	2025-11-04, VAS vs PAT	4	0	0	0	0	0	0	0	0	0	0	0	0	0	0	0
52	2025-26	NBB	THOMPSON	PATO BASQUETE	2025-11-04, VAS vs PAT	26	18	7	12	1	2	1	2	1	0	1	3	3	0	2	3
52	2025-26	NBB	FIDELIS	PATO BASQUETE	2025-11-04, VAS vs PAT	30	15	4	7	1	2	4	4	2	1	3	1	0	1	2	1
52	2025-26	NBB	NAKA	PATO BASQUETE	2025-11-04, VAS vs PAT	14	9	3	3	0	0	3	3	2	1	3	2	0	0	2	3
52	2025-26	NBB	HORTON	PATO BASQUETE	2025-11-04, VAS vs PAT	27	8	2	6	0	1	4	4	0	2	2	1	1	0	1	0
52	2025-26	NBB	GRIGOR	PATO BASQUETE	2025-11-04, VAS vs PAT	16	7	2	2	0	2	3	3	1	2	3	0	0	1	0	2
52	2025-26	NBB	EDU MARILIA	PATO BASQUETE	2025-11-04, VAS vs PAT	25	4	2	2	0	3	0	0	7	2	9	1	2	4	2	3
52	2025-26	NBB	MICHEL	PATO BASQUETE	2025-11-04, VAS vs PAT	28	3	0	0	1	6	0	0	3	1	4	3	0	0	0	2
52	2025-26	NBB	D. PENTEADO	PATO BASQUETE	2025-11-04, VAS vs PAT	20	3	1	3	0	2	1	2	1	0	1	1	1	1	2	1
52	2025-26	NBB	CREWS	PATO BASQUETE	2025-11-04, VAS vs PAT	14	3	0	0	1	5	0	0	1	0	1	0	1	0	1	2
53	2025-26	NBB	DUPREE	FORTALEZA BASQUETE CEARENSE	2025-11-05, FOR vs COR	33	31	9	13	4	8	1	1	2	2	4	1	3	0	1	3
53	2025-26	NBB	GOHLKE	FORTALEZA BASQUETE CEARENSE	2025-11-05, FOR vs COR	35	16	1	1	4	9	2	4	4	0	4	3	2	0	3	3
53	2025-26	NBB	GABRIEL	FORTALEZA BASQUETE CEARENSE	2025-11-05, FOR vs COR	25	14	3	4	2	8	2	2	2	0	2	1	0	1	1	4
53	2025-26	NBB	DA SILVA	FORTALEZA BASQUETE CEARENSE	2025-11-05, FOR vs COR	35	9	4	10	0	0	1	3	5	5	10	3	0	1	1	1
53	2025-26	NBB	SALSAMENDI	FORTALEZA BASQUETE CEARENSE	2025-11-05, FOR vs COR	29	6	1	10	0	0	4	4	5	2	7	8	4	1	1	4
53	2025-26	NBB	AUGUSTO VIEIRA	FORTALEZA BASQUETE CEARENSE	2025-11-05, FOR vs COR	21	4	2	3	0	2	0	0	0	0	0	1	0	0	2	3
53	2025-26	NBB	ALBERTON	FORTALEZA BASQUETE CEARENSE	2025-11-05, FOR vs COR	4	2	1	1	0	0	0	0	0	0	0	0	0	0	1	3
53	2025-26	NBB	SAMUEL	FORTALEZA BASQUETE CEARENSE	2025-11-05, FOR vs COR	9	0	0	0	0	2	0	0	1	0	1	1	0	1	0	0
53	2025-26	NBB	JEANZINHO	FORTALEZA BASQUETE CEARENSE	2025-11-05, FOR vs COR	8	0	0	3	0	0	0	0	0	0	0	0	0	0	3	0
53	2025-26	NBB	THOMAS	CORINTHIANS	2025-11-05, FOR vs COR	25	28	4	7	5	8	5	6	5	1	6	2	1	0	2	1
53	2025-26	NBB	VICTAO	CORINTHIANS	2025-11-05, FOR vs COR	23	17	6	8	1	4	2	2	0	3	3	1	1	0	2	2
53	2025-26	NBB	CLARK	CORINTHIANS	2025-11-05, FOR vs COR	31	16	5	8	2	9	0	0	5	1	6	3	2	0	4	1
53	2025-26	NBB	NOVAES	CORINTHIANS	2025-11-05, FOR vs COR	19	12	4	7	0	0	4	5	2	1	3	0	0	1	2	0
53	2025-26	NBB	MUNFORD	CORINTHIANS	2025-11-05, FOR vs COR	18	10	1	2	2	2	2	2	4	1	5	1	0	0	1	3
53	2025-26	NBB	RAYMUNDO	CORINTHIANS	2025-11-05, FOR vs COR	14	6	1	3	1	1	1	2	4	5	9	0	0	2	2	3
53	2025-26	NBB	T. FARIA	CORINTHIANS	2025-11-05, FOR vs COR	14	4	1	3	0	2	2	2	1	0	1	2	0	0	0	1
53	2025-26	NBB	ELINHO	CORINTHIANS	2025-11-05, FOR vs COR	28	2	0	1	0	0	2	2	3	0	3	13	2	0	0	1
53	2025-26	NBB	LUCAS CAUE	CORINTHIANS	2025-11-05, FOR vs COR	21	2	1	3	0	0	0	0	3	2	5	2	1	2	2	2
53	2025-26	NBB	KAIQUE	CORINTHIANS	2025-11-05, FOR vs COR	7	1	0	1	0	0	1	2	1	1	2	0	0	0	0	2
54	2025-26	NBB	HARRIS	BASKET OSASCO	2025-11-05, OSA vs FLA	22	16	5	7	1	3	3	4	2	1	3	0	2	0	2	2
54	2025-26	NBB	EDDY	BASKET OSASCO	2025-11-05, OSA vs FLA	35	11	1	2	2	8	3	4	5	1	6	1	0	0	3	1
54	2025-26	NBB	BRITOS	BASKET OSASCO	2025-11-05, OSA vs FLA	28	10	1	3	2	6	2	2	3	0	3	3	1	0	2	4
54	2025-26	NBB	DALAQUA	BASKET OSASCO	2025-11-05, OSA vs FLA	19	8	3	7	0	5	2	2	1	1	2	3	0	0	1	1
54	2025-26	NBB	PASSOS	BASKET OSASCO	2025-11-05, OSA vs FLA	14	6	3	4	0	0	0	0	2	2	4	1	2	0	3	2
54	2025-26	NBB	WEBER	BASKET OSASCO	2025-11-05, OSA vs FLA	17	5	1	4	1	3	0	0	1	0	1	0	0	0	2	4
54	2025-26	NBB	TAREK	BASKET OSASCO	2025-11-05, OSA vs FLA	26	5	2	8	0	2	1	2	4	4	8	1	0	1	1	1
54	2025-26	NBB	BRENO	BASKET OSASCO	2025-11-05, OSA vs FLA	20	4	1	3	0	2	2	2	3	3	6	0	2	0	2	3
54	2025-26	NBB	MALACHIAS	BASKET OSASCO	2025-11-05, OSA vs FLA	12	2	1	3	0	0	0	0	1	2	3	0	1	0	0	1
54	2025-26	NBB	MANAUS	BASKET OSASCO	2025-11-05, OSA vs FLA	2	0	0	0	0	0	0	0	0	0	0	0	0	1	0	0
54	2025-26	NBB	LEONI	BASKET OSASCO	2025-11-05, OSA vs FLA	5	0	0	0	0	0	0	2	2	0	2	0	0	0	0	0
54	2025-26	NBB	WESLEY	FLAMENGO	2025-11-05, OSA vs FLA	20	16	7	10	0	1	2	2	4	0	4	0	0	0	0	1
54	2025-26	NBB	DANIEL	FLAMENGO	2025-11-05, OSA vs FLA	14	14	3	5	1	3	5	5	2	1	3	1	0	1	0	1
54	2025-26	NBB	JOHNSON SR.	FLAMENGO	2025-11-05, OSA vs FLA	18	10	3	6	1	2	1	1	2	0	2	1	1	0	1	1
54	2025-26	NBB	BOST	FLAMENGO	2025-11-05, OSA vs FLA	18	9	0	1	1	4	6	7	3	0	3	6	1	0	0	3
54	2025-26	NBB	GUI	FLAMENGO	2025-11-05, OSA vs FLA	20	9	0	2	3	7	0	0	2	0	2	0	0	0	1	0
54	2025-26	NBB	NEGRETE	FLAMENGO	2025-11-05, OSA vs FLA	22	8	4	4	0	3	0	0	3	0	3	3	1	0	2	3
54	2025-26	NBB	ALEXEY	FLAMENGO	2025-11-05, OSA vs FLA	28	7	0	1	2	2	1	2	3	1	4	13	1	0	5	3
54	2025-26	NBB	MANEL	FLAMENGO	2025-11-05, OSA vs FLA	7	6	3	3	0	0	0	0	0	3	3	0	0	0	0	2
54	2025-26	NBB	JHONATAN	FLAMENGO	2025-11-05, OSA vs FLA	14	6	0	0	2	3	0	0	2	0	2	0	1	1	1	3
54	2025-26	NBB	CUMMINGS	FLAMENGO	2025-11-05, OSA vs FLA	25	3	1	3	0	3	1	4	4	1	5	1	0	0	2	1
54	2025-26	NBB	V. CAUA	FLAMENGO	2025-11-05, OSA vs FLA	2	0	0	1	0	0	0	0	0	0	0	0	0	1	0	0
54	2025-26	NBB	DORIA	FLAMENGO	2025-11-05, OSA vs FLA	12	0	0	1	0	0	0	0	2	1	3	0	1	0	0	1
55	2025-26	NBB	HUMBERTO	CAXIAS DO SUL BASQUETE	2025-11-05, CAX vs BRA	28	15	4	10	0	1	7	8	3	1	4	2	2	1	1	3
55	2025-26	NBB	SHAMELL	CAXIAS DO SUL BASQUETE	2025-11-05, CAX vs BRA	28	14	1	5	2	4	6	6	2	0	2	2	0	0	2	2
55	2025-26	NBB	OMENA	CAXIAS DO SUL BASQUETE	2025-11-05, CAX vs BRA	30	8	1	2	2	4	0	0	1	1	2	3	0	0	0	3
55	2025-26	NBB	AUGUSTO	CAXIAS DO SUL BASQUETE	2025-11-05, CAX vs BRA	20	7	3	9	0	4	1	1	1	2	3	2	1	0	0	2
55	2025-26	NBB	RAFA	CAXIAS DO SUL BASQUETE	2025-11-05, CAX vs BRA	16	7	1	2	1	2	2	4	3	2	5	0	0	0	0	0
55	2025-26	NBB	VEZARO	CAXIAS DO SUL BASQUETE	2025-11-05, CAX vs BRA	23	6	0	1	2	4	0	0	0	0	0	1	0	0	2	3
55	2025-26	NBB	FABRIZZIO	CAXIAS DO SUL BASQUETE	2025-11-05, CAX vs BRA	15	5	0	2	1	1	2	4	1	0	1	1	1	0	1	4
55	2025-26	NBB	MIGUEL	CAXIAS DO SUL BASQUETE	2025-11-05, CAX vs BRA	14	2	1	1	0	1	0	0	0	1	1	0	3	0	1	1
55	2025-26	NBB	JOAO M.	CAXIAS DO SUL BASQUETE	2025-11-05, CAX vs BRA	2	0	0	1	0	0	0	0	0	0	0	0	0	0	0	0
55	2025-26	NBB	TOM	CAXIAS DO SUL BASQUETE	2025-11-05, CAX vs BRA	9	0	0	1	0	0	0	0	1	0	1	0	0	0	0	4
55	2025-26	NBB	LUAN	CAXIAS DO SUL BASQUETE	2025-11-05, CAX vs BRA	8	0	0	1	0	0	0	0	1	0	1	1	0	0	0	2
55	2025-26	NBB	TIAGO M.	CAXIAS DO SUL BASQUETE	2025-11-05, CAX vs BRA	8	0	0	1	0	3	0	0	1	0	1	0	0	0	0	1
55	2025-26	NBB	CORVALAN	CAIXA/BRASILIA	2025-11-05, CAX vs BRA	33	26	2	3	4	6	10	11	2	0	2	2	0	0	1	4
55	2025-26	NBB	PAULICHI	CAIXA/BRASILIA	2025-11-05, CAX vs BRA	32	19	6	9	1	1	4	5	7	4	11	2	2	2	3	3
55	2025-26	NBB	BRUNAO	CAIXA/BRASILIA	2025-11-05, CAX vs BRA	26	16	4	6	1	1	5	6	7	1	8	0	0	1	6	3
55	2025-26	NBB	BUIU	CAIXA/BRASILIA	2025-11-05, CAX vs BRA	17	11	1	2	2	4	3	3	1	1	2	1	1	0	3	0
55	2025-26	NBB	VON HAYDIN	CAIXA/BRASILIA	2025-11-05, CAX vs BRA	27	10	1	2	2	7	2	2	3	1	4	7	0	0	0	3
55	2025-26	NBB	CARBONARI	CAIXA/BRASILIA	2025-11-05, CAX vs BRA	11	6	0	0	2	2	0	0	5	4	9	1	0	0	1	3
55	2025-26	NBB	CRESCENZI	CAIXA/BRASILIA	2025-11-05, CAX vs BRA	27	5	1	4	1	4	0	1	3	1	4	5	2	0	2	1
55	2025-26	NBB	PEDRO	CAIXA/BRASILIA	2025-11-05, CAX vs BRA	12	3	0	0	1	4	0	0	2	1	3	0	1	0	0	3
55	2025-26	NBB	BELLER	CAIXA/BRASILIA	2025-11-05, CAX vs BRA	3	0	0	0	0	0	0	0	1	0	1	0	0	0	0	0
55	2025-26	NBB	LUCAS	CAIXA/BRASILIA	2025-11-05, CAX vs BRA	10	0	0	1	0	2	0	0	0	0	0	5	0	0	0	2
57	2025-26	NBB	ANSALONI	CRUZEIRO BASQUETE	2025-11-06, CRU vs FRA	29	17	6	9	1	2	2	2	6	1	7	1	1	2	1	3
57	2025-26	NBB	GITTENS	CRUZEIRO BASQUETE	2025-11-06, CRU vs FRA	21	14	3	6	1	3	5	6	7	1	8	1	0	0	2	4
57	2025-26	NBB	CASSIANO	CRUZEIRO BASQUETE	2025-11-06, CRU vs FRA	20	9	2	3	1	2	2	3	0	0	0	3	1	0	1	2
57	2025-26	NBB	I. THORNTON	CRUZEIRO BASQUETE	2025-11-06, CRU vs FRA	35	9	0	2	3	6	0	0	3	1	4	1	0	0	1	2
57	2025-26	NBB	SENA	CRUZEIRO BASQUETE	2025-11-06, CRU vs FRA	17	8	1	6	2	3	0	0	1	1	2	2	1	0	1	1
57	2025-26	NBB	JJ	CRUZEIRO BASQUETE	2025-11-06, CRU vs FRA	26	8	1	2	2	4	0	0	6	1	7	3	1	0	3	2
57	2025-26	NBB	CLAY	CRUZEIRO BASQUETE	2025-11-06, CRU vs FRA	18	6	3	3	0	4	0	0	0	0	0	3	2	0	1	2
57	2025-26	NBB	LEO ABREU	CRUZEIRO BASQUETE	2025-11-06, CRU vs FRA	18	6	2	2	0	1	2	2	2	0	2	2	1	0	4	1
57	2025-26	NBB	NIQUE COLEMAN	CRUZEIRO BASQUETE	2025-11-06, CRU vs FRA	5	2	1	1	0	2	0	0	0	0	0	1	0	0	0	0
57	2025-26	NBB	FELIPE	CRUZEIRO BASQUETE	2025-11-06, CRU vs FRA	10	2	1	2	0	0	0	0	0	1	1	0	0	0	1	0
57	2025-26	NBB	BENNETT	SESI FRANCA	2025-11-06, CRU vs FRA	29	24	6	8	2	3	6	6	2	0	2	2	1	0	1	3
57	2025-26	NBB	ZU JR.	SESI FRANCA	2025-11-06, CRU vs FRA	36	21	6	9	1	6	6	10	4	1	5	2	3	0	0	4
57	2025-26	NBB	FELICIO	SESI FRANCA	2025-11-06, CRU vs FRA	27	13	4	6	0	0	5	6	6	0	6	1	1	0	4	2
57	2025-26	NBB	LUCAS DIAS	SESI FRANCA	2025-11-06, CRU vs FRA	32	11	4	6	1	4	0	1	3	0	3	2	3	0	2	3
57	2025-26	NBB	LATERZA	SESI FRANCA	2025-11-06, CRU vs FRA	34	9	0	1	3	6	0	0	1	0	1	8	1	0	3	3
57	2025-26	NBB	VINI	SESI FRANCA	2025-11-06, CRU vs FRA	20	7	2	2	1	2	0	0	2	1	3	1	0	0	0	2
57	2025-26	NBB	MINEIRO	SESI FRANCA	2025-11-06, CRU vs FRA	21	5	1	3	1	2	0	0	4	0	4	0	0	0	1	0
58	2025-26	NBB	HUNTER	PAULISTANO	2025-11-06, CAP vs PIN	28	19	5	7	2	5	3	3	2	0	2	0	1	0	2	1
58	2025-26	NBB	SIEWERT	PAULISTANO	2025-11-06, CAP vs PIN	30	16	3	7	2	3	4	4	4	0	4	1	0	0	2	3
58	2025-26	NBB	SEIXAS	PAULISTANO	2025-11-06, CAP vs PIN	20	11	1	1	3	5	0	0	3	1	4	4	0	0	0	1
58	2025-26	NBB	DEMETRIO	PAULISTANO	2025-11-06, CAP vs PIN	21	10	1	3	1	3	5	6	4	1	5	1	0	2	0	2
58	2025-26	NBB	VITINHO	PAULISTANO	2025-11-06, CAP vs PIN	33	9	2	3	1	2	2	4	1	0	1	6	1	0	2	1
58	2025-26	NBB	GUI ABREU	PAULISTANO	2025-11-06, CAP vs PIN	29	8	4	8	0	3	0	0	2	1	3	2	1	1	4	1
58	2025-26	NBB	GABRIEL	PAULISTANO	2025-11-06, CAP vs PIN	18	6	3	3	0	0	0	0	5	0	5	0	1	1	0	3
58	2025-26	NBB	NETO	PAULISTANO	2025-11-06, CAP vs PIN	9	2	1	1	0	1	0	0	1	1	2	1	0	0	0	2
58	2025-26	NBB	GABRIEL	PAULISTANO	2025-11-06, CAP vs PIN	2	0	0	0	0	0	0	0	0	0	0	1	0	0	0	0
58	2025-26	NBB	PIETRO	PAULISTANO	2025-11-06, CAP vs PIN	6	0	0	0	0	1	0	0	0	0	0	1	0	0	1	1
58	2025-26	NBB	BIANCHI	PAULISTANO	2025-11-06, CAP vs PIN	4	0	0	0	0	0	0	0	0	0	0	0	0	0	0	3
58	2025-26	NBB	DJALO	PINHEIROS	2025-11-06, CAP vs PIN	31	16	4	6	2	10	2	4	3	2	5	0	0	1	0	3
58	2025-26	NBB	PACHECO	PINHEIROS	2025-11-06, CAP vs PIN	22	14	2	5	2	6	4	4	5	1	6	3	0	0	2	0
58	2025-26	NBB	SLOAN	PINHEIROS	2025-11-06, CAP vs PIN	24	12	3	8	1	4	3	4	3	1	4	7	2	0	2	2
58	2025-26	NBB	PENHA JR.	PINHEIROS	2025-11-06, CAP vs PIN	26	11	1	4	3	5	0	0	0	1	1	1	1	0	2	2
58	2025-26	NBB	AGAPY	PINHEIROS	2025-11-06, CAP vs PIN	23	9	2	3	0	0	5	6	1	2	3	0	1	1	2	3
58	2025-26	NBB	GREGATE	PINHEIROS	2025-11-06, CAP vs PIN	21	6	3	3	0	1	0	0	3	0	3	6	1	0	0	4
58	2025-26	NBB	PASTRE	PINHEIROS	2025-11-06, CAP vs PIN	28	6	2	3	0	3	2	3	2	1	3	2	2	0	1	1
58	2025-26	NBB	BETINHO	PINHEIROS	2025-11-06, CAP vs PIN	16	2	1	3	0	0	0	0	1	0	1	1	0	0	0	2
58	2025-26	NBB	MACIEL	PINHEIROS	2025-11-06, CAP vs PIN	9	0	0	0	0	0	0	0	3	2	5	0	0	0	1	2
59	2025-26	NBB	LEAL	UNIFACISA	2025-11-06, UFC vs MOG	23	15	6	9	0	0	3	3	2	1	3	1	0	2	1	0
59	2025-26	NBB	JIMMY	UNIFACISA	2025-11-06, UFC vs MOG	36	10	2	3	2	8	0	0	6	1	7	0	2	0	1	3
59	2025-26	NBB	SIFONTES	UNIFACISA	2025-11-06, UFC vs MOG	34	8	4	9	0	1	0	0	3	0	3	3	0	0	8	2
59	2025-26	NBB	MELVIN	UNIFACISA	2025-11-06, UFC vs MOG	33	8	4	8	0	6	0	0	2	0	2	4	1	0	2	2
59	2025-26	NBB	GERSON	UNIFACISA	2025-11-06, UFC vs MOG	17	7	2	7	0	0	3	3	3	1	4	0	1	0	1	1
59	2025-26	NBB	ANTONIO	UNIFACISA	2025-11-06, UFC vs MOG	28	6	0	2	1	2	3	5	5	1	6	0	0	1	3	3
59	2025-26	NBB	JOAO PAULO	UNIFACISA	2025-11-06, UFC vs MOG	6	4	2	2	0	0	0	0	1	1	2	0	0	0	1	1
59	2025-26	NBB	FLORES	UNIFACISA	2025-11-06, UFC vs MOG	9	3	0	2	1	2	0	0	0	0	0	0	0	0	0	5
59	2025-26	NBB	GUEYE	UNIFACISA	2025-11-06, UFC vs MOG	14	2	1	1	0	1	0	0	4	1	5	0	2	0	2	1
59	2025-26	NBB	MENCA	MOGI BASQUETE	2025-11-06, UFC vs MOG	34	23	2	6	3	8	10	10	5	1	6	3	1	0	4	3
59	2025-26	NBB	RUIVO	MOGI BASQUETE	2025-11-06, UFC vs MOG	33	17	1	4	5	9	0	0	5	0	5	5	1	0	2	1
59	2025-26	NBB	PAULO	MOGI BASQUETE	2025-11-06, UFC vs MOG	34	9	3	4	1	4	0	0	4	1	5	1	0	0	2	2
59	2025-26	NBB	GABRIEL CAMPOS	MOGI BASQUETE	2025-11-06, UFC vs MOG	15	9	4	7	0	2	1	5	1	1	2	0	0	0	2	0
59	2025-26	NBB	VINI CHAGAS	MOGI BASQUETE	2025-11-06, UFC vs MOG	16	6	2	2	0	3	2	2	2	1	3	0	0	2	1	3
59	2025-26	NBB	ANDERSON	MOGI BASQUETE	2025-11-06, UFC vs MOG	37	6	0	0	2	4	0	1	8	0	8	1	2	0	2	3
59	2025-26	NBB	MAICON DOUGLAS	MOGI BASQUETE	2025-11-06, UFC vs MOG	4	2	1	2	0	0	0	0	0	0	0	0	0	0	0	0
59	2025-26	NBB	DIKEMBE	MOGI BASQUETE	2025-11-06, UFC vs MOG	18	2	1	5	0	0	0	0	3	0	3	0	0	1	1	1
59	2025-26	NBB	BARRY	MOGI BASQUETE	2025-11-06, UFC vs MOG	3	0	0	1	0	1	0	0	0	0	0	0	0	0	0	0
59	2025-26	NBB	VITORIANO	MOGI BASQUETE	2025-11-06, UFC vs MOG	2	0	0	0	0	0	0	0	0	0	0	0	1	0	0	0
59	2025-26	NBB	CALDEIRA	MOGI BASQUETE	2025-11-06, UFC vs MOG	4	0	0	0	0	2	0	0	0	0	0	0	1	0	1	0
60	2025-26	NBB	GOES	CEISC/UNIAO CORINTHIANS	2025-11-07, UCO vs BRA	33	25	7	8	0	3	11	14	3	0	3	3	3	0	1	3
60	2025-26	NBB	SCOTT	CEISC/UNIAO CORINTHIANS	2025-11-07, UCO vs BRA	38	19	6	10	0	0	7	10	10	1	11	2	0	0	5	5
60	2025-26	NBB	BARNES	CEISC/UNIAO CORINTHIANS	2025-11-07, UCO vs BRA	39	18	4	10	2	6	4	4	4	0	4	5	0	0	2	1
60	2025-26	NBB	HOLLOWELL	CEISC/UNIAO CORINTHIANS	2025-11-07, UCO vs BRA	40	14	5	6	1	5	1	1	7	4	11	0	0	1	3	3
60	2025-26	NBB	HETTSHEIMEIR	CEISC/UNIAO CORINTHIANS	2025-11-07, UCO vs BRA	30	13	1	2	3	4	2	4	2	0	2	3	0	2	2	1
60	2025-26	NBB	VERISSIMO	CEISC/UNIAO CORINTHIANS	2025-11-07, UCO vs BRA	18	4	2	2	0	3	0	0	2	0	2	0	3	0	2	5
60	2025-26	NBB	ROSSETTO	CEISC/UNIAO CORINTHIANS	2025-11-07, UCO vs BRA	19	2	1	3	0	1	0	0	3	1	4	2	1	0	1	3
60	2025-26	NBB	GUYTON	CEISC/UNIAO CORINTHIANS	2025-11-07, UCO vs BRA	8	0	0	0	0	0	0	0	0	0	0	1	0	0	0	1
60	2025-26	NBB	GOES	CAIXA/BRASILIA	2025-11-07, UCO vs BRA	5	9	1	1	0	0	7	8	2	0	2	2	1	0	0	0
60	2025-26	NBB	HOLLOWELL	CAIXA/BRASILIA	2025-11-07, UCO vs BRA	5	3	0	0	1	1	0	0	0	0	0	0	0	0	0	1
60	2025-26	NBB	BARNES	CAIXA/BRASILIA	2025-11-07, UCO vs BRA	5	2	0	1	0	0	2	2	2	0	2	0	0	0	1	0
60	2025-26	NBB	SCOTT	CAIXA/BRASILIA	2025-11-07, UCO vs BRA	5	2	1	2	0	0	0	0	1	0	1	0	0	0	1	2
60	2025-26	NBB	HETTSHEIMEIR	CAIXA/BRASILIA	2025-11-07, UCO vs BRA	5	0	0	0	0	0	0	0	0	0	0	0	0	0	0	0
61	2025-26	NBB	MATHEUSINHO	BOTAFOGO	2025-11-07, BOT vs PAT	31	27	11	16	0	1	5	9	3	1	4	5	0	0	4	3
61	2025-26	NBB	MARQUARDT	BOTAFOGO	2025-11-07, BOT vs PAT	28	16	0	1	4	6	4	4	5	0	5	1	1	1	2	0
61	2025-26	NBB	EMANUEL	BOTAFOGO	2025-11-07, BOT vs PAT	33	13	2	2	2	4	3	6	6	1	7	0	0	0	1	4
61	2025-26	NBB	SCHEUER	BOTAFOGO	2025-11-07, BOT vs PAT	21	11	1	4	2	2	3	4	2	3	5	1	0	2	4	3
61	2025-26	NBB	XAVIER	BOTAFOGO	2025-11-07, BOT vs PAT	29	6	3	6	0	3	0	2	9	0	9	3	1	0	5	2
61	2025-26	NBB	PAULINO	BOTAFOGO	2025-11-07, BOT vs PAT	26	5	2	4	0	0	1	1	0	0	0	0	0	0	0	3
61	2025-26	NBB	DAWKINS	BOTAFOGO	2025-11-07, BOT vs PAT	10	2	1	1	0	0	0	0	1	0	1	2	0	0	2	1
61	2025-26	NBB	ALCASSA	BOTAFOGO	2025-11-07, BOT vs PAT	22	2	0	3	0	0	2	6	4	3	7	1	0	0	3	4
61	2025-26	NBB	THOMPSON	PATO BASQUETE	2025-11-07, BOT vs PAT	31	21	8	13	1	5	2	2	1	0	1	6	0	0	3	4
61	2025-26	NBB	FIDELIS	PATO BASQUETE	2025-11-07, BOT vs PAT	25	12	5	9	0	1	2	3	3	1	4	1	1	0	0	3
61	2025-26	NBB	EDU MARILIA	PATO BASQUETE	2025-11-07, BOT vs PAT	28	10	5	11	0	4	0	2	5	4	9	1	1	2	2	4
61	2025-26	NBB	NAKA	PATO BASQUETE	2025-11-07, BOT vs PAT	18	9	1	4	1	2	4	4	2	2	4	1	3	0	5	3
61	2025-26	NBB	MICHEL	PATO BASQUETE	2025-11-07, BOT vs PAT	22	8	1	2	2	7	0	0	1	0	1	1	4	0	0	4
61	2025-26	NBB	D. PENTEADO	PATO BASQUETE	2025-11-07, BOT vs PAT	31	6	0	1	1	3	3	4	1	3	4	1	1	2	0	1
61	2025-26	NBB	HORTON	PATO BASQUETE	2025-11-07, BOT vs PAT	14	4	2	4	0	3	0	0	2	0	2	1	0	0	0	1
61	2025-26	NBB	MATEUS	PATO BASQUETE	2025-11-07, BOT vs PAT	10	3	0	0	1	4	0	0	1	0	1	0	0	0	0	1
61	2025-26	NBB	GRIGOR	PATO BASQUETE	2025-11-07, BOT vs PAT	14	2	1	1	0	0	0	0	4	0	4	0	0	1	2	3
61	2025-26	NBB	CREWS	PATO BASQUETE	2025-11-07, BOT vs PAT	6	0	0	0	0	1	0	0	0	0	0	0	0	0	1	0
62	2025-26	NBB	GEMADINHA	CONTA SIMPLES RIO CLARO	2025-11-08, RCB vs MIN	26	13	1	5	3	6	2	2	1	1	2	3	4	1	3	2
62	2025-26	NBB	COSTA	CONTA SIMPLES RIO CLARO	2025-11-08, RCB vs MIN	22	12	0	5	4	8	0	0	1	0	1	2	0	0	0	4
62	2025-26	NBB	CAIOKA	CONTA SIMPLES RIO CLARO	2025-11-08, RCB vs MIN	14	11	5	6	0	1	1	1	0	1	1	1	0	0	1	3
62	2025-26	NBB	RIKALO	CONTA SIMPLES RIO CLARO	2025-11-08, RCB vs MIN	23	9	2	4	0	5	5	6	0	0	0	3	1	0	0	1
62	2025-26	NBB	OWENS	CONTA SIMPLES RIO CLARO	2025-11-08, RCB vs MIN	17	7	1	4	1	1	2	2	4	1	5	1	0	0	1	2
62	2025-26	NBB	VITOR	CONTA SIMPLES RIO CLARO	2025-11-08, RCB vs MIN	22	6	0	1	2	4	0	0	1	0	1	1	0	1	0	1
62	2025-26	NBB	DOS ANJOS	CONTA SIMPLES RIO CLARO	2025-11-08, RCB vs MIN	26	5	1	5	1	4	0	0	5	1	6	1	0	1	3	3
62	2025-26	NBB	BONFIM	CONTA SIMPLES RIO CLARO	2025-11-08, RCB vs MIN	19	4	2	6	0	2	0	0	4	2	6	1	1	0	0	4
62	2025-26	NBB	MURILO	CONTA SIMPLES RIO CLARO	2025-11-08, RCB vs MIN	12	4	0	2	1	3	1	2	3	3	6	0	0	0	0	2
62	2025-26	NBB	CARLOS JR.	CONTA SIMPLES RIO CLARO	2025-11-08, RCB vs MIN	14	3	1	2	0	1	1	2	1	3	4	0	1	1	1	3
62	2025-26	NBB	PASTOR	CONTA SIMPLES RIO CLARO	2025-11-08, RCB vs MIN	7	0	0	0	0	0	0	0	1	0	1	0	0	0	1	1
62	2025-26	NBB	DAVIS JR.	KTO MINAS	2025-11-08, RCB vs MIN	24	17	4	5	3	6	0	0	4	0	4	6	0	0	2	4
62	2025-26	NBB	WINI SILVA	KTO MINAS	2025-11-08, RCB vs MIN	18	16	5	6	1	1	3	7	4	1	5	0	0	0	1	1
62	2025-26	NBB	R. RACHEL	KTO MINAS	2025-11-08, RCB vs MIN	21	14	1	1	4	7	0	0	9	1	10	2	0	0	0	3
62	2025-26	NBB	FUZARO	KTO MINAS	2025-11-08, RCB vs MIN	19	13	3	4	0	2	7	7	4	1	5	3	2	0	0	1
62	2025-26	NBB	WILLIAMS	KTO MINAS	2025-11-08, RCB vs MIN	19	13	1	3	3	5	2	2	5	0	5	1	0	0	2	0
62	2025-26	NBB	PARANHOS	KTO MINAS	2025-11-08, RCB vs MIN	22	11	4	8	0	0	3	7	7	1	8	1	0	0	0	1
62	2025-26	NBB	MCCREE	KTO MINAS	2025-11-08, RCB vs MIN	19	10	0	0	2	4	4	4	2	1	3	0	0	0	2	2
62	2025-26	NBB	YURI	KTO MINAS	2025-11-08, RCB vs MIN	19	7	2	2	1	4	0	1	1	3	4	0	1	0	0	1
62	2025-26	NBB	ARENGO	KTO MINAS	2025-11-08, RCB vs MIN	17	6	3	4	0	1	0	0	0	1	1	4	0	1	1	2
62	2025-26	NBB	RODRIGUEZ	KTO MINAS	2025-11-08, RCB vs MIN	12	1	0	0	0	2	1	3	0	0	0	0	0	0	2	2
62	2025-26	NBB	FISCHER	KTO MINAS	2025-11-08, RCB vs MIN	10	0	0	0	0	0	0	0	0	0	0	7	0	0	1	1
63	2025-26	NBB	SIFONTES	UNIFACISA	2025-11-08, UFC vs COR	32	17	8	9	0	7	1	3	4	1	5	8	1	0	2	3
63	2025-26	NBB	ANTONIO	UNIFACISA	2025-11-08, UFC vs COR	27	12	3	7	1	5	3	5	5	4	9	3	0	1	2	3
63	2025-26	NBB	GUEYE	UNIFACISA	2025-11-08, UFC vs COR	21	10	2	3	2	6	0	0	5	0	5	1	2	0	2	0
63	2025-26	NBB	LEAL	UNIFACISA	2025-11-08, UFC vs COR	21	9	4	10	0	0	1	4	3	3	6	1	0	1	2	0
63	2025-26	NBB	JOAO PAULO	UNIFACISA	2025-11-08, UFC vs COR	18	8	4	6	0	0	0	2	3	1	4	1	1	0	0	3
63	2025-26	NBB	JIMMY	UNIFACISA	2025-11-08, UFC vs COR	28	7	1	3	1	5	2	2	3	1	4	0	0	1	2	4
63	2025-26	NBB	FLORES	UNIFACISA	2025-11-08, UFC vs COR	18	6	3	4	0	2	0	0	1	1	2	2	0	0	1	4
63	2025-26	NBB	MELVIN	UNIFACISA	2025-11-08, UFC vs COR	28	6	1	3	1	4	1	1	1	0	1	1	1	0	2	2
63	2025-26	NBB	GERSON	UNIFACISA	2025-11-08, UFC vs COR	7	0	0	1	0	0	0	0	1	0	1	0	0	0	1	1
63	2025-26	NBB	CLARK	CORINTHIANS	2025-11-08, UFC vs COR	28	25	5	10	5	7	0	0	3	0	3	6	2	0	1	0
63	2025-26	NBB	THOMAS	CORINTHIANS	2025-11-08, UFC vs COR	22	19	4	8	3	5	2	3	1	0	1	1	1	0	1	1
63	2025-26	NBB	ELINHO	CORINTHIANS	2025-11-08, UFC vs COR	25	13	1	4	3	4	2	2	4	1	5	8	1	0	3	1
63	2025-26	NBB	MUNFORD	CORINTHIANS	2025-11-08, UFC vs COR	24	12	3	4	1	2	3	5	4	0	4	0	1	0	0	0
63	2025-26	NBB	LUCAS CAUE	CORINTHIANS	2025-11-08, UFC vs COR	22	12	6	8	0	0	0	2	6	0	6	0	0	0	4	3
63	2025-26	NBB	VICTAO	CORINTHIANS	2025-11-08, UFC vs COR	23	11	1	1	3	4	0	0	1	0	1	1	0	0	1	3
63	2025-26	NBB	T. FARIA	CORINTHIANS	2025-11-08, UFC vs COR	18	5	0	2	1	1	2	2	2	0	2	4	0	0	0	0
63	2025-26	NBB	RAYMUNDO	CORINTHIANS	2025-11-08, UFC vs COR	15	4	2	3	0	0	0	0	7	1	8	1	1	1	1	5
63	2025-26	NBB	KAIQUE	CORINTHIANS	2025-11-08, UFC vs COR	6	4	2	3	0	1	0	0	0	0	0	2	0	0	0	1
63	2025-26	NBB	NOVAES	CORINTHIANS	2025-11-08, UFC vs COR	12	0	0	0	0	0	0	0	2	0	2	2	0	0	0	4
63	2025-26	NBB	LUKINHAS	CORINTHIANS	2025-11-08, UFC vs COR	4	0	0	0	0	0	0	0	0	0	0	0	0	0	0	0
64	2025-26	NBB	PACHECO	PINHEIROS	2025-11-09, PIN vs CAX	23	16	3	3	0	2	10	11	0	0	0	0	1	0	0	4
64	2025-26	NBB	GREGATE	PINHEIROS	2025-11-09, PIN vs CAX	18	15	5	6	1	2	2	2	0	0	0	2	1	0	2	4
64	2025-26	NBB	DJALO	PINHEIROS	2025-11-09, PIN vs CAX	28	14	3	6	2	3	2	2	5	1	6	1	0	0	2	3
64	2025-26	NBB	SLOAN	PINHEIROS	2025-11-09, PIN vs CAX	29	14	2	4	2	5	4	4	2	0	2	8	0	0	1	0
64	2025-26	NBB	PENHA JR.	PINHEIROS	2025-11-09, PIN vs CAX	18	9	2	2	1	5	2	2	3	2	5	0	0	0	2	2
64	2025-26	NBB	AGAPY	PINHEIROS	2025-11-09, PIN vs CAX	10	4	1	1	0	0	2	2	3	0	3	1	0	1	2	2
64	2025-26	NBB	BETINHO	PINHEIROS	2025-11-09, PIN vs CAX	16	3	0	0	0	0	3	4	1	0	1	2	0	0	0	4
64	2025-26	NBB	PASTRE	PINHEIROS	2025-11-09, PIN vs CAX	26	3	0	1	1	3	0	0	3	0	3	2	0	2	1	3
64	2025-26	NBB	MACIEL	PINHEIROS	2025-11-09, PIN vs CAX	21	2	1	6	0	1	0	0	4	2	6	1	1	0	0	1
64	2025-26	NBB	AFONSO	PINHEIROS	2025-11-09, PIN vs CAX	7	2	1	1	0	0	0	0	1	0	1	0	0	0	1	3
64	2025-26	NBB	MEILI	PINHEIROS	2025-11-09, PIN vs CAX	2	0	0	0	0	0	0	0	0	0	0	0	0	0	0	1
64	2025-26	NBB	BRAYAN	PINHEIROS	2025-11-09, PIN vs CAX	2	0	0	0	0	0	0	0	1	0	1	0	0	0	0	0
64	2025-26	NBB	HUMBERTO	CAXIAS DO SUL BASQUETE	2025-11-09, PIN vs CAX	32	16	4	6	1	1	5	5	3	2	5	4	1	0	3	3
64	2025-26	NBB	VEZARO	CAXIAS DO SUL BASQUETE	2025-11-09, PIN vs CAX	21	15	1	3	3	8	4	4	1	0	1	1	2	0	2	0
64	2025-26	NBB	SHAMELL	CAXIAS DO SUL BASQUETE	2025-11-09, PIN vs CAX	19	9	1	3	2	6	1	2	0	0	0	0	0	0	1	3
64	2025-26	NBB	TOM	CAXIAS DO SUL BASQUETE	2025-11-09, PIN vs CAX	21	6	3	5	0	0	0	3	6	4	10	1	1	0	1	4
64	2025-26	NBB	MIGUEL	CAXIAS DO SUL BASQUETE	2025-11-09, PIN vs CAX	10	6	0	0	2	4	0	0	2	0	2	0	0	0	0	1
64	2025-26	NBB	FABRIZZIO	CAXIAS DO SUL BASQUETE	2025-11-09, PIN vs CAX	20	5	1	4	0	2	3	4	1	0	1	5	0	1	1	1
64	2025-26	NBB	AUGUSTO	CAXIAS DO SUL BASQUETE	2025-11-09, PIN vs CAX	19	2	0	5	0	4	2	3	2	1	3	0	0	0	1	4
64	2025-26	NBB	OMENA	CAXIAS DO SUL BASQUETE	2025-11-09, PIN vs CAX	24	0	0	0	0	2	0	0	3	3	6	3	1	0	1	0
64	2025-26	NBB	TIAGO M.	CAXIAS DO SUL BASQUETE	2025-11-09, PIN vs CAX	9	0	0	1	0	1	0	0	0	0	0	0	0	0	0	0
64	2025-26	NBB	RAFA	CAXIAS DO SUL BASQUETE	2025-11-09, PIN vs CAX	17	0	0	0	0	1	0	0	2	1	3	0	0	0	1	2
64	2025-26	NBB	JOAO M.	CAXIAS DO SUL BASQUETE	2025-11-09, PIN vs CAX	8	0	0	0	0	0	0	0	0	1	1	0	0	0	3	2
65	2025-26	NBB	GUI	FLAMENGO	2025-11-09, FLA vs PAT	28	30	2	4	8	12	2	4	4	0	4	2	1	0	2	1
65	2025-26	NBB	NEGRETE	FLAMENGO	2025-11-09, FLA vs PAT	16	14	5	7	0	1	4	4	3	0	3	1	0	0	1	2
65	2025-26	NBB	CUMMINGS	FLAMENGO	2025-11-09, FLA vs PAT	26	11	4	4	1	3	0	0	2	2	4	3	1	0	2	2
65	2025-26	NBB	JOHNSON SR.	FLAMENGO	2025-11-09, FLA vs PAT	26	10	4	4	0	3	2	2	6	1	7	3	0	0	1	2
65	2025-26	NBB	BOST	FLAMENGO	2025-11-09, FLA vs PAT	20	8	1	2	2	3	0	0	3	0	3	8	2	1	6	0
65	2025-26	NBB	DANIEL	FLAMENGO	2025-11-09, FLA vs PAT	15	8	2	4	0	0	4	4	2	0	2	0	0	0	2	3
65	2025-26	NBB	GUEIROS	FLAMENGO	2025-11-09, FLA vs PAT	5	6	1	1	1	1	1	1	0	0	0	1	0	0	2	0
65	2025-26	NBB	V. CAUA	FLAMENGO	2025-11-09, FLA vs PAT	8	5	2	2	0	0	1	4	1	0	1	1	0	0	1	1
65	2025-26	NBB	ALEXEY	FLAMENGO	2025-11-09, FLA vs PAT	19	3	1	2	0	1	1	1	4	1	5	11	0	0	2	2
65	2025-26	NBB	DORIA	FLAMENGO	2025-11-09, FLA vs PAT	8	3	0	0	0	0	3	4	1	0	1	1	1	0	1	2
65	2025-26	NBB	MANEL	FLAMENGO	2025-11-09, FLA vs PAT	14	3	1	1	0	0	1	2	4	0	4	0	1	0	0	2
65	2025-26	NBB	WESLEY	FLAMENGO	2025-11-09, FLA vs PAT	16	0	0	1	0	1	0	0	1	2	3	0	2	0	1	3
65	2025-26	NBB	MICHEL	PATO BASQUETE	2025-11-09, FLA vs PAT	30	15	1	3	4	6	1	2	1	0	1	1	1	0	2	2
65	2025-26	NBB	HORTON	PATO BASQUETE	2025-11-09, FLA vs PAT	19	11	3	4	1	3	2	2	2	1	3	0	0	0	5	3
65	2025-26	NBB	NAKA	PATO BASQUETE	2025-11-09, FLA vs PAT	20	10	3	6	0	3	4	6	1	0	1	3	2	0	3	0
65	2025-26	NBB	THOMPSON	PATO BASQUETE	2025-11-09, FLA vs PAT	20	9	3	7	0	3	3	6	1	0	1	1	2	0	2	1
65	2025-26	NBB	FIDELIS	PATO BASQUETE	2025-11-09, FLA vs PAT	26	7	1	3	1	2	2	4	3	0	3	1	1	0	2	1
65	2025-26	NBB	D. PENTEADO	PATO BASQUETE	2025-11-09, FLA vs PAT	17	5	0	1	1	5	2	3	0	0	0	0	1	0	1	2
65	2025-26	NBB	WILLKER Z.	PATO BASQUETE	2025-11-09, FLA vs PAT	10	2	1	3	0	0	0	1	1	1	2	0	1	0	0	2
65	2025-26	NBB	CREWS	PATO BASQUETE	2025-11-09, FLA vs PAT	15	2	1	4	0	4	0	0	0	1	1	2	0	0	0	2
65	2025-26	NBB	N. GOMES	PATO BASQUETE	2025-11-09, FLA vs PAT	10	2	0	0	0	1	2	2	1	2	3	0	1	0	2	1
65	2025-26	NBB	MATEUS	PATO BASQUETE	2025-11-09, FLA vs PAT	5	0	0	0	0	0	0	0	0	0	0	0	0	0	0	0
65	2025-26	NBB	GRIGOR	PATO BASQUETE	2025-11-09, FLA vs PAT	15	0	0	0	0	1	0	0	1	0	1	0	0	1	1	1
65	2025-26	NBB	EDU MARILIA	PATO BASQUETE	2025-11-09, FLA vs PAT	13	0	0	1	0	0	0	0	4	1	5	1	1	0	2	5
66	2025-26	NBB	BRITOS	BASKET OSASCO	2025-11-09, OSA vs CAP	20	14	1	1	4	8	0	0	0	0	0	2	0	0	0	3
66	2025-26	NBB	DALAQUA	BASKET OSASCO	2025-11-09, OSA vs CAP	14	14	4	4	2	4	0	1	1	0	1	1	0	0	1	3
66	2025-26	NBB	HARRIS	BASKET OSASCO	2025-11-09, OSA vs CAP	34	12	5	8	0	1	2	3	9	0	9	7	0	0	2	3
66	2025-26	NBB	WEBER	BASKET OSASCO	2025-11-09, OSA vs CAP	30	9	2	5	1	5	2	4	0	0	0	5	2	0	2	3
66	2025-26	NBB	EDDY	BASKET OSASCO	2025-11-09, OSA vs CAP	34	9	0	0	3	11	0	0	1	0	1	1	1	0	2	4
66	2025-26	NBB	MALACHIAS	BASKET OSASCO	2025-11-09, OSA vs CAP	25	8	4	4	0	2	0	2	4	1	5	2	0	0	0	4
66	2025-26	NBB	BRENO	BASKET OSASCO	2025-11-09, OSA vs CAP	16	7	3	3	0	4	1	3	3	1	4	0	0	1	1	3
66	2025-26	NBB	MANAUS	BASKET OSASCO	2025-11-09, OSA vs CAP	16	4	2	3	0	1	0	0	2	1	3	0	0	0	0	1
66	2025-26	NBB	PASSOS	BASKET OSASCO	2025-11-09, OSA vs CAP	10	4	1	1	0	0	2	2	0	1	1	1	0	0	0	2
66	2025-26	NBB	VITINHO	PAULISTANO	2025-11-09, OSA vs CAP	36	28	1	3	5	11	11	12	4	2	6	3	2	0	1	1
66	2025-26	NBB	GUI ABREU	PAULISTANO	2025-11-09, OSA vs CAP	32	20	6	9	1	2	5	5	10	2	12	4	0	0	1	3
66	2025-26	NBB	HUNTER	PAULISTANO	2025-11-09, OSA vs CAP	33	15	5	10	0	6	5	6	1	1	2	5	1	0	1	3
66	2025-26	NBB	SIEWERT	PAULISTANO	2025-11-09, OSA vs CAP	31	13	0	3	3	4	4	4	3	1	4	4	1	0	0	3
66	2025-26	NBB	GABRIEL	PAULISTANO	2025-11-09, OSA vs CAP	23	10	4	5	0	0	2	4	7	1	8	0	0	0	2	3
66	2025-26	NBB	GABRIEL	PAULISTANO	2025-11-09, OSA vs CAP	3	3	0	0	1	1	0	0	0	0	0	0	0	0	0	0
66	2025-26	NBB	SEIXAS	PAULISTANO	2025-11-09, OSA vs CAP	16	3	0	0	1	3	0	0	2	0	2	1	0	0	1	1
66	2025-26	NBB	LEANDRO	PAULISTANO	2025-11-09, OSA vs CAP	11	2	1	1	0	0	0	0	0	1	1	0	1	0	2	2
66	2025-26	NBB	DEMETRIO	PAULISTANO	2025-11-09, OSA vs CAP	11	0	0	3	0	1	0	0	1	1	2	1	0	0	0	1
66	2025-26	NBB	PIETRO	PAULISTANO	2025-11-09, OSA vs CAP	4	0	0	1	0	0	0	0	1	0	1	0	0	0	0	1
67	2025-26	NBB	GOHLKE	FORTALEZA BASQUETE CEARENSE	2025-11-09, FOR vs MOG	39	19	1	1	4	9	5	6	5	0	5	3	2	1	2	1
67	2025-26	NBB	SALSAMENDI	FORTALEZA BASQUETE CEARENSE	2025-11-09, FOR vs MOG	28	12	4	6	1	2	1	2	4	0	4	2	1	0	1	2
67	2025-26	NBB	DUPREE	FORTALEZA BASQUETE CEARENSE	2025-11-09, FOR vs MOG	33	11	2	3	2	4	1	4	3	1	4	2	4	0	4	5
67	2025-26	NBB	GABRIEL	FORTALEZA BASQUETE CEARENSE	2025-11-09, FOR vs MOG	27	11	2	5	1	4	4	6	1	1	2	2	1	0	2	3
67	2025-26	NBB	POPOVIC	FORTALEZA BASQUETE CEARENSE	2025-11-09, FOR vs MOG	20	11	5	9	0	1	1	1	2	0	2	1	1	0	1	4
67	2025-26	NBB	DA SILVA	FORTALEZA BASQUETE CEARENSE	2025-11-09, FOR vs MOG	25	8	2	5	1	1	1	2	4	2	6	0	0	2	4	4
67	2025-26	NBB	ALBERTON	FORTALEZA BASQUETE CEARENSE	2025-11-09, FOR vs MOG	7	4	2	2	0	1	0	0	0	0	0	1	1	0	1	1
67	2025-26	NBB	JEANZINHO	FORTALEZA BASQUETE CEARENSE	2025-11-09, FOR vs MOG	15	0	0	0	0	3	0	0	1	0	1	3	0	0	1	1
67	2025-26	NBB	AUGUSTO VIEIRA	FORTALEZA BASQUETE CEARENSE	2025-11-09, FOR vs MOG	5	0	0	0	0	1	0	0	0	1	1	0	0	0	2	1
67	2025-26	NBB	MENCA	MOGI BASQUETE	2025-11-09, FOR vs MOG	29	19	3	7	2	8	7	9	1	2	3	3	2	0	4	0
67	2025-26	NBB	ANDERSON	MOGI BASQUETE	2025-11-09, FOR vs MOG	35	17	3	4	3	7	2	4	12	2	14	0	2	0	2	3
67	2025-26	NBB	PAULO	MOGI BASQUETE	2025-11-09, FOR vs MOG	35	16	5	10	2	5	0	0	1	3	4	5	2	0	1	4
67	2025-26	NBB	DIKEMBE	MOGI BASQUETE	2025-11-09, FOR vs MOG	24	10	4	6	0	0	2	6	6	8	14	1	0	0	2	3
67	2025-26	NBB	RUIVO	MOGI BASQUETE	2025-11-09, FOR vs MOG	31	9	1	3	2	7	1	2	0	0	0	2	2	0	3	0
67	2025-26	NBB	VINI CHAGAS	MOGI BASQUETE	2025-11-09, FOR vs MOG	13	5	2	4	0	0	1	2	3	0	3	0	0	0	3	3
67	2025-26	NBB	CALDEIRA	MOGI BASQUETE	2025-11-09, FOR vs MOG	10	2	1	1	0	1	0	0	2	1	3	2	0	0	1	2
67	2025-26	NBB	VITORIANO	MOGI BASQUETE	2025-11-09, FOR vs MOG	12	2	1	1	0	2	0	0	0	1	1	0	0	0	0	2
67	2025-26	NBB	GABRIEL CAMPOS	MOGI BASQUETE	2025-11-09, FOR vs MOG	10	0	0	2	0	0	0	0	1	0	1	2	0	0	3	1
69	2025-26	NBB	BRUNAO	CAIXA/BRASILIA	2025-11-10, BRA vs MIN	32	17	4	5	1	3	6	8	10	3	13	2	0	2	3	3
69	2025-26	NBB	VON HAYDIN	CAIXA/BRASILIA	2025-11-10, BRA vs MIN	24	14	2	4	3	7	1	1	2	1	3	2	1	0	3	3
69	2025-26	NBB	LUCAS	CAIXA/BRASILIA	2025-11-10, BRA vs MIN	19	13	1	3	3	6	2	2	3	1	4	1	0	0	0	1
69	2025-26	NBB	CORVALAN	CAIXA/BRASILIA	2025-11-10, BRA vs MIN	30	11	2	4	1	6	4	5	5	0	5	6	1	1	2	2
69	2025-26	NBB	BUIU	CAIXA/BRASILIA	2025-11-10, BRA vs MIN	21	9	1	6	1	4	4	6	3	0	3	4	1	0	0	0
69	2025-26	NBB	PAULICHI	CAIXA/BRASILIA	2025-11-10, BRA vs MIN	31	8	4	5	0	3	0	0	1	2	3	2	2	1	0	2
69	2025-26	NBB	CARBONARI	CAIXA/BRASILIA	2025-11-10, BRA vs MIN	12	2	1	3	0	2	0	0	1	1	2	1	0	0	1	1
69	2025-26	NBB	CRESCENZI	CAIXA/BRASILIA	2025-11-10, BRA vs MIN	21	2	1	3	0	4	0	0	2	2	4	2	3	0	2	1
69	2025-26	NBB	BELLER	CAIXA/BRASILIA	2025-11-10, BRA vs MIN	1	2	1	1	0	0	0	0	0	0	0	0	0	0	0	0
69	2025-26	NBB	PEDRO	CAIXA/BRASILIA	2025-11-10, BRA vs MIN	11	2	0	0	0	2	2	2	1	1	2	1	1	1	1	2
69	2025-26	NBB	MCCREE	KTO MINAS	2025-11-10, BRA vs MIN	24	18	5	8	2	4	2	2	8	2	10	2	1	1	4	0
69	2025-26	NBB	PARANHOS	KTO MINAS	2025-11-10, BRA vs MIN	23	12	5	9	0	0	2	2	5	1	6	3	0	0	0	4
69	2025-26	NBB	WILLIAMS	KTO MINAS	2025-11-10, BRA vs MIN	26	10	2	4	2	6	0	0	3	1	4	1	0	1	2	0
69	2025-26	NBB	FUZARO	KTO MINAS	2025-11-10, BRA vs MIN	18	7	2	4	0	0	3	3	2	1	3	2	0	0	0	3
69	2025-26	NBB	WINI SILVA	KTO MINAS	2025-11-10, BRA vs MIN	15	6	3	5	0	0	0	0	2	2	4	0	0	0	6	4
69	2025-26	NBB	ARENGO	KTO MINAS	2025-11-10, BRA vs MIN	26	6	0	5	2	6	0	0	7	1	8	0	0	0	2	1
69	2025-26	NBB	FISCHER	KTO MINAS	2025-11-10, BRA vs MIN	20	5	1	4	1	3	0	0	1	1	2	6	1	0	0	4
69	2025-26	NBB	R. RACHEL	KTO MINAS	2025-11-10, BRA vs MIN	18	5	1	2	1	2	0	0	1	0	1	0	0	0	2	2
69	2025-26	NBB	YURI	KTO MINAS	2025-11-10, BRA vs MIN	13	4	2	2	0	3	0	0	3	0	3	0	0	0	0	0
69	2025-26	NBB	DAVIS JR.	KTO MINAS	2025-11-10, BRA vs MIN	14	3	0	1	1	2	0	0	1	0	1	3	0	0	0	4
69	2025-26	NBB	RODRIGUEZ	KTO MINAS	2025-11-10, BRA vs MIN	3	2	0	0	0	0	2	2	0	0	0	1	0	0	1	2
70	2025-26	NBB	SLOAN	PINHEIROS	2025-11-11, PIN vs UCO	29	20	5	8	3	4	1	2	5	0	5	7	0	0	2	1
70	2025-26	NBB	PENHA JR.	PINHEIROS	2025-11-11, PIN vs UCO	34	18	3	5	3	8	3	4	1	4	5	3	1	1	1	0
70	2025-26	NBB	PASTRE	PINHEIROS	2025-11-11, PIN vs UCO	25	16	2	2	4	8	0	0	5	2	7	2	1	0	0	1
70	2025-26	NBB	AGAPY	PINHEIROS	2025-11-11, PIN vs UCO	20	16	7	9	0	0	2	3	3	3	6	0	1	1	2	3
70	2025-26	NBB	DJALO	PINHEIROS	2025-11-11, PIN vs UCO	26	15	1	2	3	5	4	4	5	4	9	6	1	0	4	3
70	2025-26	NBB	GREGATE	PINHEIROS	2025-11-11, PIN vs UCO	17	5	2	4	0	3	1	2	1	1	2	3	2	0	2	1
70	2025-26	NBB	PACHECO	PINHEIROS	2025-11-11, PIN vs UCO	18	5	1	2	1	3	0	0	3	0	3	4	1	0	1	3
70	2025-26	NBB	MACIEL	PINHEIROS	2025-11-11, PIN vs UCO	14	4	2	3	0	0	0	0	1	0	1	2	0	0	0	2
70	2025-26	NBB	BETINHO	PINHEIROS	2025-11-11, PIN vs UCO	12	3	0	2	1	3	0	0	0	0	0	0	0	0	0	1
70	2025-26	NBB	AFONSO	PINHEIROS	2025-11-11, PIN vs UCO	4	0	0	0	0	0	0	0	0	0	0	0	0	0	0	2
70	2025-26	NBB	MEILI	PINHEIROS	2025-11-11, PIN vs UCO	1	0	0	0	0	0	0	0	0	0	0	0	0	0	0	0
70	2025-26	NBB	HOLLOWELL	CEISC/UNIAO CORINTHIANS	2025-11-11, PIN vs UCO	32	24	9	11	2	6	0	0	3	1	4	5	2	1	0	1
70	2025-26	NBB	SCOTT	CEISC/UNIAO CORINTHIANS	2025-11-11, PIN vs UCO	23	18	6	9	0	1	6	6	1	1	2	6	0	0	6	2
70	2025-26	NBB	GUYTON	CEISC/UNIAO CORINTHIANS	2025-11-11, PIN vs UCO	14	12	0	0	4	5	0	0	2	0	2	1	0	0	1	1
70	2025-26	NBB	BARNES	CEISC/UNIAO CORINTHIANS	2025-11-11, PIN vs UCO	26	9	3	6	1	3	0	1	0	1	1	6	0	0	1	2
70	2025-26	NBB	VERISSIMO	CEISC/UNIAO CORINTHIANS	2025-11-11, PIN vs UCO	13	6	0	1	2	2	0	0	2	1	3	1	1	0	0	2
70	2025-26	NBB	GOES	CEISC/UNIAO CORINTHIANS	2025-11-11, PIN vs UCO	31	5	1	2	1	3	0	0	1	0	1	3	0	0	2	2
70	2025-26	NBB	HETTSHEIMEIR	CEISC/UNIAO CORINTHIANS	2025-11-11, PIN vs UCO	16	4	2	3	0	1	0	1	3	0	3	3	0	0	0	0
70	2025-26	NBB	ROSSETTO	CEISC/UNIAO CORINTHIANS	2025-11-11, PIN vs UCO	31	3	0	2	1	2	0	0	2	1	3	2	3	0	2	4
70	2025-26	NBB	COELHO	CEISC/UNIAO CORINTHIANS	2025-11-11, PIN vs UCO	2	3	0	0	1	2	0	0	1	0	1	0	0	0	0	0
70	2025-26	NBB	RENAN	CEISC/UNIAO CORINTHIANS	2025-11-11, PIN vs UCO	3	0	0	1	0	0	0	0	0	0	0	0	0	0	0	0
70	2025-26	NBB	BRANDAO	CEISC/UNIAO CORINTHIANS	2025-11-11, PIN vs UCO	7	0	0	0	0	1	0	2	0	0	0	0	0	0	1	2
71	2025-26	NBB	MUNFORD	CORINTHIANS	2025-11-11, COR vs SJO	21	24	4	6	4	6	4	5	1	2	3	2	0	0	1	3
71	2025-26	NBB	CLARK	CORINTHIANS	2025-11-11, COR vs SJO	31	15	3	3	3	10	0	0	6	1	7	5	1	0	4	3
71	2025-26	NBB	VICTAO	CORINTHIANS	2025-11-11, COR vs SJO	31	10	2	4	2	3	0	2	8	1	9	3	2	0	1	3
71	2025-26	NBB	THOMAS	CORINTHIANS	2025-11-11, COR vs SJO	15	8	1	2	2	5	0	0	3	0	3	4	0	0	4	0
71	2025-26	NBB	ELINHO	CORINTHIANS	2025-11-11, COR vs SJO	34	8	1	2	2	8	0	0	3	0	3	7	0	1	3	2
71	2025-26	NBB	NOVAES	CORINTHIANS	2025-11-11, COR vs SJO	22	7	3	6	0	0	1	2	5	3	8	2	1	0	2	2
71	2025-26	NBB	RAYMUNDO	CORINTHIANS	2025-11-11, COR vs SJO	9	4	2	2	0	1	0	1	1	1	2	1	1	0	2	0
71	2025-26	NBB	T. FARIA	CORINTHIANS	2025-11-11, COR vs SJO	19	2	1	2	0	1	0	0	4	1	5	3	1	0	0	1
71	2025-26	NBB	LUCAS CAUE	CORINTHIANS	2025-11-11, COR vs SJO	18	0	0	2	0	0	0	0	1	0	1	1	1	0	4	3
71	2025-26	NBB	DOS SANTOS	MR. MOO SAO JOSE BASKETBALL	2025-11-11, COR vs SJO	38	21	8	11	1	7	2	2	7	3	10	3	2	1	1	1
71	2025-26	NBB	ANDERSON	MR. MOO SAO JOSE BASKETBALL	2025-11-11, COR vs SJO	24	13	4	7	0	0	5	6	1	0	1	0	2	0	0	2
71	2025-26	NBB	MAIQUE	MR. MOO SAO JOSE BASKETBALL	2025-11-11, COR vs SJO	18	10	1	1	2	4	2	2	2	1	3	0	0	0	0	2
71	2025-26	NBB	ADYEL	MR. MOO SAO JOSE BASKETBALL	2025-11-11, COR vs SJO	22	9	0	6	3	6	0	2	1	0	1	3	2	0	3	0
71	2025-26	NBB	LESSA	MR. MOO SAO JOSE BASKETBALL	2025-11-11, COR vs SJO	28	6	0	3	2	4	0	0	1	0	1	7	3	0	3	4
71	2025-26	NBB	MILLER	MR. MOO SAO JOSE BASKETBALL	2025-11-11, COR vs SJO	35	3	0	3	1	6	0	0	1	0	1	2	3	0	3	0
71	2025-26	NBB	NICKEL	MR. MOO SAO JOSE BASKETBALL	2025-11-11, COR vs SJO	2	2	0	0	0	0	2	2	1	1	2	0	0	0	0	1
71	2025-26	NBB	PESSOA	MR. MOO SAO JOSE BASKETBALL	2025-11-11, COR vs SJO	5	0	0	0	0	1	0	0	0	0	0	0	0	0	0	1
71	2025-26	NBB	CAUE	MR. MOO SAO JOSE BASKETBALL	2025-11-11, COR vs SJO	28	0	0	2	0	4	0	0	3	1	4	6	1	0	1	3
73	2025-26	NBB	MINEIRO	SESI FRANCA	2025-11-12, FRA vs FLA	25	15	1	2	2	4	7	9	6	0	6	1	0	0	2	3
73	2025-26	NBB	DAVID JACKSON	SESI FRANCA	2025-11-12, FRA vs FLA	34	14	3	5	0	4	8	8	4	1	5	4	1	0	2	3
73	2025-26	NBB	FELICIO	SESI FRANCA	2025-11-12, FRA vs FLA	23	13	5	7	0	1	3	6	8	5	13	0	0	0	1	3
73	2025-26	NBB	BENNETT	SESI FRANCA	2025-11-12, FRA vs FLA	34	13	5	8	1	4	0	0	1	0	1	1	0	0	4	4
73	2025-26	NBB	ZU JR.	SESI FRANCA	2025-11-12, FRA vs FLA	23	9	2	2	1	2	2	2	2	0	2	1	0	0	1	3
73	2025-26	NBB	LUCAS DIAS	SESI FRANCA	2025-11-12, FRA vs FLA	30	8	4	8	0	4	0	0	3	0	3	3	0	0	3	0
73	2025-26	NBB	LATERZA	SESI FRANCA	2025-11-12, FRA vs FLA	30	0	0	1	0	5	0	0	4	0	4	5	1	0	3	2
73	2025-26	NBB	ALEXEY	FLAMENGO	2025-11-12, FRA vs FLA	24	16	5	6	1	4	3	3	3	0	3	10	3	0	1	0
73	2025-26	NBB	BOST	FLAMENGO	2025-11-12, FRA vs FLA	22	14	1	2	4	11	0	0	3	0	3	4	0	0	2	2
73	2025-26	NBB	WESLEY	FLAMENGO	2025-11-12, FRA vs FLA	15	11	4	5	1	3	0	0	4	0	4	0	0	0	0	1
73	2025-26	NBB	CUMMINGS	FLAMENGO	2025-11-12, FRA vs FLA	31	9	1	1	1	2	4	4	2	2	4	1	1	0	1	4
73	2025-26	NBB	MANEL	FLAMENGO	2025-11-12, FRA vs FLA	14	8	4	4	0	0	0	0	1	2	3	1	0	0	0	3
73	2025-26	NBB	DORIA	FLAMENGO	2025-11-12, FRA vs FLA	13	7	2	3	0	0	3	4	2	1	3	1	0	0	1	4
73	2025-26	NBB	NEGRETE	FLAMENGO	2025-11-12, FRA vs FLA	17	7	0	3	2	3	1	2	3	0	3	1	0	1	1	1
73	2025-26	NBB	GUI	FLAMENGO	2025-11-12, FRA vs FLA	28	7	2	3	1	5	0	0	2	0	2	0	3	0	2	3
73	2025-26	NBB	JOHNSON SR.	FLAMENGO	2025-11-12, FRA vs FLA	23	5	1	3	1	5	0	0	5	0	5	3	0	0	2	2
73	2025-26	NBB	DANIEL	FLAMENGO	2025-11-12, FRA vs FLA	10	2	1	2	0	1	0	0	0	0	0	1	0	0	0	2
73	2025-26	NBB	GUEIROS	FLAMENGO	2025-11-12, FRA vs FLA	1	0	0	0	0	0	0	0	0	0	0	0	0	0	1	0
73	2025-26	NBB	V. CAUA	FLAMENGO	2025-11-12, FRA vs FLA	2	0	0	0	0	0	0	2	0	0	0	0	0	0	0	1
74	2025-26	NBB	MALACHIAS	BASKET OSASCO	2025-11-12, OSA vs VAS	24	18	7	8	0	1	4	4	10	0	10	0	1	1	1	4
74	2025-26	NBB	HARRIS	BASKET OSASCO	2025-11-12, OSA vs VAS	34	13	4	14	0	2	5	6	3	1	4	6	1	3	3	2
74	2025-26	NBB	WEBER	BASKET OSASCO	2025-11-12, OSA vs VAS	35	13	4	5	1	6	2	2	5	2	7	3	3	1	3	4
74	2025-26	NBB	EDDY	BASKET OSASCO	2025-11-12, OSA vs VAS	35	9	0	0	3	7	0	0	4	1	5	1	0	0	0	3
74	2025-26	NBB	PASSOS	BASKET OSASCO	2025-11-12, OSA vs VAS	15	7	2	2	0	0	3	4	3	0	3	1	0	1	2	1
74	2025-26	NBB	BRITOS	BASKET OSASCO	2025-11-12, OSA vs VAS	26	7	2	2	1	6	0	0	2	0	2	10	2	0	1	1
74	2025-26	NBB	DALAQUA	BASKET OSASCO	2025-11-12, OSA vs VAS	16	2	0	1	0	2	2	2	1	1	2	2	0	0	2	1
74	2025-26	NBB	MANAUS	BASKET OSASCO	2025-11-12, OSA vs VAS	5	0	0	1	0	0	0	0	1	0	1	0	0	0	0	0
74	2025-26	NBB	BRENO	BASKET OSASCO	2025-11-12, OSA vs VAS	9	0	0	2	0	1	0	0	0	0	0	0	0	0	1	2
74	2025-26	NBB	PEDRO NUNES	VASCO DA GAMA	2025-11-12, OSA vs VAS	30	17	7	10	1	4	0	1	2	1	3	2	1	0	2	2
74	2025-26	NBB	G. BASILIO	VASCO DA GAMA	2025-11-12, OSA vs VAS	39	13	5	11	1	5	0	0	3	3	6	3	1	0	1	2
74	2025-26	NBB	MATHIAS	VASCO DA GAMA	2025-11-12, OSA vs VAS	30	12	5	9	0	1	2	2	8	2	10	0	0	1	4	4
74	2025-26	NBB	ZIBECCHI	VASCO DA GAMA	2025-11-12, OSA vs VAS	14	9	0	1	3	5	0	0	1	0	1	1	1	0	2	0
74	2025-26	NBB	MAGNA	VASCO DA GAMA	2025-11-12, OSA vs VAS	26	4	0	3	1	7	1	2	5	1	6	1	0	1	1	2
74	2025-26	NBB	ALE	VASCO DA GAMA	2025-11-12, OSA vs VAS	26	3	1	4	0	1	1	2	5	2	7	3	0	0	3	3
74	2025-26	NBB	ELIAS	VASCO DA GAMA	2025-11-12, OSA vs VAS	25	2	1	4	0	3	0	0	1	1	2	2	1	0	0	2
74	2025-26	NBB	JUAN	VASCO DA GAMA	2025-11-12, OSA vs VAS	1	0	0	0	0	1	0	0	1	0	1	0	0	0	0	1
74	2025-26	NBB	HONORATO	VASCO DA GAMA	2025-11-12, OSA vs VAS	9	0	0	0	0	0	0	0	3	1	4	0	0	0	3	1
75	2025-26	NBB	HORTON	PATO BASQUETE	2025-11-12, PAT vs UFC	35	18	5	7	1	8	5	7	1	2	3	1	4	1	4	2
75	2025-26	NBB	THOMPSON	PATO BASQUETE	2025-11-12, PAT vs UFC	28	17	6	11	1	4	2	4	3	0	3	0	1	0	3	3
75	2025-26	NBB	EDU MARILIA	PATO BASQUETE	2025-11-12, PAT vs UFC	27	8	1	4	1	4	3	3	3	3	6	0	2	1	2	4
75	2025-26	NBB	MICHEL	PATO BASQUETE	2025-11-12, PAT vs UFC	29	7	2	2	1	7	0	0	1	1	2	1	3	0	0	3
75	2025-26	NBB	CREWS	PATO BASQUETE	2025-11-12, PAT vs UFC	4	3	0	1	1	1	0	0	0	0	0	0	0	0	0	0
75	2025-26	NBB	GRIGOR	PATO BASQUETE	2025-11-12, PAT vs UFC	19	3	1	1	0	2	1	2	2	2	4	0	0	0	1	5
75	2025-26	NBB	D. PENTEADO	PATO BASQUETE	2025-11-12, PAT vs UFC	17	2	1	3	0	5	0	0	1	0	1	0	0	0	0	3
75	2025-26	NBB	NAKA	PATO BASQUETE	2025-11-12, PAT vs UFC	17	2	1	3	0	2	0	0	2	0	2	1	0	0	2	2
75	2025-26	NBB	FIDELIS	PATO BASQUETE	2025-11-12, PAT vs UFC	24	2	0	1	0	1	2	4	2	2	4	0	2	0	1	1
75	2025-26	NBB	SIFONTES	UNIFACISA	2025-11-12, PAT vs UFC	34	22	4	7	2	4	8	10	8	1	9	4	3	1	3	3
75	2025-26	NBB	ANTONIO	UNIFACISA	2025-11-12, PAT vs UFC	33	18	4	6	2	5	4	6	4	1	5	1	1	0	1	5
75	2025-26	NBB	GERSON	UNIFACISA	2025-11-12, PAT vs UFC	25	9	4	5	0	0	1	1	7	3	10	1	1	0	4	2
75	2025-26	NBB	JIMMY	UNIFACISA	2025-11-12, PAT vs UFC	34	6	1	4	0	5	4	6	7	3	10	2	0	0	3	2
75	2025-26	NBB	FLORES	UNIFACISA	2025-11-12, PAT vs UFC	16	6	0	0	2	3	0	0	0	0	0	0	0	0	2	3
75	2025-26	NBB	MELVIN	UNIFACISA	2025-11-12, PAT vs UFC	16	6	1	3	0	4	4	6	3	1	4	0	0	0	2	0
75	2025-26	NBB	LEAL	UNIFACISA	2025-11-12, PAT vs UFC	14	5	2	5	0	0	1	1	1	1	2	2	0	1	1	2
75	2025-26	NBB	JOAO PAULO	UNIFACISA	2025-11-12, PAT vs UFC	14	3	1	2	0	1	1	1	1	2	3	0	0	0	0	1
75	2025-26	NBB	COELHO	UNIFACISA	2025-11-12, PAT vs UFC	13	2	0	2	0	1	2	2	0	0	0	2	0	0	0	3
76	2025-26	NBB	ALEX	BAURU BASKET	2025-11-13, BAU vs BOT	35	23	8	10	1	6	4	4	3	1	4	6	0	0	4	3
76	2025-26	NBB	ANDREZAO	BAURU BASKET	2025-11-13, BAU vs BOT	26	18	8	14	0	0	2	2	6	4	10	2	0	1	2	4
76	2025-26	NBB	EUGENIUSZ	BAURU BASKET	2025-11-13, BAU vs BOT	29	14	2	5	1	5	7	8	2	1	3	4	0	0	3	3
76	2025-26	NBB	PEDRO	BAURU BASKET	2025-11-13, BAU vs BOT	20	5	1	2	1	2	0	0	0	3	3	2	1	0	1	2
76	2025-26	NBB	MOREIRA	BAURU BASKET	2025-11-13, BAU vs BOT	14	4	2	5	0	0	0	0	1	3	4	0	0	0	2	2
76	2025-26	NBB	VITHINHO	BAURU BASKET	2025-11-13, BAU vs BOT	14	4	1	3	0	5	2	2	1	0	1	2	0	0	0	1
76	2025-26	NBB	MATERAN	BAURU BASKET	2025-11-13, BAU vs BOT	24	3	0	0	1	6	0	0	3	1	4	1	3	0	2	4
76	2025-26	NBB	GUSTAVO	BAURU BASKET	2025-11-13, BAU vs BOT	16	2	0	4	0	0	2	2	2	1	3	2	2	0	0	4
76	2025-26	NBB	GEMERSON	BAURU BASKET	2025-11-13, BAU vs BOT	20	0	0	0	0	2	0	0	1	0	1	1	0	0	1	0
76	2025-26	NBB	AUGUSTO	BAURU BASKET	2025-11-13, BAU vs BOT	2	0	0	0	0	0	0	0	0	0	0	0	0	0	0	1
76	2025-26	NBB	SCHEUER	BOTAFOGO	2025-11-13, BAU vs BOT	16	16	5	6	0	0	6	6	5	2	7	0	0	0	3	4
76	2025-26	NBB	MATHEUSINHO	BOTAFOGO	2025-11-13, BAU vs BOT	31	16	4	11	1	4	5	9	2	0	2	8	0	0	4	4
76	2025-26	NBB	EMANUEL	BOTAFOGO	2025-11-13, BAU vs BOT	37	11	4	4	1	5	0	0	2	0	2	0	1	0	2	2
76	2025-26	NBB	XAVIER	BOTAFOGO	2025-11-13, BAU vs BOT	36	11	5	8	0	2	1	2	9	3	12	0	1	0	1	1
76	2025-26	NBB	ALCASSA	BOTAFOGO	2025-11-13, BAU vs BOT	29	11	3	7	0	1	5	6	2	2	4	1	2	2	2	3
76	2025-26	NBB	PAULINO	BOTAFOGO	2025-11-13, BAU vs BOT	16	6	2	2	0	1	2	2	1	1	2	0	1	0	1	3
76	2025-26	NBB	MARQUARDT	BOTAFOGO	2025-11-13, BAU vs BOT	22	0	0	1	0	2	0	0	4	0	4	2	0	0	2	0
76	2025-26	NBB	DAWKINS	BOTAFOGO	2025-11-13, BAU vs BOT	13	0	0	0	0	0	0	0	0	0	0	1	1	0	2	0
77	2025-26	NBB	HUNTER	PAULISTANO	2025-11-13, CAP vs UCO	27	23	6	8	3	7	2	4	3	1	4	4	1	0	0	2
77	2025-26	NBB	SIEWERT	PAULISTANO	2025-11-13, CAP vs UCO	28	17	1	2	5	11	0	0	6	1	7	1	1	0	4	1
77	2025-26	NBB	SEIXAS	PAULISTANO	2025-11-13, CAP vs UCO	18	14	0	2	4	5	2	2	1	0	1	5	0	0	0	1
77	2025-26	NBB	DEMETRIO	PAULISTANO	2025-11-13, CAP vs UCO	21	12	2	2	2	2	2	4	6	1	7	3	2	1	0	0
77	2025-26	NBB	GUI ABREU	PAULISTANO	2025-11-13, CAP vs UCO	25	11	3	7	1	2	2	2	6	2	8	3	2	0	0	1
77	2025-26	NBB	VITINHO	PAULISTANO	2025-11-13, CAP vs UCO	24	7	2	3	1	4	0	0	1	1	2	3	1	0	0	1
77	2025-26	NBB	GABRIEL	PAULISTANO	2025-11-13, CAP vs UCO	18	4	2	4	0	1	0	0	3	1	4	1	0	2	2	2
77	2025-26	NBB	BIANCHI	PAULISTANO	2025-11-13, CAP vs UCO	4	4	1	2	0	0	2	2	0	1	1	1	0	0	0	0
77	2025-26	NBB	LEANDRO	PAULISTANO	2025-11-13, CAP vs UCO	9	4	2	3	0	1	0	0	1	1	2	0	0	0	1	3
77	2025-26	NBB	GABRIEL	PAULISTANO	2025-11-13, CAP vs UCO	19	3	0	2	1	2	0	0	1	0	1	0	0	0	1	4
77	2025-26	NBB	NETO	PAULISTANO	2025-11-13, CAP vs UCO	5	2	1	1	0	0	0	0	1	0	1	1	0	0	0	0
77	2025-26	NBB	HENRIQUE	PAULISTANO	2025-11-13, CAP vs UCO	3	0	0	0	0	0	0	0	1	0	1	0	0	0	1	1
77	2025-26	NBB	SCOTT	CEISC/UNIAO CORINTHIANS	2025-11-13, CAP vs UCO	25	19	7	10	0	1	5	6	7	1	8	2	0	0	5	2
77	2025-26	NBB	HOLLOWELL	CEISC/UNIAO CORINTHIANS	2025-11-13, CAP vs UCO	30	12	6	7	0	4	0	2	4	0	4	4	3	0	5	1
77	2025-26	NBB	ROSSETTO	CEISC/UNIAO CORINTHIANS	2025-11-13, CAP vs UCO	22	9	0	0	3	3	0	0	4	1	5	1	1	0	1	2
77	2025-26	NBB	GUYTON	CEISC/UNIAO CORINTHIANS	2025-11-13, CAP vs UCO	20	8	1	2	2	5	0	0	2	0	2	4	0	0	0	3
77	2025-26	NBB	VERISSIMO	CEISC/UNIAO CORINTHIANS	2025-11-13, CAP vs UCO	18	4	2	4	0	0	0	2	1	0	1	1	1	0	0	2
77	2025-26	NBB	HETTSHEIMEIR	CEISC/UNIAO CORINTHIANS	2025-11-13, CAP vs UCO	14	4	0	2	1	1	1	2	1	0	1	0	0	1	0	1
77	2025-26	NBB	BRANDAO	CEISC/UNIAO CORINTHIANS	2025-11-13, CAP vs UCO	5	3	1	2	0	0	1	2	0	1	1	0	0	0	0	1
77	2025-26	NBB	BARNES	CEISC/UNIAO CORINTHIANS	2025-11-13, CAP vs UCO	23	3	1	4	0	5	1	1	1	1	2	1	0	0	0	3
77	2025-26	NBB	ISAAC	CEISC/UNIAO CORINTHIANS	2025-11-13, CAP vs UCO	10	2	1	1	0	3	0	0	0	0	0	0	0	0	0	1
77	2025-26	NBB	GOES	CEISC/UNIAO CORINTHIANS	2025-11-13, CAP vs UCO	24	1	0	0	0	2	1	2	2	0	2	4	2	0	1	1
77	2025-26	NBB	COELHO	CEISC/UNIAO CORINTHIANS	2025-11-13, CAP vs UCO	3	0	0	2	0	0	0	0	0	0	0	1	0	0	1	0
77	2025-26	NBB	RENAN	CEISC/UNIAO CORINTHIANS	2025-11-13, CAP vs UCO	5	0	0	0	0	0	0	0	1	0	1	1	0	0	2	0
78	2025-26	NBB	THOMPSON	PATO BASQUETE	2025-11-14, PAT vs FOR	23	16	5	12	2	3	0	0	2	1	3	2	0	0	2	2
78	2025-26	NBB	HORTON	PATO BASQUETE	2025-11-14, PAT vs FOR	27	13	4	6	1	3	2	2	3	1	4	3	0	0	2	2
78	2025-26	NBB	FIDELIS	PATO BASQUETE	2025-11-14, PAT vs FOR	27	11	2	4	1	1	4	6	3	4	7	1	1	1	2	3
78	2025-26	NBB	D. PENTEADO	PATO BASQUETE	2025-11-14, PAT vs FOR	24	10	1	2	2	7	2	2	2	3	5	2	0	1	1	4
78	2025-26	NBB	EDU MARILIA	PATO BASQUETE	2025-11-14, PAT vs FOR	21	8	4	6	0	0	0	0	4	2	6	1	1	0	2	4
78	2025-26	NBB	CREWS	PATO BASQUETE	2025-11-14, PAT vs FOR	13	7	0	2	2	4	1	2	2	0	2	1	1	0	0	1
78	2025-26	NBB	NAKA	PATO BASQUETE	2025-11-14, PAT vs FOR	18	6	1	4	0	3	4	4	0	1	1	4	2	0	0	0
78	2025-26	NBB	MICHEL	PATO BASQUETE	2025-11-14, PAT vs FOR	21	6	1	2	1	5	1	2	1	4	5	2	2	0	1	2
78	2025-26	NBB	GRIGOR	PATO BASQUETE	2025-11-14, PAT vs FOR	26	5	2	4	0	2	1	2	5	1	6	3	1	1	2	4
78	2025-26	NBB	POPOVIC	FORTALEZA BASQUETE CEARENSE	2025-11-14, PAT vs FOR	30	20	4	7	2	3	6	9	5	2	7	0	2	0	3	3
78	2025-26	NBB	GABRIEL	FORTALEZA BASQUETE CEARENSE	2025-11-14, PAT vs FOR	18	15	1	2	3	5	4	5	3	0	3	1	0	0	1	2
78	2025-26	NBB	DUPREE	FORTALEZA BASQUETE CEARENSE	2025-11-14, PAT vs FOR	32	10	3	8	0	4	4	8	2	2	4	3	0	0	2	5
78	2025-26	NBB	DA SILVA	FORTALEZA BASQUETE CEARENSE	2025-11-14, PAT vs FOR	32	10	3	4	0	0	4	4	3	2	5	4	0	0	0	1
78	2025-26	NBB	SALSAMENDI	FORTALEZA BASQUETE CEARENSE	2025-11-14, PAT vs FOR	29	9	4	5	0	1	1	1	1	1	2	2	1	0	2	4
78	2025-26	NBB	GOHLKE	FORTALEZA BASQUETE CEARENSE	2025-11-14, PAT vs FOR	33	7	1	2	1	10	2	2	3	0	3	0	1	0	2	1
78	2025-26	NBB	JEANZINHO	FORTALEZA BASQUETE CEARENSE	2025-11-14, PAT vs FOR	16	5	1	2	1	1	0	0	1	0	1	2	0	0	3	0
78	2025-26	NBB	ALBERTON	FORTALEZA BASQUETE CEARENSE	2025-11-14, PAT vs FOR	6	3	1	2	0	0	1	2	1	4	5	0	0	0	1	4
78	2025-26	NBB	SAMUEL	FORTALEZA BASQUETE CEARENSE	2025-11-14, PAT vs FOR	3	0	0	0	0	0	0	0	0	0	0	0	0	0	0	0
78	2025-26	NBB	AUGUSTO VIEIRA	FORTALEZA BASQUETE CEARENSE	2025-11-14, PAT vs FOR	1	0	0	0	0	0	0	0	0	0	0	0	0	0	0	0
79	2025-26	NBB	MENCA	MOGI BASQUETE	2025-11-14, MOG vs RCB	16	16	3	4	2	4	4	6	0	1	1	4	1	0	1	5
79	2025-26	NBB	GABRIEL CAMPOS	MOGI BASQUETE	2025-11-14, MOG vs RCB	18	15	1	1	2	4	7	8	1	0	1	8	0	0	1	2
79	2025-26	NBB	RUIVO	MOGI BASQUETE	2025-11-14, MOG vs RCB	21	13	1	2	3	7	2	4	2	0	2	2	0	0	2	0
79	2025-26	NBB	DIKEMBE	MOGI BASQUETE	2025-11-14, MOG vs RCB	19	11	4	6	0	0	3	4	4	3	7	3	2	0	1	0
79	2025-26	NBB	VINI CHAGAS	MOGI BASQUETE	2025-11-14, MOG vs RCB	22	9	3	3	1	3	0	0	4	0	4	2	0	1	0	2
79	2025-26	NBB	MAICON DOUGLAS	MOGI BASQUETE	2025-11-14, MOG vs RCB	13	8	3	4	0	0	2	6	4	2	6	0	0	2	1	1
79	2025-26	NBB	VITORIANO	MOGI BASQUETE	2025-11-14, MOG vs RCB	11	7	0	0	1	2	4	4	0	0	0	0	0	0	1	3
79	2025-26	NBB	ANDERSON	MOGI BASQUETE	2025-11-14, MOG vs RCB	22	5	0	2	0	1	5	6	4	1	5	2	4	0	2	3
79	2025-26	NBB	CALDEIRA	MOGI BASQUETE	2025-11-14, MOG vs RCB	20	4	0	1	0	3	4	4	4	0	4	4	0	0	1	2
79	2025-26	NBB	BARRY	MOGI BASQUETE	2025-11-14, MOG vs RCB	13	3	0	0	1	2	0	0	2	0	2	1	0	0	0	4
79	2025-26	NBB	RAUL	MOGI BASQUETE	2025-11-14, MOG vs RCB	10	2	1	1	0	0	0	0	1	1	2	0	0	0	1	0
79	2025-26	NBB	PAULO	MOGI BASQUETE	2025-11-14, MOG vs RCB	15	2	1	2	0	2	0	0	1	0	1	0	0	0	1	2
79	2025-26	NBB	GEMADINHA	CONTA SIMPLES RIO CLARO	2025-11-14, MOG vs RCB	28	12	1	3	1	8	7	7	0	0	0	0	1	0	0	4
79	2025-26	NBB	OWENS	CONTA SIMPLES RIO CLARO	2025-11-14, MOG vs RCB	17	10	5	6	0	2	0	0	1	2	3	0	0	0	1	1
79	2025-26	NBB	SCOTT	CONTA SIMPLES RIO CLARO	2025-11-14, MOG vs RCB	37	9	3	8	0	1	3	6	6	1	7	3	0	0	6	3
79	2025-26	NBB	RIKALO	CONTA SIMPLES RIO CLARO	2025-11-14, MOG vs RCB	28	8	0	1	2	5	2	2	2	0	2	1	0	0	7	5
79	2025-26	NBB	VITOR	CONTA SIMPLES RIO CLARO	2025-11-14, MOG vs RCB	30	6	2	3	0	7	2	2	6	3	9	0	0	0	1	1
79	2025-26	NBB	MURILO	CONTA SIMPLES RIO CLARO	2025-11-14, MOG vs RCB	11	4	1	1	0	2	2	2	3	0	3	0	0	2	0	3
79	2025-26	NBB	CARLOS JR.	CONTA SIMPLES RIO CLARO	2025-11-14, MOG vs RCB	12	2	1	3	0	0	0	0	1	2	3	0	0	0	0	5
79	2025-26	NBB	BONFIM	CONTA SIMPLES RIO CLARO	2025-11-14, MOG vs RCB	17	2	0	1	0	4	2	4	3	0	3	1	0	0	0	3
79	2025-26	NBB	CAIOKA	CONTA SIMPLES RIO CLARO	2025-11-14, MOG vs RCB	8	2	1	2	0	1	0	0	0	0	0	0	0	0	0	1
79	2025-26	NBB	PASTOR	CONTA SIMPLES RIO CLARO	2025-11-14, MOG vs RCB	5	0	0	0	0	0	0	0	0	1	1	0	0	0	0	0
79	2025-26	NBB	DOS ANJOS	CONTA SIMPLES RIO CLARO	2025-11-14, MOG vs RCB	6	0	0	1	0	0	0	0	0	0	0	0	0	0	0	1
80	2025-26	NBB	CORVALAN	CAIXA/BRASILIA	2025-11-14, BRA vs CRU	32	15	1	7	3	9	4	6	5	0	5	5	1	0	3	0
80	2025-26	NBB	PAULICHI	CAIXA/BRASILIA	2025-11-14, BRA vs CRU	25	12	3	5	1	1	3	5	7	3	10	0	1	0	1	4
80	2025-26	NBB	CRESCENZI	CAIXA/BRASILIA	2025-11-14, BRA vs CRU	28	12	3	6	2	4	0	0	3	2	5	0	3	0	1	3
80	2025-26	NBB	BRUNAO	CAIXA/BRASILIA	2025-11-14, BRA vs CRU	12	12	4	6	0	0	4	5	4	0	4	1	2	0	0	1
80	2025-26	NBB	BUIU	CAIXA/BRASILIA	2025-11-14, BRA vs CRU	22	9	3	5	1	6	0	1	3	1	4	2	1	1	1	3
80	2025-26	NBB	PEDRO	CAIXA/BRASILIA	2025-11-14, BRA vs CRU	20	6	1	2	1	2	1	2	5	0	5	3	2	0	0	3
80	2025-26	NBB	LUCAS	CAIXA/BRASILIA	2025-11-14, BRA vs CRU	15	5	1	5	1	2	0	0	0	0	0	2	1	0	1	2
80	2025-26	NBB	VON HAYDIN	CAIXA/BRASILIA	2025-11-14, BRA vs CRU	20	5	0	4	1	5	2	2	2	1	3	4	0	0	0	0
80	2025-26	NBB	BELLER	CAIXA/BRASILIA	2025-11-14, BRA vs CRU	3	3	0	0	1	1	0	0	0	0	0	0	0	0	0	2
80	2025-26	NBB	CARBONARI	CAIXA/BRASILIA	2025-11-14, BRA vs CRU	21	0	0	2	0	2	0	0	0	1	1	2	0	0	2	3
80	2025-26	NBB	GUSTAVO	CAIXA/BRASILIA	2025-11-14, BRA vs CRU	1	0	0	0	0	1	0	0	0	2	2	0	0	0	0	0
80	2025-26	NBB	ZAGO	CAIXA/BRASILIA	2025-11-14, BRA vs CRU	1	0	0	1	0	1	0	0	0	0	0	0	0	0	0	1
80	2025-26	NBB	JJ	CRUZEIRO BASQUETE	2025-11-14, BRA vs CRU	32	23	4	7	3	6	6	7	13	1	14	0	2	1	2	3
80	2025-26	NBB	CLAY	CRUZEIRO BASQUETE	2025-11-14, BRA vs CRU	21	10	1	3	2	5	2	2	2	0	2	3	1	0	3	1
80	2025-26	NBB	ANSALONI	CRUZEIRO BASQUETE	2025-11-14, BRA vs CRU	27	8	3	8	0	1	2	4	8	1	9	1	1	0	4	3
80	2025-26	NBB	SENA	CRUZEIRO BASQUETE	2025-11-14, BRA vs CRU	18	7	0	4	1	2	4	4	1	1	2	0	0	0	1	2
80	2025-26	NBB	NIQUE COLEMAN	CRUZEIRO BASQUETE	2025-11-14, BRA vs CRU	17	5	1	1	1	3	0	0	0	0	0	1	0	1	0	2
80	2025-26	NBB	I. THORNTON	CRUZEIRO BASQUETE	2025-11-14, BRA vs CRU	30	5	1	2	1	4	0	0	2	1	3	2	0	0	3	3
80	2025-26	NBB	LEO ABREU	CRUZEIRO BASQUETE	2025-11-14, BRA vs CRU	24	4	2	3	0	2	0	2	4	1	5	2	0	1	1	1
80	2025-26	NBB	CASSIANO	CRUZEIRO BASQUETE	2025-11-14, BRA vs CRU	13	3	0	0	1	2	0	2	1	0	1	0	1	0	1	3
80	2025-26	NBB	GITTENS	CRUZEIRO BASQUETE	2025-11-14, BRA vs CRU	16	0	0	2	0	2	0	2	4	0	4	5	0	0	3	2
82	2025-26	NBB	WILLIAMS	KTO MINAS	2025-11-15, MIN vs OSA	23	22	3	4	3	8	7	8	2	1	3	2	3	0	3	0
82	2025-26	NBB	PARANHOS	KTO MINAS	2025-11-15, MIN vs OSA	22	12	4	11	0	0	4	8	3	2	5	0	0	1	1	2
82	2025-26	NBB	ARENGO	KTO MINAS	2025-11-15, MIN vs OSA	26	11	1	3	3	5	0	0	4	0	4	3	3	0	1	2
82	2025-26	NBB	WINI SILVA	KTO MINAS	2025-11-15, MIN vs OSA	18	8	4	10	0	2	0	0	2	1	3	0	2	0	2	0
82	2025-26	NBB	MCCREE	KTO MINAS	2025-11-15, MIN vs OSA	26	8	1	5	1	2	3	4	6	1	7	2	2	0	2	2
82	2025-26	NBB	YURI	KTO MINAS	2025-11-15, MIN vs OSA	14	8	1	2	2	3	0	0	2	2	4	2	0	1	0	1
82	2025-26	NBB	FUZARO	KTO MINAS	2025-11-15, MIN vs OSA	17	6	3	4	0	0	0	0	1	3	4	3	0	0	0	3
82	2025-26	NBB	FISCHER	KTO MINAS	2025-11-15, MIN vs OSA	20	5	1	4	0	2	3	3	1	1	2	6	0	0	1	1
82	2025-26	NBB	R. RACHEL	KTO MINAS	2025-11-15, MIN vs OSA	14	4	0	0	1	3	1	2	3	1	4	1	0	3	2	4
82	2025-26	NBB	DAVIS JR.	KTO MINAS	2025-11-15, MIN vs OSA	16	2	1	1	0	2	0	0	1	0	1	5	0	0	0	1
82	2025-26	NBB	RODRIGUEZ	KTO MINAS	2025-11-15, MIN vs OSA	3	0	0	0	0	0	0	0	0	0	0	0	0	0	1	2
82	2025-26	NBB	BRITOS	BASKET OSASCO	2025-11-15, MIN vs OSA	34	25	3	4	6	11	1	1	4	1	5	1	1	0	5	4
82	2025-26	NBB	HARRIS	BASKET OSASCO	2025-11-15, MIN vs OSA	40	18	8	17	0	2	2	2	5	1	6	6	2	0	3	1
82	2025-26	NBB	WEBER	BASKET OSASCO	2025-11-15, MIN vs OSA	27	13	4	7	1	3	2	6	4	1	5	2	0	0	1	4
82	2025-26	NBB	MALACHIAS	BASKET OSASCO	2025-11-15, MIN vs OSA	32	13	6	9	0	3	1	1	7	3	10	3	1	0	1	3
82	2025-26	NBB	DALAQUA	BASKET OSASCO	2025-11-15, MIN vs OSA	28	4	2	5	0	4	0	0	0	0	0	4	2	0	2	3
82	2025-26	NBB	BRENO	BASKET OSASCO	2025-11-15, MIN vs OSA	15	4	2	3	0	0	0	0	0	1	1	1	0	0	1	3
82	2025-26	NBB	PASSOS	BASKET OSASCO	2025-11-15, MIN vs OSA	16	4	2	4	0	0	0	0	7	2	9	1	0	0	0	0
82	2025-26	NBB	MANAUS	BASKET OSASCO	2025-11-15, MIN vs OSA	11	0	0	1	0	0	0	0	2	1	3	0	0	0	0	1
83	2025-26	NBB	ANDREZAO	BAURU BASKET	2025-11-15, BAU vs VAS	22	18	9	13	0	0	0	0	4	3	7	1	1	0	1	1
83	2025-26	NBB	PEDRO	BAURU BASKET	2025-11-15, BAU vs VAS	24	15	3	5	3	4	0	0	2	3	5	3	3	0	0	1
83	2025-26	NBB	GUSTAVO	BAURU BASKET	2025-11-15, BAU vs VAS	18	11	4	5	1	6	0	0	2	0	2	3	1	0	1	0
83	2025-26	NBB	MOREIRA	BAURU BASKET	2025-11-15, BAU vs VAS	18	9	4	7	0	0	1	4	3	4	7	0	2	1	0	4
83	2025-26	NBB	EUGENIUSZ	BAURU BASKET	2025-11-15, BAU vs VAS	26	8	1	1	2	2	0	0	3	0	3	11	3	0	1	2
83	2025-26	NBB	MATERAN	BAURU BASKET	2025-11-15, BAU vs VAS	25	7	2	5	1	5	0	0	1	1	2	1	1	0	4	0
83	2025-26	NBB	ALEX	BAURU BASKET	2025-11-15, BAU vs VAS	16	5	1	1	1	3	0	0	4	0	4	2	0	0	2	2
83	2025-26	NBB	VITHINHO	BAURU BASKET	2025-11-15, BAU vs VAS	18	2	0	2	0	0	2	2	2	0	2	6	2	1	4	4
83	2025-26	NBB	AUGUSTO	BAURU BASKET	2025-11-15, BAU vs VAS	13	2	1	1	0	3	0	0	1	0	1	0	1	1	0	1
83	2025-26	NBB	GEMERSON	BAURU BASKET	2025-11-15, BAU vs VAS	21	0	0	1	0	4	0	0	3	1	4	2	0	0	0	2
83	2025-26	NBB	G. BASILIO	VASCO DA GAMA	2025-11-15, BAU vs VAS	35	11	0	3	2	4	5	6	1	1	2	4	0	0	3	2
83	2025-26	NBB	ALE	VASCO DA GAMA	2025-11-15, BAU vs VAS	22	11	2	3	2	4	1	2	4	1	5	1	1	0	4	1
83	2025-26	NBB	PEDRO NUNES	VASCO DA GAMA	2025-11-15, BAU vs VAS	30	8	2	4	1	4	1	2	1	1	2	0	0	0	1	1
83	2025-26	NBB	MATHIAS	VASCO DA GAMA	2025-11-15, BAU vs VAS	22	5	2	3	0	1	1	2	3	1	4	0	0	1	2	4
83	2025-26	NBB	ELIAS	VASCO DA GAMA	2025-11-15, BAU vs VAS	23	4	0	0	1	2	1	2	2	0	2	2	2	0	1	3
83	2025-26	NBB	ZIBECCHI	VASCO DA GAMA	2025-11-15, BAU vs VAS	19	4	1	5	0	4	2	2	1	0	1	1	1	0	3	0
83	2025-26	NBB	HONORATO	VASCO DA GAMA	2025-11-15, BAU vs VAS	8	4	2	5	0	0	0	0	3	2	5	0	0	0	2	0
83	2025-26	NBB	JUAN	VASCO DA GAMA	2025-11-15, BAU vs VAS	10	2	1	1	0	2	0	0	0	1	1	1	0	0	0	1
83	2025-26	NBB	ICARO	VASCO DA GAMA	2025-11-15, BAU vs VAS	2	2	1	2	0	1	0	0	0	0	0	0	1	0	1	1
83	2025-26	NBB	MAGNA	VASCO DA GAMA	2025-11-15, BAU vs VAS	20	2	1	2	0	2	0	0	3	0	3	0	0	0	2	0
83	2025-26	NBB	JONATHAN	VASCO DA GAMA	2025-11-15, BAU vs VAS	9	1	0	0	0	0	1	2	1	1	2	0	0	1	1	1
84	2025-26	NBB	SIFONTES	UNIFACISA	2025-11-15, UFC vs SJO	33	18	3	9	2	8	6	6	5	1	6	6	2	0	5	5
84	2025-26	NBB	COELHO	UNIFACISA	2025-11-15, UFC vs SJO	25	15	1	2	2	4	7	7	4	0	4	5	1	0	3	1
84	2025-26	NBB	MELVIN	UNIFACISA	2025-11-15, UFC vs SJO	33	15	4	9	0	6	7	8	2	2	4	1	0	0	2	3
84	2025-26	NBB	JIMMY	UNIFACISA	2025-11-15, UFC vs SJO	35	10	2	2	2	5	0	0	2	1	3	2	2	0	1	5
84	2025-26	NBB	ANTONIO	UNIFACISA	2025-11-15, UFC vs SJO	29	8	1	1	2	4	0	0	4	2	6	2	1	0	3	2
84	2025-26	NBB	LEAL	UNIFACISA	2025-11-15, UFC vs SJO	23	7	3	8	0	0	1	2	8	2	10	0	0	0	2	3
84	2025-26	NBB	GERSON	UNIFACISA	2025-11-15, UFC vs SJO	22	4	2	6	0	0	0	0	3	1	4	1	1	0	1	1
84	2025-26	NBB	JOAO PAULO	UNIFACISA	2025-11-15, UFC vs SJO	4	3	0	0	1	1	0	0	2	0	2	0	0	0	0	0
84	2025-26	NBB	FLORES	UNIFACISA	2025-11-15, UFC vs SJO	14	3	0	1	1	2	0	0	0	1	1	1	0	0	0	3
84	2025-26	NBB	GUEYE	UNIFACISA	2025-11-15, UFC vs SJO	6	2	1	1	0	1	0	0	1	0	1	0	0	0	0	2
84	2025-26	NBB	ANTONIO	MR. MOO SAO JOSE BASKETBALL	2025-11-15, UFC vs SJO	5	3	0	0	1	2	0	0	2	0	2	0	0	0	0	0
84	2025-26	NBB	COELHO	MR. MOO SAO JOSE BASKETBALL	2025-11-15, UFC vs SJO	4	3	0	0	0	0	3	3	0	0	0	0	0	0	1	0
84	2025-26	NBB	SIFONTES	MR. MOO SAO JOSE BASKETBALL	2025-11-15, UFC vs SJO	5	2	1	1	0	1	0	0	1	0	1	0	0	0	3	1
84	2025-26	NBB	LEAL	MR. MOO SAO JOSE BASKETBALL	2025-11-15, UFC vs SJO	1	0	0	0	0	0	0	0	0	0	0	0	0	0	1	0
84	2025-26	NBB	FLORES	MR. MOO SAO JOSE BASKETBALL	2025-11-15, UFC vs SJO	2	0	0	0	0	0	0	0	0	0	0	0	0	0	0	1
84	2025-26	NBB	GERSON	MR. MOO SAO JOSE BASKETBALL	2025-11-15, UFC vs SJO	4	0	0	0	0	0	0	0	1	0	1	0	0	0	0	0
84	2025-26	NBB	MELVIN	MR. MOO SAO JOSE BASKETBALL	2025-11-15, UFC vs SJO	5	0	0	0	0	0	0	0	0	0	0	0	0	0	0	1
86	2025-26	NBB	HOLLOWELL	CEISC/UNIAO CORINTHIANS	2025-11-17, UCO vs CAX	39	17	6	12	0	2	5	7	7	3	10	5	0	4	3	3
86	2025-26	NBB	SCOTT	CEISC/UNIAO CORINTHIANS	2025-11-17, UCO vs CAX	39	15	3	9	1	2	6	8	6	6	12	2	0	3	4	4
86	2025-26	NBB	VERISSIMO	CEISC/UNIAO CORINTHIANS	2025-11-17, UCO vs CAX	34	14	5	6	1	2	1	5	2	2	4	0	2	0	3	2
86	2025-26	NBB	BARNES	CEISC/UNIAO CORINTHIANS	2025-11-17, UCO vs CAX	29	12	3	6	2	5	0	0	2	0	2	0	0	0	2	3
86	2025-26	NBB	GUYTON	CEISC/UNIAO CORINTHIANS	2025-11-17, UCO vs CAX	22	9	0	1	3	5	0	0	2	0	2	3	0	1	0	0
86	2025-26	NBB	GOES	CEISC/UNIAO CORINTHIANS	2025-11-17, UCO vs CAX	35	6	1	5	1	4	1	2	5	0	5	6	3	0	4	2
86	2025-26	NBB	ISAAC	CEISC/UNIAO CORINTHIANS	2025-11-17, UCO vs CAX	9	3	0	1	1	2	0	0	1	0	1	0	0	0	0	2
86	2025-26	NBB	HETTSHEIMEIR	CEISC/UNIAO CORINTHIANS	2025-11-17, UCO vs CAX	10	1	0	0	0	1	1	2	1	0	1	0	0	0	0	0
86	2025-26	NBB	ROSSETTO	CEISC/UNIAO CORINTHIANS	2025-11-17, UCO vs CAX	9	0	0	2	0	1	0	0	0	1	1	2	0	0	0	1
86	2025-26	NBB	BARNES	CAXIAS DO SUL BASQUETE	2025-11-17, UCO vs CAX	5	4	2	3	0	0	0	0	1	0	1	0	0	0	0	1
86	2025-26	NBB	HOLLOWELL	CAXIAS DO SUL BASQUETE	2025-11-17, UCO vs CAX	5	3	1	2	0	0	1	2	2	0	2	0	0	0	0	0
86	2025-26	NBB	GOES	CAXIAS DO SUL BASQUETE	2025-11-17, UCO vs CAX	5	2	1	2	0	0	0	0	0	0	0	0	0	0	0	0
86	2025-26	NBB	SCOTT	CAXIAS DO SUL BASQUETE	2025-11-17, UCO vs CAX	5	0	0	1	0	0	0	0	0	1	1	1	0	1	1	0
86	2025-26	NBB	VERISSIMO	CAXIAS DO SUL BASQUETE	2025-11-17, UCO vs CAX	5	0	0	0	0	1	0	0	1	2	3	0	0	0	2	0
87	2025-26	NBB	MENCA	MOGI BASQUETE	2025-11-17, MOG vs PAT	21	17	2	5	3	5	4	5	1	1	2	3	2	0	5	1
87	2025-26	NBB	GABRIEL CAMPOS	MOGI BASQUETE	2025-11-17, MOG vs PAT	28	16	3	4	3	6	1	1	1	0	1	0	2	0	2	0
87	2025-26	NBB	PAULO	MOGI BASQUETE	2025-11-17, MOG vs PAT	24	12	2	5	2	4	2	3	4	2	6	4	0	2	0	2
87	2025-26	NBB	VINI CHAGAS	MOGI BASQUETE	2025-11-17, MOG vs PAT	22	9	1	2	2	3	1	2	7	2	9	2	0	0	0	0
87	2025-26	NBB	RUIVO	MOGI BASQUETE	2025-11-17, MOG vs PAT	20	8	1	1	2	8	0	0	1	0	1	3	1	0	1	2
87	2025-26	NBB	DIKEMBE	MOGI BASQUETE	2025-11-17, MOG vs PAT	21	8	4	8	0	0	0	0	10	2	12	2	0	0	2	1
87	2025-26	NBB	CALDEIRA	MOGI BASQUETE	2025-11-17, MOG vs PAT	16	7	1	2	1	2	2	4	1	0	1	3	1	0	2	4
87	2025-26	NBB	ANDERSON	MOGI BASQUETE	2025-11-17, MOG vs PAT	17	5	1	1	0	4	3	4	6	4	10	0	2	0	2	2
87	2025-26	NBB	MAICON DOUGLAS	MOGI BASQUETE	2025-11-17, MOG vs PAT	7	2	1	1	0	0	0	0	0	0	0	1	1	0	0	2
87	2025-26	NBB	VITORIANO	MOGI BASQUETE	2025-11-17, MOG vs PAT	11	2	1	1	0	1	0	0	1	0	1	0	0	0	2	1
87	2025-26	NBB	RAUL	MOGI BASQUETE	2025-11-17, MOG vs PAT	8	0	0	1	0	1	0	0	0	0	0	0	0	0	0	1
87	2025-26	NBB	BARRY	MOGI BASQUETE	2025-11-17, MOG vs PAT	7	0	0	1	0	0	0	0	1	0	1	0	0	0	1	0
87	2025-26	NBB	D. PENTEADO	PATO BASQUETE	2025-11-17, MOG vs PAT	22	10	1	4	2	4	2	2	1	1	2	1	0	0	1	1
87	2025-26	NBB	EDU MARILIA	PATO BASQUETE	2025-11-17, MOG vs PAT	22	10	3	4	0	3	4	4	2	0	2	0	0	1	2	3
87	2025-26	NBB	HORTON	PATO BASQUETE	2025-11-17, MOG vs PAT	22	8	0	3	0	1	8	8	5	2	7	4	1	0	4	2
87	2025-26	NBB	FIDELIS	PATO BASQUETE	2025-11-17, MOG vs PAT	23	7	1	1	1	5	2	2	1	0	1	2	1	0	1	1
87	2025-26	NBB	GRIGOR	PATO BASQUETE	2025-11-17, MOG vs PAT	18	7	3	5	0	2	1	2	2	1	3	0	0	1	0	1
87	2025-26	NBB	THOMPSON	PATO BASQUETE	2025-11-17, MOG vs PAT	20	6	2	6	0	2	2	2	0	1	1	1	1	0	2	1
87	2025-26	NBB	CREWS	PATO BASQUETE	2025-11-17, MOG vs PAT	19	5	1	3	1	4	0	0	2	1	3	1	0	0	5	0
87	2025-26	NBB	MICHEL	PATO BASQUETE	2025-11-17, MOG vs PAT	23	3	0	1	1	3	0	0	2	0	2	4	2	0	1	4
87	2025-26	NBB	WILLKER Z.	PATO BASQUETE	2025-11-17, MOG vs PAT	5	2	1	1	0	0	0	0	0	1	1	2	1	0	0	1
87	2025-26	NBB	N. GOMES	PATO BASQUETE	2025-11-17, MOG vs PAT	1	0	0	1	0	0	0	0	1	0	1	0	0	0	1	0
87	2025-26	NBB	NAKA	PATO BASQUETE	2025-11-17, MOG vs PAT	20	0	0	4	0	1	0	0	3	0	3	2	2	0	1	1
87	2025-26	NBB	MATEUS	PATO BASQUETE	2025-11-17, MOG vs PAT	4	0	0	0	0	0	0	0	0	0	0	0	0	0	0	1
88	2025-26	NBB	I. THORNTON	CRUZEIRO BASQUETE	2025-11-17, CRU vs OSA	34	29	2	2	7	11	4	4	4	0	4	1	0	0	1	1
88	2025-26	NBB	ANSALONI	CRUZEIRO BASQUETE	2025-11-17, CRU vs OSA	31	15	5	7	1	2	2	2	7	1	8	4	1	0	0	1
88	2025-26	NBB	NIQUE COLEMAN	CRUZEIRO BASQUETE	2025-11-17, CRU vs OSA	26	15	5	7	1	4	2	2	5	0	5	1	0	0	3	3
88	2025-26	NBB	GITTENS	CRUZEIRO BASQUETE	2025-11-17, CRU vs OSA	26	13	2	3	3	6	0	0	3	1	4	6	0	0	6	2
88	2025-26	NBB	JJ	CRUZEIRO BASQUETE	2025-11-17, CRU vs OSA	28	10	2	6	2	5	0	0	1	1	2	5	2	0	2	2
88	2025-26	NBB	SENA	CRUZEIRO BASQUETE	2025-11-17, CRU vs OSA	14	7	3	3	0	0	1	1	3	1	4	1	1	1	2	2
88	2025-26	NBB	CASSIANO	CRUZEIRO BASQUETE	2025-11-17, CRU vs OSA	17	5	0	1	1	3	2	2	0	0	0	4	0	0	0	2
88	2025-26	NBB	LEO ABREU	CRUZEIRO BASQUETE	2025-11-17, CRU vs OSA	14	4	2	2	0	0	0	0	1	0	1	3	2	0	1	1
88	2025-26	NBB	LUDWIG	CRUZEIRO BASQUETE	2025-11-17, CRU vs OSA	4	0	0	0	0	2	0	0	0	0	0	0	0	0	0	1
88	2025-26	NBB	CLAY	CRUZEIRO BASQUETE	2025-11-17, CRU vs OSA	6	0	0	0	0	0	0	0	0	0	0	0	0	0	0	0
88	2025-26	NBB	HARRIS	BASKET OSASCO	2025-11-17, CRU vs OSA	34	29	8	10	4	4	1	1	4	0	4	2	2	0	4	2
88	2025-26	NBB	MALACHIAS	BASKET OSASCO	2025-11-17, CRU vs OSA	31	13	2	5	3	5	0	0	2	3	5	3	0	1	2	1
88	2025-26	NBB	BRITOS	BASKET OSASCO	2025-11-17, CRU vs OSA	24	11	0	3	2	5	5	5	0	0	0	3	1	0	2	1
88	2025-26	NBB	MANAUS	BASKET OSASCO	2025-11-17, CRU vs OSA	26	11	4	5	1	6	0	0	5	2	7	1	1	0	1	3
88	2025-26	NBB	WEBER	BASKET OSASCO	2025-11-17, CRU vs OSA	30	8	2	5	1	4	1	1	2	3	5	2	2	0	3	2
88	2025-26	NBB	DALAQUA	BASKET OSASCO	2025-11-17, CRU vs OSA	16	3	0	1	0	3	3	4	0	1	1	2	1	0	1	2
88	2025-26	NBB	LEONI	BASKET OSASCO	2025-11-17, CRU vs OSA	10	1	0	1	0	2	1	2	0	1	1	1	0	0	1	1
88	2025-26	NBB	PASSOS	BASKET OSASCO	2025-11-17, CRU vs OSA	12	0	0	1	0	0	0	0	2	0	2	0	0	0	0	0
88	2025-26	NBB	TAREK	BASKET OSASCO	2025-11-17, CRU vs OSA	8	0	0	0	0	4	0	0	0	0	0	1	0	0	1	1
88	2025-26	NBB	BRENO	BASKET OSASCO	2025-11-17, CRU vs OSA	8	0	0	2	0	0	0	0	1	0	1	0	0	0	1	1
89	2025-26	NBB	PARANHOS	KTO MINAS	2025-11-18, MIN vs CAP	22	15	7	7	0	0	1	2	3	0	3	1	0	0	2	2
89	2025-26	NBB	WILLIAMS	KTO MINAS	2025-11-18, MIN vs CAP	23	15	3	3	3	6	0	0	2	0	2	3	2	1	2	1
89	2025-26	NBB	FUZARO	KTO MINAS	2025-11-18, MIN vs CAP	22	15	3	3	1	4	6	7	2	0	2	2	4	0	4	3
89	2025-26	NBB	MCCREE	KTO MINAS	2025-11-18, MIN vs CAP	17	14	3	3	2	5	2	3	3	0	3	3	3	0	0	2
89	2025-26	NBB	R. RACHEL	KTO MINAS	2025-11-18, MIN vs CAP	17	12	1	2	3	6	1	1	4	1	5	0	1	0	0	2
89	2025-26	NBB	ARENGO	KTO MINAS	2025-11-18, MIN vs CAP	18	7	2	2	1	4	0	0	1	0	1	1	1	0	0	1
89	2025-26	NBB	YURI	KTO MINAS	2025-11-18, MIN vs CAP	17	6	2	2	0	2	2	2	2	2	4	0	1	0	0	4
89	2025-26	NBB	FISCHER	KTO MINAS	2025-11-18, MIN vs CAP	19	5	1	1	1	2	0	0	3	0	3	9	0	0	0	2
89	2025-26	NBB	DAVIS JR.	KTO MINAS	2025-11-18, MIN vs CAP	16	2	1	1	0	3	0	0	2	1	3	2	1	0	2	1
89	2025-26	NBB	WINI SILVA	KTO MINAS	2025-11-18, MIN vs CAP	18	2	0	6	0	0	2	2	3	2	5	2	0	1	2	1
89	2025-26	NBB	CESAR	KTO MINAS	2025-11-18, MIN vs CAP	6	1	0	0	0	1	1	2	0	1	1	0	0	0	0	0
89	2025-26	NBB	RODRIGUEZ	KTO MINAS	2025-11-18, MIN vs CAP	5	0	0	1	0	0	0	0	0	0	0	0	0	0	3	0
89	2025-26	NBB	HUNTER	PAULISTANO	2025-11-18, MIN vs CAP	23	12	1	6	1	2	7	8	3	2	5	1	0	0	4	1
89	2025-26	NBB	VITINHO	PAULISTANO	2025-11-18, MIN vs CAP	25	8	1	4	2	8	0	0	4	1	5	5	0	0	2	1
89	2025-26	NBB	GABRIEL	PAULISTANO	2025-11-18, MIN vs CAP	18	8	2	2	1	1	1	2	1	2	3	0	1	0	1	5
89	2025-26	NBB	DEMETRIO	PAULISTANO	2025-11-18, MIN vs CAP	19	8	2	4	1	4	1	3	3	1	4	0	0	0	1	2
89	2025-26	NBB	SIEWERT	PAULISTANO	2025-11-18, MIN vs CAP	18	7	2	7	1	4	0	0	1	2	3	3	0	0	1	3
89	2025-26	NBB	GABRIEL	PAULISTANO	2025-11-18, MIN vs CAP	24	6	2	2	0	0	2	2	1	4	5	2	0	1	0	1
89	2025-26	NBB	GUI ABREU	PAULISTANO	2025-11-18, MIN vs CAP	18	6	0	4	1	4	3	4	1	1	2	0	2	1	2	2
89	2025-26	NBB	LEANDRO	PAULISTANO	2025-11-18, MIN vs CAP	20	5	0	0	1	1	2	2	3	0	3	1	3	0	3	4
89	2025-26	NBB	SEIXAS	PAULISTANO	2025-11-18, MIN vs CAP	19	3	1	3	0	3	1	2	0	0	0	1	0	0	2	1
89	2025-26	NBB	LUIZ GUILHERME	PAULISTANO	2025-11-18, MIN vs CAP	8	0	0	0	0	2	0	0	1	0	1	0	0	0	0	1
89	2025-26	NBB	NETO	PAULISTANO	2025-11-18, MIN vs CAP	8	0	0	1	0	0	0	0	1	0	1	0	1	1	1	0
90	2025-26	NBB	MELVIN	UNIFACISA	2025-11-18, UFC vs BAU	27	21	8	10	1	2	2	3	4	0	4	3	1	0	2	0
90	2025-26	NBB	LEAL	UNIFACISA	2025-11-18, UFC vs BAU	24	14	5	8	0	0	4	4	8	1	9	1	1	0	2	3
90	2025-26	NBB	FLORES	UNIFACISA	2025-11-18, UFC vs BAU	15	13	2	2	2	3	3	4	1	0	1	2	0	0	3	2
90	2025-26	NBB	SIFONTES	UNIFACISA	2025-11-18, UFC vs BAU	23	12	4	4	1	3	1	2	4	2	6	6	1	0	1	2
90	2025-26	NBB	JIMMY	UNIFACISA	2025-11-18, UFC vs BAU	32	9	3	4	1	5	0	0	2	0	2	3	1	0	1	2
90	2025-26	NBB	ANTONIO	UNIFACISA	2025-11-18, UFC vs BAU	28	8	2	2	1	2	1	2	3	1	4	2	2	0	6	0
90	2025-26	NBB	COELHO	UNIFACISA	2025-11-18, UFC vs BAU	18	5	1	2	1	5	0	1	1	1	2	1	0	0	0	3
90	2025-26	NBB	GERSON	UNIFACISA	2025-11-18, UFC vs BAU	15	4	2	3	0	0	0	1	3	0	3	0	2	1	2	3
90	2025-26	NBB	JOAO PAULO	UNIFACISA	2025-11-18, UFC vs BAU	17	0	0	0	0	2	0	0	4	0	4	0	0	0	1	1
90	2025-26	NBB	ALEX	BAURU BASKET	2025-11-18, UFC vs BAU	22	12	5	8	0	2	2	3	0	0	0	3	1	0	2	2
90	2025-26	NBB	MOREIRA	BAURU BASKET	2025-11-18, UFC vs BAU	15	10	4	11	0	0	2	4	4	3	7	0	2	0	1	2
90	2025-26	NBB	ANDREZAO	BAURU BASKET	2025-11-18, UFC vs BAU	25	9	4	12	0	0	1	1	3	1	4	1	1	0	2	0
90	2025-26	NBB	MATERAN	BAURU BASKET	2025-11-18, UFC vs BAU	26	9	1	1	2	5	1	2	4	0	4	3	1	0	1	2
90	2025-26	NBB	PEDRO	BAURU BASKET	2025-11-18, UFC vs BAU	27	8	4	6	0	3	0	0	0	4	4	3	2	0	1	3
90	2025-26	NBB	VITHINHO	BAURU BASKET	2025-11-18, UFC vs BAU	26	6	1	3	1	4	1	1	3	1	4	4	1	0	2	1
90	2025-26	NBB	GEMERSON	BAURU BASKET	2025-11-18, UFC vs BAU	18	5	1	1	1	5	0	0	2	0	2	1	0	0	0	3
90	2025-26	NBB	EUGENIUSZ	BAURU BASKET	2025-11-18, UFC vs BAU	16	4	1	4	0	0	2	2	1	0	1	0	0	0	3	4
90	2025-26	NBB	GUSTAVO	BAURU BASKET	2025-11-18, UFC vs BAU	21	2	1	3	0	1	0	0	0	2	2	1	2	0	1	2
90	2025-26	NBB	AUGUSTO	BAURU BASKET	2025-11-18, UFC vs BAU	4	1	0	0	0	1	1	2	0	1	1	0	0	0	0	0
91	2025-26	NBB	DA SILVA	FORTALEZA BASQUETE CEARENSE	2025-11-18, FOR vs SJO	30	20	6	10	1	3	5	6	6	4	10	0	2	0	2	2
91	2025-26	NBB	DUPREE	FORTALEZA BASQUETE CEARENSE	2025-11-18, FOR vs SJO	25	16	5	10	1	4	3	6	3	2	5	2	2	0	2	4
91	2025-26	NBB	ALBERTON	FORTALEZA BASQUETE CEARENSE	2025-11-18, FOR vs SJO	15	10	4	5	0	0	2	2	1	0	1	0	0	0	1	5
91	2025-26	NBB	GABRIEL	FORTALEZA BASQUETE CEARENSE	2025-11-18, FOR vs SJO	28	10	0	2	3	7	1	1	3	1	4	4	2	0	2	2
91	2025-26	NBB	AUGUSTO VIEIRA	FORTALEZA BASQUETE CEARENSE	2025-11-18, FOR vs SJO	11	6	2	3	0	0	2	2	1	5	6	0	0	0	0	2
91	2025-26	NBB	SALSAMENDI	FORTALEZA BASQUETE CEARENSE	2025-11-18, FOR vs SJO	30	6	3	7	0	4	0	0	7	3	10	4	0	0	0	3
91	2025-26	NBB	JEANZINHO	FORTALEZA BASQUETE CEARENSE	2025-11-18, FOR vs SJO	15	4	0	3	0	1	4	4	0	2	2	2	0	0	5	5
91	2025-26	NBB	POPOVIC	FORTALEZA BASQUETE CEARENSE	2025-11-18, FOR vs SJO	16	3	1	5	0	1	1	2	3	0	3	0	0	0	5	2
91	2025-26	NBB	GOHLKE	FORTALEZA BASQUETE CEARENSE	2025-11-18, FOR vs SJO	19	2	1	1	0	6	0	0	2	0	2	2	2	0	1	1
91	2025-26	NBB	SAMUEL	FORTALEZA BASQUETE CEARENSE	2025-11-18, FOR vs SJO	11	0	0	1	0	1	0	0	2	1	3	0	0	0	0	3
91	2025-26	NBB	ADYEL	MR. MOO SAO JOSE BASKETBALL	2025-11-18, FOR vs SJO	32	26	3	6	4	9	8	10	5	0	5	3	2	0	5	1
91	2025-26	NBB	MILLER	MR. MOO SAO JOSE BASKETBALL	2025-11-18, FOR vs SJO	37	25	1	3	7	12	2	4	0	0	0	1	3	1	1	3
91	2025-26	NBB	MAIQUE	MR. MOO SAO JOSE BASKETBALL	2025-11-18, FOR vs SJO	24	12	3	4	1	2	3	5	4	0	4	1	0	0	3	2
91	2025-26	NBB	LESSA	MR. MOO SAO JOSE BASKETBALL	2025-11-18, FOR vs SJO	25	9	2	4	0	1	5	5	5	2	7	0	4	0	4	4
91	2025-26	NBB	DOS SANTOS	MR. MOO SAO JOSE BASKETBALL	2025-11-18, FOR vs SJO	28	5	1	2	0	0	3	8	6	1	7	5	2	1	1	4
91	2025-26	NBB	LEO CRAVERO	MR. MOO SAO JOSE BASKETBALL	2025-11-18, FOR vs SJO	12	4	1	1	0	0	2	3	0	0	0	0	0	1	1	2
91	2025-26	NBB	ANDERSON	MR. MOO SAO JOSE BASKETBALL	2025-11-18, FOR vs SJO	9	3	1	3	0	0	1	6	1	0	1	1	0	0	0	0
91	2025-26	NBB	CAUE	MR. MOO SAO JOSE BASKETBALL	2025-11-18, FOR vs SJO	30	2	0	1	0	3	2	2	4	0	4	5	2	0	2	1
91	2025-26	NBB	NICKEL	MR. MOO SAO JOSE BASKETBALL	2025-11-18, FOR vs SJO	3	0	0	0	0	0	0	0	0	0	0	1	0	0	0	1
92	2025-26	NBB	MATHEUSINHO	BOTAFOGO	2025-11-18, BOT vs BRA	32	16	2	6	3	8	3	6	3	0	3	9	1	0	3	1
92	2025-26	NBB	ALCASSA	BOTAFOGO	2025-11-18, BOT vs BRA	33	15	6	9	1	2	0	0	3	2	5	2	0	0	0	1
92	2025-26	NBB	SCHEUER	BOTAFOGO	2025-11-18, BOT vs BRA	27	13	4	6	1	2	2	2	10	0	10	0	0	1	3	3
92	2025-26	NBB	PAULINO	BOTAFOGO	2025-11-18, BOT vs BRA	30	13	6	8	0	2	1	1	3	1	4	0	0	0	2	3
92	2025-26	NBB	EMANUEL	BOTAFOGO	2025-11-18, BOT vs BRA	32	6	0	3	2	5	0	0	7	3	10	4	0	0	2	3
92	2025-26	NBB	LUCAS	BOTAFOGO	2025-11-18, BOT vs BRA	24	4	2	3	0	4	0	0	0	0	0	1	1	0	3	4
92	2025-26	NBB	KLEBINHO	BOTAFOGO	2025-11-18, BOT vs BRA	13	3	0	1	1	1	0	0	0	0	0	0	0	0	3	3
92	2025-26	NBB	JOAO DAVI	BOTAFOGO	2025-11-18, BOT vs BRA	8	0	0	0	0	0	0	0	0	0	0	0	0	0	0	1
92	2025-26	NBB	CRESCENZI	CAIXA/BRASILIA	2025-11-18, BOT vs BRA	27	14	3	4	2	4	2	4	3	0	3	1	2	0	2	0
92	2025-26	NBB	PAULICHI	CAIXA/BRASILIA	2025-11-18, BOT vs BRA	29	13	6	9	0	1	1	2	1	3	4	4	0	1	1	2
92	2025-26	NBB	BUIU	CAIXA/BRASILIA	2025-11-18, BOT vs BRA	19	12	1	1	2	6	4	4	4	0	4	2	0	0	1	2
92	2025-26	NBB	LUCAS	CAIXA/BRASILIA	2025-11-18, BOT vs BRA	19	12	3	7	1	6	3	3	1	2	3	3	0	0	0	4
92	2025-26	NBB	VON HAYDIN	CAIXA/BRASILIA	2025-11-18, BOT vs BRA	22	10	3	4	1	5	1	2	2	0	2	1	2	1	2	1
92	2025-26	NBB	CORVALAN	CAIXA/BRASILIA	2025-11-18, BOT vs BRA	33	9	2	5	1	5	2	2	6	0	6	6	0	1	1	2
92	2025-26	NBB	CARBONARI	CAIXA/BRASILIA	2025-11-18, BOT vs BRA	32	8	4	4	0	3	0	0	4	2	6	1	0	0	2	3
92	2025-26	NBB	PEDRO	CAIXA/BRASILIA	2025-11-18, BOT vs BRA	13	4	2	2	0	3	0	0	0	2	2	2	1	0	0	0
92	2025-26	NBB	BELLER	CAIXA/BRASILIA	2025-11-18, BOT vs BRA	6	0	0	0	0	1	0	0	1	1	2	0	1	0	0	2
93	2025-26	NBB	THOMAS	CORINTHIANS	2025-11-19, COR vs PAT	27	21	5	6	3	6	2	3	4	1	5	2	1	1	1	0
93	2025-26	NBB	CLARK	CORINTHIANS	2025-11-19, COR vs PAT	26	20	2	4	4	6	4	4	0	1	1	3	2	0	2	2
93	2025-26	NBB	T. FARIA	CORINTHIANS	2025-11-19, COR vs PAT	22	13	2	2	2	4	3	3	1	0	1	2	0	0	6	2
93	2025-26	NBB	NOVAES	CORINTHIANS	2025-11-19, COR vs PAT	20	9	3	4	1	1	0	0	2	1	3	0	1	0	0	2
93	2025-26	NBB	RAYMUNDO	CORINTHIANS	2025-11-19, COR vs PAT	28	8	3	4	0	0	2	3	10	0	10	1	1	2	2	4
93	2025-26	NBB	MUNFORD	CORINTHIANS	2025-11-19, COR vs PAT	22	6	3	4	0	4	0	0	3	2	5	1	1	0	2	2
93	2025-26	NBB	ELINHO	CORINTHIANS	2025-11-19, COR vs PAT	25	6	1	3	1	3	1	2	3	0	3	6	0	0	7	0
93	2025-26	NBB	LUCAS CAUE	CORINTHIANS	2025-11-19, COR vs PAT	21	4	2	3	0	1	0	0	6	1	7	2	2	0	1	1
93	2025-26	NBB	LUKINHAS	CORINTHIANS	2025-11-19, COR vs PAT	2	0	0	0	0	0	0	0	0	0	0	0	0	0	0	0
93	2025-26	NBB	KAIQUE	CORINTHIANS	2025-11-19, COR vs PAT	4	0	0	1	0	0	0	0	0	0	0	1	0	0	0	0
93	2025-26	NBB	M. JAMELAO	CORINTHIANS	2025-11-19, COR vs PAT	2	0	0	0	0	1	0	0	0	0	0	0	0	0	0	0
93	2025-26	NBB	ALISSON	CORINTHIANS	2025-11-19, COR vs PAT	1	0	0	0	0	0	0	0	0	0	0	0	0	0	1	0
93	2025-26	NBB	CREWS	PATO BASQUETE	2025-11-19, COR vs PAT	25	25	2	4	6	11	3	4	3	0	3	0	2	0	2	1
93	2025-26	NBB	D. PENTEADO	PATO BASQUETE	2025-11-19, COR vs PAT	20	10	2	4	2	4	0	0	2	0	2	2	2	0	0	3
93	2025-26	NBB	HORTON	PATO BASQUETE	2025-11-19, COR vs PAT	26	8	2	6	0	2	4	4	1	5	6	3	2	0	3	1
93	2025-26	NBB	GRIGOR	PATO BASQUETE	2025-11-19, COR vs PAT	22	6	3	7	0	3	0	0	3	4	7	1	0	0	2	2
93	2025-26	NBB	NAKA	PATO BASQUETE	2025-11-19, COR vs PAT	28	5	1	4	1	2	0	0	1	1	2	4	2	0	5	1
93	2025-26	NBB	EDU MARILIA	PATO BASQUETE	2025-11-19, COR vs PAT	24	5	0	3	1	4	2	2	1	2	3	1	1	0	1	3
93	2025-26	NBB	MICHEL	PATO BASQUETE	2025-11-19, COR vs PAT	22	4	2	3	0	5	0	0	0	0	0	2	2	0	0	4
93	2025-26	NBB	FIDELIS	PATO BASQUETE	2025-11-19, COR vs PAT	21	3	1	3	0	2	1	2	1	1	2	1	1	0	1	2
93	2025-26	NBB	N. GOMES	PATO BASQUETE	2025-11-19, COR vs PAT	2	2	1	1	0	0	0	0	0	0	0	0	0	0	0	0
93	2025-26	NBB	WILLKER Z.	PATO BASQUETE	2025-11-19, COR vs PAT	8	0	0	1	0	0	0	0	2	0	2	1	0	0	0	0
93	2025-26	NBB	MATEUS	PATO BASQUETE	2025-11-19, COR vs PAT	4	0	0	0	0	0	0	0	0	0	0	0	0	0	0	0
94	2025-26	NBB	CUMMINGS	FLAMENGO	2025-11-20, FLA vs BRA	31	19	3	4	3	7	4	5	2	0	2	2	0	0	1	3
94	2025-26	NBB	GUI	FLAMENGO	2025-11-20, FLA vs BRA	29	18	0	0	6	13	0	0	1	0	1	0	0	0	1	3
94	2025-26	NBB	NEGRETE	FLAMENGO	2025-11-20, FLA vs BRA	24	14	3	7	1	3	5	6	1	0	1	1	0	0	1	1
94	2025-26	NBB	ALEXEY	FLAMENGO	2025-11-20, FLA vs BRA	27	9	1	2	1	1	4	6	2	1	3	11	3	0	3	2
94	2025-26	NBB	BOST	FLAMENGO	2025-11-20, FLA vs BRA	16	8	0	0	2	5	2	2	5	0	5	2	1	0	1	2
94	2025-26	NBB	WESLEY	FLAMENGO	2025-11-20, FLA vs BRA	17	6	3	4	0	0	0	0	1	2	3	0	0	1	1	4
94	2025-26	NBB	JOHNSON SR.	FLAMENGO	2025-11-20, FLA vs BRA	16	3	0	4	1	4	0	0	2	0	2	3	1	0	1	0
94	2025-26	NBB	MANEL	FLAMENGO	2025-11-20, FLA vs BRA	6	2	1	1	0	0	0	0	1	0	1	0	1	0	0	0
94	2025-26	NBB	DORIA	FLAMENGO	2025-11-20, FLA vs BRA	14	2	1	1	0	0	0	0	0	0	0	2	0	0	0	3
94	2025-26	NBB	JHONATAN	FLAMENGO	2025-11-20, FLA vs BRA	9	2	1	2	0	1	0	0	0	1	1	1	0	0	0	0
94	2025-26	NBB	KAYO	FLAMENGO	2025-11-20, FLA vs BRA	10	0	0	0	0	1	0	0	1	1	2	0	0	0	1	0
94	2025-26	NBB	CORVALAN	CAIXA/BRASILIA	2025-11-20, FLA vs BRA	30	22	2	2	3	6	9	10	2	0	2	1	0	1	3	3
94	2025-26	NBB	CRESCENZI	CAIXA/BRASILIA	2025-11-20, FLA vs BRA	30	17	7	12	1	9	0	0	5	3	8	3	2	0	1	0
94	2025-26	NBB	PAULICHI	CAIXA/BRASILIA	2025-11-20, FLA vs BRA	37	15	4	7	2	2	1	1	3	1	4	4	0	0	1	2
94	2025-26	NBB	BUIU	CAIXA/BRASILIA	2025-11-20, FLA vs BRA	31	11	2	2	2	4	1	2	5	0	5	7	2	1	1	3
94	2025-26	NBB	BRUNAO	CAIXA/BRASILIA	2025-11-20, FLA vs BRA	24	6	3	6	0	1	0	0	1	5	6	3	0	1	0	4
94	2025-26	NBB	CARBONARI	CAIXA/BRASILIA	2025-11-20, FLA vs BRA	14	5	1	2	1	1	0	0	1	0	1	0	0	1	2	1
94	2025-26	NBB	PEDRO	CAIXA/BRASILIA	2025-11-20, FLA vs BRA	12	5	1	1	1	1	0	0	2	0	2	1	1	0	0	2
94	2025-26	NBB	VON HAYDIN	CAIXA/BRASILIA	2025-11-20, FLA vs BRA	21	4	2	3	0	4	0	0	2	0	2	2	0	0	1	0
96	2025-26	NBB	JIMMY	UNIFACISA	2025-11-20, UFC vs FRA	36	18	6	6	2	8	0	0	2	3	5	1	2	0	1	0
96	2025-26	NBB	SIFONTES	UNIFACISA	2025-11-20, UFC vs FRA	28	14	5	10	0	3	4	7	3	3	6	3	1	0	2	2
96	2025-26	NBB	LEAL	UNIFACISA	2025-11-20, UFC vs FRA	19	10	5	12	0	0	0	0	2	4	6	1	1	0	1	4
96	2025-26	NBB	MELVIN	UNIFACISA	2025-11-20, UFC vs FRA	27	10	3	7	1	6	1	3	1	1	2	2	1	0	1	3
96	2025-26	NBB	COELHO	UNIFACISA	2025-11-20, UFC vs FRA	22	10	2	3	2	5	0	0	3	3	6	3	2	0	1	4
96	2025-26	NBB	ANTONIO	UNIFACISA	2025-11-20, UFC vs FRA	36	9	0	2	3	6	0	0	3	0	3	2	1	1	2	2
96	2025-26	NBB	FLORES	UNIFACISA	2025-11-20, UFC vs FRA	11	5	1	1	1	2	0	0	0	0	0	1	0	1	1	2
96	2025-26	NBB	GERSON	UNIFACISA	2025-11-20, UFC vs FRA	16	5	1	2	0	0	3	3	2	3	5	0	0	0	2	2
96	2025-26	NBB	JOAO PAULO	UNIFACISA	2025-11-20, UFC vs FRA	5	0	0	0	0	1	0	0	1	0	1	0	0	0	0	2
96	2025-26	NBB	FELICIO	SESI FRANCA	2025-11-20, UFC vs FRA	22	23	9	11	0	0	5	6	4	4	8	0	1	0	2	1
96	2025-26	NBB	GEORGINHO	SESI FRANCA	2025-11-20, UFC vs FRA	22	15	1	2	1	3	10	12	6	2	8	4	1	0	2	1
96	2025-26	NBB	DAVID JACKSON	SESI FRANCA	2025-11-20, UFC vs FRA	28	14	2	4	2	5	4	4	4	0	4	3	0	0	0	3
96	2025-26	NBB	LATERZA	SESI FRANCA	2025-11-20, UFC vs FRA	21	13	3	3	2	4	1	1	1	0	1	2	0	0	1	2
96	2025-26	NBB	LUCAS DIAS	SESI FRANCA	2025-11-20, UFC vs FRA	34	9	2	3	1	7	2	2	3	0	3	3	0	0	4	4
96	2025-26	NBB	BENNETT	SESI FRANCA	2025-11-20, UFC vs FRA	26	9	3	3	1	2	0	0	2	0	2	1	1	0	2	3
96	2025-26	NBB	ZU JR.	SESI FRANCA	2025-11-20, UFC vs FRA	23	8	2	4	1	4	1	1	0	1	1	0	0	0	1	2
96	2025-26	NBB	MINEIRO	SESI FRANCA	2025-11-20, UFC vs FRA	24	2	1	1	0	2	0	0	5	1	6	1	4	2	0	2
97	2025-26	NBB	CLAY	CRUZEIRO BASQUETE	2025-11-20, CRU vs CAP	27	20	4	7	4	5	0	0	2	2	4	1	1	1	0	3
97	2025-26	NBB	LEO ABREU	CRUZEIRO BASQUETE	2025-11-20, CRU vs CAP	25	12	2	4	2	3	2	2	2	1	3	7	2	0	1	1
97	2025-26	NBB	I. THORNTON	CRUZEIRO BASQUETE	2025-11-20, CRU vs CAP	32	11	0	1	3	8	2	2	0	1	1	2	0	0	0	3
97	2025-26	NBB	ANSALONI	CRUZEIRO BASQUETE	2025-11-20, CRU vs CAP	28	9	2	7	0	0	5	7	6	1	7	0	0	1	1	2
97	2025-26	NBB	NIQUE COLEMAN	CRUZEIRO BASQUETE	2025-11-20, CRU vs CAP	22	9	2	5	1	4	2	3	3	1	4	0	3	0	2	2
97	2025-26	NBB	SENA	CRUZEIRO BASQUETE	2025-11-20, CRU vs CAP	19	9	3	8	0	0	3	4	0	2	2	0	0	1	2	3
97	2025-26	NBB	CASSIANO	CRUZEIRO BASQUETE	2025-11-20, CRU vs CAP	14	7	2	5	1	2	0	0	2	0	2	3	2	0	0	3
97	2025-26	NBB	GITTENS	CRUZEIRO BASQUETE	2025-11-20, CRU vs CAP	19	7	1	4	1	5	2	4	1	0	1	4	1	0	2	1
97	2025-26	NBB	LUDWIG	CRUZEIRO BASQUETE	2025-11-20, CRU vs CAP	8	2	1	1	0	0	0	0	0	0	0	1	0	0	0	2
97	2025-26	NBB	FELIPE	CRUZEIRO BASQUETE	2025-11-20, CRU vs CAP	4	0	0	2	0	0	0	0	1	0	1	0	0	0	0	1
97	2025-26	NBB	HUNTER	PAULISTANO	2025-11-20, CRU vs CAP	32	23	4	12	5	9	0	0	2	2	4	4	0	0	0	3
97	2025-26	NBB	VITINHO	PAULISTANO	2025-11-20, CRU vs CAP	31	20	6	8	1	2	5	5	7	1	8	4	0	0	1	3
97	2025-26	NBB	GUI ABREU	PAULISTANO	2025-11-20, CRU vs CAP	31	17	4	8	1	3	6	7	4	2	6	5	1	2	3	3
97	2025-26	NBB	DEMETRIO	PAULISTANO	2025-11-20, CRU vs CAP	27	16	6	9	1	2	1	2	7	1	8	4	0	1	3	1
97	2025-26	NBB	SEIXAS	PAULISTANO	2025-11-20, CRU vs CAP	25	11	1	1	3	4	0	0	2	0	2	4	1	1	3	3
97	2025-26	NBB	GABRIEL	PAULISTANO	2025-11-20, CRU vs CAP	17	10	3	6	1	2	1	1	1	2	3	0	0	0	0	2
97	2025-26	NBB	GABRIEL	PAULISTANO	2025-11-20, CRU vs CAP	20	6	2	3	0	0	2	2	5	0	5	1	3	2	2	4
97	2025-26	NBB	NETO	PAULISTANO	2025-11-20, CRU vs CAP	13	3	0	1	1	1	0	2	3	0	3	2	1	0	1	3
97	2025-26	NBB	LUIZ GUILHERME	PAULISTANO	2025-11-20, CRU vs CAP	4	0	0	1	0	0	0	0	1	1	2	0	0	0	0	1
98	2025-26	NBB	MATHEUSINHO	BOTAFOGO	2025-11-20, BOT vs RCB	36	32	8	12	4	9	4	8	4	1	5	5	1	0	2	3
98	2025-26	NBB	ALCASSA	BOTAFOGO	2025-11-20, BOT vs RCB	38	17	5	8	0	1	7	9	3	4	7	2	0	1	2	2
98	2025-26	NBB	SCHEUER	BOTAFOGO	2025-11-20, BOT vs RCB	36	11	5	10	0	2	1	1	10	3	13	0	0	1	1	1
98	2025-26	NBB	EMANUEL	BOTAFOGO	2025-11-20, BOT vs RCB	30	7	0	0	2	3	1	2	3	1	4	0	1	0	2	3
98	2025-26	NBB	PAULINO	BOTAFOGO	2025-11-20, BOT vs RCB	23	4	0	4	0	3	4	4	0	0	0	1	0	0	0	4
98	2025-26	NBB	KLEBINHO	BOTAFOGO	2025-11-20, BOT vs RCB	18	3	0	1	1	1	0	0	0	0	0	1	0	0	1	3
98	2025-26	NBB	DANIEL	BOTAFOGO	2025-11-20, BOT vs RCB	4	0	0	0	0	1	0	0	0	0	0	0	0	0	0	0
98	2025-26	NBB	LUCAS	BOTAFOGO	2025-11-20, BOT vs RCB	16	0	0	0	0	2	0	0	3	2	5	1	0	0	0	2
98	2025-26	NBB	GEMADINHA	CONTA SIMPLES RIO CLARO	2025-11-20, BOT vs RCB	32	29	6	6	4	5	5	5	3	0	3	4	1	0	1	2
98	2025-26	NBB	SCOTT	CONTA SIMPLES RIO CLARO	2025-11-20, BOT vs RCB	38	11	3	4	1	2	2	2	2	0	2	2	0	0	4	4
98	2025-26	NBB	RIKALO	CONTA SIMPLES RIO CLARO	2025-11-20, BOT vs RCB	40	9	4	8	0	2	1	2	5	0	5	0	1	0	0	4
98	2025-26	NBB	CARLOS JR.	CONTA SIMPLES RIO CLARO	2025-11-20, BOT vs RCB	14	5	2	4	0	0	1	2	2	1	3	0	0	1	2	5
98	2025-26	NBB	OWENS	CONTA SIMPLES RIO CLARO	2025-11-20, BOT vs RCB	22	4	2	6	0	0	0	0	0	0	0	0	0	0	1	1
98	2025-26	NBB	VITOR	CONTA SIMPLES RIO CLARO	2025-11-20, BOT vs RCB	27	3	1	3	0	2	1	2	8	1	9	1	1	0	0	1
98	2025-26	NBB	MURILO	CONTA SIMPLES RIO CLARO	2025-11-20, BOT vs RCB	2	0	0	0	0	1	0	0	0	0	0	0	0	0	0	2
98	2025-26	NBB	CAIOKA	CONTA SIMPLES RIO CLARO	2025-11-20, BOT vs RCB	5	0	0	2	0	1	0	0	0	0	0	0	0	0	0	0
98	2025-26	NBB	COSTA	CONTA SIMPLES RIO CLARO	2025-11-20, BOT vs RCB	5	0	0	0	0	0	0	0	0	0	0	0	0	0	0	1
98	2025-26	NBB	DOS ANJOS	CONTA SIMPLES RIO CLARO	2025-11-20, BOT vs RCB	16	0	0	1	0	1	0	3	1	0	1	1	0	1	2	1
100	2025-26	NBB	WEBER	BASKET OSASCO	2025-11-21, OSA vs CAX	34	18	6	10	0	5	6	7	4	1	5	1	3	0	0	4
100	2025-26	NBB	HARRIS	BASKET OSASCO	2025-11-21, OSA vs CAX	37	17	3	5	1	4	8	9	5	2	7	4	0	0	6	1
100	2025-26	NBB	DALAQUA	BASKET OSASCO	2025-11-21, OSA vs CAX	23	10	3	8	1	4	1	2	2	1	3	3	2	0	4	2
100	2025-26	NBB	BRITOS	BASKET OSASCO	2025-11-21, OSA vs CAX	22	9	1	3	2	6	1	1	1	0	1	4	3	1	1	0
100	2025-26	NBB	EDDY	BASKET OSASCO	2025-11-21, OSA vs CAX	31	9	0	1	3	6	0	0	2	0	2	1	1	0	0	3
100	2025-26	NBB	MANAUS	BASKET OSASCO	2025-11-21, OSA vs CAX	10	4	2	3	0	0	0	0	2	1	3	0	1	0	0	4
100	2025-26	NBB	MALACHIAS	BASKET OSASCO	2025-11-21, OSA vs CAX	23	3	1	2	0	2	1	2	2	2	4	2	1	0	1	0
100	2025-26	NBB	PASSOS	BASKET OSASCO	2025-11-21, OSA vs CAX	16	3	1	1	0	0	1	3	1	4	5	1	0	0	1	1
100	2025-26	NBB	LEONI	BASKET OSASCO	2025-11-21, OSA vs CAX	4	2	1	1	0	1	0	0	0	0	0	0	1	0	0	1
100	2025-26	NBB	TOM	CAXIAS DO SUL BASQUETE	2025-11-21, OSA vs CAX	23	14	7	10	0	0	0	0	2	5	7	3	0	0	0	2
100	2025-26	NBB	VEZARO	CAXIAS DO SUL BASQUETE	2025-11-21, OSA vs CAX	32	14	0	1	4	5	2	2	1	0	1	2	2	0	0	3
100	2025-26	NBB	SHAMELL	CAXIAS DO SUL BASQUETE	2025-11-21, OSA vs CAX	23	12	3	4	1	4	3	3	3	1	4	5	1	0	2	1
100	2025-26	NBB	OMENA	CAXIAS DO SUL BASQUETE	2025-11-21, OSA vs CAX	28	11	4	5	1	2	0	0	1	0	1	3	1	0	3	2
100	2025-26	NBB	HUMBERTO	CAXIAS DO SUL BASQUETE	2025-11-21, OSA vs CAX	23	8	2	3	0	2	4	6	3	0	3	2	1	1	5	1
100	2025-26	NBB	AUGUSTO	CAXIAS DO SUL BASQUETE	2025-11-21, OSA vs CAX	23	8	3	5	0	1	2	2	2	0	2	0	0	0	1	2
100	2025-26	NBB	RAFA	CAXIAS DO SUL BASQUETE	2025-11-21, OSA vs CAX	16	6	2	4	0	1	2	2	3	0	3	1	0	1	2	4
100	2025-26	NBB	FABRIZZIO	CAXIAS DO SUL BASQUETE	2025-11-21, OSA vs CAX	16	4	1	3	0	1	2	2	6	1	7	5	0	0	5	2
100	2025-26	NBB	TIAGO M.	CAXIAS DO SUL BASQUETE	2025-11-21, OSA vs CAX	4	2	1	1	0	2	0	0	0	0	0	0	0	0	0	1
100	2025-26	NBB	MIGUEL	CAXIAS DO SUL BASQUETE	2025-11-21, OSA vs CAX	9	0	0	0	0	4	0	0	2	0	2	0	0	0	0	2
100	2025-26	NBB	LUAN	CAXIAS DO SUL BASQUETE	2025-11-21, OSA vs CAX	4	0	0	0	0	0	0	0	2	0	2	0	0	0	0	2
101	2025-26	NBB	PAULO	MOGI BASQUETE	2025-11-21, MOG vs UCO	23	19	2	4	4	4	3	3	3	2	5	1	1	1	0	0
101	2025-26	NBB	GABRIEL CAMPOS	MOGI BASQUETE	2025-11-21, MOG vs UCO	20	18	4	6	2	8	4	4	2	1	3	2	1	0	0	1
101	2025-26	NBB	MENCA	MOGI BASQUETE	2025-11-21, MOG vs UCO	16	13	2	4	2	5	3	3	1	1	2	1	3	0	2	1
101	2025-26	NBB	DIKEMBE	MOGI BASQUETE	2025-11-21, MOG vs UCO	17	13	5	9	0	0	3	4	4	3	7	3	2	0	1	2
101	2025-26	NBB	VINI CHAGAS	MOGI BASQUETE	2025-11-21, MOG vs UCO	17	11	3	4	1	3	2	2	7	1	8	1	1	0	1	3
101	2025-26	NBB	RUIVO	MOGI BASQUETE	2025-11-21, MOG vs UCO	28	10	2	5	1	5	3	4	4	0	4	7	0	0	1	1
101	2025-26	NBB	CALDEIRA	MOGI BASQUETE	2025-11-21, MOG vs UCO	16	6	3	4	0	0	0	0	0	0	0	2	0	0	2	2
101	2025-26	NBB	MAICON DOUGLAS	MOGI BASQUETE	2025-11-21, MOG vs UCO	14	4	2	3	0	0	0	2	4	2	6	0	1	2	0	0
101	2025-26	NBB	ANDERSON	MOGI BASQUETE	2025-11-21, MOG vs UCO	22	3	0	1	1	4	0	0	5	1	6	4	1	0	0	4
101	2025-26	NBB	VITORIANO	MOGI BASQUETE	2025-11-21, MOG vs UCO	21	2	1	1	0	1	0	0	0	1	1	1	0	1	1	2
101	2025-26	NBB	RAUL	MOGI BASQUETE	2025-11-21, MOG vs UCO	3	2	1	2	0	0	0	0	0	0	0	0	0	0	0	1
101	2025-26	NBB	BARRY	MOGI BASQUETE	2025-11-21, MOG vs UCO	3	0	0	0	0	0	0	0	0	0	0	0	0	0	0	1
101	2025-26	NBB	SCOTT	CEISC/UNIAO CORINTHIANS	2025-11-21, MOG vs UCO	26	16	5	13	1	1	3	4	6	4	10	1	0	1	2	3
101	2025-26	NBB	HOLLOWELL	CEISC/UNIAO CORINTHIANS	2025-11-21, MOG vs UCO	20	11	5	7	0	1	1	2	0	1	1	1	0	0	2	3
101	2025-26	NBB	BARNES	CEISC/UNIAO CORINTHIANS	2025-11-21, MOG vs UCO	19	9	3	8	1	2	0	0	0	0	0	1	0	0	2	1
101	2025-26	NBB	ROSSETTO	CEISC/UNIAO CORINTHIANS	2025-11-21, MOG vs UCO	20	8	1	3	2	4	0	0	1	0	1	5	0	0	1	2
101	2025-26	NBB	VERISSIMO	CEISC/UNIAO CORINTHIANS	2025-11-21, MOG vs UCO	25	8	3	5	0	3	2	6	6	1	7	1	2	0	0	1
101	2025-26	NBB	HETTSHEIMEIR	CEISC/UNIAO CORINTHIANS	2025-11-21, MOG vs UCO	16	6	0	0	2	4	0	0	4	0	4	0	0	0	1	3
101	2025-26	NBB	ISAAC	CEISC/UNIAO CORINTHIANS	2025-11-21, MOG vs UCO	22	6	1	1	1	4	1	4	1	1	2	3	0	0	0	0
101	2025-26	NBB	GUYTON	CEISC/UNIAO CORINTHIANS	2025-11-21, MOG vs UCO	21	5	1	2	1	3	0	0	0	1	1	1	1	0	2	0
101	2025-26	NBB	GOES	CEISC/UNIAO CORINTHIANS	2025-11-21, MOG vs UCO	23	1	0	1	0	0	1	2	3	1	4	5	1	0	3	1
101	2025-26	NBB	RENAN	CEISC/UNIAO CORINTHIANS	2025-11-21, MOG vs UCO	4	1	0	1	0	0	1	2	0	0	0	1	0	0	0	1
101	2025-26	NBB	BRANDAO	CEISC/UNIAO CORINTHIANS	2025-11-21, MOG vs UCO	4	0	0	0	0	1	0	0	1	0	1	1	0	0	0	0
102	2025-26	NBB	NEGRETE	FLAMENGO	2025-11-22, FLA vs RCB	24	16	0	2	3	5	7	7	2	0	2	3	0	0	3	1
102	2025-26	NBB	CUMMINGS	FLAMENGO	2025-11-22, FLA vs RCB	31	13	2	7	2	5	3	4	3	2	5	1	1	0	0	2
102	2025-26	NBB	WESLEY	FLAMENGO	2025-11-22, FLA vs RCB	23	12	3	5	0	1	6	6	2	0	2	0	2	0	1	3
102	2025-26	NBB	ALEXEY	FLAMENGO	2025-11-22, FLA vs RCB	22	11	1	2	2	2	3	4	3	1	4	7	1	0	2	0
102	2025-26	NBB	GUI	FLAMENGO	2025-11-22, FLA vs RCB	23	9	0	2	2	7	3	4	4	1	5	1	0	0	2	4
102	2025-26	NBB	JOHNSON SR.	FLAMENGO	2025-11-22, FLA vs RCB	25	9	1	6	2	4	1	2	2	2	4	4	2	0	1	2
102	2025-26	NBB	BOST	FLAMENGO	2025-11-22, FLA vs RCB	20	7	3	7	0	5	1	2	3	0	3	5	4	0	1	1
102	2025-26	NBB	KAYO	FLAMENGO	2025-11-22, FLA vs RCB	9	3	0	0	1	2	0	0	4	1	5	0	0	0	1	0
102	2025-26	NBB	MANEL	FLAMENGO	2025-11-22, FLA vs RCB	5	2	1	1	0	0	0	0	1	0	1	0	0	0	0	0
102	2025-26	NBB	DORIA	FLAMENGO	2025-11-22, FLA vs RCB	7	2	1	2	0	0	0	0	0	2	2	0	0	0	0	1
102	2025-26	NBB	JHONATAN	FLAMENGO	2025-11-22, FLA vs RCB	4	0	0	0	0	0	0	0	0	0	0	0	0	0	0	0
102	2025-26	NBB	DANIEL	FLAMENGO	2025-11-22, FLA vs RCB	6	0	0	1	0	0	0	0	2	0	2	1	0	0	0	0
102	2025-26	NBB	MURILO	CONTA SIMPLES RIO CLARO	2025-11-22, FLA vs RCB	32	17	4	8	3	4	0	0	1	4	5	1	3	5	2	5
102	2025-26	NBB	OWENS	CONTA SIMPLES RIO CLARO	2025-11-22, FLA vs RCB	20	15	6	9	0	0	3	4	3	0	3	0	0	0	2	2
102	2025-26	NBB	SCOTT	CONTA SIMPLES RIO CLARO	2025-11-22, FLA vs RCB	36	14	3	8	2	6	2	3	7	3	10	6	3	1	6	3
102	2025-26	NBB	GEMADINHA	CONTA SIMPLES RIO CLARO	2025-11-22, FLA vs RCB	35	11	1	3	3	11	0	0	4	0	4	3	0	0	3	4
102	2025-26	NBB	BONFIM	CONTA SIMPLES RIO CLARO	2025-11-22, FLA vs RCB	28	11	4	8	1	2	0	0	6	3	9	2	1	2	2	4
102	2025-26	NBB	DOS ANJOS	CONTA SIMPLES RIO CLARO	2025-11-22, FLA vs RCB	26	4	2	5	0	3	0	0	3	2	5	0	2	0	2	4
102	2025-26	NBB	VITOR	CONTA SIMPLES RIO CLARO	2025-11-22, FLA vs RCB	16	0	0	0	0	2	0	0	3	1	4	2	1	0	0	0
102	2025-26	NBB	RIKALO	CONTA SIMPLES RIO CLARO	2025-11-22, FLA vs RCB	7	0	0	0	0	2	0	0	1	0	1	0	0	0	1	1
103	2025-26	NBB	DOS SANTOS	MR. MOO SAO JOSE BASKETBALL	2025-11-22, SJO vs PAT	33	18	8	10	0	0	2	2	7	2	9	4	0	3	2	1
103	2025-26	NBB	MILLER	MR. MOO SAO JOSE BASKETBALL	2025-11-22, SJO vs PAT	35	14	3	5	2	7	2	2	3	1	4	0	1	0	2	0
103	2025-26	NBB	ANDERSON	MR. MOO SAO JOSE BASKETBALL	2025-11-22, SJO vs PAT	20	13	6	9	0	0	1	1	3	1	4	0	0	0	1	1
103	2025-26	NBB	CAUE	MR. MOO SAO JOSE BASKETBALL	2025-11-22, SJO vs PAT	29	10	2	2	2	4	0	0	5	1	6	5	2	0	0	2
103	2025-26	NBB	MAIQUE	MR. MOO SAO JOSE BASKETBALL	2025-11-22, SJO vs PAT	20	10	3	4	1	2	1	1	3	1	4	0	0	1	0	2
103	2025-26	NBB	ADYEL	MR. MOO SAO JOSE BASKETBALL	2025-11-22, SJO vs PAT	30	10	1	7	2	5	2	2	6	0	6	7	1	0	3	5
103	2025-26	NBB	LESSA	MR. MOO SAO JOSE BASKETBALL	2025-11-22, SJO vs PAT	14	4	2	3	0	0	0	0	1	0	1	0	1	0	2	1
103	2025-26	NBB	NICKEL	MR. MOO SAO JOSE BASKETBALL	2025-11-22, SJO vs PAT	11	4	0	1	0	2	4	4	0	0	0	4	2	0	2	2
103	2025-26	NBB	LEO CRAVERO	MR. MOO SAO JOSE BASKETBALL	2025-11-22, SJO vs PAT	8	3	0	0	0	1	3	4	2	1	3	0	0	0	4	2
103	2025-26	NBB	CREWS	PATO BASQUETE	2025-11-22, SJO vs PAT	22	27	1	3	7	12	4	7	2	1	3	0	0	0	2	3
103	2025-26	NBB	D. PENTEADO	PATO BASQUETE	2025-11-22, SJO vs PAT	32	12	0	2	4	5	0	0	2	0	2	3	1	0	2	3
103	2025-26	NBB	MICHEL	PATO BASQUETE	2025-11-22, SJO vs PAT	25	12	1	3	3	7	1	2	2	0	2	2	2	0	1	2
103	2025-26	NBB	HORTON	PATO BASQUETE	2025-11-22, SJO vs PAT	25	6	0	3	0	4	6	8	1	0	1	3	1	1	2	0
103	2025-26	NBB	NAKA	PATO BASQUETE	2025-11-22, SJO vs PAT	18	4	2	5	0	3	0	0	1	1	2	2	0	0	0	2
103	2025-26	NBB	GRIGOR	PATO BASQUETE	2025-11-22, SJO vs PAT	12	3	0	0	1	4	0	0	2	0	2	0	0	1	0	4
103	2025-26	NBB	EDU MARILIA	PATO BASQUETE	2025-11-22, SJO vs PAT	23	2	1	2	0	0	0	0	2	3	5	1	1	2	3	4
103	2025-26	NBB	N. GOMES	PATO BASQUETE	2025-11-22, SJO vs PAT	12	2	1	2	0	0	0	0	3	0	3	0	1	1	1	1
103	2025-26	NBB	WILLKER Z.	PATO BASQUETE	2025-11-22, SJO vs PAT	10	2	1	1	0	0	0	0	1	1	2	0	0	1	1	0
103	2025-26	NBB	FIDELIS	PATO BASQUETE	2025-11-22, SJO vs PAT	18	1	0	2	0	1	1	2	2	1	3	1	2	0	1	1
103	2025-26	NBB	MATEUS	PATO BASQUETE	2025-11-22, SJO vs PAT	4	0	0	1	0	0	0	0	0	0	0	1	1	0	0	1
104	2025-26	NBB	PARANHOS	KTO MINAS	2025-11-23, MIN vs BAU	23	22	8	14	0	0	6	6	2	2	4	1	1	0	1	4
104	2025-26	NBB	FUZARO	KTO MINAS	2025-11-23, MIN vs BAU	23	15	4	6	0	4	7	7	1	1	2	3	2	0	1	2
104	2025-26	NBB	WINI SILVA	KTO MINAS	2025-11-23, MIN vs BAU	17	13	4	6	0	0	5	12	4	2	6	0	0	1	1	1
104	2025-26	NBB	MCCREE	KTO MINAS	2025-11-23, MIN vs BAU	26	10	4	5	0	3	2	3	1	1	2	1	1	0	0	0
104	2025-26	NBB	DAVIS JR.	KTO MINAS	2025-11-23, MIN vs BAU	16	8	1	2	2	2	0	0	2	1	3	4	0	0	1	1
104	2025-26	NBB	ARENGO	KTO MINAS	2025-11-23, MIN vs BAU	21	7	1	2	1	3	2	2	3	2	5	1	0	0	5	2
104	2025-26	NBB	R. RACHEL	KTO MINAS	2025-11-23, MIN vs BAU	14	7	1	2	1	4	2	2	5	2	7	2	0	0	2	2
104	2025-26	NBB	WILLIAMS	KTO MINAS	2025-11-23, MIN vs BAU	21	5	1	4	1	5	0	0	3	0	3	5	1	0	0	2
104	2025-26	NBB	FISCHER	KTO MINAS	2025-11-23, MIN vs BAU	24	4	2	3	0	2	0	0	5	0	5	7	0	0	1	1
104	2025-26	NBB	YURI	KTO MINAS	2025-11-23, MIN vs BAU	15	3	0	1	0	2	3	4	1	0	1	1	0	0	0	2
104	2025-26	NBB	ANDREZAO	BAURU BASKET	2025-11-23, MIN vs BAU	33	24	10	18	1	2	1	1	7	5	12	1	1	2	2	1
104	2025-26	NBB	ALEX	BAURU BASKET	2025-11-23, MIN vs BAU	31	23	6	11	3	6	2	4	6	1	7	9	0	0	3	3
104	2025-26	NBB	EUGENIUSZ	BAURU BASKET	2025-11-23, MIN vs BAU	26	15	3	4	2	3	3	5	3	1	4	5	1	0	1	5
104	2025-26	NBB	PEDRO	BAURU BASKET	2025-11-23, MIN vs BAU	19	6	1	3	1	3	1	2	0	1	1	2	0	0	2	4
104	2025-26	NBB	GUSTAVO	BAURU BASKET	2025-11-23, MIN vs BAU	24	5	1	3	1	4	0	0	4	1	5	3	0	0	1	5
104	2025-26	NBB	GEMERSON	BAURU BASKET	2025-11-23, MIN vs BAU	17	5	1	1	1	1	0	0	1	0	1	0	0	0	0	1
104	2025-26	NBB	MOREIRA	BAURU BASKET	2025-11-23, MIN vs BAU	7	4	2	3	0	0	0	0	1	2	3	0	0	0	1	1
104	2025-26	NBB	MATERAN	BAURU BASKET	2025-11-23, MIN vs BAU	24	4	0	2	1	6	1	2	2	0	2	1	2	0	3	1
104	2025-26	NBB	VITHINHO	BAURU BASKET	2025-11-23, MIN vs BAU	13	2	0	1	0	1	2	2	2	0	2	3	1	0	2	2
104	2025-26	NBB	AUGUSTO	BAURU BASKET	2025-11-23, MIN vs BAU	6	0	0	1	0	0	0	0	2	1	3	1	0	0	0	1
105	2025-26	NBB	SEIXAS	PAULISTANO	2025-11-23, CAP vs CAX	28	17	1	2	5	7	0	0	1	0	1	2	1	0	1	4
105	2025-26	NBB	HUNTER	PAULISTANO	2025-11-23, CAP vs CAX	34	16	4	8	1	5	5	7	4	2	6	4	1	1	1	2
105	2025-26	NBB	VITINHO	PAULISTANO	2025-11-23, CAP vs CAX	32	15	4	5	0	4	7	10	2	1	3	7	2	0	1	1
105	2025-26	NBB	GUI ABREU	PAULISTANO	2025-11-23, CAP vs CAX	29	13	4	8	1	5	2	2	6	3	9	0	0	0	1	4
105	2025-26	NBB	GABRIEL	PAULISTANO	2025-11-23, CAP vs CAX	28	12	5	8	0	0	2	4	4	2	6	0	0	2	2	3
105	2025-26	NBB	SIEWERT	PAULISTANO	2025-11-23, CAP vs CAX	19	4	2	3	0	2	0	0	5	0	5	1	0	0	0	0
105	2025-26	NBB	LUIZ GUILHERME	PAULISTANO	2025-11-23, CAP vs CAX	1	0	0	0	0	0	0	0	0	0	0	0	0	0	0	0
105	2025-26	NBB	NETO	PAULISTANO	2025-11-23, CAP vs CAX	9	0	0	1	0	0	0	0	2	1	3	0	1	0	3	3
105	2025-26	NBB	DEMETRIO	PAULISTANO	2025-11-23, CAP vs CAX	7	0	0	2	0	1	0	0	3	1	4	2	0	0	1	0
105	2025-26	NBB	GABRIEL	PAULISTANO	2025-11-23, CAP vs CAX	12	0	0	0	0	1	0	0	1	1	2	0	0	0	1	2
105	2025-26	NBB	SHAMELL	CAXIAS DO SUL BASQUETE	2025-11-23, CAP vs CAX	30	13	3	8	1	9	4	4	7	2	9	2	1	0	2	2
105	2025-26	NBB	RAFA	CAXIAS DO SUL BASQUETE	2025-11-23, CAP vs CAX	23	12	4	6	0	1	4	4	1	2	3	2	0	0	1	2
105	2025-26	NBB	TIAGO M.	CAXIAS DO SUL BASQUETE	2025-11-23, CAP vs CAX	18	11	2	4	2	2	1	1	1	0	1	2	1	0	0	2
105	2025-26	NBB	HUMBERTO	CAXIAS DO SUL BASQUETE	2025-11-23, CAP vs CAX	26	9	4	7	0	1	1	2	4	2	6	3	0	0	2	4
105	2025-26	NBB	AUGUSTO	CAXIAS DO SUL BASQUETE	2025-11-23, CAP vs CAX	13	7	1	1	1	4	2	4	1	0	1	0	0	0	1	1
105	2025-26	NBB	VEZARO	CAXIAS DO SUL BASQUETE	2025-11-23, CAP vs CAX	25	5	1	4	1	5	0	0	3	1	4	1	0	0	0	2
105	2025-26	NBB	TOM	CAXIAS DO SUL BASQUETE	2025-11-23, CAP vs CAX	11	4	2	4	0	0	0	0	2	2	4	0	0	0	1	3
105	2025-26	NBB	FABRIZZIO	CAXIAS DO SUL BASQUETE	2025-11-23, CAP vs CAX	11	4	1	2	0	1	2	2	1	1	2	1	0	0	0	3
105	2025-26	NBB	OMENA	CAXIAS DO SUL BASQUETE	2025-11-23, CAP vs CAX	29	1	0	1	0	3	1	2	0	0	0	2	1	0	1	1
105	2025-26	NBB	MIGUEL	CAXIAS DO SUL BASQUETE	2025-11-23, CAP vs CAX	14	0	0	1	0	1	0	0	1	0	1	0	0	1	0	1
106	2025-26	NBB	I. THORNTON	CRUZEIRO BASQUETE	2025-11-23, CRU vs PIN	33	16	1	3	4	7	2	3	0	0	0	2	1	0	0	3
106	2025-26	NBB	GITTENS	CRUZEIRO BASQUETE	2025-11-23, CRU vs PIN	25	14	1	3	1	4	9	10	1	0	1	6	0	0	4	2
106	2025-26	NBB	JJ	CRUZEIRO BASQUETE	2025-11-23, CRU vs PIN	34	13	1	5	2	5	5	5	3	1	4	2	1	0	1	2
106	2025-26	NBB	ANSALONI	CRUZEIRO BASQUETE	2025-11-23, CRU vs PIN	23	13	4	5	1	1	2	3	6	3	9	3	0	0	1	3
106	2025-26	NBB	CASSIANO	CRUZEIRO BASQUETE	2025-11-23, CRU vs PIN	25	9	4	4	0	0	1	1	0	0	0	5	2	0	3	4
106	2025-26	NBB	CLAY	CRUZEIRO BASQUETE	2025-11-23, CRU vs PIN	15	8	2	6	1	4	1	2	0	0	0	0	0	0	0	2
106	2025-26	NBB	NIQUE COLEMAN	CRUZEIRO BASQUETE	2025-11-23, CRU vs PIN	14	8	1	4	2	2	0	0	3	0	3	0	1	0	2	2
106	2025-26	NBB	SENA	CRUZEIRO BASQUETE	2025-11-23, CRU vs PIN	15	4	1	1	0	0	2	2	1	1	2	0	0	0	1	2
106	2025-26	NBB	LEO ABREU	CRUZEIRO BASQUETE	2025-11-23, CRU vs PIN	15	4	2	4	0	1	0	0	1	0	1	2	0	0	2	3
106	2025-26	NBB	FELIPE	CRUZEIRO BASQUETE	2025-11-23, CRU vs PIN	2	0	0	1	0	0	0	0	0	0	0	0	0	0	0	0
106	2025-26	NBB	SLOAN	PINHEIROS	2025-11-23, CRU vs PIN	33	24	7	8	2	5	4	5	2	0	2	9	2	0	2	2
106	2025-26	NBB	PASTRE	PINHEIROS	2025-11-23, CRU vs PIN	24	16	2	3	4	7	0	0	6	2	8	3	5	0	1	4
106	2025-26	NBB	PENHA JR.	PINHEIROS	2025-11-23, CRU vs PIN	30	11	4	6	1	7	0	0	1	2	3	1	0	0	1	3
106	2025-26	NBB	AGAPY	PINHEIROS	2025-11-23, CRU vs PIN	14	10	4	5	0	0	2	2	4	5	9	0	0	2	1	5
106	2025-26	NBB	MACIEL	PINHEIROS	2025-11-23, CRU vs PIN	14	8	3	4	0	0	2	2	2	0	2	2	0	0	3	3
106	2025-26	NBB	GREGATE	PINHEIROS	2025-11-23, CRU vs PIN	28	8	0	3	2	4	2	4	2	3	5	6	1	0	0	2
106	2025-26	NBB	BETINHO	PINHEIROS	2025-11-23, CRU vs PIN	14	8	2	2	1	2	1	1	0	0	0	0	0	0	0	2
106	2025-26	NBB	AFONSO	PINHEIROS	2025-11-23, CRU vs PIN	12	8	4	6	0	0	0	1	1	0	1	0	0	0	2	2
106	2025-26	NBB	PACHECO	PINHEIROS	2025-11-23, CRU vs PIN	12	7	1	1	1	3	2	2	1	0	1	3	0	0	0	1
106	2025-26	NBB	DJALO	PINHEIROS	2025-11-23, CRU vs PIN	18	2	0	0	0	1	2	5	2	0	2	0	1	2	2	3
106	2025-26	NBB	BRAYAN	PINHEIROS	2025-11-23, CRU vs PIN	1	0	0	0	0	0	0	0	0	0	0	0	0	0	0	0
107	2025-26	NBB	GOHLKE	FORTALEZA BASQUETE CEARENSE	2025-11-23, FOR vs FRA	34	21	0	1	7	17	0	0	4	2	6	3	1	0	2	2
107	2025-26	NBB	DA SILVA	FORTALEZA BASQUETE CEARENSE	2025-11-23, FOR vs FRA	25	13	6	6	0	0	1	1	3	3	6	2	1	1	1	2
107	2025-26	NBB	ALBERTON	FORTALEZA BASQUETE CEARENSE	2025-11-23, FOR vs FRA	16	12	4	6	0	0	4	5	1	2	3	1	1	0	0	2
107	2025-26	NBB	POPOVIC	FORTALEZA BASQUETE CEARENSE	2025-11-23, FOR vs FRA	33	10	3	6	1	4	1	2	7	0	7	1	0	0	1	2
107	2025-26	NBB	DUPREE	FORTALEZA BASQUETE CEARENSE	2025-11-23, FOR vs FRA	29	10	5	10	0	6	0	0	5	1	6	3	1	0	1	5
107	2025-26	NBB	SALSAMENDI	FORTALEZA BASQUETE CEARENSE	2025-11-23, FOR vs FRA	21	2	1	5	0	2	0	0	4	3	7	0	1	0	3	4
107	2025-26	NBB	JEANZINHO	FORTALEZA BASQUETE CEARENSE	2025-11-23, FOR vs FRA	17	2	0	5	0	0	2	2	1	2	3	0	0	1	2	5
107	2025-26	NBB	GABRIEL	FORTALEZA BASQUETE CEARENSE	2025-11-23, FOR vs FRA	21	0	0	1	0	4	0	0	1	1	2	3	0	0	4	3
107	2025-26	NBB	AUGUSTO VIEIRA	FORTALEZA BASQUETE CEARENSE	2025-11-23, FOR vs FRA	2	0	0	0	0	0	0	0	0	0	0	0	0	0	1	0
107	2025-26	NBB	LUCAS DIAS	SESI FRANCA	2025-11-23, FOR vs FRA	30	21	4	6	3	9	4	6	4	1	5	3	6	0	2	1
107	2025-26	NBB	DAVID JACKSON	SESI FRANCA	2025-11-23, FOR vs FRA	28	20	7	8	0	3	6	7	4	4	8	3	1	0	1	2
107	2025-26	NBB	FELICIO	SESI FRANCA	2025-11-23, FOR vs FRA	18	9	3	3	0	1	3	4	3	0	3	0	0	0	5	3
107	2025-26	NBB	GEORGINHO	SESI FRANCA	2025-11-23, FOR vs FRA	25	9	2	5	1	3	2	4	8	1	9	0	0	1	2	1
107	2025-26	NBB	ZU JR.	SESI FRANCA	2025-11-23, FOR vs FRA	22	7	1	2	1	3	2	4	2	0	2	0	4	0	2	0
107	2025-26	NBB	MINEIRO	SESI FRANCA	2025-11-23, FOR vs FRA	23	6	2	2	0	4	2	2	3	0	3	0	0	1	1	2
107	2025-26	NBB	BENNETT	SESI FRANCA	2025-11-23, FOR vs FRA	31	6	3	4	0	1	0	0	2	0	2	3	0	0	0	2
107	2025-26	NBB	LATERZA	SESI FRANCA	2025-11-23, FOR vs FRA	22	2	0	2	0	2	2	2	3	0	3	4	1	0	0	3
107	2025-26	NBB	VINI	SESI FRANCA	2025-11-23, FOR vs FRA	1	2	1	1	0	0	0	0	0	0	0	0	0	0	0	0
108	2025-26	NBB	G. BASILIO	VASCO DA GAMA	2025-11-23, VAS vs BRA	26	19	3	6	3	5	4	4	0	0	0	0	1	0	2	2
108	2025-26	NBB	HONORATO	VASCO DA GAMA	2025-11-23, VAS vs BRA	15	9	4	6	0	0	1	4	3	2	5	0	0	0	1	3
108	2025-26	NBB	MAGNA	VASCO DA GAMA	2025-11-23, VAS vs BRA	36	7	1	5	1	7	2	2	3	2	5	1	0	0	1	2
108	2025-26	NBB	ELIAS	VASCO DA GAMA	2025-11-23, VAS vs BRA	36	7	3	6	0	4	1	2	2	4	6	3	4	0	1	4
108	2025-26	NBB	ALE	VASCO DA GAMA	2025-11-23, VAS vs BRA	37	6	2	8	0	4	2	5	4	1	5	6	4	0	3	2
108	2025-26	NBB	MATHIAS	VASCO DA GAMA	2025-11-23, VAS vs BRA	25	4	2	4	0	0	0	0	4	2	6	0	0	0	2	4
108	2025-26	NBB	JUAN	VASCO DA GAMA	2025-11-23, VAS vs BRA	14	4	0	1	1	2	1	2	1	0	1	1	0	0	0	0
108	2025-26	NBB	ICARO	VASCO DA GAMA	2025-11-23, VAS vs BRA	8	3	1	1	0	1	1	1	0	0	0	0	0	0	0	1
108	2025-26	NBB	ZIBECCHI	VASCO DA GAMA	2025-11-23, VAS vs BRA	3	0	0	0	0	1	0	0	0	0	0	0	0	0	0	1
108	2025-26	NBB	VON HAYDIN	CAIXA/BRASILIA	2025-11-23, VAS vs BRA	34	24	2	3	5	18	5	6	6	2	8	1	2	1	3	2
108	2025-26	NBB	BRUNAO	CAIXA/BRASILIA	2025-11-23, VAS vs BRA	24	16	3	3	2	3	4	4	6	4	10	1	0	0	3	4
108	2025-26	NBB	CORVALAN	CAIXA/BRASILIA	2025-11-23, VAS vs BRA	33	12	1	2	2	6	4	5	4	0	4	6	2	0	2	3
108	2025-26	NBB	BUIU	CAIXA/BRASILIA	2025-11-23, VAS vs BRA	22	10	2	2	2	6	0	0	2	0	2	4	1	0	2	3
108	2025-26	NBB	PAULICHI	CAIXA/BRASILIA	2025-11-23, VAS vs BRA	30	9	2	3	1	3	2	3	0	3	3	1	1	0	0	4
108	2025-26	NBB	PEDRO	CAIXA/BRASILIA	2025-11-23, VAS vs BRA	31	8	3	4	0	2	2	2	6	2	8	3	0	1	2	1
108	2025-26	NBB	CARBONARI	CAIXA/BRASILIA	2025-11-23, VAS vs BRA	21	2	1	1	0	3	0	0	5	2	7	4	1	1	1	4
108	2025-26	NBB	BELLER	CAIXA/BRASILIA	2025-11-23, VAS vs BRA	4	0	0	1	0	0	0	0	0	0	0	2	0	0	0	1
109	2025-26	NBB	EDDY	BASKET OSASCO	2025-11-23, OSA vs UCO	34	22	5	8	3	10	3	3	5	2	7	3	0	0	0	0
109	2025-26	NBB	HARRIS	BASKET OSASCO	2025-11-23, OSA vs UCO	37	21	4	10	1	3	10	11	7	0	7	5	5	0	2	4
109	2025-26	NBB	BRITOS	BASKET OSASCO	2025-11-23, OSA vs UCO	32	17	1	1	4	9	3	4	3	0	3	1	0	0	2	3
109	2025-26	NBB	MALACHIAS	BASKET OSASCO	2025-11-23, OSA vs UCO	24	8	2	3	1	4	1	4	3	0	3	2	1	0	1	3
109	2025-26	NBB	PASSOS	BASKET OSASCO	2025-11-23, OSA vs UCO	38	8	2	3	0	0	4	4	11	3	14	3	1	1	0	4
109	2025-26	NBB	WEBER	BASKET OSASCO	2025-11-23, OSA vs UCO	30	3	0	0	0	3	3	4	1	0	1	6	0	0	2	3
109	2025-26	NBB	DALAQUA	BASKET OSASCO	2025-11-23, OSA vs UCO	5	0	0	0	0	2	0	0	0	0	0	0	0	0	1	2
109	2025-26	NBB	SCOTT	CEISC/UNIAO CORINTHIANS	2025-11-23, OSA vs UCO	28	23	8	11	0	2	7	8	5	4	9	4	0	1	2	3
109	2025-26	NBB	BARNES	CEISC/UNIAO CORINTHIANS	2025-11-23, OSA vs UCO	28	12	6	9	0	4	0	0	0	0	0	1	0	0	1	1
109	2025-26	NBB	ISAAC	CEISC/UNIAO CORINTHIANS	2025-11-23, OSA vs UCO	24	11	1	2	3	6	0	0	1	0	1	4	3	0	1	2
109	2025-26	NBB	HETTSHEIMEIR	CEISC/UNIAO CORINTHIANS	2025-11-23, OSA vs UCO	17	11	3	4	1	7	2	2	5	2	7	2	0	1	0	3
109	2025-26	NBB	GUYTON	CEISC/UNIAO CORINTHIANS	2025-11-23, OSA vs UCO	17	8	1	1	2	4	0	0	2	0	2	0	0	0	1	0
109	2025-26	NBB	HOLLOWELL	CEISC/UNIAO CORINTHIANS	2025-11-23, OSA vs UCO	33	8	3	9	0	4	2	2	7	2	9	5	0	0	2	5
109	2025-26	NBB	ROSSETTO	CEISC/UNIAO CORINTHIANS	2025-11-23, OSA vs UCO	20	2	0	2	0	2	2	2	4	1	5	2	0	0	2	2
109	2025-26	NBB	VERISSIMO	CEISC/UNIAO CORINTHIANS	2025-11-23, OSA vs UCO	20	1	0	1	0	0	1	4	1	1	2	3	2	0	0	2
109	2025-26	NBB	GOES	CEISC/UNIAO CORINTHIANS	2025-11-23, OSA vs UCO	14	0	0	0	0	1	0	0	2	0	2	1	0	0	1	2
110	2025-26	NBB	GABRIEL CAMPOS	MOGI BASQUETE	2025-11-23, MOG vs COR	28	15	3	6	1	8	6	8	4	4	8	2	2	0	4	2
110	2025-26	NBB	RUIVO	MOGI BASQUETE	2025-11-23, MOG vs COR	30	13	3	3	1	7	4	4	1	1	2	2	1	0	2	1
110	2025-26	NBB	PAULO	MOGI BASQUETE	2025-11-23, MOG vs COR	29	12	3	5	2	8	0	0	7	6	13	1	2	1	1	3
110	2025-26	NBB	BARRY	MOGI BASQUETE	2025-11-23, MOG vs COR	15	8	0	0	2	4	2	2	0	1	1	0	0	0	0	0
110	2025-26	NBB	CALDEIRA	MOGI BASQUETE	2025-11-23, MOG vs COR	21	6	1	1	1	5	1	1	0	1	1	2	1	0	1	4
110	2025-26	NBB	VINI CHAGAS	MOGI BASQUETE	2025-11-23, MOG vs COR	18	4	2	4	0	3	0	0	6	1	7	0	1	0	0	1
110	2025-26	NBB	MENCA	MOGI BASQUETE	2025-11-23, MOG vs COR	8	4	2	5	0	2	0	0	0	1	1	1	1	0	1	2
110	2025-26	NBB	ANDERSON	MOGI BASQUETE	2025-11-23, MOG vs COR	18	3	0	3	1	4	0	0	3	1	4	1	0	0	0	1
110	2025-26	NBB	DIKEMBE	MOGI BASQUETE	2025-11-23, MOG vs COR	24	2	1	5	0	0	0	0	6	1	7	0	0	2	3	2
110	2025-26	NBB	MAICON DOUGLAS	MOGI BASQUETE	2025-11-23, MOG vs COR	1	0	0	0	0	0	0	0	0	0	0	0	0	0	0	0
110	2025-26	NBB	VITORIANO	MOGI BASQUETE	2025-11-23, MOG vs COR	7	0	0	0	0	0	0	0	0	0	0	0	0	0	0	2
110	2025-26	NBB	CLARK	CORINTHIANS	2025-11-23, MOG vs COR	36	20	5	7	2	3	4	4	5	1	6	3	1	2	4	4
110	2025-26	NBB	THOMAS	CORINTHIANS	2025-11-23, MOG vs COR	37	18	5	8	1	4	5	7	3	0	3	1	0	0	3	2
110	2025-26	NBB	ELINHO	CORINTHIANS	2025-11-23, MOG vs COR	36	13	2	6	3	8	0	0	6	0	6	9	2	0	3	1
110	2025-26	NBB	RAYMUNDO	CORINTHIANS	2025-11-23, MOG vs COR	25	10	3	5	0	0	4	6	6	3	9	0	3	2	1	3
110	2025-26	NBB	LUCAS CAUE	CORINTHIANS	2025-11-23, MOG vs COR	21	4	2	4	0	0	0	0	6	1	7	3	1	0	2	3
110	2025-26	NBB	NOVAES	CORINTHIANS	2025-11-23, MOG vs COR	18	3	1	7	0	0	1	2	0	1	1	1	0	0	0	2
110	2025-26	NBB	MUNFORD	CORINTHIANS	2025-11-23, MOG vs COR	20	2	1	4	0	1	0	0	2	2	4	1	0	0	0	2
110	2025-26	NBB	KAIQUE	CORINTHIANS	2025-11-23, MOG vs COR	1	0	0	2	0	0	0	0	0	1	1	0	0	0	0	0
110	2025-26	NBB	T. FARIA	CORINTHIANS	2025-11-23, MOG vs COR	6	0	0	1	0	2	0	0	0	0	0	0	0	0	2	0
111	2025-26	NBB	MATHIAS	VASCO DA GAMA	2025-11-25, VAS vs RCB	32	20	8	10	0	2	4	4	8	2	10	3	1	2	5	3
111	2025-26	NBB	ALE	VASCO DA GAMA	2025-11-25, VAS vs RCB	38	20	3	9	3	9	5	7	2	4	6	6	2	0	1	4
111	2025-26	NBB	ELIAS	VASCO DA GAMA	2025-11-25, VAS vs RCB	20	14	2	5	1	2	7	14	3	4	7	2	1	0	1	5
111	2025-26	NBB	PEDRO NUNES	VASCO DA GAMA	2025-11-25, VAS vs RCB	28	13	3	4	2	8	1	3	5	0	5	1	1	0	3	4
111	2025-26	NBB	HONORATO	VASCO DA GAMA	2025-11-25, VAS vs RCB	8	6	2	3	0	0	2	4	0	1	1	0	1	0	0	0
111	2025-26	NBB	MAGNA	VASCO DA GAMA	2025-11-25, VAS vs RCB	30	5	1	3	1	4	0	0	4	1	5	4	0	0	2	2
111	2025-26	NBB	G. BASILIO	VASCO DA GAMA	2025-11-25, VAS vs RCB	39	3	1	1	0	3	1	2	6	1	7	2	2	0	4	2
111	2025-26	NBB	ZIBECCHI	VASCO DA GAMA	2025-11-25, VAS vs RCB	2	0	0	1	0	0	0	0	0	0	0	0	0	0	0	0
111	2025-26	NBB	RIKALO	CONTA SIMPLES RIO CLARO	2025-11-25, VAS vs RCB	35	18	3	6	4	14	0	0	1	1	2	5	0	0	5	3
111	2025-26	NBB	MURILO	CONTA SIMPLES RIO CLARO	2025-11-25, VAS vs RCB	34	16	4	5	1	4	5	5	6	1	7	1	1	3	1	2
111	2025-26	NBB	BONFIM	CONTA SIMPLES RIO CLARO	2025-11-25, VAS vs RCB	29	15	5	9	0	3	5	9	4	3	7	0	2	3	1	4
111	2025-26	NBB	DOS ANJOS	CONTA SIMPLES RIO CLARO	2025-11-25, VAS vs RCB	23	12	3	5	2	2	0	0	1	1	2	0	1	1	0	4
111	2025-26	NBB	OWENS	CONTA SIMPLES RIO CLARO	2025-11-25, VAS vs RCB	12	9	4	5	0	0	1	2	3	0	3	2	1	0	0	1
111	2025-26	NBB	SCOTT	CONTA SIMPLES RIO CLARO	2025-11-25, VAS vs RCB	37	9	3	9	0	2	3	4	10	1	11	9	0	0	5	2
111	2025-26	NBB	GEMADINHA	CONTA SIMPLES RIO CLARO	2025-11-25, VAS vs RCB	26	5	2	3	0	3	1	1	3	0	3	2	1	0	1	3
111	2025-26	NBB	VITOR	CONTA SIMPLES RIO CLARO	2025-11-25, VAS vs RCB	3	0	0	0	0	0	0	0	0	0	0	0	0	0	0	3
112	2025-26	NBB	AUGUSTO	CAXIAS DO SUL BASQUETE	2025-12-01, CAX vs CRU	28	14	2	6	2	9	4	4	4	1	5	5	2	1	2	1
112	2025-26	NBB	RAFA	CAXIAS DO SUL BASQUETE	2025-12-01, CAX vs CRU	25	12	3	3	2	4	0	0	5	2	7	1	0	1	2	2
112	2025-26	NBB	FABRIZZIO	CAXIAS DO SUL BASQUETE	2025-12-01, CAX vs CRU	21	12	2	3	2	4	2	2	3	0	3	7	2	0	3	4
112	2025-26	NBB	VEZARO	CAXIAS DO SUL BASQUETE	2025-12-01, CAX vs CRU	19	8	1	1	2	3	0	0	2	0	2	1	0	0	0	1
112	2025-26	NBB	SHAMELL	CAXIAS DO SUL BASQUETE	2025-12-01, CAX vs CRU	14	7	1	3	1	3	2	2	5	0	5	3	0	0	1	0
112	2025-26	NBB	HUMBERTO	CAXIAS DO SUL BASQUETE	2025-12-01, CAX vs CRU	21	6	2	4	0	1	2	5	3	3	6	3	1	0	4	3
112	2025-26	NBB	TIAGO M.	CAXIAS DO SUL BASQUETE	2025-12-01, CAX vs CRU	11	5	0	2	0	2	5	7	3	0	3	0	0	0	5	2
112	2025-26	NBB	OMENA	CAXIAS DO SUL BASQUETE	2025-12-01, CAX vs CRU	19	5	2	3	0	2	1	4	4	1	5	0	3	0	3	1
112	2025-26	NBB	TOM	CAXIAS DO SUL BASQUETE	2025-12-01, CAX vs CRU	13	4	2	2	0	0	0	0	3	1	4	0	1	1	1	4
112	2025-26	NBB	MIGUEL	CAXIAS DO SUL BASQUETE	2025-12-01, CAX vs CRU	11	3	1	2	0	1	1	2	0	1	1	0	1	0	0	2
112	2025-26	NBB	LUAN	CAXIAS DO SUL BASQUETE	2025-12-01, CAX vs CRU	13	2	1	2	0	0	0	0	0	2	2	0	0	0	0	3
112	2025-26	NBB	KOPPER	CAXIAS DO SUL BASQUETE	2025-12-01, CAX vs CRU	4	0	0	0	0	1	0	0	0	0	0	0	0	0	2	0
112	2025-26	NBB	LEO ABREU	CRUZEIRO BASQUETE	2025-12-01, CAX vs CRU	22	10	3	4	0	1	4	6	3	0	3	8	4	0	3	3
112	2025-26	NBB	CASSIANO	CRUZEIRO BASQUETE	2025-12-01, CAX vs CRU	26	9	2	4	1	3	2	3	2	0	2	1	0	0	1	3
112	2025-26	NBB	ANSALONI	CRUZEIRO BASQUETE	2025-12-01, CAX vs CRU	28	9	3	7	0	0	3	6	6	3	9	0	1	1	1	1
112	2025-26	NBB	SENA	CRUZEIRO BASQUETE	2025-12-01, CAX vs CRU	16	8	3	6	0	0	2	2	2	0	2	0	3	0	2	3
112	2025-26	NBB	NIQUE COLEMAN	CRUZEIRO BASQUETE	2025-12-01, CAX vs CRU	12	6	3	5	0	3	0	0	0	0	0	0	0	1	2	1
112	2025-26	NBB	EMERSON	CRUZEIRO BASQUETE	2025-12-01, CAX vs CRU	15	6	1	2	1	3	1	1	3	1	4	0	0	0	0	2
112	2025-26	NBB	CLAY	CRUZEIRO BASQUETE	2025-12-01, CAX vs CRU	23	6	3	6	0	1	0	0	0	1	1	0	2	0	4	0
112	2025-26	NBB	JJ	CRUZEIRO BASQUETE	2025-12-01, CAX vs CRU	16	4	2	3	0	2	0	1	1	0	1	1	1	1	1	2
112	2025-26	NBB	I. THORNTON	CRUZEIRO BASQUETE	2025-12-01, CAX vs CRU	20	3	0	2	1	3	0	0	0	0	0	1	0	0	1	1
112	2025-26	NBB	GITTENS	CRUZEIRO BASQUETE	2025-12-01, CAX vs CRU	20	2	1	2	0	4	0	0	4	0	4	2	0	0	4	4
112	2025-26	NBB	DU SOMMER	CRUZEIRO BASQUETE	2025-12-01, CAX vs CRU	2	0	0	0	0	0	0	0	0	0	0	1	0	0	0	2
113	2025-26	NBB	HARRIS	BASKET OSASCO	2025-12-02, OSA vs BOT	34	17	5	9	0	1	7	8	5	0	5	7	0	0	6	2
113	2025-26	NBB	EDDY	BASKET OSASCO	2025-12-02, OSA vs BOT	38	13	1	4	3	10	2	3	5	0	5	6	0	1	1	1
113	2025-26	NBB	BRITOS	BASKET OSASCO	2025-12-02, OSA vs BOT	34	12	0	2	4	9	0	0	5	0	5	5	0	1	3	2
113	2025-26	NBB	TAREK	BASKET OSASCO	2025-12-02, OSA vs BOT	13	11	4	4	1	2	0	0	4	1	5	1	1	0	1	1
113	2025-26	NBB	WEBER	BASKET OSASCO	2025-12-02, OSA vs BOT	19	10	1	5	2	5	2	2	1	0	1	0	0	0	0	4
113	2025-26	NBB	PASSOS	BASKET OSASCO	2025-12-02, OSA vs BOT	29	8	3	3	0	0	2	2	7	2	9	0	2	2	3	5
113	2025-26	NBB	MALACHIAS	BASKET OSASCO	2025-12-02, OSA vs BOT	22	6	2	5	0	1	2	3	5	0	5	3	1	1	2	3
113	2025-26	NBB	DALAQUA	BASKET OSASCO	2025-12-02, OSA vs BOT	8	2	1	2	0	1	0	0	0	0	0	0	0	0	0	1
113	2025-26	NBB	MANAUS	BASKET OSASCO	2025-12-02, OSA vs BOT	3	0	0	0	0	0	0	0	0	1	1	0	0	0	0	2
113	2025-26	NBB	SCHEUER	BOTAFOGO	2025-12-02, OSA vs BOT	28	19	7	12	1	2	2	4	10	5	15	0	4	3	2	2
113	2025-26	NBB	PAULINO	BOTAFOGO	2025-12-02, OSA vs BOT	38	14	3	8	2	6	2	2	4	2	6	0	0	1	2	2
113	2025-26	NBB	EMANUEL	BOTAFOGO	2025-12-02, OSA vs BOT	39	14	1	3	4	7	0	0	3	3	6	3	3	0	1	3
113	2025-26	NBB	MATHEUSINHO	BOTAFOGO	2025-12-02, OSA vs BOT	39	14	4	15	0	8	6	8	6	1	7	9	4	0	5	2
113	2025-26	NBB	ALCASSA	BOTAFOGO	2025-12-02, OSA vs BOT	35	7	2	6	0	0	3	5	5	1	6	2	0	0	1	2
113	2025-26	NBB	LUCAS	BOTAFOGO	2025-12-02, OSA vs BOT	9	2	1	1	0	1	0	0	0	1	1	0	0	1	0	2
113	2025-26	NBB	DANIEL	BOTAFOGO	2025-12-02, OSA vs BOT	1	0	0	0	0	0	0	0	0	0	0	0	0	0	0	1
113	2025-26	NBB	JOAO DAVI	BOTAFOGO	2025-12-02, OSA vs BOT	2	0	0	0	0	1	0	0	0	0	0	0	0	0	0	2
113	2025-26	NBB	KLEBINHO	BOTAFOGO	2025-12-02, OSA vs BOT	9	0	0	2	0	1	0	0	0	0	0	3	1	0	1	3
114	2025-26	NBB	DAVID JACKSON	SESI FRANCA	2025-12-03, FRA vs COR	34	16	2	3	3	8	3	6	2	0	2	1	2	0	4	1
114	2025-26	NBB	LUCAS DIAS	SESI FRANCA	2025-12-03, FRA vs COR	33	15	5	11	1	11	2	2	4	2	6	1	2	1	1	1
114	2025-26	NBB	LATERZA	SESI FRANCA	2025-12-03, FRA vs COR	25	12	2	4	2	4	2	2	2	0	2	3	1	0	1	2
114	2025-26	NBB	GEORGINHO	SESI FRANCA	2025-12-03, FRA vs COR	35	11	2	5	0	5	7	8	5	3	8	1	1	0	2	2
114	2025-26	NBB	MINEIRO	SESI FRANCA	2025-12-03, FRA vs COR	27	10	2	3	1	1	3	4	2	4	6	1	1	1	0	3
114	2025-26	NBB	BENNETT	SESI FRANCA	2025-12-03, FRA vs COR	22	9	1	4	2	2	1	1	0	1	1	0	1	0	0	2
114	2025-26	NBB	ZU JR.	SESI FRANCA	2025-12-03, FRA vs COR	24	7	2	6	1	3	0	0	2	1	3	0	0	0	0	2
114	2025-26	NBB	CLARK	CORINTHIANS	2025-12-03, FRA vs COR	35	29	2	6	8	14	1	1	2	1	3	2	1	0	2	2
114	2025-26	NBB	THOMAS	CORINTHIANS	2025-12-03, FRA vs COR	33	11	4	6	0	3	3	5	2	1	3	3	0	0	6	3
114	2025-26	NBB	LUCAS CAUE	CORINTHIANS	2025-12-03, FRA vs COR	29	10	5	6	0	0	0	0	12	5	17	1	2	0	4	4
114	2025-26	NBB	NOVAES	CORINTHIANS	2025-12-03, FRA vs COR	11	9	3	3	0	0	3	3	2	1	3	1	0	0	2	3
114	2025-26	NBB	RAYMUNDO	CORINTHIANS	2025-12-03, FRA vs COR	13	5	2	3	0	1	1	1	4	2	6	0	0	0	0	3
114	2025-26	NBB	ELINHO	CORINTHIANS	2025-12-03, FRA vs COR	37	5	1	4	1	9	0	0	5	0	5	8	1	0	2	3
114	2025-26	NBB	MUNFORD	CORINTHIANS	2025-12-03, FRA vs COR	21	2	1	2	0	0	0	0	2	0	2	1	0	0	2	4
114	2025-26	NBB	VICTAO	CORINTHIANS	2025-12-03, FRA vs COR	17	0	0	3	0	4	0	0	3	2	5	0	0	0	0	2
114	2025-26	NBB	T. FARIA	CORINTHIANS	2025-12-03, FRA vs COR	4	0	0	0	0	1	0	0	0	0	0	0	0	0	1	0
115	2025-26	NBB	ANDREZAO	BAURU BASKET	2025-12-03, BAU vs SJO	36	29	11	14	0	0	7	7	7	5	12	1	3	3	1	3
115	2025-26	NBB	ALEX	BAURU BASKET	2025-12-03, BAU vs SJO	34	20	5	7	2	7	4	4	8	0	8	3	1	0	7	1
115	2025-26	NBB	BRITE	BAURU BASKET	2025-12-03, BAU vs SJO	35	17	4	11	2	6	3	3	2	1	3	9	3	0	5	2
115	2025-26	NBB	GEMERSON	BAURU BASKET	2025-12-03, BAU vs SJO	25	9	0	2	3	7	0	0	0	0	0	0	0	0	0	2
115	2025-26	NBB	PEDRO	BAURU BASKET	2025-12-03, BAU vs SJO	20	5	1	1	1	1	0	0	1	2	3	1	1	0	1	4
115	2025-26	NBB	EUGENIUSZ	BAURU BASKET	2025-12-03, BAU vs SJO	16	4	0	0	0	1	4	4	0	0	0	4	1	0	1	5
115	2025-26	NBB	GUSTAVO	BAURU BASKET	2025-12-03, BAU vs SJO	14	0	0	2	0	2	0	0	2	0	2	2	0	1	0	2
115	2025-26	NBB	MOREIRA	BAURU BASKET	2025-12-03, BAU vs SJO	4	0	0	0	0	0	0	0	0	0	0	0	0	0	0	3
115	2025-26	NBB	MATERAN	BAURU BASKET	2025-12-03, BAU vs SJO	10	0	0	1	0	2	0	0	1	1	2	0	1	0	0	3
115	2025-26	NBB	VITHINHO	BAURU BASKET	2025-12-03, BAU vs SJO	7	0	0	1	0	1	0	0	0	0	0	0	0	0	0	0
115	2025-26	NBB	ANDERSON	MR. MOO SAO JOSE BASKETBALL	2025-12-03, BAU vs SJO	30	25	10	12	0	0	5	7	4	2	6	1	1	1	2	4
115	2025-26	NBB	DOS SANTOS	MR. MOO SAO JOSE BASKETBALL	2025-12-03, BAU vs SJO	14	16	4	5	2	2	2	3	3	0	3	3	0	0	1	5
115	2025-26	NBB	ADYEL	MR. MOO SAO JOSE BASKETBALL	2025-12-03, BAU vs SJO	36	15	2	6	2	8	5	6	3	2	5	8	4	0	6	3
115	2025-26	NBB	MILLER	MR. MOO SAO JOSE BASKETBALL	2025-12-03, BAU vs SJO	31	10	3	4	1	2	1	1	5	1	6	3	2	1	3	2
115	2025-26	NBB	MAIQUE	MR. MOO SAO JOSE BASKETBALL	2025-12-03, BAU vs SJO	20	9	3	5	0	1	3	4	3	2	5	3	0	0	1	1
115	2025-26	NBB	LESSA	MR. MOO SAO JOSE BASKETBALL	2025-12-03, BAU vs SJO	31	7	2	3	1	4	0	1	2	0	2	3	0	0	1	0
115	2025-26	NBB	NICKEL	MR. MOO SAO JOSE BASKETBALL	2025-12-03, BAU vs SJO	8	5	0	0	1	1	2	2	1	0	1	2	0	0	0	1
115	2025-26	NBB	CAUE	MR. MOO SAO JOSE BASKETBALL	2025-12-03, BAU vs SJO	31	4	2	5	0	2	0	0	4	0	4	3	3	0	3	1
116	2025-26	NBB	HUMBERTO	CAXIAS DO SUL BASQUETE	2025-12-03, CAX vs MIN	24	18	4	6	1	4	7	8	5	0	5	1	0	0	0	4
116	2025-26	NBB	SHAMELL	CAXIAS DO SUL BASQUETE	2025-12-03, CAX vs MIN	22	14	1	6	2	5	6	8	1	0	1	2	2	0	2	3
116	2025-26	NBB	VEZARO	CAXIAS DO SUL BASQUETE	2025-12-03, CAX vs MIN	33	9	0	1	3	7	0	0	2	1	3	2	3	0	2	1
116	2025-26	NBB	FABRIZZIO	CAXIAS DO SUL BASQUETE	2025-12-03, CAX vs MIN	22	7	2	2	1	6	0	0	1	1	2	5	4	0	1	3
116	2025-26	NBB	TOM	CAXIAS DO SUL BASQUETE	2025-12-03, CAX vs MIN	24	6	3	5	0	0	0	2	3	1	4	3	0	0	0	2
116	2025-26	NBB	OMENA	CAXIAS DO SUL BASQUETE	2025-12-03, CAX vs MIN	24	6	2	3	0	2	2	2	0	0	0	3	1	0	1	0
116	2025-26	NBB	RAFA	CAXIAS DO SUL BASQUETE	2025-12-03, CAX vs MIN	21	5	1	5	1	2	0	0	2	3	5	0	2	0	2	3
116	2025-26	NBB	AUGUSTO	CAXIAS DO SUL BASQUETE	2025-12-03, CAX vs MIN	20	3	1	2	0	4	1	2	1	0	1	2	0	0	0	3
116	2025-26	NBB	MIGUEL	CAXIAS DO SUL BASQUETE	2025-12-03, CAX vs MIN	6	2	1	1	0	1	0	0	1	0	1	2	0	0	1	0
116	2025-26	NBB	TIAGO M.	CAXIAS DO SUL BASQUETE	2025-12-03, CAX vs MIN	4	2	1	3	0	0	0	0	1	1	2	0	0	0	0	2
116	2025-26	NBB	R. RACHEL	KTO MINAS	2025-12-03, CAX vs MIN	19	18	0	0	5	8	3	3	5	0	5	1	0	0	1	3
116	2025-26	NBB	MCCREE	KTO MINAS	2025-12-03, CAX vs MIN	21	12	3	4	2	4	0	0	4	0	4	1	1	0	1	3
116	2025-26	NBB	WINI SILVA	KTO MINAS	2025-12-03, CAX vs MIN	19	11	4	5	0	2	3	4	4	0	4	3	1	1	3	3
116	2025-26	NBB	ARENGO	KTO MINAS	2025-12-03, CAX vs MIN	20	10	2	2	2	4	0	0	2	0	2	1	0	0	3	1
116	2025-26	NBB	WILLIAMS	KTO MINAS	2025-12-03, CAX vs MIN	18	9	1	2	1	3	4	4	5	0	5	3	0	1	3	0
116	2025-26	NBB	PARANHOS	KTO MINAS	2025-12-03, CAX vs MIN	21	8	4	6	0	0	0	0	5	0	5	1	1	0	1	2
116	2025-26	NBB	RODRIGUEZ	KTO MINAS	2025-12-03, CAX vs MIN	12	6	1	1	1	1	1	2	1	0	1	1	0	0	0	0
116	2025-26	NBB	FUZARO	KTO MINAS	2025-12-03, CAX vs MIN	23	6	2	3	0	1	2	2	1	1	2	4	0	0	3	2
116	2025-26	NBB	YURI	KTO MINAS	2025-12-03, CAX vs MIN	19	4	1	1	0	0	2	2	3	2	5	2	0	0	1	3
116	2025-26	NBB	DAVIS JR.	KTO MINAS	2025-12-03, CAX vs MIN	8	2	1	1	0	0	0	0	0	0	0	0	0	0	2	0
116	2025-26	NBB	FISCHER	KTO MINAS	2025-12-03, CAX vs MIN	20	2	0	1	0	3	2	2	5	0	5	5	3	0	2	2
117	2025-26	NBB	HOLLOWELL	CEISC/UNIAO CORINTHIANS	2025-12-03, UCO vs CRU	33	21	4	10	4	8	1	1	5	8	13	10	1	2	1	2
117	2025-26	NBB	VERISSIMO	CEISC/UNIAO CORINTHIANS	2025-12-03, UCO vs CRU	24	15	5	8	1	2	2	4	4	1	5	0	0	0	5	3
117	2025-26	NBB	HETTSHEIMEIR	CEISC/UNIAO CORINTHIANS	2025-12-03, UCO vs CRU	18	11	1	2	3	4	0	0	1	0	1	0	0	1	0	1
117	2025-26	NBB	SCOTT	CEISC/UNIAO CORINTHIANS	2025-12-03, UCO vs CRU	27	11	3	10	0	0	5	6	6	0	6	1	1	0	1	2
117	2025-26	NBB	BARNES	CEISC/UNIAO CORINTHIANS	2025-12-03, UCO vs CRU	22	9	1	5	1	2	4	4	4	0	4	1	1	0	0	2
117	2025-26	NBB	GUYTON	CEISC/UNIAO CORINTHIANS	2025-12-03, UCO vs CRU	18	8	1	3	2	4	0	0	3	0	3	3	0	0	1	1
117	2025-26	NBB	ISAAC	CEISC/UNIAO CORINTHIANS	2025-12-03, UCO vs CRU	24	6	0	2	2	3	0	0	1	2	3	1	0	0	1	3
117	2025-26	NBB	ROSSETTO	CEISC/UNIAO CORINTHIANS	2025-12-03, UCO vs CRU	17	3	0	0	1	4	0	0	2	0	2	2	1	0	0	3
117	2025-26	NBB	GOES	CEISC/UNIAO CORINTHIANS	2025-12-03, UCO vs CRU	19	3	0	3	1	4	0	0	4	1	5	5	2	0	1	1
117	2025-26	NBB	ANSALONI	CRUZEIRO BASQUETE	2025-12-03, UCO vs CRU	30	17	6	7	1	3	2	4	6	2	8	0	2	0	2	2
117	2025-26	NBB	GITTENS	CRUZEIRO BASQUETE	2025-12-03, UCO vs CRU	29	14	5	9	0	5	4	6	6	1	7	2	2	0	6	3
117	2025-26	NBB	JJ	CRUZEIRO BASQUETE	2025-12-03, UCO vs CRU	34	10	2	7	2	2	0	0	4	0	4	0	1	2	2	3
117	2025-26	NBB	NIQUE COLEMAN	CRUZEIRO BASQUETE	2025-12-03, UCO vs CRU	20	9	0	0	2	4	3	3	3	0	3	2	0	0	0	2
117	2025-26	NBB	LEO ABREU	CRUZEIRO BASQUETE	2025-12-03, UCO vs CRU	16	6	3	4	0	1	0	0	8	0	8	1	0	0	0	2
117	2025-26	NBB	SENA	CRUZEIRO BASQUETE	2025-12-03, UCO vs CRU	15	6	2	4	0	0	2	2	1	1	2	0	0	0	1	2
117	2025-26	NBB	I. THORNTON	CRUZEIRO BASQUETE	2025-12-03, UCO vs CRU	29	6	1	1	0	4	4	4	0	2	2	0	1	0	0	1
117	2025-26	NBB	CLAY	CRUZEIRO BASQUETE	2025-12-03, UCO vs CRU	15	5	1	5	1	2	0	0	1	1	2	3	1	1	0	2
117	2025-26	NBB	CASSIANO	CRUZEIRO BASQUETE	2025-12-03, UCO vs CRU	13	3	1	2	0	2	1	1	3	0	3	1	0	0	2	1
118	2025-26	NBB	SLOAN	PINHEIROS	2025-12-03, PIN vs FLA	27	21	7	13	2	7	1	1	3	2	5	4	0	0	2	3
118	2025-26	NBB	AGAPY	PINHEIROS	2025-12-03, PIN vs FLA	24	11	4	9	0	0	3	4	5	7	12	2	0	0	1	3
118	2025-26	NBB	GREGATE	PINHEIROS	2025-12-03, PIN vs FLA	18	10	2	2	1	2	3	4	4	2	6	1	0	0	3	4
118	2025-26	NBB	PACHECO	PINHEIROS	2025-12-03, PIN vs FLA	18	10	1	2	2	4	2	2	1	0	1	1	1	1	1	1
118	2025-26	NBB	PASTRE	PINHEIROS	2025-12-03, PIN vs FLA	28	8	1	3	2	7	0	0	3	2	5	1	1	0	2	4
118	2025-26	NBB	PENHA JR.	PINHEIROS	2025-12-03, PIN vs FLA	28	8	2	5	1	7	1	1	4	1	5	2	0	0	1	2
118	2025-26	NBB	BETINHO	PINHEIROS	2025-12-03, PIN vs FLA	17	8	1	2	2	3	0	0	2	2	4	0	0	0	2	1
118	2025-26	NBB	DJALO	PINHEIROS	2025-12-03, PIN vs FLA	18	5	0	2	1	3	2	2	4	4	8	1	1	0	1	3
118	2025-26	NBB	MACIEL	PINHEIROS	2025-12-03, PIN vs FLA	18	2	1	1	0	2	0	0	5	0	5	0	1	0	1	1
118	2025-26	NBB	AFONSO	PINHEIROS	2025-12-03, PIN vs FLA	3	0	0	0	0	0	0	0	0	0	0	0	0	0	1	1
118	2025-26	NBB	BRAYAN	PINHEIROS	2025-12-03, PIN vs FLA	1	0	0	0	0	0	0	0	0	0	0	0	0	0	0	0
118	2025-26	NBB	MEILI	PINHEIROS	2025-12-03, PIN vs FLA	1	0	0	0	0	0	0	0	1	0	1	0	0	0	0	0
118	2025-26	NBB	WESLEY	FLAMENGO	2025-12-03, PIN vs FLA	20	13	2	4	2	2	3	6	1	1	2	0	0	1	0	1
118	2025-26	NBB	NEGRETE	FLAMENGO	2025-12-03, PIN vs FLA	20	11	3	5	0	2	5	7	7	0	7	2	1	0	4	0
118	2025-26	NBB	GUI	FLAMENGO	2025-12-03, PIN vs FLA	32	10	3	3	1	7	1	1	0	1	1	2	2	0	0	2
118	2025-26	NBB	KAYO	FLAMENGO	2025-12-03, PIN vs FLA	18	9	0	0	3	5	0	0	2	0	2	2	0	0	0	1
118	2025-26	NBB	BOST	FLAMENGO	2025-12-03, PIN vs FLA	28	6	3	5	0	6	0	1	1	1	2	5	1	0	2	4
118	2025-26	NBB	JHONATAN	FLAMENGO	2025-12-03, PIN vs FLA	14	6	1	1	1	3	1	2	0	0	0	1	1	0	0	1
118	2025-26	NBB	JOHNSON SR.	FLAMENGO	2025-12-03, PIN vs FLA	25	5	1	3	1	3	0	0	2	0	2	2	0	0	1	3
118	2025-26	NBB	MANEL	FLAMENGO	2025-12-03, PIN vs FLA	14	4	2	4	0	0	0	0	2	0	2	0	0	0	0	0
118	2025-26	NBB	CUMMINGS	FLAMENGO	2025-12-03, PIN vs FLA	22	3	1	2	0	1	1	2	3	0	3	2	0	0	0	3
118	2025-26	NBB	DORIA	FLAMENGO	2025-12-03, PIN vs FLA	6	0	0	1	0	0	0	0	1	0	1	1	0	0	0	0
119	2025-26	NBB	DEMETRIO	PAULISTANO	2025-12-04, CAP vs BOT	20	18	8	12	0	2	2	2	4	2	6	2	1	1	0	2
119	2025-26	NBB	NETO	PAULISTANO	2025-12-04, CAP vs BOT	21	13	6	9	0	0	1	1	5	1	6	1	2	1	0	3
119	2025-26	NBB	VITINHO	PAULISTANO	2025-12-04, CAP vs BOT	24	12	2	7	2	2	2	2	2	0	2	6	0	0	0	2
119	2025-26	NBB	SIEWERT	PAULISTANO	2025-12-04, CAP vs BOT	18	11	3	5	1	2	2	3	4	1	5	2	0	0	3	2
119	2025-26	NBB	SEIXAS	PAULISTANO	2025-12-04, CAP vs BOT	20	11	2	2	2	5	1	2	0	0	0	3	2	0	1	0
119	2025-26	NBB	HUNTER	PAULISTANO	2025-12-04, CAP vs BOT	26	10	5	8	0	1	0	1	3	0	3	1	0	0	3	2
119	2025-26	NBB	GUI ABREU	PAULISTANO	2025-12-04, CAP vs BOT	23	10	3	5	1	3	1	2	3	3	6	2	2	0	1	0
119	2025-26	NBB	GABRIEL	PAULISTANO	2025-12-04, CAP vs BOT	16	6	3	4	0	0	0	0	3	2	5	1	0	1	1	3
119	2025-26	NBB	HENRIQUE	PAULISTANO	2025-12-04, CAP vs BOT	10	5	1	1	1	1	0	0	2	2	4	3	0	0	2	0
119	2025-26	NBB	LUIZ GUILHERME	PAULISTANO	2025-12-04, CAP vs BOT	4	3	0	0	1	1	0	0	0	0	0	0	0	0	0	1
119	2025-26	NBB	GABRIEL	PAULISTANO	2025-12-04, CAP vs BOT	18	2	1	1	0	0	0	0	1	1	2	0	1	1	0	2
119	2025-26	NBB	PAULINO	BOTAFOGO	2025-12-04, CAP vs BOT	24	23	4	7	4	5	3	4	1	3	4	0	0	0	1	2
119	2025-26	NBB	MATHEUSINHO	BOTAFOGO	2025-12-04, CAP vs BOT	32	13	3	6	2	7	1	3	5	0	5	9	1	0	4	1
119	2025-26	NBB	ALEF	BOTAFOGO	2025-12-04, CAP vs BOT	15	10	5	7	0	2	0	2	0	0	0	0	1	0	0	1
119	2025-26	NBB	EMANUEL	BOTAFOGO	2025-12-04, CAP vs BOT	32	9	1	2	2	5	1	2	1	0	1	3	1	1	1	2
119	2025-26	NBB	ALCASSA	BOTAFOGO	2025-12-04, CAP vs BOT	32	8	3	7	0	0	2	2	7	4	11	1	1	0	1	1
119	2025-26	NBB	LELE	BOTAFOGO	2025-12-04, CAP vs BOT	16	5	2	4	0	2	1	1	1	0	1	1	0	0	1	3
119	2025-26	NBB	DANIEL	BOTAFOGO	2025-12-04, CAP vs BOT	8	3	0	0	1	1	0	0	0	0	0	1	0	0	0	0
119	2025-26	NBB	JHONATAN	BOTAFOGO	2025-12-04, CAP vs BOT	4	2	1	2	0	0	0	1	0	1	1	0	0	0	0	0
119	2025-26	NBB	SCHEUER	BOTAFOGO	2025-12-04, CAP vs BOT	10	2	0	1	0	0	2	2	1	0	1	0	0	1	2	1
119	2025-26	NBB	LUCAS	BOTAFOGO	2025-12-04, CAP vs BOT	13	2	1	2	0	2	0	0	0	0	0	2	0	0	2	0
119	2025-26	NBB	JOAO DAVI	BOTAFOGO	2025-12-04, CAP vs BOT	2	0	0	0	0	1	0	0	0	0	0	0	1	0	0	0
119	2025-26	NBB	KLEBINHO	BOTAFOGO	2025-12-04, CAP vs BOT	13	0	0	0	0	1	0	0	0	0	0	3	0	0	1	1
120	2025-26	NBB	MALACHIAS	BASKET OSASCO	2025-12-04, OSA vs MOG	27	16	7	11	0	1	2	3	5	3	8	0	1	2	0	2
120	2025-26	NBB	DALAQUA	BASKET OSASCO	2025-12-04, OSA vs MOG	32	14	3	7	1	4	5	6	3	1	4	4	0	0	3	3
120	2025-26	NBB	EDDY	BASKET OSASCO	2025-12-04, OSA vs MOG	28	12	0	1	3	9	3	4	1	0	1	1	1	0	2	4
120	2025-26	NBB	LEONI	BASKET OSASCO	2025-12-04, OSA vs MOG	22	6	3	7	0	4	0	0	2	1	3	1	1	0	2	1
120	2025-26	NBB	WEBER	BASKET OSASCO	2025-12-04, OSA vs MOG	27	6	0	1	0	3	6	6	1	0	1	3	2	0	1	3
120	2025-26	NBB	BRITOS	BASKET OSASCO	2025-12-04, OSA vs MOG	23	5	1	2	1	5	0	0	0	0	0	3	0	0	4	2
120	2025-26	NBB	TAREK	BASKET OSASCO	2025-12-04, OSA vs MOG	8	4	1	2	0	1	2	2	2	1	3	1	0	0	0	1
120	2025-26	NBB	MANAUS	BASKET OSASCO	2025-12-04, OSA vs MOG	12	3	1	1	0	1	1	2	0	2	2	1	0	0	1	3
120	2025-26	NBB	PASSOS	BASKET OSASCO	2025-12-04, OSA vs MOG	21	2	0	1	0	0	2	4	4	4	8	0	1	0	0	2
120	2025-26	NBB	DIKEMBE	MOGI BASQUETE	2025-12-04, OSA vs MOG	21	19	7	9	0	0	5	7	3	2	5	1	1	1	2	1
120	2025-26	NBB	RUIVO	MOGI BASQUETE	2025-12-04, OSA vs MOG	20	14	0	1	4	4	2	2	4	0	4	5	0	0	1	2
120	2025-26	NBB	PAULO	MOGI BASQUETE	2025-12-04, OSA vs MOG	27	14	3	4	2	4	2	3	4	0	4	2	1	1	2	1
120	2025-26	NBB	GABRIEL CAMPOS	MOGI BASQUETE	2025-12-04, OSA vs MOG	25	10	3	4	1	2	1	2	3	1	4	9	2	0	3	2
120	2025-26	NBB	MENCA	MOGI BASQUETE	2025-12-04, OSA vs MOG	16	9	1	3	2	3	1	2	0	1	1	3	0	0	2	3
120	2025-26	NBB	VINI CHAGAS	MOGI BASQUETE	2025-12-04, OSA vs MOG	21	8	3	3	0	2	2	2	4	0	4	0	0	1	1	1
120	2025-26	NBB	MAICON DOUGLAS	MOGI BASQUETE	2025-12-04, OSA vs MOG	11	6	3	5	0	0	0	2	1	2	3	0	1	1	0	3
120	2025-26	NBB	ANDERSON	MOGI BASQUETE	2025-12-04, OSA vs MOG	19	5	0	0	1	3	2	4	4	0	4	3	0	0	0	4
120	2025-26	NBB	CALDEIRA	MOGI BASQUETE	2025-12-04, OSA vs MOG	18	5	1	2	1	3	0	0	1	0	1	6	2	0	2	1
120	2025-26	NBB	BARRY	MOGI BASQUETE	2025-12-04, OSA vs MOG	15	3	1	4	0	1	1	2	2	1	3	0	0	0	0	1
120	2025-26	NBB	RAUL	MOGI BASQUETE	2025-12-04, OSA vs MOG	2	0	0	0	0	0	0	0	0	0	0	0	0	0	0	0
120	2025-26	NBB	VITORIANO	MOGI BASQUETE	2025-12-04, OSA vs MOG	6	0	0	0	0	0	0	0	1	0	1	0	0	0	0	1
121	2025-26	NBB	GEMADINHA	CONTA SIMPLES RIO CLARO	2025-12-04, RCB vs UFC	36	13	2	3	3	8	0	0	3	0	3	5	2	1	4	4
121	2025-26	NBB	MURILO	CONTA SIMPLES RIO CLARO	2025-12-04, RCB vs UFC	36	12	0	1	3	5	3	4	3	0	3	0	1	4	3	2
121	2025-26	NBB	SCOTT	CONTA SIMPLES RIO CLARO	2025-12-04, RCB vs UFC	26	11	2	7	1	3	4	5	6	3	9	6	1	0	2	3
121	2025-26	NBB	DOS ANJOS	CONTA SIMPLES RIO CLARO	2025-12-04, RCB vs UFC	19	10	2	4	2	4	0	0	0	1	1	1	1	0	1	2
121	2025-26	NBB	VITOR	CONTA SIMPLES RIO CLARO	2025-12-04, RCB vs UFC	20	9	1	2	1	4	4	4	1	2	3	3	3	0	2	2
121	2025-26	NBB	OWENS	CONTA SIMPLES RIO CLARO	2025-12-04, RCB vs UFC	18	8	3	7	0	0	2	2	4	1	5	1	0	0	2	3
121	2025-26	NBB	COSTA	CONTA SIMPLES RIO CLARO	2025-12-04, RCB vs UFC	16	6	0	0	2	3	0	0	1	0	1	1	0	0	0	1
121	2025-26	NBB	BONFIM	CONTA SIMPLES RIO CLARO	2025-12-04, RCB vs UFC	26	5	0	1	1	2	2	6	3	1	4	0	0	1	1	3
121	2025-26	NBB	AKIN	CONTA SIMPLES RIO CLARO	2025-12-04, RCB vs UFC	3	4	1	1	0	0	2	3	0	0	0	0	0	0	1	1
121	2025-26	NBB	SIFONTES	UNIFACISA	2025-12-04, RCB vs UFC	26	22	4	5	2	5	8	9	3	2	5	5	2	0	1	1
121	2025-26	NBB	MELVIN	UNIFACISA	2025-12-04, RCB vs UFC	17	16	2	6	4	8	0	0	2	1	3	3	2	0	0	3
121	2025-26	NBB	ANTONIO	UNIFACISA	2025-12-04, RCB vs UFC	33	15	1	3	3	10	4	4	3	4	7	1	0	0	0	3
121	2025-26	NBB	COELHO	UNIFACISA	2025-12-04, RCB vs UFC	27	11	2	5	1	1	4	5	2	1	3	3	1	0	2	4
121	2025-26	NBB	GERSON	UNIFACISA	2025-12-04, RCB vs UFC	22	7	3	7	0	0	1	1	2	2	4	1	2	0	5	3
121	2025-26	NBB	JIMMY	UNIFACISA	2025-12-04, RCB vs UFC	33	7	2	4	1	5	0	0	3	2	5	2	0	0	3	3
121	2025-26	NBB	LEAL	UNIFACISA	2025-12-04, RCB vs UFC	17	4	2	6	0	0	0	0	4	0	4	0	0	0	2	2
121	2025-26	NBB	JOAO PAULO	UNIFACISA	2025-12-04, RCB vs UFC	12	3	1	1	0	1	1	1	3	2	5	1	0	1	0	2
121	2025-26	NBB	FLORES	UNIFACISA	2025-12-04, RCB vs UFC	11	0	0	0	0	1	0	0	0	0	0	1	1	0	0	4
123	2025-26	NBB	LUCAS DIAS	SESI FRANCA	2025-12-05, FRA vs SJO	30	30	5	10	6	12	2	2	4	3	7	3	1	0	0	2
123	2025-26	NBB	GEORGINHO	SESI FRANCA	2025-12-05, FRA vs SJO	33	22	5	7	3	7	3	6	8	5	13	4	1	0	3	2
123	2025-26	NBB	DAVID JACKSON	SESI FRANCA	2025-12-05, FRA vs SJO	27	18	2	2	1	4	11	11	1	2	3	2	0	0	0	0
123	2025-26	NBB	BENNETT	SESI FRANCA	2025-12-05, FRA vs SJO	23	9	0	2	3	3	0	0	2	1	3	3	1	0	1	1
123	2025-26	NBB	LATERZA	SESI FRANCA	2025-12-05, FRA vs SJO	22	8	1	3	2	4	0	1	0	0	0	5	2	0	2	4
123	2025-26	NBB	RODRIGUEZ	SESI FRANCA	2025-12-05, FRA vs SJO	14	7	3	4	0	2	1	3	3	1	4	1	1	0	0	4
123	2025-26	NBB	FELICIO	SESI FRANCA	2025-12-05, FRA vs SJO	9	5	2	2	0	0	1	2	2	1	3	0	0	0	2	3
123	2025-26	NBB	ZU JR.	SESI FRANCA	2025-12-05, FRA vs SJO	15	3	0	1	1	2	0	0	1	0	1	0	1	0	2	0
123	2025-26	NBB	MINEIRO	SESI FRANCA	2025-12-05, FRA vs SJO	27	2	1	2	0	4	0	0	4	2	6	2	2	0	3	2
123	2025-26	NBB	ADYEL	MR. MOO SAO JOSE BASKETBALL	2025-12-05, FRA vs SJO	36	23	6	9	2	6	5	6	6	0	6	7	3	0	3	3
123	2025-26	NBB	MILLER	MR. MOO SAO JOSE BASKETBALL	2025-12-05, FRA vs SJO	36	17	3	4	3	6	2	2	6	1	7	1	1	0	0	3
123	2025-26	NBB	ANDERSON	MR. MOO SAO JOSE BASKETBALL	2025-12-05, FRA vs SJO	27	16	5	7	1	1	3	4	2	1	3	0	0	0	2	3
123	2025-26	NBB	MAIQUE	MR. MOO SAO JOSE BASKETBALL	2025-12-05, FRA vs SJO	13	9	3	5	1	1	0	0	1	0	1	0	0	1	0	2
123	2025-26	NBB	DOS SANTOS	MR. MOO SAO JOSE BASKETBALL	2025-12-05, FRA vs SJO	38	9	3	8	0	2	3	6	2	1	3	6	1	1	4	4
123	2025-26	NBB	CAUE	MR. MOO SAO JOSE BASKETBALL	2025-12-05, FRA vs SJO	25	6	0	0	2	2	0	0	3	0	3	5	0	0	3	2
123	2025-26	NBB	LESSA	MR. MOO SAO JOSE BASKETBALL	2025-12-05, FRA vs SJO	22	5	1	2	1	4	0	0	2	0	2	3	2	0	1	1
123	2025-26	NBB	NICKEL	MR. MOO SAO JOSE BASKETBALL	2025-12-05, FRA vs SJO	3	0	0	0	0	1	0	0	1	0	1	0	0	0	1	1
124	2025-26	NBB	BARNES	CEISC/UNIAO CORINTHIANS	2025-12-05, UCO vs MIN	28	20	6	10	2	5	2	2	1	0	1	2	0	0	3	3
124	2025-26	NBB	HOLLOWELL	CEISC/UNIAO CORINTHIANS	2025-12-05, UCO vs MIN	34	19	5	7	2	5	3	5	6	3	9	3	2	0	4	5
124	2025-26	NBB	GOES	CEISC/UNIAO CORINTHIANS	2025-12-05, UCO vs MIN	24	9	3	4	1	4	0	0	5	0	5	3	0	0	1	2
124	2025-26	NBB	HETTSHEIMEIR	CEISC/UNIAO CORINTHIANS	2025-12-05, UCO vs MIN	20	6	0	2	2	6	0	0	2	0	2	1	0	0	0	2
124	2025-26	NBB	SCOTT	CEISC/UNIAO CORINTHIANS	2025-12-05, UCO vs MIN	26	6	3	5	0	0	0	2	6	3	9	1	1	1	3	4
124	2025-26	NBB	VERISSIMO	CEISC/UNIAO CORINTHIANS	2025-12-05, UCO vs MIN	24	5	2	3	0	2	1	2	4	0	4	1	1	0	1	1
124	2025-26	NBB	GUYTON	CEISC/UNIAO CORINTHIANS	2025-12-05, UCO vs MIN	13	3	0	0	1	3	0	0	1	1	2	2	2	0	1	3
124	2025-26	NBB	ISAAC	CEISC/UNIAO CORINTHIANS	2025-12-05, UCO vs MIN	19	2	1	1	0	0	0	0	2	1	3	2	0	0	0	1
124	2025-26	NBB	ROSSETTO	CEISC/UNIAO CORINTHIANS	2025-12-05, UCO vs MIN	13	1	0	1	0	4	1	2	3	0	3	0	2	0	1	1
124	2025-26	NBB	PARANHOS	KTO MINAS	2025-12-05, UCO vs MIN	26	18	7	13	0	0	4	6	1	2	3	1	1	0	3	0
124	2025-26	NBB	WINI SILVA	KTO MINAS	2025-12-05, UCO vs MIN	14	10	4	5	0	1	2	5	2	2	4	1	2	0	2	4
124	2025-26	NBB	WILLIAMS	KTO MINAS	2025-12-05, UCO vs MIN	22	9	2	4	1	4	2	3	3	0	3	3	0	0	1	2
124	2025-26	NBB	FISCHER	KTO MINAS	2025-12-05, UCO vs MIN	19	7	3	3	0	3	1	2	0	0	0	5	0	0	0	0
124	2025-26	NBB	ARENGO	KTO MINAS	2025-12-05, UCO vs MIN	23	6	0	1	2	9	0	0	1	0	1	1	2	0	1	3
124	2025-26	NBB	RODRIGUEZ	KTO MINAS	2025-12-05, UCO vs MIN	16	6	3	3	0	2	0	2	2	1	3	4	0	0	0	2
124	2025-26	NBB	R. RACHEL	KTO MINAS	2025-12-05, UCO vs MIN	15	6	0	0	2	3	0	2	3	3	6	1	0	0	1	1
124	2025-26	NBB	MCCREE	KTO MINAS	2025-12-05, UCO vs MIN	25	5	2	4	0	4	1	2	3	2	5	1	0	0	2	3
124	2025-26	NBB	YURI	KTO MINAS	2025-12-05, UCO vs MIN	16	4	2	2	0	1	0	0	3	1	4	1	1	0	0	3
124	2025-26	NBB	FUZARO	KTO MINAS	2025-12-05, UCO vs MIN	20	3	1	1	0	3	1	1	5	0	5	3	2	2	1	2
124	2025-26	NBB	DAVIS JR.	KTO MINAS	2025-12-05, UCO vs MIN	4	0	0	1	0	0	0	0	0	0	0	0	0	0	0	0
125	2025-26	NBB	VON HAYDIN	CAIXA/BRASILIA	2025-12-06, BRA vs UFC	30	20	3	4	4	11	2	2	4	0	4	2	0	0	0	1
125	2025-26	NBB	BUIU	CAIXA/BRASILIA	2025-12-06, BRA vs UFC	23	18	4	9	2	5	4	6	5	1	6	2	0	0	2	2
125	2025-26	NBB	BRUNAO	CAIXA/BRASILIA	2025-12-06, BRA vs UFC	30	14	3	5	0	1	8	8	5	3	8	1	0	0	2	3
125	2025-26	NBB	CORVALAN	CAIXA/BRASILIA	2025-12-06, BRA vs UFC	23	10	0	3	3	5	1	2	2	0	2	5	1	0	3	3
125	2025-26	NBB	PAULICHI	CAIXA/BRASILIA	2025-12-06, BRA vs UFC	34	10	5	5	0	0	0	0	5	1	6	0	2	1	3	3
125	2025-26	NBB	LUCAS	CAIXA/BRASILIA	2025-12-06, BRA vs UFC	17	6	0	3	2	3	0	0	0	1	1	1	0	0	0	2
125	2025-26	NBB	CRESCENZI	CAIXA/BRASILIA	2025-12-06, BRA vs UFC	27	5	1	2	1	5	0	0	2	1	3	3	4	0	1	2
125	2025-26	NBB	PEDRO	CAIXA/BRASILIA	2025-12-06, BRA vs UFC	12	1	0	1	0	2	1	2	1	0	1	0	0	0	0	2
125	2025-26	NBB	BELLER	CAIXA/BRASILIA	2025-12-06, BRA vs UFC	4	0	0	1	0	1	0	0	1	0	1	0	1	0	0	2
125	2025-26	NBB	THYGESEN	UNIFACISA	2025-12-06, BRA vs UFC	21	16	4	5	2	6	2	3	3	0	3	5	1	0	1	4
125	2025-26	NBB	JIMMY	UNIFACISA	2025-12-06, BRA vs UFC	32	14	3	4	1	3	5	5	4	2	6	4	1	1	3	1
125	2025-26	NBB	ANTONIO	UNIFACISA	2025-12-06, BRA vs UFC	32	13	5	6	0	4	3	5	11	0	11	4	2	0	1	1
125	2025-26	NBB	SIFONTES	UNIFACISA	2025-12-06, BRA vs UFC	27	12	1	4	3	4	1	2	4	1	5	5	0	0	2	3
125	2025-26	NBB	GERSON	UNIFACISA	2025-12-06, BRA vs UFC	23	8	4	9	0	0	0	2	2	0	2	0	0	0	1	2
125	2025-26	NBB	LEAL	UNIFACISA	2025-12-06, BRA vs UFC	12	8	3	6	0	0	2	4	1	1	2	0	0	0	1	3
125	2025-26	NBB	COELHO	UNIFACISA	2025-12-06, BRA vs UFC	26	6	0	0	2	4	0	0	2	0	2	3	0	0	3	2
125	2025-26	NBB	MELVIN	UNIFACISA	2025-12-06, BRA vs UFC	12	4	2	2	0	2	0	0	1	0	1	0	0	0	2	4
125	2025-26	NBB	FLORES	UNIFACISA	2025-12-06, BRA vs UFC	4	0	0	0	0	0	0	0	0	0	0	0	0	0	0	0
125	2025-26	NBB	JOAO PAULO	UNIFACISA	2025-12-06, BRA vs UFC	11	0	0	2	0	0	0	0	1	0	1	1	0	0	1	1
126	2025-26	NBB	JOHNSON SR.	FLAMENGO	2025-12-06, FLA vs CAX	29	16	1	3	3	7	5	6	4	1	5	4	2	0	1	1
126	2025-26	NBB	NEGRETE	FLAMENGO	2025-12-06, FLA vs CAX	18	15	5	7	1	2	2	2	3	1	4	1	2	0	1	0
126	2025-26	NBB	GUI	FLAMENGO	2025-12-06, FLA vs CAX	26	14	3	4	2	8	2	2	3	0	3	5	3	0	2	0
126	2025-26	NBB	CUMMINGS	FLAMENGO	2025-12-06, FLA vs CAX	26	11	5	6	0	0	1	3	5	2	7	3	5	1	2	2
126	2025-26	NBB	GUEIROS	FLAMENGO	2025-12-06, FLA vs CAX	16	7	2	3	0	4	3	4	0	2	2	1	1	0	1	1
126	2025-26	NBB	DORIA	FLAMENGO	2025-12-06, FLA vs CAX	6	6	3	3	0	0	0	0	1	0	1	0	0	0	1	0
126	2025-26	NBB	BOST	FLAMENGO	2025-12-06, FLA vs CAX	19	6	0	0	2	6	0	0	2	0	2	9	2	0	4	3
126	2025-26	NBB	MANEL	FLAMENGO	2025-12-06, FLA vs CAX	8	4	2	4	0	0	0	0	2	1	3	0	0	0	0	1
126	2025-26	NBB	WESLEY	FLAMENGO	2025-12-06, FLA vs CAX	19	4	2	2	0	1	0	0	4	0	4	1	1	0	1	1
126	2025-26	NBB	JHONATAN	FLAMENGO	2025-12-06, FLA vs CAX	14	3	1	3	0	0	1	2	1	1	2	0	0	0	2	4
126	2025-26	NBB	KAYO	FLAMENGO	2025-12-06, FLA vs CAX	14	3	0	0	1	3	0	0	2	0	2	0	0	0	0	3
126	2025-26	NBB	V. CAUA	FLAMENGO	2025-12-06, FLA vs CAX	5	2	1	1	0	0	0	0	1	0	1	0	0	0	0	1
126	2025-26	NBB	FABRIZZIO	CAXIAS DO SUL BASQUETE	2025-12-06, FLA vs CAX	25	21	8	9	1	4	2	2	2	0	2	0	2	0	3	4
126	2025-26	NBB	HUMBERTO	CAXIAS DO SUL BASQUETE	2025-12-06, FLA vs CAX	29	12	2	5	0	0	8	8	5	0	5	6	0	0	4	2
126	2025-26	NBB	VEZARO	CAXIAS DO SUL BASQUETE	2025-12-06, FLA vs CAX	22	7	2	3	1	3	0	0	3	0	3	0	2	0	2	1
126	2025-26	NBB	SHAMELL	CAXIAS DO SUL BASQUETE	2025-12-06, FLA vs CAX	21	5	2	4	0	3	1	1	3	1	4	0	1	0	6	1
126	2025-26	NBB	OMENA	CAXIAS DO SUL BASQUETE	2025-12-06, FLA vs CAX	23	4	1	2	0	2	2	2	1	0	1	3	2	0	2	1
126	2025-26	NBB	RAFA	CAXIAS DO SUL BASQUETE	2025-12-06, FLA vs CAX	24	4	2	2	0	2	0	0	3	2	5	2	0	0	1	1
126	2025-26	NBB	LUAN	CAXIAS DO SUL BASQUETE	2025-12-06, FLA vs CAX	10	4	1	2	0	0	2	2	1	1	2	0	0	1	0	2
126	2025-26	NBB	AUGUSTO	CAXIAS DO SUL BASQUETE	2025-12-06, FLA vs CAX	9	3	1	3	0	1	1	2	0	0	0	0	0	0	1	2
126	2025-26	NBB	TIAGO M.	CAXIAS DO SUL BASQUETE	2025-12-06, FLA vs CAX	7	2	1	4	0	6	0	0	1	1	2	0	0	0	0	0
126	2025-26	NBB	TOM	CAXIAS DO SUL BASQUETE	2025-12-06, FLA vs CAX	16	2	1	2	0	0	0	0	3	1	4	1	0	0	2	2
126	2025-26	NBB	MIGUEL	CAXIAS DO SUL BASQUETE	2025-12-06, FLA vs CAX	15	2	1	2	0	3	0	0	2	2	4	0	0	0	0	3
127	2025-26	NBB	THOMPSON	PATO BASQUETE	2025-12-06, PAT vs CAP	30	18	5	10	2	5	2	3	4	3	7	0	2	0	2	4
127	2025-26	NBB	CREWS	PATO BASQUETE	2025-12-06, PAT vs CAP	22	14	3	4	2	6	2	3	1	1	2	1	3	0	1	2
127	2025-26	NBB	MICHEL	PATO BASQUETE	2025-12-06, PAT vs CAP	22	9	0	2	2	5	3	4	6	2	8	2	1	0	2	3
127	2025-26	NBB	FIDELIS	PATO BASQUETE	2025-12-06, PAT vs CAP	33	8	3	7	0	0	2	3	1	2	3	4	0	0	3	2
127	2025-26	NBB	GRIGOR	PATO BASQUETE	2025-12-06, PAT vs CAP	22	6	3	4	0	2	0	0	4	1	5	0	0	0	0	5
127	2025-26	NBB	HORTON	PATO BASQUETE	2025-12-06, PAT vs CAP	21	5	2	5	0	0	1	2	1	1	2	0	2	0	1	4
127	2025-26	NBB	EDU MARILIA	PATO BASQUETE	2025-12-06, PAT vs CAP	16	4	2	2	0	1	0	0	2	1	3	0	1	0	2	2
127	2025-26	NBB	NAKA	PATO BASQUETE	2025-12-06, PAT vs CAP	10	2	1	2	0	2	0	0	1	0	1	1	0	0	1	0
127	2025-26	NBB	D. PENTEADO	PATO BASQUETE	2025-12-06, PAT vs CAP	19	1	0	3	0	2	1	2	1	0	1	2	0	0	1	0
127	2025-26	NBB	N. GOMES	PATO BASQUETE	2025-12-06, PAT vs CAP	1	0	0	0	0	0	0	0	0	0	0	0	0	0	0	0
127	2025-26	NBB	WILLKER Z.	PATO BASQUETE	2025-12-06, PAT vs CAP	4	0	0	0	0	0	0	0	1	0	1	0	0	0	1	0
127	2025-26	NBB	HUNTER	PAULISTANO	2025-12-06, PAT vs CAP	33	21	7	13	1	2	4	8	7	1	8	1	1	0	5	4
127	2025-26	NBB	GUI ABREU	PAULISTANO	2025-12-06, PAT vs CAP	32	11	2	5	1	4	4	5	2	3	5	0	2	0	4	4
127	2025-26	NBB	SIEWERT	PAULISTANO	2025-12-06, PAT vs CAP	33	9	3	3	1	6	0	0	4	0	4	0	0	0	3	1
127	2025-26	NBB	VITINHO	PAULISTANO	2025-12-06, PAT vs CAP	36	9	3	7	0	3	3	4	3	0	3	1	0	0	2	2
127	2025-26	NBB	SEIXAS	PAULISTANO	2025-12-06, PAT vs CAP	20	8	2	4	0	3	4	4	1	4	5	0	0	0	1	0
127	2025-26	NBB	DEMETRIO	PAULISTANO	2025-12-06, PAT vs CAP	17	1	0	3	0	2	1	4	2	2	4	0	1	2	0	0
127	2025-26	NBB	NETO	PAULISTANO	2025-12-06, PAT vs CAP	2	0	0	0	0	0	0	0	0	0	0	0	0	0	0	2
127	2025-26	NBB	GABRIEL	PAULISTANO	2025-12-06, PAT vs CAP	4	0	0	0	0	0	0	0	0	0	0	0	0	0	0	0
127	2025-26	NBB	GABRIEL	PAULISTANO	2025-12-06, PAT vs CAP	24	0	0	0	0	0	0	0	3	0	3	0	1	2	2	3
128	2025-26	NBB	GEMADINHA	CONTA SIMPLES RIO CLARO	2025-12-06, RCB vs FOR	38	29	1	5	8	12	3	4	5	1	6	8	2	0	3	3
128	2025-26	NBB	SCOTT	CONTA SIMPLES RIO CLARO	2025-12-06, RCB vs FOR	36	18	6	11	2	5	0	2	3	0	3	6	0	1	2	2
128	2025-26	NBB	DOS ANJOS	CONTA SIMPLES RIO CLARO	2025-12-06, RCB vs FOR	16	12	1	1	2	2	4	5	2	1	3	1	0	0	1	4
128	2025-26	NBB	VITOR	CONTA SIMPLES RIO CLARO	2025-12-06, RCB vs FOR	32	10	1	1	2	4	2	4	2	2	4	1	2	0	2	1
128	2025-26	NBB	CAIOKA	CONTA SIMPLES RIO CLARO	2025-12-06, RCB vs FOR	12	10	2	4	2	2	0	0	2	0	2	1	0	0	0	0
128	2025-26	NBB	OWENS	CONTA SIMPLES RIO CLARO	2025-12-06, RCB vs FOR	20	6	3	9	0	0	0	0	2	2	4	3	0	2	1	3
128	2025-26	NBB	MURILO	CONTA SIMPLES RIO CLARO	2025-12-06, RCB vs FOR	16	6	3	5	0	2	0	0	2	3	5	2	0	0	0	2
128	2025-26	NBB	BONFIM	CONTA SIMPLES RIO CLARO	2025-12-06, RCB vs FOR	18	4	2	4	0	0	0	0	2	0	2	1	2	2	2	3
128	2025-26	NBB	AKIN	CONTA SIMPLES RIO CLARO	2025-12-06, RCB vs FOR	10	3	0	0	1	1	0	0	1	0	1	0	0	0	1	1
128	2025-26	NBB	CARLOS JR.	CONTA SIMPLES RIO CLARO	2025-12-06, RCB vs FOR	2	0	0	1	0	0	0	0	0	2	2	0	0	0	0	1
128	2025-26	NBB	ALEX	FORTALEZA BASQUETE CEARENSE	2025-12-06, RCB vs FOR	32	31	10	12	2	5	5	7	6	2	8	6	1	0	5	2
128	2025-26	NBB	DUPREE	FORTALEZA BASQUETE CEARENSE	2025-12-06, RCB vs FOR	32	22	3	8	3	7	7	7	6	2	8	5	1	0	3	4
128	2025-26	NBB	DA SILVA	FORTALEZA BASQUETE CEARENSE	2025-12-06, RCB vs FOR	31	13	5	7	0	0	3	4	4	1	5	1	0	0	1	0
128	2025-26	NBB	POPOVIC	FORTALEZA BASQUETE CEARENSE	2025-12-06, RCB vs FOR	28	10	5	7	0	2	0	0	3	0	3	2	1	1	0	1
128	2025-26	NBB	GABRIEL	FORTALEZA BASQUETE CEARENSE	2025-12-06, RCB vs FOR	16	9	2	3	1	3	2	2	2	0	2	0	1	0	0	4
128	2025-26	NBB	SALSAMENDI	FORTALEZA BASQUETE CEARENSE	2025-12-06, RCB vs FOR	22	4	2	3	0	1	0	0	2	0	2	3	2	2	0	4
128	2025-26	NBB	GOHLKE	FORTALEZA BASQUETE CEARENSE	2025-12-06, RCB vs FOR	28	4	0	1	1	7	1	2	0	1	1	0	0	0	1	0
128	2025-26	NBB	ALBERTON	FORTALEZA BASQUETE CEARENSE	2025-12-06, RCB vs FOR	7	2	0	1	0	0	2	2	0	0	0	0	0	0	2	2
128	2025-26	NBB	AUGUSTO VIEIRA	FORTALEZA BASQUETE CEARENSE	2025-12-06, RCB vs FOR	3	0	0	0	0	0	0	0	0	0	0	0	0	0	0	0
129	2025-26	NBB	EMANUEL	BOTAFOGO	2025-12-08, BOT vs CAX	39	23	5	9	3	9	4	6	3	3	6	4	1	2	0	0
129	2025-26	NBB	ALEF	BOTAFOGO	2025-12-08, BOT vs CAX	21	17	7	9	1	1	0	0	2	1	3	1	0	0	0	3
129	2025-26	NBB	MATHEUSINHO	BOTAFOGO	2025-12-08, BOT vs CAX	40	11	1	6	3	7	0	3	10	1	11	10	4	0	1	2
129	2025-26	NBB	LUCAS	BOTAFOGO	2025-12-08, BOT vs CAX	27	9	3	4	1	4	0	0	1	1	2	0	2	0	2	4
129	2025-26	NBB	LELE	BOTAFOGO	2025-12-08, BOT vs CAX	20	5	1	2	1	1	0	0	0	0	0	0	1	0	2	1
129	2025-26	NBB	PAULINO	BOTAFOGO	2025-12-08, BOT vs CAX	21	5	2	6	0	1	1	2	0	2	2	2	0	0	4	3
129	2025-26	NBB	SCHEUER	BOTAFOGO	2025-12-08, BOT vs CAX	12	3	0	2	0	0	3	4	3	0	3	1	0	0	0	2
129	2025-26	NBB	KLEBINHO	BOTAFOGO	2025-12-08, BOT vs CAX	8	2	1	2	0	0	0	0	0	0	0	0	0	0	0	2
129	2025-26	NBB	DANIEL	BOTAFOGO	2025-12-08, BOT vs CAX	7	0	0	0	0	1	0	0	0	1	1	1	0	0	0	1
129	2025-26	NBB	JHONATAN	BOTAFOGO	2025-12-08, BOT vs CAX	6	0	0	1	0	0	0	0	0	1	1	2	0	0	1	0
129	2025-26	NBB	RAFA	CAXIAS DO SUL BASQUETE	2025-12-08, BOT vs CAX	28	13	2	4	2	5	3	4	6	2	8	1	1	0	1	1
129	2025-26	NBB	VEZARO	CAXIAS DO SUL BASQUETE	2025-12-08, BOT vs CAX	34	12	0	3	4	6	0	0	1	3	4	0	0	0	4	3
129	2025-26	NBB	FABRIZZIO	CAXIAS DO SUL BASQUETE	2025-12-08, BOT vs CAX	17	11	2	2	1	4	4	4	2	0	2	1	1	0	1	1
129	2025-26	NBB	AUGUSTO	CAXIAS DO SUL BASQUETE	2025-12-08, BOT vs CAX	20	10	1	3	2	6	2	2	0	1	1	3	0	0	1	2
129	2025-26	NBB	HUMBERTO	CAXIAS DO SUL BASQUETE	2025-12-08, BOT vs CAX	29	10	2	4	2	2	0	1	4	1	5	2	1	0	6	3
129	2025-26	NBB	SHAMELL	CAXIAS DO SUL BASQUETE	2025-12-08, BOT vs CAX	26	9	3	4	1	2	0	1	3	0	3	6	1	0	1	1
129	2025-26	NBB	TOM	CAXIAS DO SUL BASQUETE	2025-12-08, BOT vs CAX	16	6	3	4	0	0	0	1	5	3	8	1	0	2	0	2
129	2025-26	NBB	OMENA	CAXIAS DO SUL BASQUETE	2025-12-08, BOT vs CAX	21	5	1	4	1	4	0	0	1	0	1	3	1	0	2	2
129	2025-26	NBB	MIGUEL	CAXIAS DO SUL BASQUETE	2025-12-08, BOT vs CAX	9	4	2	2	0	1	0	0	2	2	4	2	0	0	2	1
130	2025-26	NBB	SCOTT	CONTA SIMPLES RIO CLARO	2025-12-09, RCB vs PAT	43	25	9	13	0	4	7	9	4	2	6	4	2	0	6	3
130	2025-26	NBB	GEMADINHA	CONTA SIMPLES RIO CLARO	2025-12-09, RCB vs PAT	46	21	3	7	3	11	6	6	1	0	1	12	1	0	2	4
130	2025-26	NBB	OWENS	CONTA SIMPLES RIO CLARO	2025-12-09, RCB vs PAT	38	18	7	14	0	0	4	5	7	3	10	3	0	0	1	1
130	2025-26	NBB	DOS ANJOS	CONTA SIMPLES RIO CLARO	2025-12-09, RCB vs PAT	25	9	2	3	1	6	2	2	1	1	2	0	1	0	0	2
130	2025-26	NBB	VITOR	CONTA SIMPLES RIO CLARO	2025-12-09, RCB vs PAT	29	8	1	2	1	3	3	4	5	4	9	0	1	0	0	5
130	2025-26	NBB	BONFIM	CONTA SIMPLES RIO CLARO	2025-12-09, RCB vs PAT	18	8	4	4	0	0	0	0	3	2	5	0	2	1	2	1
130	2025-26	NBB	CAIOKA	CONTA SIMPLES RIO CLARO	2025-12-09, RCB vs PAT	12	5	2	2	0	1	1	2	2	0	2	0	0	0	1	0
130	2025-26	NBB	COSTA	CONTA SIMPLES RIO CLARO	2025-12-09, RCB vs PAT	24	3	0	1	1	4	0	0	0	0	0	0	0	0	0	3
130	2025-26	NBB	AKIN	CONTA SIMPLES RIO CLARO	2025-12-09, RCB vs PAT	5	2	0	0	0	0	2	2	0	0	0	0	0	0	1	0
130	2025-26	NBB	MURILO	CONTA SIMPLES RIO CLARO	2025-12-09, RCB vs PAT	11	2	0	0	0	1	2	2	0	0	0	1	0	1	1	2
130	2025-26	NBB	SCOTT	PATO BASQUETE	2025-12-09, RCB vs PAT	5	6	2	2	0	0	2	2	0	0	0	0	1	0	0	0
130	2025-26	NBB	GEMADINHA	PATO BASQUETE	2025-12-09, RCB vs PAT	5	4	1	2	0	3	2	2	0	0	0	0	0	0	0	1
130	2025-26	NBB	VITOR	PATO BASQUETE	2025-12-09, RCB vs PAT	5	1	0	0	0	0	1	2	1	3	4	0	0	0	0	1
130	2025-26	NBB	COSTA	PATO BASQUETE	2025-12-09, RCB vs PAT	5	0	0	0	0	1	0	0	0	0	0	0	0	0	0	1
130	2025-26	NBB	OWENS	PATO BASQUETE	2025-12-09, RCB vs PAT	5	0	0	1	0	0	0	0	1	0	1	0	0	0	0	0
131	2025-26	NBB	DA SILVA	FORTALEZA BASQUETE CEARENSE	2025-12-09, FOR vs OSA	37	21	9	15	0	1	3	4	3	4	7	3	2	0	1	2
131	2025-26	NBB	ALEX	FORTALEZA BASQUETE CEARENSE	2025-12-09, FOR vs OSA	24	20	7	10	0	2	6	6	4	0	4	6	3	0	1	3
131	2025-26	NBB	SALSAMENDI	FORTALEZA BASQUETE CEARENSE	2025-12-09, FOR vs OSA	23	12	4	6	0	0	4	4	4	0	4	2	1	0	1	0
131	2025-26	NBB	DUPREE	FORTALEZA BASQUETE CEARENSE	2025-12-09, FOR vs OSA	25	12	2	8	2	3	2	4	6	2	8	3	2	0	1	3
131	2025-26	NBB	POPOVIC	FORTALEZA BASQUETE CEARENSE	2025-12-09, FOR vs OSA	23	10	3	7	0	1	4	5	2	1	3	1	0	0	1	1
131	2025-26	NBB	GABRIEL	FORTALEZA BASQUETE CEARENSE	2025-12-09, FOR vs OSA	25	10	3	5	0	3	4	7	1	0	1	1	0	0	1	0
131	2025-26	NBB	GOHLKE	FORTALEZA BASQUETE CEARENSE	2025-12-09, FOR vs OSA	16	2	1	2	0	5	0	0	2	1	3	5	1	0	0	1
131	2025-26	NBB	SAMUEL	FORTALEZA BASQUETE CEARENSE	2025-12-09, FOR vs OSA	10	2	1	1	0	0	0	0	1	2	3	0	0	0	0	4
131	2025-26	NBB	JEANZINHO	FORTALEZA BASQUETE CEARENSE	2025-12-09, FOR vs OSA	13	0	0	3	0	1	0	0	0	1	1	1	3	1	3	1
131	2025-26	NBB	AUGUSTO VIEIRA	FORTALEZA BASQUETE CEARENSE	2025-12-09, FOR vs OSA	3	0	0	0	0	0	0	0	0	0	0	1	1	0	0	0
131	2025-26	NBB	EDDY	BASKET OSASCO	2025-12-09, FOR vs OSA	38	26	1	1	8	16	0	0	5	1	6	5	0	0	1	4
131	2025-26	NBB	HARRIS	BASKET OSASCO	2025-12-09, FOR vs OSA	39	23	7	10	1	4	6	8	2	0	2	5	2	0	4	3
131	2025-26	NBB	GRANT	BASKET OSASCO	2025-12-09, FOR vs OSA	16	14	4	6	1	2	3	5	4	0	4	3	0	0	4	3
131	2025-26	NBB	MALACHIAS	BASKET OSASCO	2025-12-09, FOR vs OSA	30	6	2	2	0	3	2	2	4	1	5	1	1	0	1	3
131	2025-26	NBB	PASSOS	BASKET OSASCO	2025-12-09, FOR vs OSA	30	6	2	2	0	0	2	4	6	0	6	1	0	0	2	1
131	2025-26	NBB	BRITOS	BASKET OSASCO	2025-12-09, FOR vs OSA	29	3	0	3	1	7	0	0	4	0	4	8	2	1	1	3
131	2025-26	NBB	WEBER	BASKET OSASCO	2025-12-09, FOR vs OSA	11	2	1	1	0	1	0	0	1	0	1	1	0	0	1	3
131	2025-26	NBB	DALAQUA	BASKET OSASCO	2025-12-09, FOR vs OSA	6	2	1	2	0	1	0	0	0	0	0	0	0	0	2	3
132	2025-26	NBB	ANDREZAO	BAURU BASKET	2025-12-10, BAU vs COR	33	24	9	15	0	0	6	6	6	6	12	3	0	0	1	3
132	2025-26	NBB	MATERAN	BAURU BASKET	2025-12-10, BAU vs COR	28	24	1	3	7	11	1	2	2	2	4	3	0	0	0	2
132	2025-26	NBB	BRITE	BAURU BASKET	2025-12-10, BAU vs COR	34	18	4	8	3	7	1	2	1	1	2	8	2	0	1	1
132	2025-26	NBB	GUSTAVO	BAURU BASKET	2025-12-10, BAU vs COR	17	11	2	3	2	2	1	1	2	1	3	1	0	0	2	3
132	2025-26	NBB	ALEX	BAURU BASKET	2025-12-10, BAU vs COR	35	8	3	5	0	4	2	3	3	0	3	6	2	0	5	4
132	2025-26	NBB	PEDRO	BAURU BASKET	2025-12-10, BAU vs COR	19	4	2	3	0	3	0	0	3	2	5	1	1	0	1	0
132	2025-26	NBB	EUGENIUSZ	BAURU BASKET	2025-12-10, BAU vs COR	13	3	0	2	1	2	0	0	1	0	1	0	0	0	1	4
132	2025-26	NBB	GEMERSON	BAURU BASKET	2025-12-10, BAU vs COR	16	2	1	3	0	3	0	0	0	3	3	1	0	0	2	3
132	2025-26	NBB	VITHINHO	BAURU BASKET	2025-12-10, BAU vs COR	2	0	0	0	0	1	0	0	1	0	1	2	0	0	0	0
132	2025-26	NBB	AUGUSTO	BAURU BASKET	2025-12-10, BAU vs COR	2	0	0	0	0	0	0	0	0	0	0	0	0	0	0	0
132	2025-26	NBB	THOMAS	CORINTHIANS	2025-12-10, BAU vs COR	32	24	4	5	5	9	1	4	2	0	2	4	1	1	5	3
132	2025-26	NBB	CLARK	CORINTHIANS	2025-12-10, BAU vs COR	26	22	7	8	1	4	5	6	3	0	3	2	1	0	1	2
132	2025-26	NBB	LUCAS CAUE	CORINTHIANS	2025-12-10, BAU vs COR	28	12	5	7	0	0	2	2	5	2	7	1	1	0	4	4
132	2025-26	NBB	MUNFORD	CORINTHIANS	2025-12-10, BAU vs COR	26	8	1	2	1	5	3	3	4	0	4	2	0	0	1	1
132	2025-26	NBB	VICTAO	CORINTHIANS	2025-12-10, BAU vs COR	28	6	0	2	2	4	0	0	1	1	2	0	3	0	1	1
132	2025-26	NBB	ELINHO	CORINTHIANS	2025-12-10, BAU vs COR	34	6	0	1	2	7	0	0	3	2	5	6	1	0	5	1
132	2025-26	NBB	T. FARIA	CORINTHIANS	2025-12-10, BAU vs COR	5	2	1	2	0	0	0	0	0	0	0	1	0	0	0	0
132	2025-26	NBB	NOVAES	CORINTHIANS	2025-12-10, BAU vs COR	10	2	0	1	0	0	2	2	1	2	3	0	0	1	2	1
132	2025-26	NBB	RAYMUNDO	CORINTHIANS	2025-12-10, BAU vs COR	11	2	0	1	0	0	2	2	1	0	1	1	1	1	1	3
134	2025-26	NBB	SLOAN	PINHEIROS	2025-12-10, PIN vs MOG	25	17	2	5	3	10	4	5	0	0	0	5	1	0	4	2
134	2025-26	NBB	BETINHO	PINHEIROS	2025-12-10, PIN vs MOG	18	13	2	4	3	4	0	1	2	1	3	1	0	0	1	2
134	2025-26	NBB	PASTRE	PINHEIROS	2025-12-10, PIN vs MOG	27	12	1	1	3	5	1	2	6	1	7	0	0	0	0	3
134	2025-26	NBB	DJALO	PINHEIROS	2025-12-10, PIN vs MOG	24	12	0	1	4	6	0	0	3	1	4	2	1	0	1	3
134	2025-26	NBB	PACHECO	PINHEIROS	2025-12-10, PIN vs MOG	21	11	3	6	0	0	5	5	2	0	2	3	1	0	2	0
134	2025-26	NBB	GREGATE	PINHEIROS	2025-12-10, PIN vs MOG	15	9	4	4	0	5	1	1	3	1	4	0	1	0	4	4
134	2025-26	NBB	MACIEL	PINHEIROS	2025-12-10, PIN vs MOG	20	5	1	1	1	1	0	0	3	4	7	2	1	0	2	2
134	2025-26	NBB	AFONSO	PINHEIROS	2025-12-10, PIN vs MOG	15	2	1	2	0	0	0	0	3	0	3	0	0	0	0	1
134	2025-26	NBB	PENHA JR.	PINHEIROS	2025-12-10, PIN vs MOG	22	2	1	2	0	4	0	0	4	2	6	2	0	0	1	1
134	2025-26	NBB	AGAPY	PINHEIROS	2025-12-10, PIN vs MOG	10	1	0	0	0	0	1	2	3	0	3	1	0	1	1	4
134	2025-26	NBB	BRAYAN	PINHEIROS	2025-12-10, PIN vs MOG	1	0	0	0	0	0	0	0	0	0	0	0	0	0	0	0
134	2025-26	NBB	MEILI	PINHEIROS	2025-12-10, PIN vs MOG	1	0	0	0	0	1	0	0	1	0	1	0	0	0	0	1
134	2025-26	NBB	RUIVO	MOGI BASQUETE	2025-12-10, PIN vs MOG	34	15	3	6	2	9	3	4	3	0	3	7	1	0	1	3
134	2025-26	NBB	PAULO	MOGI BASQUETE	2025-12-10, PIN vs MOG	35	13	1	3	2	4	5	6	5	1	6	1	3	1	1	2
134	2025-26	NBB	GABRIEL CAMPOS	MOGI BASQUETE	2025-12-10, PIN vs MOG	25	12	1	4	2	7	4	6	1	1	2	2	1	0	0	3
134	2025-26	NBB	ANDERSON	MOGI BASQUETE	2025-12-10, PIN vs MOG	32	10	2	3	2	3	0	0	5	2	7	0	1	1	3	3
134	2025-26	NBB	MENCA	MOGI BASQUETE	2025-12-10, PIN vs MOG	20	9	0	2	2	5	3	4	1	1	2	3	0	0	1	2
134	2025-26	NBB	DIKEMBE	MOGI BASQUETE	2025-12-10, PIN vs MOG	23	7	2	6	0	0	3	5	3	3	6	2	1	0	5	3
134	2025-26	NBB	VINI CHAGAS	MOGI BASQUETE	2025-12-10, PIN vs MOG	12	2	1	2	0	0	0	0	0	0	0	0	0	0	0	0
134	2025-26	NBB	CALDEIRA	MOGI BASQUETE	2025-12-10, PIN vs MOG	6	1	0	0	0	0	1	2	0	0	0	0	0	0	0	2
134	2025-26	NBB	MAICON DOUGLAS	MOGI BASQUETE	2025-12-10, PIN vs MOG	4	0	0	0	0	0	0	0	1	0	1	1	0	0	1	1
134	2025-26	NBB	VITORIANO	MOGI BASQUETE	2025-12-10, PIN vs MOG	3	0	0	0	0	1	0	0	0	0	0	0	0	0	0	0
134	2025-26	NBB	BARRY	MOGI BASQUETE	2025-12-10, PIN vs MOG	5	0	0	0	0	1	0	0	1	0	1	0	0	0	0	0
134	2025-26	NBB	RAUL	MOGI BASQUETE	2025-12-10, PIN vs MOG	1	0	0	0	0	0	0	0	0	0	0	0	0	0	0	0
135	2025-26	NBB	VITINHO	PAULISTANO	2025-12-11, CAP vs VAS	32	16	2	3	3	6	3	3	4	1	5	9	1	0	6	1
135	2025-26	NBB	GABRIEL	PAULISTANO	2025-12-11, CAP vs VAS	24	11	5	6	0	0	1	2	4	0	4	0	0	2	4	5
135	2025-26	NBB	HUNTER	PAULISTANO	2025-12-11, CAP vs VAS	25	10	2	4	1	3	3	4	2	0	2	5	0	1	4	0
135	2025-26	NBB	GUI ABREU	PAULISTANO	2025-12-11, CAP vs VAS	32	9	2	2	1	5	2	2	5	1	6	2	1	0	2	5
135	2025-26	NBB	SEIXAS	PAULISTANO	2025-12-11, CAP vs VAS	21	8	1	3	1	2	3	5	1	0	1	1	0	0	1	3
135	2025-26	NBB	TOVAR	PAULISTANO	2025-12-11, CAP vs VAS	10	6	3	3	0	2	0	0	2	0	2	1	0	0	3	2
135	2025-26	NBB	SIEWERT	PAULISTANO	2025-12-11, CAP vs VAS	27	5	2	3	0	4	1	2	5	0	5	0	0	0	1	2
135	2025-26	NBB	NETO	PAULISTANO	2025-12-11, CAP vs VAS	8	0	0	1	0	0	0	0	1	3	4	0	1	0	2	1
135	2025-26	NBB	LEANDRO	PAULISTANO	2025-12-11, CAP vs VAS	6	0	0	0	0	0	0	0	0	0	0	0	0	0	0	2
135	2025-26	NBB	DEMETRIO	PAULISTANO	2025-12-11, CAP vs VAS	11	0	0	1	0	4	0	0	1	0	1	0	1	0	1	1
135	2025-26	NBB	GABRIEL	PAULISTANO	2025-12-11, CAP vs VAS	5	0	0	1	0	0	0	0	0	2	2	0	0	0	0	0
135	2025-26	NBB	SERJAO	VASCO DA GAMA	2025-12-11, CAP vs VAS	32	19	8	13	0	4	3	5	2	1	3	1	0	1	4	3
135	2025-26	NBB	ALE	VASCO DA GAMA	2025-12-11, CAP vs VAS	29	13	2	5	1	4	6	8	3	2	5	4	1	0	2	2
135	2025-26	NBB	PEDRO NUNES	VASCO DA GAMA	2025-12-11, CAP vs VAS	30	13	5	6	1	4	0	4	1	0	1	2	1	0	0	3
135	2025-26	NBB	G. BASILIO	VASCO DA GAMA	2025-12-11, CAP vs VAS	36	11	0	2	3	5	2	2	5	0	5	3	1	0	2	4
135	2025-26	NBB	MATHIAS	VASCO DA GAMA	2025-12-11, CAP vs VAS	19	7	3	3	0	0	1	2	5	0	5	5	0	0	2	4
135	2025-26	NBB	ELIAS	VASCO DA GAMA	2025-12-11, CAP vs VAS	28	3	0	2	1	1	0	0	4	3	7	1	4	0	2	3
135	2025-26	NBB	MAGNA	VASCO DA GAMA	2025-12-11, CAP vs VAS	27	3	0	1	1	8	0	0	0	0	0	2	0	0	0	1
136	2025-26	NBB	ALEX	BAURU BASKET	2025-12-12, BAU vs MOG	30	15	1	5	4	10	1	1	7	0	7	3	0	1	2	2
136	2025-26	NBB	BRITE	BAURU BASKET	2025-12-12, BAU vs MOG	27	12	3	7	1	6	3	4	1	1	2	3	1	0	3	2
136	2025-26	NBB	GEMERSON	BAURU BASKET	2025-12-12, BAU vs MOG	23	8	1	1	2	5	0	0	2	2	4	0	2	0	1	3
136	2025-26	NBB	ANDREZAO	BAURU BASKET	2025-12-12, BAU vs MOG	27	8	3	6	0	0	2	2	12	4	16	2	0	0	0	2
136	2025-26	NBB	PEDRO	BAURU BASKET	2025-12-12, BAU vs MOG	18	5	2	3	0	2	1	3	1	1	2	0	0	0	0	1
136	2025-26	NBB	EUGENIUSZ	BAURU BASKET	2025-12-12, BAU vs MOG	14	4	1	2	0	2	2	2	3	1	4	2	0	0	2	3
136	2025-26	NBB	AUGUSTO	BAURU BASKET	2025-12-12, BAU vs MOG	4	3	0	0	1	2	0	0	0	0	0	0	0	1	0	1
136	2025-26	NBB	MATERAN	BAURU BASKET	2025-12-12, BAU vs MOG	26	3	0	0	1	5	0	0	1	1	2	0	1	0	1	1
136	2025-26	NBB	GUSTAVO	BAURU BASKET	2025-12-12, BAU vs MOG	10	2	1	1	0	0	0	0	2	0	2	0	0	0	1	0
136	2025-26	NBB	MOREIRA	BAURU BASKET	2025-12-12, BAU vs MOG	12	2	1	3	0	0	0	0	3	1	4	0	0	0	3	1
136	2025-26	NBB	VITHINHO	BAURU BASKET	2025-12-12, BAU vs MOG	10	0	0	1	0	1	0	0	0	0	0	3	0	0	0	1
136	2025-26	NBB	ANDERSON	MOGI BASQUETE	2025-12-12, BAU vs MOG	33	15	3	3	3	5	0	1	11	0	11	1	3	0	0	1
136	2025-26	NBB	PAULO	MOGI BASQUETE	2025-12-12, BAU vs MOG	31	14	3	5	2	6	2	2	5	3	8	0	1	0	1	2
136	2025-26	NBB	GABRIEL CAMPOS	MOGI BASQUETE	2025-12-12, BAU vs MOG	33	11	2	6	2	9	1	2	2	0	2	2	0	0	1	3
136	2025-26	NBB	DIKEMBE	MOGI BASQUETE	2025-12-12, BAU vs MOG	25	9	4	9	0	0	1	4	5	7	12	2	1	0	3	2
136	2025-26	NBB	BARRY	MOGI BASQUETE	2025-12-12, BAU vs MOG	16	4	0	1	1	4	1	2	0	1	1	0	1	0	0	1
136	2025-26	NBB	RUIVO	MOGI BASQUETE	2025-12-12, BAU vs MOG	34	3	0	2	1	10	0	0	2	0	2	7	0	0	2	1
136	2025-26	NBB	VINI CHAGAS	MOGI BASQUETE	2025-12-12, BAU vs MOG	14	2	1	4	0	2	0	0	2	2	4	3	1	1	2	4
136	2025-26	NBB	VITORIANO	MOGI BASQUETE	2025-12-12, BAU vs MOG	5	0	0	0	0	1	0	0	1	0	1	0	0	0	0	2
136	2025-26	NBB	CALDEIRA	MOGI BASQUETE	2025-12-12, BAU vs MOG	8	0	0	2	0	1	0	0	1	1	2	0	1	0	0	1
137	2025-26	NBB	ADYEL	MR. MOO SAO JOSE BASKETBALL	2025-12-12, SJO vs RCB	29	21	1	4	5	12	4	4	5	0	5	8	1	0	1	2
137	2025-26	NBB	MILLER	MR. MOO SAO JOSE BASKETBALL	2025-12-12, SJO vs RCB	25	18	1	1	4	5	4	5	3	0	3	3	3	0	3	1
137	2025-26	NBB	LEO CRAVERO	MR. MOO SAO JOSE BASKETBALL	2025-12-12, SJO vs RCB	17	13	5	7	1	3	0	0	3	2	5	0	0	0	1	2
137	2025-26	NBB	DOS SANTOS	MR. MOO SAO JOSE BASKETBALL	2025-12-12, SJO vs RCB	24	11	4	7	1	2	0	0	5	0	5	5	0	0	1	1
137	2025-26	NBB	ANDERSON	MR. MOO SAO JOSE BASKETBALL	2025-12-12, SJO vs RCB	24	9	4	7	0	0	1	1	6	1	7	0	0	0	1	0
137	2025-26	NBB	PESSOA	MR. MOO SAO JOSE BASKETBALL	2025-12-12, SJO vs RCB	8	8	1	1	2	2	0	0	1	0	1	0	0	0	2	0
137	2025-26	NBB	CAUE	MR. MOO SAO JOSE BASKETBALL	2025-12-12, SJO vs RCB	21	4	2	2	0	0	0	0	2	0	2	5	1	0	0	3
137	2025-26	NBB	LESSA	MR. MOO SAO JOSE BASKETBALL	2025-12-12, SJO vs RCB	23	4	0	0	1	2	1	2	2	1	3	3	1	0	1	1
137	2025-26	NBB	FORESTI	MR. MOO SAO JOSE BASKETBALL	2025-12-12, SJO vs RCB	4	3	0	1	1	2	0	0	0	1	1	0	0	0	0	0
137	2025-26	NBB	MAIQUE	MR. MOO SAO JOSE BASKETBALL	2025-12-12, SJO vs RCB	7	2	1	1	0	0	0	0	0	0	0	0	0	0	1	2
137	2025-26	NBB	NICKEL	MR. MOO SAO JOSE BASKETBALL	2025-12-12, SJO vs RCB	11	2	1	1	0	1	0	0	0	0	0	1	1	0	2	0
137	2025-26	NBB	NK	MR. MOO SAO JOSE BASKETBALL	2025-12-12, SJO vs RCB	6	0	0	1	0	0	0	0	0	1	1	1	0	0	0	2
137	2025-26	NBB	MURILO	CONTA SIMPLES RIO CLARO	2025-12-12, SJO vs RCB	30	11	4	5	0	2	3	4	1	3	4	1	1	1	0	3
137	2025-26	NBB	SCOTT	CONTA SIMPLES RIO CLARO	2025-12-12, SJO vs RCB	32	10	5	11	0	3	0	0	4	0	4	2	0	0	2	0
137	2025-26	NBB	OWENS	CONTA SIMPLES RIO CLARO	2025-12-12, SJO vs RCB	16	7	3	5	0	0	1	2	2	2	4	2	0	1	1	1
137	2025-26	NBB	CAIOKA	CONTA SIMPLES RIO CLARO	2025-12-12, SJO vs RCB	6	7	1	2	1	3	2	2	1	1	2	1	0	0	0	0
137	2025-26	NBB	VITOR	CONTA SIMPLES RIO CLARO	2025-12-12, SJO vs RCB	27	6	3	6	0	5	0	0	3	5	8	1	2	0	1	0
137	2025-26	NBB	GEMADINHA	CONTA SIMPLES RIO CLARO	2025-12-12, SJO vs RCB	27	5	0	3	1	4	2	2	1	0	1	3	1	0	4	2
137	2025-26	NBB	BONFIM	CONTA SIMPLES RIO CLARO	2025-12-12, SJO vs RCB	26	5	1	7	1	2	0	0	2	5	7	2	0	1	0	1
137	2025-26	NBB	DOS ANJOS	CONTA SIMPLES RIO CLARO	2025-12-12, SJO vs RCB	7	5	1	2	1	2	0	0	0	0	0	0	0	0	1	3
137	2025-26	NBB	COSTA	CONTA SIMPLES RIO CLARO	2025-12-12, SJO vs RCB	16	3	0	3	1	4	0	0	0	0	0	1	1	0	0	2
137	2025-26	NBB	AKIN	CONTA SIMPLES RIO CLARO	2025-12-12, SJO vs RCB	5	3	0	0	1	2	0	0	0	0	0	0	0	0	1	0
137	2025-26	NBB	CARLOS JR.	CONTA SIMPLES RIO CLARO	2025-12-12, SJO vs RCB	7	2	1	2	0	0	0	0	0	0	0	0	0	1	0	1
138	2025-26	NBB	ANTONIO	UNIFACISA	2025-12-12, UFC vs OSA	26	19	2	3	4	6	3	4	1	0	1	3	1	1	0	3
138	2025-26	NBB	SIFONTES	UNIFACISA	2025-12-12, UFC vs OSA	31	18	4	7	2	5	4	7	8	2	10	6	2	0	1	4
138	2025-26	NBB	THYGESEN	UNIFACISA	2025-12-12, UFC vs OSA	32	17	5	7	1	4	4	5	4	0	4	6	1	1	2	2
138	2025-26	NBB	JIMMY	UNIFACISA	2025-12-12, UFC vs OSA	34	12	0	0	4	7	0	0	3	1	4	2	1	0	0	1
138	2025-26	NBB	JOAO PAULO	UNIFACISA	2025-12-12, UFC vs OSA	21	11	4	5	0	2	3	3	6	1	7	0	0	2	2	4
138	2025-26	NBB	COELHO	UNIFACISA	2025-12-12, UFC vs OSA	24	6	0	2	2	3	0	0	0	2	2	4	1	0	5	2
138	2025-26	NBB	LEAL	UNIFACISA	2025-12-12, UFC vs OSA	19	6	3	7	0	0	0	0	4	2	6	0	0	0	2	0
138	2025-26	NBB	FLORES	UNIFACISA	2025-12-12, UFC vs OSA	11	0	0	0	0	1	0	0	0	1	1	0	0	0	2	3
138	2025-26	NBB	RAVIERY	UNIFACISA	2025-12-12, UFC vs OSA	1	0	0	0	0	0	0	0	0	0	0	0	0	0	0	0
138	2025-26	NBB	L. MARQUES	UNIFACISA	2025-12-12, UFC vs OSA	1	0	0	0	0	0	0	0	0	0	0	0	0	0	0	0
138	2025-26	NBB	HARRIS	BASKET OSASCO	2025-12-12, UFC vs OSA	34	18	3	8	2	6	6	7	2	0	2	3	3	0	7	4
138	2025-26	NBB	TAREK	BASKET OSASCO	2025-12-12, UFC vs OSA	30	16	4	5	2	3	2	2	5	1	6	1	1	0	1	2
138	2025-26	NBB	LEONI	BASKET OSASCO	2025-12-12, UFC vs OSA	19	8	3	6	0	1	2	2	0	1	1	1	2	0	0	1
138	2025-26	NBB	GRANT	BASKET OSASCO	2025-12-12, UFC vs OSA	23	7	2	9	1	1	0	0	2	1	3	2	1	0	2	2
138	2025-26	NBB	BRITOS	BASKET OSASCO	2025-12-12, UFC vs OSA	18	5	0	2	1	4	2	2	0	0	0	4	0	0	0	2
138	2025-26	NBB	WEBER	BASKET OSASCO	2025-12-12, UFC vs OSA	13	5	1	1	1	3	0	0	2	0	2	0	0	0	0	3
138	2025-26	NBB	MALACHIAS	BASKET OSASCO	2025-12-12, UFC vs OSA	12	5	1	2	1	1	0	0	2	0	2	1	1	0	1	4
138	2025-26	NBB	PASSOS	BASKET OSASCO	2025-12-12, UFC vs OSA	29	4	2	3	0	0	0	0	8	3	11	1	0	0	2	1
138	2025-26	NBB	EDDY	BASKET OSASCO	2025-12-12, UFC vs OSA	13	2	1	3	0	2	0	0	0	0	0	0	0	0	0	1
138	2025-26	NBB	DALAQUA	BASKET OSASCO	2025-12-12, UFC vs OSA	5	0	0	0	0	0	0	0	0	0	0	0	1	0	0	2
138	2025-26	NBB	MANAUS	BASKET OSASCO	2025-12-12, UFC vs OSA	5	0	0	0	0	0	0	0	0	0	0	1	1	0	0	0
139	2025-26	NBB	ELINHO	CORINTHIANS	2025-12-12, COR vs BRA	34	21	4	8	4	11	1	1	4	0	4	8	0	0	2	3
139	2025-26	NBB	CLARK	CORINTHIANS	2025-12-12, COR vs BRA	22	12	2	6	2	3	2	3	5	0	5	1	1	0	6	4
139	2025-26	NBB	VICTAO	CORINTHIANS	2025-12-12, COR vs BRA	37	10	1	3	2	3	2	3	7	1	8	1	0	0	0	2
139	2025-26	NBB	NOVAES	CORINTHIANS	2025-12-12, COR vs BRA	18	10	3	3	0	1	4	4	2	3	5	0	1	0	2	2
139	2025-26	NBB	MUNFORD	CORINTHIANS	2025-12-12, COR vs BRA	32	10	2	4	2	3	0	0	6	2	8	3	2	0	0	2
139	2025-26	NBB	T. FARIA	CORINTHIANS	2025-12-12, COR vs BRA	27	10	2	2	2	4	0	0	0	1	1	3	1	0	1	1
139	2025-26	NBB	LUCAS CAUE	CORINTHIANS	2025-12-12, COR vs BRA	15	4	2	7	0	0	0	0	1	0	1	1	1	0	1	3
139	2025-26	NBB	RAYMUNDO	CORINTHIANS	2025-12-12, COR vs BRA	9	2	1	2	0	0	0	0	1	1	2	0	0	1	1	2
139	2025-26	NBB	M. JAMELAO	CORINTHIANS	2025-12-12, COR vs BRA	1	0	0	0	0	1	0	0	0	0	0	0	0	0	0	0
139	2025-26	NBB	ALISSON	CORINTHIANS	2025-12-12, COR vs BRA	1	0	0	0	0	1	0	0	0	0	0	0	0	0	0	0
139	2025-26	NBB	KAIQUE	CORINTHIANS	2025-12-12, COR vs BRA	2	0	0	0	0	1	0	0	0	0	0	0	0	0	1	0
139	2025-26	NBB	LUKINHAS	CORINTHIANS	2025-12-12, COR vs BRA	1	0	0	0	0	0	0	0	0	0	0	0	0	0	0	1
139	2025-26	NBB	PAULICHI	CAIXA/BRASILIA	2025-12-12, COR vs BRA	32	19	4	6	3	6	2	3	5	1	6	1	2	1	2	3
139	2025-26	NBB	LUCAS	CAIXA/BRASILIA	2025-12-12, COR vs BRA	17	13	4	6	1	3	2	5	0	0	0	0	0	0	0	0
139	2025-26	NBB	VON HAYDIN	CAIXA/BRASILIA	2025-12-12, COR vs BRA	26	12	1	1	3	5	1	2	2	0	2	4	0	0	3	1
139	2025-26	NBB	CORVALAN	CAIXA/BRASILIA	2025-12-12, COR vs BRA	24	9	2	3	1	2	2	3	1	0	1	4	1	0	5	1
139	2025-26	NBB	BRUNAO	CAIXA/BRASILIA	2025-12-12, COR vs BRA	23	8	1	4	1	2	3	3	7	0	7	0	0	2	5	5
139	2025-26	NBB	PEDRO	CAIXA/BRASILIA	2025-12-12, COR vs BRA	21	3	1	2	0	3	1	3	2	1	3	3	1	0	0	0
139	2025-26	NBB	BUIU	CAIXA/BRASILIA	2025-12-12, COR vs BRA	23	2	1	3	0	3	0	0	1	2	3	0	2	0	1	1
139	2025-26	NBB	CRESCENZI	CAIXA/BRASILIA	2025-12-12, COR vs BRA	23	0	0	1	0	2	0	0	1	0	1	3	0	0	0	3
139	2025-26	NBB	BELLER	CAIXA/BRASILIA	2025-12-12, COR vs BRA	8	0	0	0	0	1	0	0	1	1	2	1	0	0	0	0
139	2025-26	NBB	GUSTAVO	CAIXA/BRASILIA	2025-12-12, COR vs BRA	4	0	0	0	0	0	0	0	0	0	0	0	0	0	0	0
140	2025-26	NBB	SLOAN	PINHEIROS	2025-12-13, PIN vs VAS	28	17	4	6	3	7	0	0	4	0	4	9	1	0	2	0
140	2025-26	NBB	PACHECO	PINHEIROS	2025-12-13, PIN vs VAS	24	12	2	2	1	4	5	7	1	2	3	9	0	0	0	4
140	2025-26	NBB	DJALO	PINHEIROS	2025-12-13, PIN vs VAS	24	12	1	1	2	7	4	5	6	2	8	1	0	0	0	1
140	2025-26	NBB	PENHA JR.	PINHEIROS	2025-12-13, PIN vs VAS	23	11	2	4	2	6	1	2	3	3	6	2	2	0	0	1
140	2025-26	NBB	BETINHO	PINHEIROS	2025-12-13, PIN vs VAS	22	11	3	4	1	4	2	2	2	1	3	1	0	0	1	3
140	2025-26	NBB	PASTRE	PINHEIROS	2025-12-13, PIN vs VAS	29	10	3	5	1	4	1	2	6	0	6	4	2	2	3	0
140	2025-26	NBB	AGAPY	PINHEIROS	2025-12-13, PIN vs VAS	13	4	2	4	0	0	0	0	1	1	2	1	0	1	0	1
140	2025-26	NBB	AFONSO	PINHEIROS	2025-12-13, PIN vs VAS	15	4	2	3	0	0	0	0	1	0	1	0	0	0	1	5
140	2025-26	NBB	BRAYAN	PINHEIROS	2025-12-13, PIN vs VAS	2	3	0	1	1	1	0	0	0	0	0	0	0	0	0	0
140	2025-26	NBB	MACIEL	PINHEIROS	2025-12-13, PIN vs VAS	17	0	0	3	0	0	0	0	2	1	3	1	0	0	0	3
140	2025-26	NBB	ANTHONY	PINHEIROS	2025-12-13, PIN vs VAS	1	0	0	0	0	0	0	0	0	0	0	0	0	0	0	0
140	2025-26	NBB	MEILI	PINHEIROS	2025-12-13, PIN vs VAS	2	0	0	0	0	2	0	0	0	0	0	0	1	0	0	0
140	2025-26	NBB	PEDRO NUNES	VASCO DA GAMA	2025-12-13, PIN vs VAS	28	15	0	2	5	8	0	0	4	1	5	2	0	0	1	1
140	2025-26	NBB	G. BASILIO	VASCO DA GAMA	2025-12-13, PIN vs VAS	36	14	1	3	3	7	3	5	5	1	6	8	0	0	6	2
140	2025-26	NBB	ALE	VASCO DA GAMA	2025-12-13, PIN vs VAS	30	13	0	2	4	5	1	2	4	0	4	5	0	1	1	3
140	2025-26	NBB	MATHIAS	VASCO DA GAMA	2025-12-13, PIN vs VAS	22	10	5	5	0	1	0	2	2	1	3	0	0	0	2	3
140	2025-26	NBB	SERJAO	VASCO DA GAMA	2025-12-13, PIN vs VAS	37	10	3	8	1	4	1	3	5	1	6	3	2	1	2	3
140	2025-26	NBB	MAGNA	VASCO DA GAMA	2025-12-13, PIN vs VAS	16	6	0	4	1	2	3	3	2	0	2	0	1	0	1	2
140	2025-26	NBB	ELIAS	VASCO DA GAMA	2025-12-13, PIN vs VAS	28	2	1	2	0	2	0	0	4	1	5	4	0	0	3	1
140	2025-26	NBB	HONORATO	VASCO DA GAMA	2025-12-13, PIN vs VAS	1	0	0	0	0	0	0	0	0	0	0	0	0	0	0	0
140	2025-26	NBB	ICARO	VASCO DA GAMA	2025-12-13, PIN vs VAS	1	0	0	1	0	0	0	0	1	1	2	1	0	0	1	0
140	2025-26	NBB	JUAN	VASCO DA GAMA	2025-12-13, PIN vs VAS	1	0	0	0	0	0	0	0	0	0	0	0	0	0	0	0
141	2025-26	NBB	PAULINO	BOTAFOGO	2025-12-13, BOT vs UCO	21	15	3	3	1	2	6	6	1	2	3	1	0	0	0	3
141	2025-26	NBB	MATHEUSINHO	BOTAFOGO	2025-12-13, BOT vs UCO	31	15	4	8	1	7	4	10	2	0	2	8	1	0	6	2
141	2025-26	NBB	SCHEUER	BOTAFOGO	2025-12-13, BOT vs UCO	31	9	3	7	0	1	3	6	7	6	13	1	0	0	3	3
141	2025-26	NBB	LUCAS	BOTAFOGO	2025-12-13, BOT vs UCO	17	7	2	4	1	4	0	0	1	0	1	0	1	0	0	0
141	2025-26	NBB	ALEF	BOTAFOGO	2025-12-13, BOT vs UCO	26	5	2	4	0	2	1	2	4	0	4	1	2	0	1	0
141	2025-26	NBB	EMANUEL	BOTAFOGO	2025-12-13, BOT vs UCO	21	4	1	1	0	1	2	2	6	0	6	0	2	0	1	4
141	2025-26	NBB	LELE	BOTAFOGO	2025-12-13, BOT vs UCO	17	4	2	5	0	2	0	0	0	0	0	2	1	0	1	3
141	2025-26	NBB	JOAO DAVI	BOTAFOGO	2025-12-13, BOT vs UCO	3	2	1	1	0	0	0	0	0	0	0	0	0	0	0	0
141	2025-26	NBB	JHONATAN	BOTAFOGO	2025-12-13, BOT vs UCO	8	0	0	1	0	0	0	0	0	1	1	0	0	0	0	2
141	2025-26	NBB	KLEBINHO	BOTAFOGO	2025-12-13, BOT vs UCO	4	0	0	1	0	3	0	0	0	0	0	0	0	0	0	0
141	2025-26	NBB	DANIEL	BOTAFOGO	2025-12-13, BOT vs UCO	20	0	0	0	0	2	0	0	2	0	2	1	0	1	1	1
141	2025-26	NBB	IBIAPINA	BOTAFOGO	2025-12-13, BOT vs UCO	1	0	0	0	0	0	0	0	0	0	0	0	0	0	0	0
141	2025-26	NBB	SCOTT	CEISC/UNIAO CORINTHIANS	2025-12-13, BOT vs UCO	26	16	5	7	0	1	6	6	6	0	6	4	1	1	1	1
141	2025-26	NBB	HOLLOWELL	CEISC/UNIAO CORINTHIANS	2025-12-13, BOT vs UCO	27	15	6	9	0	5	3	5	4	4	8	6	0	1	1	2
141	2025-26	NBB	BARNES	CEISC/UNIAO CORINTHIANS	2025-12-13, BOT vs UCO	33	13	3	9	1	7	4	4	1	0	1	4	1	0	2	1
141	2025-26	NBB	HETTSHEIMEIR	CEISC/UNIAO CORINTHIANS	2025-12-13, BOT vs UCO	24	12	0	1	4	7	0	0	3	0	3	2	0	0	1	3
141	2025-26	NBB	ROSSETTO	CEISC/UNIAO CORINTHIANS	2025-12-13, BOT vs UCO	14	9	1	2	2	2	1	2	1	0	1	3	2	0	2	3
141	2025-26	NBB	ISAAC	CEISC/UNIAO CORINTHIANS	2025-12-13, BOT vs UCO	21	7	2	3	1	2	0	0	3	1	4	0	0	0	3	3
141	2025-26	NBB	GOES	CEISC/UNIAO CORINTHIANS	2025-12-13, BOT vs UCO	23	6	3	4	0	2	0	0	3	1	4	3	1	0	0	2
141	2025-26	NBB	RENAN	CEISC/UNIAO CORINTHIANS	2025-12-13, BOT vs UCO	3	2	1	1	0	0	0	0	0	1	1	0	0	0	0	0
141	2025-26	NBB	BRANDAO	CEISC/UNIAO CORINTHIANS	2025-12-13, BOT vs UCO	6	2	1	2	0	0	0	0	0	0	0	0	0	0	0	2
141	2025-26	NBB	GUYTON	CEISC/UNIAO CORINTHIANS	2025-12-13, BOT vs UCO	8	2	1	2	0	0	0	0	1	1	2	0	0	0	0	1
141	2025-26	NBB	VERISSIMO	CEISC/UNIAO CORINTHIANS	2025-12-13, BOT vs UCO	16	0	0	1	0	0	0	2	3	0	3	1	2	0	1	2
142	2025-26	NBB	DUPREE	FORTALEZA BASQUETE CEARENSE	2025-12-15, FOR vs CAP	30	22	5	11	3	5	3	4	7	1	8	4	1	0	0	4
142	2025-26	NBB	GABRIEL	FORTALEZA BASQUETE CEARENSE	2025-12-15, FOR vs CAP	28	18	4	6	2	7	4	4	2	0	2	2	0	0	4	1
142	2025-26	NBB	AUGUSTO VIEIRA	FORTALEZA BASQUETE CEARENSE	2025-12-15, FOR vs CAP	24	10	4	6	0	0	2	3	2	1	3	2	0	0	0	3
142	2025-26	NBB	POPOVIC	FORTALEZA BASQUETE CEARENSE	2025-12-15, FOR vs CAP	32	9	2	7	0	3	5	6	3	0	3	4	2	1	0	3
142	2025-26	NBB	GOHLKE	FORTALEZA BASQUETE CEARENSE	2025-12-15, FOR vs CAP	32	6	1	2	1	7	1	1	2	0	2	2	0	0	1	1
142	2025-26	NBB	JEANZINHO	FORTALEZA BASQUETE CEARENSE	2025-12-15, FOR vs CAP	16	6	1	2	1	2	1	2	0	0	0	0	0	0	2	1
142	2025-26	NBB	SALSAMENDI	FORTALEZA BASQUETE CEARENSE	2025-12-15, FOR vs CAP	23	4	2	9	0	1	0	0	6	5	11	0	1	1	4	1
142	2025-26	NBB	SAMUEL	FORTALEZA BASQUETE CEARENSE	2025-12-15, FOR vs CAP	10	2	1	2	0	0	0	1	1	1	2	2	0	1	0	1
142	2025-26	NBB	JELLIEL	FORTALEZA BASQUETE CEARENSE	2025-12-15, FOR vs CAP	2	0	0	0	0	0	0	0	0	0	0	0	0	0	1	0
142	2025-26	NBB	CAUA	FORTALEZA BASQUETE CEARENSE	2025-12-15, FOR vs CAP	3	0	0	0	0	0	0	0	0	0	0	0	0	0	1	1
142	2025-26	NBB	HUNTER	PAULISTANO	2025-12-15, FOR vs CAP	24	19	6	8	0	6	7	10	3	1	4	5	1	0	2	0
142	2025-26	NBB	SIEWERT	PAULISTANO	2025-12-15, FOR vs CAP	16	17	1	2	5	8	0	0	1	2	3	0	0	0	0	2
142	2025-26	NBB	GABRIEL	PAULISTANO	2025-12-15, FOR vs CAP	24	12	6	9	0	0	0	0	7	5	12	0	1	2	1	2
142	2025-26	NBB	SEIXAS	PAULISTANO	2025-12-15, FOR vs CAP	12	11	1	1	3	7	0	0	0	0	0	2	0	0	0	2
142	2025-26	NBB	GUI ABREU	PAULISTANO	2025-12-15, FOR vs CAP	25	11	5	9	0	3	1	1	3	3	6	3	1	0	1	4
142	2025-26	NBB	NETO	PAULISTANO	2025-12-15, FOR vs CAP	14	8	4	4	0	1	0	1	3	3	6	0	0	0	0	5
142	2025-26	NBB	VITINHO	PAULISTANO	2025-12-15, FOR vs CAP	27	6	2	4	0	4	2	2	6	0	6	5	2	0	1	0
142	2025-26	NBB	DEMETRIO	PAULISTANO	2025-12-15, FOR vs CAP	8	5	2	4	0	0	1	2	3	1	4	1	0	0	0	1
142	2025-26	NBB	GABRIEL	PAULISTANO	2025-12-15, FOR vs CAP	18	4	1	2	0	1	2	4	0	2	2	1	2	0	1	1
142	2025-26	NBB	TOVAR	PAULISTANO	2025-12-15, FOR vs CAP	20	4	2	4	0	4	0	0	4	1	5	4	2	0	2	2
142	2025-26	NBB	LEANDRO	PAULISTANO	2025-12-15, FOR vs CAP	10	3	1	4	0	0	1	2	1	1	2	0	0	0	0	0
142	2025-26	NBB	LUIZ GUILHERME	PAULISTANO	2025-12-15, FOR vs CAP	3	0	0	0	0	0	0	0	0	0	0	0	0	0	0	0
143	2025-26	NBB	HORTON	PATO BASQUETE	2025-12-15, PAT vs BAU	32	18	2	4	1	4	11	12	5	3	8	1	0	0	2	2
143	2025-26	NBB	D. PENTEADO	PATO BASQUETE	2025-12-15, PAT vs BAU	27	14	1	2	3	5	3	4	2	2	4	0	0	0	3	2
143	2025-26	NBB	THOMPSON	PATO BASQUETE	2025-12-15, PAT vs BAU	35	8	4	10	0	2	0	0	2	0	2	5	1	0	4	0
143	2025-26	NBB	FIDELIS	PATO BASQUETE	2025-12-15, PAT vs BAU	26	7	2	2	1	3	0	0	5	2	7	0	1	0	1	0
143	2025-26	NBB	CREWS	PATO BASQUETE	2025-12-15, PAT vs BAU	24	5	0	0	1	5	2	4	2	2	4	0	1	0	1	2
143	2025-26	NBB	GRIGOR	PATO BASQUETE	2025-12-15, PAT vs BAU	18	5	1	3	1	4	0	0	3	1	4	0	0	1	3	2
143	2025-26	NBB	WILLKER Z.	PATO BASQUETE	2025-12-15, PAT vs BAU	14	2	1	1	0	0	0	0	3	0	3	0	0	1	1	2
143	2025-26	NBB	MICHEL	PATO BASQUETE	2025-12-15, PAT vs BAU	18	2	1	2	0	4	0	0	4	1	5	3	0	0	3	3
143	2025-26	NBB	N. GOMES	PATO BASQUETE	2025-12-15, PAT vs BAU	4	0	0	0	0	0	0	0	1	1	2	0	0	0	0	1
143	2025-26	NBB	NAKA	PATO BASQUETE	2025-12-15, PAT vs BAU	3	0	0	1	0	1	0	0	0	0	0	0	0	0	0	0
143	2025-26	NBB	MATERAN	BAURU BASKET	2025-12-15, PAT vs BAU	29	16	3	6	3	6	1	4	3	2	5	1	1	0	0	3
143	2025-26	NBB	ANDREZAO	BAURU BASKET	2025-12-15, PAT vs BAU	34	15	5	12	0	0	5	6	6	4	10	1	0	2	2	2
143	2025-26	NBB	BRITE	BAURU BASKET	2025-12-15, PAT vs BAU	33	14	3	6	2	7	2	2	5	0	5	7	2	0	0	2
143	2025-26	NBB	EUGENIUSZ	BAURU BASKET	2025-12-15, PAT vs BAU	9	7	2	2	0	1	3	3	0	0	0	1	0	0	1	2
143	2025-26	NBB	GEMERSON	BAURU BASKET	2025-12-15, PAT vs BAU	27	6	0	1	2	7	0	0	2	2	4	1	0	0	1	4
143	2025-26	NBB	ALEX	BAURU BASKET	2025-12-15, PAT vs BAU	35	6	2	4	0	5	2	3	3	0	3	4	3	0	1	2
143	2025-26	NBB	GUSTAVO	BAURU BASKET	2025-12-15, PAT vs BAU	14	5	1	3	1	3	0	0	1	1	2	1	1	0	1	0
143	2025-26	NBB	PEDRO	BAURU BASKET	2025-12-15, PAT vs BAU	7	0	0	2	0	0	0	0	0	0	0	0	0	0	0	1
143	2025-26	NBB	MOREIRA	BAURU BASKET	2025-12-15, PAT vs BAU	6	0	0	0	0	0	0	0	0	1	1	0	0	0	0	2
143	2025-26	NBB	VITHINHO	BAURU BASKET	2025-12-15, PAT vs BAU	6	0	0	1	0	0	0	0	0	0	0	1	0	0	0	1
144	2025-26	NBB	NOVAES	CORINTHIANS	2025-12-15, COR vs RCB	23	16	6	10	1	1	1	5	3	0	3	0	1	0	1	4
144	2025-26	NBB	MUNFORD	CORINTHIANS	2025-12-15, COR vs RCB	20	12	0	1	3	5	3	4	5	0	5	0	1	0	1	3
144	2025-26	NBB	CLARK	CORINTHIANS	2025-12-15, COR vs RCB	20	10	1	1	2	4	2	2	2	1	3	1	2	0	4	3
144	2025-26	NBB	THOMAS	CORINTHIANS	2025-12-15, COR vs RCB	27	9	1	5	2	4	1	2	7	1	8	5	1	0	2	0
144	2025-26	NBB	LUCAS CAUE	CORINTHIANS	2025-12-15, COR vs RCB	21	6	3	4	0	1	0	0	5	2	7	1	1	1	4	2
144	2025-26	NBB	T. FARIA	CORINTHIANS	2025-12-15, COR vs RCB	18	4	2	3	0	0	0	0	1	0	1	1	0	0	0	0
144	2025-26	NBB	VICTAO	CORINTHIANS	2025-12-15, COR vs RCB	16	4	2	4	0	2	0	0	2	0	2	4	1	0	0	4
144	2025-26	NBB	RAYMUNDO	CORINTHIANS	2025-12-15, COR vs RCB	18	3	1	3	0	1	1	2	5	3	8	1	1	1	3	3
144	2025-26	NBB	ELINHO	CORINTHIANS	2025-12-15, COR vs RCB	37	3	0	0	1	5	0	0	3	0	3	9	0	0	4	1
144	2025-26	NBB	BONFIM	CONTA SIMPLES RIO CLARO	2025-12-15, COR vs RCB	24	15	3	8	2	2	3	6	2	5	7	1	2	0	0	1
144	2025-26	NBB	CAIOKA	CONTA SIMPLES RIO CLARO	2025-12-15, COR vs RCB	17	12	1	4	2	5	4	6	3	0	3	0	2	0	1	1
144	2025-26	NBB	GEMADINHA	CONTA SIMPLES RIO CLARO	2025-12-15, COR vs RCB	30	11	2	7	0	3	7	7	3	1	4	5	1	0	2	3
144	2025-26	NBB	SCOTT	CONTA SIMPLES RIO CLARO	2025-12-15, COR vs RCB	18	7	2	7	0	0	3	3	2	2	4	2	0	0	4	1
144	2025-26	NBB	COSTA	CONTA SIMPLES RIO CLARO	2025-12-15, COR vs RCB	24	6	0	2	2	6	0	0	1	0	1	1	1	0	3	3
144	2025-26	NBB	OWENS	CONTA SIMPLES RIO CLARO	2025-12-15, COR vs RCB	16	4	2	2	0	0	0	0	2	1	3	2	0	1	0	1
144	2025-26	NBB	VITOR	CONTA SIMPLES RIO CLARO	2025-12-15, COR vs RCB	32	2	1	3	0	3	0	0	4	1	5	1	2	0	2	1
144	2025-26	NBB	AKIN	CONTA SIMPLES RIO CLARO	2025-12-15, COR vs RCB	1	0	0	0	0	0	0	0	0	0	0	0	0	0	0	1
144	2025-26	NBB	DOS ANJOS	CONTA SIMPLES RIO CLARO	2025-12-15, COR vs RCB	21	0	0	4	0	4	0	0	5	0	5	0	1	1	1	2
144	2025-26	NBB	MURILO	CONTA SIMPLES RIO CLARO	2025-12-15, COR vs RCB	17	0	0	2	0	2	0	0	0	1	1	0	1	2	0	3
145	2025-26	NBB	ANDERSON	MR. MOO SAO JOSE BASKETBALL	2025-12-16, SJO vs CAX	33	18	6	8	0	0	6	7	8	3	11	1	1	1	2	3
145	2025-26	NBB	DOS SANTOS	MR. MOO SAO JOSE BASKETBALL	2025-12-16, SJO vs CAX	35	11	4	8	1	7	0	0	7	1	8	2	0	1	2	4
145	2025-26	NBB	MILLER	MR. MOO SAO JOSE BASKETBALL	2025-12-16, SJO vs CAX	29	11	1	1	2	5	3	3	1	1	2	0	1	1	1	4
145	2025-26	NBB	ADYEL	MR. MOO SAO JOSE BASKETBALL	2025-12-16, SJO vs CAX	37	10	2	4	2	11	0	0	4	0	4	8	1	0	7	2
145	2025-26	NBB	LEO CRAVERO	MR. MOO SAO JOSE BASKETBALL	2025-12-16, SJO vs CAX	13	4	2	5	0	0	0	0	4	3	7	0	0	1	0	0
145	2025-26	NBB	CAUE	MR. MOO SAO JOSE BASKETBALL	2025-12-16, SJO vs CAX	30	4	0	1	1	6	1	2	6	2	8	3	1	0	4	2
145	2025-26	NBB	NICKEL	MR. MOO SAO JOSE BASKETBALL	2025-12-16, SJO vs CAX	5	3	0	0	1	1	0	0	1	0	1	0	0	0	1	0
145	2025-26	NBB	LESSA	MR. MOO SAO JOSE BASKETBALL	2025-12-16, SJO vs CAX	17	0	0	1	0	3	0	0	2	0	2	2	1	0	1	0
145	2025-26	NBB	AUGUSTO	CAXIAS DO SUL BASQUETE	2025-12-16, SJO vs CAX	22	18	1	2	3	6	7	8	5	0	5	3	2	0	0	3
145	2025-26	NBB	HUMBERTO	CAXIAS DO SUL BASQUETE	2025-12-16, SJO vs CAX	26	11	5	10	0	3	1	3	4	3	7	0	1	0	1	2
145	2025-26	NBB	VEZARO	CAXIAS DO SUL BASQUETE	2025-12-16, SJO vs CAX	20	10	2	3	2	3	0	0	4	0	4	0	1	0	1	1
145	2025-26	NBB	SHAMELL	CAXIAS DO SUL BASQUETE	2025-12-16, SJO vs CAX	30	10	2	7	2	5	0	1	1	0	1	4	0	0	1	1
145	2025-26	NBB	TOM	CAXIAS DO SUL BASQUETE	2025-12-16, SJO vs CAX	20	8	4	7	0	0	0	0	1	4	5	1	0	0	2	1
145	2025-26	NBB	RAFA	CAXIAS DO SUL BASQUETE	2025-12-16, SJO vs CAX	20	7	2	5	1	1	0	0	5	0	5	1	1	0	0	2
145	2025-26	NBB	FABRIZZIO	CAXIAS DO SUL BASQUETE	2025-12-16, SJO vs CAX	18	7	2	5	1	3	0	1	2	1	3	2	2	0	3	2
145	2025-26	NBB	MIGUEL	CAXIAS DO SUL BASQUETE	2025-12-16, SJO vs CAX	14	3	0	1	1	2	0	0	1	2	3	0	0	0	0	1
145	2025-26	NBB	TIAGO M.	CAXIAS DO SUL BASQUETE	2025-12-16, SJO vs CAX	7	0	0	1	0	1	0	0	0	0	0	0	0	0	0	1
145	2025-26	NBB	OMENA	CAXIAS DO SUL BASQUETE	2025-12-16, SJO vs CAX	24	0	0	1	0	2	0	2	0	0	0	2	1	0	0	3
146	2025-26	NBB	MELVIN	UNIFACISA	2025-12-16, UFC vs PIN	24	19	6	8	2	4	1	1	0	0	0	2	1	0	1	2
146	2025-26	NBB	ANTONIO	UNIFACISA	2025-12-16, UFC vs PIN	30	16	5	8	2	4	0	0	2	0	2	2	2	1	2	4
146	2025-26	NBB	SIFONTES	UNIFACISA	2025-12-16, UFC vs PIN	27	12	5	11	0	1	2	2	4	0	4	5	1	0	2	1
146	2025-26	NBB	COELHO	UNIFACISA	2025-12-16, UFC vs PIN	22	11	3	4	1	5	2	2	2	0	2	6	1	0	3	3
146	2025-26	NBB	THYGESEN	UNIFACISA	2025-12-16, UFC vs PIN	20	10	2	4	2	3	0	0	2	0	2	4	0	0	1	4
146	2025-26	NBB	JIMMY	UNIFACISA	2025-12-16, UFC vs PIN	35	6	1	2	1	3	1	2	7	2	9	1	0	0	2	1
146	2025-26	NBB	LEAL	UNIFACISA	2025-12-16, UFC vs PIN	19	5	2	3	0	0	1	2	1	1	2	1	1	0	0	2
146	2025-26	NBB	JOAO PAULO	UNIFACISA	2025-12-16, UFC vs PIN	17	0	0	2	0	0	0	0	3	0	3	0	0	2	1	1
146	2025-26	NBB	FLORES	UNIFACISA	2025-12-16, UFC vs PIN	7	0	0	0	0	1	0	0	0	0	0	1	0	0	0	0
146	2025-26	NBB	SLOAN	PINHEIROS	2025-12-16, UFC vs PIN	25	20	3	6	4	5	2	3	2	0	2	2	0	0	2	2
146	2025-26	NBB	PACHECO	PINHEIROS	2025-12-16, UFC vs PIN	20	15	2	7	2	5	5	5	1	0	1	5	2	0	2	1
146	2025-26	NBB	BETINHO	PINHEIROS	2025-12-16, UFC vs PIN	14	14	2	3	3	4	1	1	2	1	3	0	0	0	0	1
146	2025-26	NBB	PENHA JR.	PINHEIROS	2025-12-16, UFC vs PIN	27	12	0	1	4	10	0	0	3	0	3	2	2	0	0	0
146	2025-26	NBB	DJALO	PINHEIROS	2025-12-16, UFC vs PIN	29	11	1	1	2	5	3	3	3	3	6	1	1	1	2	2
146	2025-26	NBB	PASTRE	PINHEIROS	2025-12-16, UFC vs PIN	31	7	2	6	0	1	3	4	4	1	5	2	0	1	0	4
146	2025-26	NBB	AFONSO	PINHEIROS	2025-12-16, UFC vs PIN	14	4	2	3	0	0	0	0	0	0	0	1	0	0	1	0
146	2025-26	NBB	AGAPY	PINHEIROS	2025-12-16, UFC vs PIN	13	2	1	5	0	0	0	0	3	2	5	0	0	1	2	1
146	2025-26	NBB	MACIEL	PINHEIROS	2025-12-16, UFC vs PIN	15	2	1	1	0	2	0	0	2	0	2	1	0	0	0	0
146	2025-26	NBB	GREGATE	PINHEIROS	2025-12-16, UFC vs PIN	12	2	1	3	0	2	0	0	1	3	4	3	1	0	2	3
147	2025-26	NBB	RUIVO	MOGI BASQUETE	2025-12-16, MOG vs BRA	33	15	1	5	3	9	4	6	2	0	2	6	2	0	3	1
147	2025-26	NBB	PAULO	MOGI BASQUETE	2025-12-16, MOG vs BRA	31	11	3	4	1	4	2	5	2	1	3	1	0	0	0	3
147	2025-26	NBB	BARRY	MOGI BASQUETE	2025-12-16, MOG vs BRA	16	8	1	1	2	5	0	0	1	1	2	0	0	0	0	1
147	2025-26	NBB	VINI CHAGAS	MOGI BASQUETE	2025-12-16, MOG vs BRA	32	7	2	2	1	3	0	1	5	2	7	1	3	1	2	4
147	2025-26	NBB	VITORIANO	MOGI BASQUETE	2025-12-16, MOG vs BRA	18	6	3	3	0	2	0	0	2	3	5	1	0	2	0	3
147	2025-26	NBB	GABRIEL CAMPOS	MOGI BASQUETE	2025-12-16, MOG vs BRA	25	6	1	6	0	2	4	6	2	0	2	3	0	0	0	2
147	2025-26	NBB	ANDERSON	MOGI BASQUETE	2025-12-16, MOG vs BRA	32	3	0	0	1	5	0	0	1	2	3	1	3	1	1	4
147	2025-26	NBB	CALDEIRA	MOGI BASQUETE	2025-12-16, MOG vs BRA	9	1	0	4	0	3	1	2	1	0	1	1	1	0	0	1
147	2025-26	NBB	MAICON DOUGLAS	MOGI BASQUETE	2025-12-16, MOG vs BRA	3	0	0	0	0	0	0	0	0	3	3	0	0	0	1	2
147	2025-26	NBB	BRUNAO	CAIXA/BRASILIA	2025-12-16, MOG vs BRA	30	19	7	11	0	1	5	6	7	8	15	0	0	0	4	3
147	2025-26	NBB	PAULICHI	CAIXA/BRASILIA	2025-12-16, MOG vs BRA	30	19	6	9	2	3	1	2	8	3	11	2	1	0	3	2
147	2025-26	NBB	BUIU	CAIXA/BRASILIA	2025-12-16, MOG vs BRA	24	10	2	4	1	3	3	3	1	0	1	1	0	0	1	2
147	2025-26	NBB	CORVALAN	CAIXA/BRASILIA	2025-12-16, MOG vs BRA	33	9	1	5	0	6	7	9	3	1	4	4	0	0	2	4
147	2025-26	NBB	LUCAS	CAIXA/BRASILIA	2025-12-16, MOG vs BRA	22	6	2	3	0	3	2	2	2	1	3	3	0	0	0	3
147	2025-26	NBB	CRESCENZI	CAIXA/BRASILIA	2025-12-16, MOG vs BRA	19	3	1	3	0	1	1	2	1	0	1	1	0	0	1	2
147	2025-26	NBB	PEDRO	CAIXA/BRASILIA	2025-12-16, MOG vs BRA	19	2	1	1	0	1	0	0	4	0	4	1	0	0	0	0
147	2025-26	NBB	BELLER	CAIXA/BRASILIA	2025-12-16, MOG vs BRA	1	0	0	0	0	1	0	0	0	0	0	0	0	0	0	1
147	2025-26	NBB	VON HAYDIN	CAIXA/BRASILIA	2025-12-16, MOG vs BRA	21	0	0	1	0	4	0	0	3	0	3	4	0	0	0	0
149	2025-26	NBB	SERJAO	VASCO DA GAMA	2025-12-16, VAS vs UCO	40	19	6	11	2	5	1	2	7	2	9	3	0	0	1	1
149	2025-26	NBB	ALE	VASCO DA GAMA	2025-12-16, VAS vs UCO	36	16	0	4	5	9	1	2	2	0	2	8	0	0	0	3
149	2025-26	NBB	G. BASILIO	VASCO DA GAMA	2025-12-16, VAS vs UCO	40	14	2	4	2	8	4	4	3	1	4	3	1	0	2	2
149	2025-26	NBB	MATHIAS	VASCO DA GAMA	2025-12-16, VAS vs UCO	29	12	5	8	0	1	2	4	3	1	4	3	0	1	3	3
149	2025-26	NBB	PEDRO NUNES	VASCO DA GAMA	2025-12-16, VAS vs UCO	28	9	0	1	3	8	0	0	1	0	1	2	2	0	1	3
149	2025-26	NBB	ELIAS	VASCO DA GAMA	2025-12-16, VAS vs UCO	24	8	2	2	1	3	1	3	5	0	5	1	4	1	1	4
149	2025-26	NBB	JUAN	VASCO DA GAMA	2025-12-16, VAS vs UCO	1	0	0	0	0	0	0	0	0	0	0	0	0	0	0	0
149	2025-26	NBB	HONORATO	VASCO DA GAMA	2025-12-16, VAS vs UCO	2	0	0	0	0	0	0	0	0	0	0	0	0	0	0	0
149	2025-26	NBB	BARNES	CEISC/UNIAO CORINTHIANS	2025-12-16, VAS vs UCO	32	31	5	7	7	9	0	0	3	0	3	5	0	0	2	1
149	2025-26	NBB	HETTSHEIMEIR	CEISC/UNIAO CORINTHIANS	2025-12-16, VAS vs UCO	25	11	2	3	2	5	1	2	4	2	6	2	0	1	2	1
149	2025-26	NBB	SCOTT	CEISC/UNIAO CORINTHIANS	2025-12-16, VAS vs UCO	28	11	3	8	0	1	5	6	8	2	10	4	0	0	2	3
149	2025-26	NBB	HOLLOWELL	CEISC/UNIAO CORINTHIANS	2025-12-16, VAS vs UCO	30	8	3	4	0	1	2	4	7	2	9	6	1	1	2	2
149	2025-26	NBB	GOES	CEISC/UNIAO CORINTHIANS	2025-12-16, VAS vs UCO	25	7	2	3	1	4	0	0	0	0	0	2	0	1	0	1
149	2025-26	NBB	ROSSETTO	CEISC/UNIAO CORINTHIANS	2025-12-16, VAS vs UCO	14	6	0	1	2	3	0	0	0	0	0	2	1	0	1	2
149	2025-26	NBB	GUYTON	CEISC/UNIAO CORINTHIANS	2025-12-16, VAS vs UCO	18	6	0	0	2	4	0	0	2	0	2	2	1	0	1	1
149	2025-26	NBB	VERISSIMO	CEISC/UNIAO CORINTHIANS	2025-12-16, VAS vs UCO	13	5	2	3	0	1	1	2	2	0	2	0	0	0	0	3
149	2025-26	NBB	ISAAC	CEISC/UNIAO CORINTHIANS	2025-12-16, VAS vs UCO	14	0	0	1	0	3	0	0	1	0	1	0	0	0	0	1
150	2025-26	NBB	GRANT	BASKET OSASCO	2025-12-17, OSA vs COR	37	18	3	7	2	7	6	6	3	2	5	1	3	0	2	4
150	2025-26	NBB	MALACHIAS	BASKET OSASCO	2025-12-17, OSA vs COR	28	15	7	11	0	4	1	1	2	0	2	0	1	1	2	1
150	2025-26	NBB	LEONI	BASKET OSASCO	2025-12-17, OSA vs COR	28	12	6	8	0	3	0	0	3	0	3	4	3	0	0	2
150	2025-26	NBB	HARRIS	BASKET OSASCO	2025-12-17, OSA vs COR	27	10	3	6	1	4	1	1	1	0	1	4	2	0	7	3
150	2025-26	NBB	PASSOS	BASKET OSASCO	2025-12-17, OSA vs COR	35	10	4	6	0	0	2	5	7	8	15	3	1	0	1	1
150	2025-26	NBB	DALAQUA	BASKET OSASCO	2025-12-17, OSA vs COR	6	6	0	1	2	4	0	0	0	1	1	1	1	0	0	3
150	2025-26	NBB	WEBER	BASKET OSASCO	2025-12-17, OSA vs COR	17	6	0	2	2	4	0	0	2	3	5	0	0	0	1	0
150	2025-26	NBB	TAREK	BASKET OSASCO	2025-12-17, OSA vs COR	22	3	0	1	1	4	0	0	3	1	4	1	0	0	4	2
150	2025-26	NBB	VICTAO	CORINTHIANS	2025-12-17, OSA vs COR	22	22	6	8	3	7	1	1	1	2	3	1	1	0	2	5
150	2025-26	NBB	MUNFORD	CORINTHIANS	2025-12-17, OSA vs COR	36	21	6	8	3	9	0	1	3	7	10	1	0	0	4	2
150	2025-26	NBB	THOMAS	CORINTHIANS	2025-12-17, OSA vs COR	37	19	1	4	3	8	8	9	2	1	3	4	2	2	4	2
150	2025-26	NBB	LUCAS CAUE	CORINTHIANS	2025-12-17, OSA vs COR	30	10	5	7	0	1	0	0	7	1	8	3	2	0	4	3
150	2025-26	NBB	NOVAES	CORINTHIANS	2025-12-17, OSA vs COR	22	3	1	1	0	1	1	2	2	2	4	4	0	0	4	2
150	2025-26	NBB	ELINHO	CORINTHIANS	2025-12-17, OSA vs COR	36	3	0	4	1	4	0	0	4	1	5	12	2	0	4	0
150	2025-26	NBB	RAYMUNDO	CORINTHIANS	2025-12-17, OSA vs COR	5	2	1	1	0	0	0	0	2	0	2	0	0	0	0	4
150	2025-26	NBB	T. FARIA	CORINTHIANS	2025-12-17, OSA vs COR	12	1	0	1	0	2	1	2	0	1	1	0	0	0	2	0
151	2025-26	NBB	ANTONIO	UNIFACISA	2025-12-18, UFC vs CAP	35	22	4	5	4	6	2	2	2	1	3	1	0	1	3	3
151	2025-26	NBB	COELHO	UNIFACISA	2025-12-18, UFC vs CAP	19	20	4	4	3	7	3	3	1	2	3	3	2	0	1	4
151	2025-26	NBB	MELVIN	UNIFACISA	2025-12-18, UFC vs CAP	27	18	3	5	4	7	0	0	1	1	2	4	1	1	1	1
151	2025-26	NBB	JIMMY	UNIFACISA	2025-12-18, UFC vs CAP	36	7	2	3	1	2	0	0	7	0	7	5	1	0	2	1
151	2025-26	NBB	CARR	UNIFACISA	2025-12-18, UFC vs CAP	10	6	3	3	0	1	0	0	0	0	0	0	0	0	0	2
151	2025-26	NBB	JOAO PAULO	UNIFACISA	2025-12-18, UFC vs CAP	26	5	2	9	0	0	1	3	6	3	9	0	1	1	1	1
151	2025-26	NBB	SIFONTES	UNIFACISA	2025-12-18, UFC vs CAP	24	2	1	5	0	1	0	0	6	0	6	7	0	0	2	3
151	2025-26	NBB	THYGESEN	UNIFACISA	2025-12-18, UFC vs CAP	21	2	1	4	0	3	0	0	2	0	2	3	0	0	2	1
151	2025-26	NBB	FLORES	UNIFACISA	2025-12-18, UFC vs CAP	2	0	0	0	0	0	0	0	0	0	0	0	0	0	0	0
151	2025-26	NBB	HUNTER	PAULISTANO	2025-12-18, UFC vs CAP	32	16	3	8	1	3	7	8	3	2	5	2	0	1	3	3
151	2025-26	NBB	SIEWERT	PAULISTANO	2025-12-18, UFC vs CAP	32	15	5	8	1	6	2	2	5	0	5	0	1	0	2	0
151	2025-26	NBB	VITINHO	PAULISTANO	2025-12-18, UFC vs CAP	35	14	4	10	2	2	0	2	3	0	3	2	0	0	0	2
151	2025-26	NBB	TOVAR	PAULISTANO	2025-12-18, UFC vs CAP	22	12	3	6	2	5	0	0	4	3	7	3	5	0	3	3
151	2025-26	NBB	GUI ABREU	PAULISTANO	2025-12-18, UFC vs CAP	33	5	1	5	0	4	3	4	6	2	8	3	1	0	1	1
151	2025-26	NBB	GABRIEL	PAULISTANO	2025-12-18, UFC vs CAP	18	4	2	5	0	0	0	0	4	2	6	1	0	1	1	2
151	2025-26	NBB	NETO	PAULISTANO	2025-12-18, UFC vs CAP	4	2	1	1	0	1	0	0	0	1	1	0	1	1	0	0
151	2025-26	NBB	SEIXAS	PAULISTANO	2025-12-18, UFC vs CAP	16	2	1	1	0	3	0	0	0	0	0	1	0	0	0	2
151	2025-26	NBB	LEANDRO	PAULISTANO	2025-12-18, UFC vs CAP	6	0	0	0	0	0	0	0	1	1	2	0	0	0	0	0
151	2025-26	NBB	GABRIEL	PAULISTANO	2025-12-18, UFC vs CAP	2	0	0	0	0	0	0	0	0	0	0	0	0	0	0	0
153	2025-26	NBB	WINI SILVA	KTO MINAS	2025-12-18, MIN vs BOT	31	19	5	7	1	3	6	9	5	2	7	5	4	2	2	3
153	2025-26	NBB	WILLIAMS	KTO MINAS	2025-12-18, MIN vs BOT	28	18	6	7	1	5	3	5	2	0	2	1	0	0	1	2
153	2025-26	NBB	MCCREE	KTO MINAS	2025-12-18, MIN vs BOT	23	13	2	5	3	3	0	1	3	0	3	3	1	0	3	2
153	2025-26	NBB	YURI	KTO MINAS	2025-12-18, MIN vs BOT	18	12	4	8	1	2	1	3	1	3	4	2	3	0	1	4
153	2025-26	NBB	FUZARO	KTO MINAS	2025-12-18, MIN vs BOT	22	9	2	5	1	2	2	2	4	1	5	4	1	1	2	2
153	2025-26	NBB	RODRIGUEZ	KTO MINAS	2025-12-18, MIN vs BOT	25	8	3	5	0	3	2	2	1	0	1	4	0	0	1	1
153	2025-26	NBB	R. RACHEL	KTO MINAS	2025-12-18, MIN vs BOT	21	7	1	1	1	2	2	3	4	1	5	0	0	0	2	1
153	2025-26	NBB	DAVIS JR.	KTO MINAS	2025-12-18, MIN vs BOT	15	7	3	5	0	1	1	2	1	1	2	4	1	0	1	1
153	2025-26	NBB	CESAR	KTO MINAS	2025-12-18, MIN vs BOT	13	2	1	1	0	1	0	0	1	2	3	1	0	0	1	3
153	2025-26	NBB	VINCI	KTO MINAS	2025-12-18, MIN vs BOT	5	0	0	0	0	0	0	0	3	0	3	0	0	0	0	2
153	2025-26	NBB	MATHEUSINHO	BOTAFOGO	2025-12-18, MIN vs BOT	37	22	5	7	4	8	0	0	3	0	3	9	2	0	7	3
153	2025-26	NBB	SCHEUER	BOTAFOGO	2025-12-18, MIN vs BOT	31	20	7	13	0	2	6	9	7	6	13	1	0	1	2	2
153	2025-26	NBB	LUCAS	BOTAFOGO	2025-12-18, MIN vs BOT	29	15	2	5	3	8	2	2	1	0	1	3	1	1	1	2
153	2025-26	NBB	LELE	BOTAFOGO	2025-12-18, MIN vs BOT	26	13	3	5	1	5	4	6	2	1	3	0	0	1	0	4
153	2025-26	NBB	EMANUEL	BOTAFOGO	2025-12-18, MIN vs BOT	26	10	2	4	2	5	0	0	4	1	5	3	2	1	1	4
153	2025-26	NBB	PAULINO	BOTAFOGO	2025-12-18, MIN vs BOT	16	3	0	0	1	1	0	0	0	0	0	1	0	0	2	3
153	2025-26	NBB	KLEBINHO	BOTAFOGO	2025-12-18, MIN vs BOT	3	3	0	0	0	1	3	3	0	0	0	0	0	0	1	0
153	2025-26	NBB	ALEF	BOTAFOGO	2025-12-18, MIN vs BOT	9	2	1	3	0	1	0	2	4	0	4	1	0	0	0	1
153	2025-26	NBB	DANIEL	BOTAFOGO	2025-12-18, MIN vs BOT	12	0	0	1	0	0	0	0	2	2	4	0	0	0	0	1
153	2025-26	NBB	JHONATAN	BOTAFOGO	2025-12-18, MIN vs BOT	10	0	0	0	0	0	0	0	1	0	1	0	0	0	1	2
154	2025-26	NBB	POPOVIC	FORTALEZA BASQUETE CEARENSE	2025-12-18, FOR vs PIN	32	20	7	11	2	4	0	0	6	0	6	4	1	0	7	1
154	2025-26	NBB	GABRIEL	FORTALEZA BASQUETE CEARENSE	2025-12-18, FOR vs PIN	34	13	1	5	3	12	2	2	2	0	2	2	0	0	2	1
154	2025-26	NBB	DUPREE	FORTALEZA BASQUETE CEARENSE	2025-12-18, FOR vs PIN	33	9	2	6	1	8	2	2	4	1	5	5	0	0	0	1
154	2025-26	NBB	JEANZINHO	FORTALEZA BASQUETE CEARENSE	2025-12-18, FOR vs PIN	34	7	2	3	1	4	0	0	6	0	6	4	1	0	2	4
154	2025-26	NBB	AUGUSTO VIEIRA	FORTALEZA BASQUETE CEARENSE	2025-12-18, FOR vs PIN	38	7	2	4	1	4	0	0	1	2	3	4	0	0	1	1
154	2025-26	NBB	SAMUEL	FORTALEZA BASQUETE CEARENSE	2025-12-18, FOR vs PIN	20	5	1	4	0	0	3	4	5	2	7	1	1	0	1	0
154	2025-26	NBB	CAUA	FORTALEZA BASQUETE CEARENSE	2025-12-18, FOR vs PIN	10	0	0	1	0	2	0	0	2	0	2	0	1	0	1	2
154	2025-26	NBB	PACHECO	PINHEIROS	2025-12-18, FOR vs PIN	26	24	3	3	6	9	0	0	1	0	1	5	2	0	1	0
154	2025-26	NBB	DJALO	PINHEIROS	2025-12-18, FOR vs PIN	18	22	0	0	7	12	1	1	7	2	9	1	0	0	1	2
154	2025-26	NBB	BETINHO	PINHEIROS	2025-12-18, FOR vs PIN	24	18	0	0	6	12	0	0	3	0	3	3	1	0	1	0
154	2025-26	NBB	SLOAN	PINHEIROS	2025-12-18, FOR vs PIN	16	13	2	2	3	9	0	0	2	0	2	10	0	0	2	0
154	2025-26	NBB	PENHA JR.	PINHEIROS	2025-12-18, FOR vs PIN	23	9	0	0	3	10	0	0	3	0	3	2	0	1	0	0
154	2025-26	NBB	AGAPY	PINHEIROS	2025-12-18, FOR vs PIN	22	8	4	7	0	0	0	0	5	4	9	2	1	0	2	3
154	2025-26	NBB	AFONSO	PINHEIROS	2025-12-18, FOR vs PIN	23	6	3	3	0	2	0	0	3	1	4	0	0	0	0	1
154	2025-26	NBB	PASTRE	PINHEIROS	2025-12-18, FOR vs PIN	11	3	0	1	1	4	0	0	1	3	4	1	1	0	0	0
154	2025-26	NBB	MACIEL	PINHEIROS	2025-12-18, FOR vs PIN	20	3	1	1	0	1	1	2	9	4	13	1	2	0	1	1
154	2025-26	NBB	MEILI	PINHEIROS	2025-12-18, FOR vs PIN	18	2	1	1	0	8	0	0	1	0	1	1	3	0	0	3
155	2025-26	NBB	D. PENTEADO	PATO BASQUETE	2025-12-18, PAT vs FRA	24	13	0	0	4	7	1	2	2	1	3	1	0	0	1	4
155	2025-26	NBB	NAKA	PATO BASQUETE	2025-12-18, PAT vs FRA	15	13	4	5	1	2	2	2	0	0	0	0	0	0	2	0
155	2025-26	NBB	THOMPSON	PATO BASQUETE	2025-12-18, PAT vs FRA	26	13	5	11	1	3	0	0	1	0	1	3	1	0	1	2
155	2025-26	NBB	HORTON	PATO BASQUETE	2025-12-18, PAT vs FRA	17	8	4	8	0	0	0	0	2	1	3	0	0	0	1	2
155	2025-26	NBB	CREWS	PATO BASQUETE	2025-12-18, PAT vs FRA	20	6	0	1	2	6	0	0	0	1	1	1	1	0	3	1
155	2025-26	NBB	MICHEL	PATO BASQUETE	2025-12-18, PAT vs FRA	26	6	0	3	2	5	0	0	2	1	3	0	0	0	2	3
155	2025-26	NBB	N. GOMES	PATO BASQUETE	2025-12-18, PAT vs FRA	23	4	2	2	0	1	0	0	6	1	7	1	1	0	0	3
155	2025-26	NBB	MATEUS	PATO BASQUETE	2025-12-18, PAT vs FRA	4	4	0	1	0	0	4	4	0	0	0	0	0	0	0	1
155	2025-26	NBB	WILLKER Z.	PATO BASQUETE	2025-12-18, PAT vs FRA	26	2	1	2	0	1	0	2	3	3	6	3	0	2	2	4
155	2025-26	NBB	GRIGOR	PATO BASQUETE	2025-12-18, PAT vs FRA	15	2	0	1	0	1	2	2	1	0	1	0	0	0	0	2
155	2025-26	NBB	NYCOLAS	PATO BASQUETE	2025-12-18, PAT vs FRA	3	0	0	0	0	1	0	0	0	0	0	0	0	0	0	0
155	2025-26	NBB	GUSTAVO	PATO BASQUETE	2025-12-18, PAT vs FRA	3	0	0	0	0	0	0	0	0	0	0	0	0	0	1	0
155	2025-26	NBB	LUCAS DIAS	SESI FRANCA	2025-12-18, PAT vs FRA	25	20	4	6	3	7	3	5	3	0	3	5	2	0	1	2
155	2025-26	NBB	DAVID JACKSON	SESI FRANCA	2025-12-18, PAT vs FRA	24	14	3	4	2	5	2	2	5	0	5	7	1	2	1	2
155	2025-26	NBB	ZU JR.	SESI FRANCA	2025-12-18, PAT vs FRA	21	14	4	4	1	4	3	4	6	0	6	2	1	0	1	0
155	2025-26	NBB	GEORGINHO	SESI FRANCA	2025-12-18, PAT vs FRA	26	13	5	5	1	4	0	0	1	1	2	4	2	1	0	1
155	2025-26	NBB	PIA	SESI FRANCA	2025-12-18, PAT vs FRA	6	6	1	1	1	1	1	1	2	0	2	1	0	1	3	1
155	2025-26	NBB	RODRIGUEZ	SESI FRANCA	2025-12-18, PAT vs FRA	19	6	2	4	0	2	2	4	2	3	5	0	1	0	0	1
155	2025-26	NBB	LATERZA	SESI FRANCA	2025-12-18, PAT vs FRA	19	6	2	2	0	2	2	4	1	0	1	2	1	0	3	4
155	2025-26	NBB	FELICIO	SESI FRANCA	2025-12-18, PAT vs FRA	23	5	2	3	0	0	1	4	4	4	8	1	0	0	1	2
155	2025-26	NBB	BENNETT	SESI FRANCA	2025-12-18, PAT vs FRA	16	5	2	4	0	0	1	2	1	2	3	0	1	0	0	0
155	2025-26	NBB	MINEIRO	SESI FRANCA	2025-12-18, PAT vs FRA	20	4	1	1	0	0	2	4	1	1	2	1	0	0	2	3
155	2025-26	NBB	VINI	SESI FRANCA	2025-12-18, PAT vs FRA	2	0	0	0	0	0	0	0	0	0	0	0	0	0	0	0
156	2025-26	NBB	G. BASILIO	VASCO DA GAMA	2025-12-18, VAS vs CAX	44	17	4	7	2	3	3	3	5	0	5	6	0	0	4	3
156	2025-26	NBB	ALE	VASCO DA GAMA	2025-12-18, VAS vs CAX	40	17	4	7	2	8	3	7	5	2	7	10	1	0	4	0
156	2025-26	NBB	SERJAO	VASCO DA GAMA	2025-12-18, VAS vs CAX	35	17	8	12	0	1	1	1	1	4	5	0	1	1	4	5
156	2025-26	NBB	MATHIAS	VASCO DA GAMA	2025-12-18, VAS vs CAX	23	15	7	9	0	2	1	2	3	1	4	0	0	2	1	4
156	2025-26	NBB	ELIAS	VASCO DA GAMA	2025-12-18, VAS vs CAX	35	9	2	6	1	6	2	2	5	0	5	4	4	0	1	3
156	2025-26	NBB	PEDRO NUNES	VASCO DA GAMA	2025-12-18, VAS vs CAX	34	3	0	0	1	6	0	0	3	2	5	0	1	0	1	3
156	2025-26	NBB	MAGNA	VASCO DA GAMA	2025-12-18, VAS vs CAX	13	2	1	3	0	0	0	0	0	1	1	0	0	0	0	1
156	2025-26	NBB	PEDRO NUNES	CAXIAS DO SUL BASQUETE	2025-12-18, VAS vs CAX	5	3	0	0	1	1	0	0	0	1	1	0	0	0	0	1
156	2025-26	NBB	ELIAS	CAXIAS DO SUL BASQUETE	2025-12-18, VAS vs CAX	5	3	0	1	1	2	0	0	1	0	1	0	0	0	0	0
156	2025-26	NBB	ALE	CAXIAS DO SUL BASQUETE	2025-12-18, VAS vs CAX	5	2	1	2	0	0	0	0	1	0	1	2	0	0	0	0
156	2025-26	NBB	SERJAO	CAXIAS DO SUL BASQUETE	2025-12-18, VAS vs CAX	3	2	1	2	0	0	0	0	0	1	1	0	0	0	0	1
156	2025-26	NBB	MATHIAS	CAXIAS DO SUL BASQUETE	2025-12-18, VAS vs CAX	2	1	0	1	0	0	1	2	0	0	0	0	0	0	0	0
156	2025-26	NBB	G. BASILIO	CAXIAS DO SUL BASQUETE	2025-12-18, VAS vs CAX	5	0	0	0	0	0	0	0	1	0	1	0	0	0	0	0
157	2025-26	NBB	MAIQUE	MR. MOO SAO JOSE BASKETBALL	2025-12-19, SJO vs MOG	15	18	6	8	2	2	0	0	3	1	4	1	0	1	1	5
157	2025-26	NBB	LESSA	MR. MOO SAO JOSE BASKETBALL	2025-12-19, SJO vs MOG	24	13	5	5	1	3	0	0	3	0	3	3	2	0	2	1
157	2025-26	NBB	ADYEL	MR. MOO SAO JOSE BASKETBALL	2025-12-19, SJO vs MOG	28	9	2	4	1	5	2	4	3	0	3	3	3	0	4	3
157	2025-26	NBB	DOS SANTOS	MR. MOO SAO JOSE BASKETBALL	2025-12-19, SJO vs MOG	20	9	2	4	1	1	2	4	2	1	3	1	0	1	3	3
157	2025-26	NBB	ANDERSON	MR. MOO SAO JOSE BASKETBALL	2025-12-19, SJO vs MOG	24	8	4	5	0	0	0	0	4	0	4	1	1	1	4	5
157	2025-26	NBB	LEO CRAVERO	MR. MOO SAO JOSE BASKETBALL	2025-12-19, SJO vs MOG	21	7	2	2	0	2	3	4	9	1	10	0	0	0	0	1
157	2025-26	NBB	MILLER	MR. MOO SAO JOSE BASKETBALL	2025-12-19, SJO vs MOG	29	7	0	3	1	5	4	5	4	0	4	2	1	0	1	0
157	2025-26	NBB	CAUE	MR. MOO SAO JOSE BASKETBALL	2025-12-19, SJO vs MOG	26	6	0	3	2	3	0	0	1	1	2	4	0	1	0	2
157	2025-26	NBB	NICKEL	MR. MOO SAO JOSE BASKETBALL	2025-12-19, SJO vs MOG	12	2	0	1	0	0	2	2	1	0	1	2	1	0	1	1
157	2025-26	NBB	GABRIEL CAMPOS	MOGI BASQUETE	2025-12-19, SJO vs MOG	35	18	4	12	3	9	1	6	3	2	5	4	2	0	2	1
157	2025-26	NBB	PAULO	MOGI BASQUETE	2025-12-19, SJO vs MOG	28	7	0	5	1	5	4	6	5	3	8	2	1	0	3	4
157	2025-26	NBB	MENCA	MOGI BASQUETE	2025-12-19, SJO vs MOG	16	7	0	2	0	2	7	7	2	1	3	0	2	0	0	3
157	2025-26	NBB	DIKEMBE	MOGI BASQUETE	2025-12-19, SJO vs MOG	22	6	3	6	0	0	0	2	1	3	4	1	0	1	1	2
157	2025-26	NBB	RUIVO	MOGI BASQUETE	2025-12-19, SJO vs MOG	25	6	0	1	2	9	0	0	1	0	1	5	0	0	4	0
157	2025-26	NBB	ANDERSON	MOGI BASQUETE	2025-12-19, SJO vs MOG	31	5	1	1	1	3	0	0	4	0	4	1	1	1	1	5
157	2025-26	NBB	MAICON DOUGLAS	MOGI BASQUETE	2025-12-19, SJO vs MOG	11	4	2	2	0	0	0	0	2	2	4	0	1	1	1	2
157	2025-26	NBB	VITORIANO	MOGI BASQUETE	2025-12-19, SJO vs MOG	7	3	0	0	1	2	0	0	1	0	1	0	1	0	1	1
157	2025-26	NBB	BARRY	MOGI BASQUETE	2025-12-19, SJO vs MOG	11	3	0	0	1	2	0	0	1	0	1	0	1	0	1	0
157	2025-26	NBB	VINI CHAGAS	MOGI BASQUETE	2025-12-19, SJO vs MOG	9	2	1	3	0	0	0	0	1	0	1	0	0	0	0	3
157	2025-26	NBB	CALDEIRA	MOGI BASQUETE	2025-12-19, SJO vs MOG	4	0	0	1	0	0	0	0	0	0	0	0	0	0	0	0
158	2025-26	NBB	DAVID JACKSON	SESI FRANCA	2025-12-20, FRA vs BAU	18	17	5	5	1	2	4	4	2	1	3	0	0	0	0	1
158	2025-26	NBB	ZU JR.	SESI FRANCA	2025-12-20, FRA vs BAU	22	17	3	4	1	3	8	9	5	0	5	1	1	0	2	2
158	2025-26	NBB	LUCAS DIAS	SESI FRANCA	2025-12-20, FRA vs BAU	27	17	3	6	2	7	5	5	3	1	4	0	1	1	6	3
158	2025-26	NBB	MINEIRO	SESI FRANCA	2025-12-20, FRA vs BAU	18	8	1	3	0	1	6	7	1	2	3	0	0	0	0	1
158	2025-26	NBB	FELICIO	SESI FRANCA	2025-12-20, FRA vs BAU	20	8	3	4	0	0	2	3	5	1	6	0	0	0	1	3
158	2025-26	NBB	GEORGINHO	SESI FRANCA	2025-12-20, FRA vs BAU	27	7	1	3	1	5	2	2	8	1	9	4	2	0	3	2
158	2025-26	NBB	RODRIGUEZ	SESI FRANCA	2025-12-20, FRA vs BAU	19	6	0	1	0	1	6	6	3	1	4	2	0	0	2	1
158	2025-26	NBB	BENNETT	SESI FRANCA	2025-12-20, FRA vs BAU	22	3	0	1	1	1	0	0	3	1	4	4	1	0	2	0
158	2025-26	NBB	LATERZA	SESI FRANCA	2025-12-20, FRA vs BAU	20	2	1	1	0	4	0	0	2	0	2	4	3	0	1	2
158	2025-26	NBB	NICOLINI	SESI FRANCA	2025-12-20, FRA vs BAU	2	0	0	0	0	0	0	0	0	0	0	0	0	0	0	1
158	2025-26	NBB	VINI	SESI FRANCA	2025-12-20, FRA vs BAU	3	0	0	0	0	1	0	0	1	0	1	0	0	0	1	1
158	2025-26	NBB	PIA	SESI FRANCA	2025-12-20, FRA vs BAU	2	0	0	0	0	0	0	0	0	0	0	0	0	0	1	0
158	2025-26	NBB	BRITE	BAURU BASKET	2025-12-20, FRA vs BAU	25	20	5	10	3	8	1	1	3	1	4	3	2	0	4	2
158	2025-26	NBB	ALEX	BAURU BASKET	2025-12-20, FRA vs BAU	25	10	5	11	0	3	0	0	1	1	2	1	0	0	6	3
158	2025-26	NBB	ANDREZAO	BAURU BASKET	2025-12-20, FRA vs BAU	29	10	5	10	0	0	0	0	7	1	8	1	3	0	1	4
158	2025-26	NBB	VITHINHO	BAURU BASKET	2025-12-20, FRA vs BAU	22	9	3	7	1	1	0	0	3	1	4	1	2	0	2	2
158	2025-26	NBB	GEMERSON	BAURU BASKET	2025-12-20, FRA vs BAU	15	6	1	1	1	2	1	1	1	0	1	0	0	0	0	2
158	2025-26	NBB	EUGENIUSZ	BAURU BASKET	2025-12-20, FRA vs BAU	19	5	2	3	0	7	1	1	2	0	2	2	0	0	1	4
158	2025-26	NBB	GUSTAVO	BAURU BASKET	2025-12-20, FRA vs BAU	12	4	2	2	0	1	0	0	1	1	2	0	0	0	0	1
158	2025-26	NBB	PEDRO	BAURU BASKET	2025-12-20, FRA vs BAU	19	2	1	2	0	2	0	0	0	0	0	5	1	0	0	1
158	2025-26	NBB	MOREIRA	BAURU BASKET	2025-12-20, FRA vs BAU	8	2	0	0	0	0	2	2	1	2	3	0	1	0	1	4
158	2025-26	NBB	AUGUSTO	BAURU BASKET	2025-12-20, FRA vs BAU	4	0	0	0	0	0	0	0	0	0	0	0	0	0	0	0
158	2025-26	NBB	MATERAN	BAURU BASKET	2025-12-20, FRA vs BAU	21	0	0	0	0	3	0	0	3	0	3	0	2	0	0	2
159	2025-26	NBB	HORTON	PATO BASQUETE	2025-12-20, PAT vs OSA	28	18	4	5	1	4	7	9	5	1	6	3	2	0	3	1
159	2025-26	NBB	FIDELIS	PATO BASQUETE	2025-12-20, PAT vs OSA	30	15	3	3	3	3	0	0	4	1	5	6	1	0	1	0
159	2025-26	NBB	GRIGOR	PATO BASQUETE	2025-12-20, PAT vs OSA	25	14	3	4	2	5	2	2	7	1	8	2	0	1	1	2
159	2025-26	NBB	D. PENTEADO	PATO BASQUETE	2025-12-20, PAT vs OSA	25	13	2	4	3	7	0	0	0	1	1	2	1	0	0	4
159	2025-26	NBB	THOMPSON	PATO BASQUETE	2025-12-20, PAT vs OSA	20	8	4	6	0	2	0	0	0	1	1	4	0	0	3	1
159	2025-26	NBB	CREWS	PATO BASQUETE	2025-12-20, PAT vs OSA	18	4	0	1	1	4	1	2	2	1	3	1	0	0	0	1
159	2025-26	NBB	EDU MARILIA	PATO BASQUETE	2025-12-20, PAT vs OSA	14	4	2	3	0	1	0	1	2	0	2	0	0	0	1	2
159	2025-26	NBB	MICHEL	PATO BASQUETE	2025-12-20, PAT vs OSA	10	3	0	0	1	2	0	0	0	1	1	0	0	0	0	5
159	2025-26	NBB	NAKA	PATO BASQUETE	2025-12-20, PAT vs OSA	20	3	1	4	0	2	1	2	0	0	0	3	1	0	0	2
159	2025-26	NBB	WILLKER Z.	PATO BASQUETE	2025-12-20, PAT vs OSA	10	0	0	3	0	1	0	0	2	2	4	0	0	0	0	1
159	2025-26	NBB	MALACHIAS	BASKET OSASCO	2025-12-20, PAT vs OSA	32	16	7	7	0	1	2	3	5	2	7	4	0	0	5	3
159	2025-26	NBB	GRANT	BASKET OSASCO	2025-12-20, PAT vs OSA	26	12	4	8	0	3	4	5	3	0	3	1	0	1	2	2
159	2025-26	NBB	DALAQUA	BASKET OSASCO	2025-12-20, PAT vs OSA	32	11	1	3	3	7	0	0	4	0	4	6	0	0	2	3
159	2025-26	NBB	HARRIS	BASKET OSASCO	2025-12-20, PAT vs OSA	25	8	3	6	0	1	2	2	1	1	2	3	0	0	1	3
159	2025-26	NBB	WEBER	BASKET OSASCO	2025-12-20, PAT vs OSA	20	6	3	4	0	0	0	2	1	0	1	0	2	0	1	2
159	2025-26	NBB	TAREK	BASKET OSASCO	2025-12-20, PAT vs OSA	11	5	1	3	1	2	0	0	0	0	0	1	0	0	1	3
159	2025-26	NBB	LEONI	BASKET OSASCO	2025-12-20, PAT vs OSA	22	5	1	2	1	3	0	0	2	0	2	4	0	0	0	1
159	2025-26	NBB	PASSOS	BASKET OSASCO	2025-12-20, PAT vs OSA	30	4	2	3	0	0	0	2	7	1	8	1	1	0	1	0
159	2025-26	NBB	MANAUS	BASKET OSASCO	2025-12-20, PAT vs OSA	1	0	0	0	0	0	0	0	0	0	0	0	0	0	0	1
160	2025-26	NBB	HUMBERTO	CAXIAS DO SUL BASQUETE	2025-12-21, CAX vs UFC	36	25	6	14	1	1	10	14	3	4	7	4	0	0	1	1
160	2025-26	NBB	VEZARO	CAXIAS DO SUL BASQUETE	2025-12-21, CAX vs UFC	28	24	2	2	3	5	11	11	1	0	1	0	1	0	1	3
160	2025-26	NBB	AUGUSTO	CAXIAS DO SUL BASQUETE	2025-12-21, CAX vs UFC	31	15	3	7	3	9	0	0	5	2	7	5	0	0	2	4
160	2025-26	NBB	TOM	CAXIAS DO SUL BASQUETE	2025-12-21, CAX vs UFC	19	7	1	2	0	0	5	6	2	4	6	1	0	0	2	3
160	2025-26	NBB	MIGUEL	CAXIAS DO SUL BASQUETE	2025-12-21, CAX vs UFC	22	5	1	2	1	1	0	0	2	1	3	1	1	0	2	0
160	2025-26	NBB	SHAMELL	CAXIAS DO SUL BASQUETE	2025-12-21, CAX vs UFC	14	4	2	3	0	1	0	0	2	0	2	1	0	0	1	2
160	2025-26	NBB	OMENA	CAXIAS DO SUL BASQUETE	2025-12-21, CAX vs UFC	25	3	0	2	1	4	0	0	2	1	3	2	1	0	2	3
160	2025-26	NBB	TIAGO M.	CAXIAS DO SUL BASQUETE	2025-12-21, CAX vs UFC	5	3	0	0	1	1	0	0	0	0	0	0	1	0	0	1
160	2025-26	NBB	FABRIZZIO	CAXIAS DO SUL BASQUETE	2025-12-21, CAX vs UFC	16	3	0	4	1	4	0	0	1	2	3	3	2	0	0	3
160	2025-26	NBB	LUAN	CAXIAS DO SUL BASQUETE	2025-12-21, CAX vs UFC	3	0	0	1	0	0	0	0	0	1	1	0	0	0	0	0
160	2025-26	NBB	ANTONIO	UNIFACISA	2025-12-21, CAX vs UFC	35	26	5	7	5	8	1	3	3	0	3	4	0	1	4	3
160	2025-26	NBB	JOAO PAULO	UNIFACISA	2025-12-21, CAX vs UFC	14	12	5	5	0	0	2	2	2	2	4	0	0	0	0	5
160	2025-26	NBB	COELHO	UNIFACISA	2025-12-21, CAX vs UFC	25	11	4	6	1	2	0	0	3	0	3	8	0	0	2	2
160	2025-26	NBB	MELVIN	UNIFACISA	2025-12-21, CAX vs UFC	27	9	1	2	1	4	4	4	2	0	2	5	1	0	1	1
160	2025-26	NBB	CARR	UNIFACISA	2025-12-21, CAX vs UFC	24	8	3	9	0	1	2	4	1	5	6	2	2	0	2	1
160	2025-26	NBB	JIMMY	UNIFACISA	2025-12-21, CAX vs UFC	29	6	0	2	2	3	0	0	2	4	6	0	0	1	0	4
160	2025-26	NBB	THYGESEN	UNIFACISA	2025-12-21, CAX vs UFC	19	5	1	4	1	3	0	0	0	1	1	4	1	0	3	4
160	2025-26	NBB	FLORES	UNIFACISA	2025-12-21, CAX vs UFC	11	3	0	0	1	1	0	0	1	0	1	1	0	0	0	2
160	2025-26	NBB	SIFONTES	UNIFACISA	2025-12-21, CAX vs UFC	17	0	0	1	0	2	0	0	2	0	2	1	1	1	4	1
161	2025-26	NBB	SENA	CRUZEIRO BASQUETE	2025-12-21, CRU vs FLA	14	14	4	5	0	0	6	6	3	3	6	0	0	0	0	3
161	2025-26	NBB	DA SILVA	CRUZEIRO BASQUETE	2025-12-21, CRU vs FLA	30	14	5	8	0	1	4	6	5	1	6	1	0	0	3	4
161	2025-26	NBB	GITTENS	CRUZEIRO BASQUETE	2025-12-21, CRU vs FLA	29	10	1	6	2	4	2	2	4	0	4	5	1	0	2	4
161	2025-26	NBB	NIQUE COLEMAN	CRUZEIRO BASQUETE	2025-12-21, CRU vs FLA	19	10	1	2	1	5	5	5	1	0	1	1	1	0	0	4
161	2025-26	NBB	I. THORNTON	CRUZEIRO BASQUETE	2025-12-21, CRU vs FLA	31	9	2	3	1	4	2	2	3	0	3	3	1	0	0	3
161	2025-26	NBB	ANSALONI	CRUZEIRO BASQUETE	2025-12-21, CRU vs FLA	22	8	2	4	0	1	4	5	5	1	6	0	1	1	2	3
161	2025-26	NBB	JJ	CRUZEIRO BASQUETE	2025-12-21, CRU vs FLA	16	7	2	4	1	2	0	0	3	0	3	1	0	1	2	1
161	2025-26	NBB	CLAY	CRUZEIRO BASQUETE	2025-12-21, CRU vs FLA	13	6	0	0	2	2	0	0	0	0	0	2	0	0	0	2
161	2025-26	NBB	CASSIANO	CRUZEIRO BASQUETE	2025-12-21, CRU vs FLA	17	2	1	4	0	1	0	0	0	0	0	3	0	0	2	1
161	2025-26	NBB	LEO ABREU	CRUZEIRO BASQUETE	2025-12-21, CRU vs FLA	9	0	0	2	0	0	0	0	1	0	1	0	0	0	0	2
161	2025-26	NBB	NEGRETE	FLAMENGO	2025-12-21, CRU vs FLA	34	28	5	12	4	7	6	8	2	2	4	3	0	0	1	1
161	2025-26	NBB	GUI	FLAMENGO	2025-12-21, CRU vs FLA	30	22	1	1	6	13	2	2	5	0	5	1	0	1	2	2
161	2025-26	NBB	BARALLE	FLAMENGO	2025-12-21, CRU vs FLA	20	12	1	1	2	6	4	4	3	1	4	5	3	0	1	0
161	2025-26	NBB	DORIA	FLAMENGO	2025-12-21, CRU vs FLA	19	9	4	7	0	0	1	2	3	4	7	0	0	0	1	3
161	2025-26	NBB	MANEL	FLAMENGO	2025-12-21, CRU vs FLA	12	6	2	2	0	0	2	4	3	2	5	0	1	1	1	0
161	2025-26	NBB	CUMMINGS	FLAMENGO	2025-12-21, CRU vs FLA	19	5	2	3	0	0	1	1	3	0	3	1	0	0	1	4
161	2025-26	NBB	JHONATAN	FLAMENGO	2025-12-21, CRU vs FLA	24	4	0	2	0	3	4	6	2	3	5	0	1	0	0	0
161	2025-26	NBB	JOHNSON SR.	FLAMENGO	2025-12-21, CRU vs FLA	27	4	0	2	1	4	1	4	2	1	3	7	0	0	2	3
161	2025-26	NBB	KAYO	FLAMENGO	2025-12-21, CRU vs FLA	11	3	0	1	1	4	0	0	0	0	0	0	0	0	0	4
161	2025-26	NBB	GUEIROS	FLAMENGO	2025-12-21, CRU vs FLA	3	0	0	0	0	0	0	0	0	0	0	0	0	0	0	2
161	2025-26	NBB	V. CAUA	FLAMENGO	2025-12-21, CRU vs FLA	2	0	0	0	0	0	0	0	0	0	0	0	0	0	0	0
162	2025-26	NBB	RODRIGUEZ	KTO MINAS	2025-12-21, MIN vs VAS	23	16	3	4	2	2	4	4	1	0	1	2	1	0	1	1
162	2025-26	NBB	MCCREE	KTO MINAS	2025-12-21, MIN vs VAS	26	16	5	5	2	5	0	0	3	1	4	0	1	0	4	2
162	2025-26	NBB	WILLIAMS	KTO MINAS	2025-12-21, MIN vs VAS	25	12	3	5	2	5	0	2	5	0	5	2	1	0	1	1
162	2025-26	NBB	WINI SILVA	KTO MINAS	2025-12-21, MIN vs VAS	24	11	5	6	0	0	1	1	5	0	5	1	1	3	4	2
162	2025-26	NBB	FRAZIER	KTO MINAS	2025-12-21, MIN vs VAS	15	7	0	3	1	4	4	4	0	0	0	0	1	0	0	2
162	2025-26	NBB	PARANHOS	KTO MINAS	2025-12-21, MIN vs VAS	15	3	0	0	0	0	3	4	1	1	2	1	1	0	2	3
162	2025-26	NBB	YURI	KTO MINAS	2025-12-21, MIN vs VAS	15	2	1	2	0	0	0	0	3	0	3	0	0	0	1	0
162	2025-26	NBB	R. RACHEL	KTO MINAS	2025-12-21, MIN vs VAS	18	2	1	1	0	4	0	0	2	2	4	0	1	0	1	3
162	2025-26	NBB	FUZARO	KTO MINAS	2025-12-21, MIN vs VAS	26	2	0	2	0	0	2	2	2	0	2	9	4	0	4	3
162	2025-26	NBB	FISCHER	KTO MINAS	2025-12-21, MIN vs VAS	13	0	0	1	0	2	0	0	0	0	0	3	0	0	2	3
162	2025-26	NBB	CESAR	KTO MINAS	2025-12-21, MIN vs VAS	1	0	0	0	0	0	0	0	0	0	0	0	0	0	0	0
162	2025-26	NBB	VINCI	KTO MINAS	2025-12-21, MIN vs VAS	1	0	0	1	0	0	0	0	0	0	0	0	0	1	0	1
162	2025-26	NBB	SERJAO	VASCO DA GAMA	2025-12-21, MIN vs VAS	37	18	5	12	2	3	2	5	7	2	9	3	2	2	2	2
162	2025-26	NBB	ALE	VASCO DA GAMA	2025-12-21, MIN vs VAS	37	13	2	4	2	5	3	5	2	2	4	9	3	0	6	3
162	2025-26	NBB	MATHIAS	VASCO DA GAMA	2025-12-21, MIN vs VAS	25	11	4	6	0	0	3	6	1	2	3	1	0	0	5	4
162	2025-26	NBB	ELIAS	VASCO DA GAMA	2025-12-21, MIN vs VAS	39	10	2	6	1	4	3	4	3	1	4	3	2	0	5	4
162	2025-26	NBB	G. BASILIO	VASCO DA GAMA	2025-12-21, MIN vs VAS	40	5	1	3	1	6	0	0	5	0	5	3	1	0	3	1
162	2025-26	NBB	MAGNA	VASCO DA GAMA	2025-12-21, MIN vs VAS	14	2	0	0	0	0	2	2	1	0	1	0	1	0	1	1
162	2025-26	NBB	PEDRO NUNES	VASCO DA GAMA	2025-12-21, MIN vs VAS	6	0	0	0	0	2	0	0	0	0	0	0	1	0	0	1
162	2025-26	NBB	JUAN	VASCO DA GAMA	2025-12-21, MIN vs VAS	2	0	0	0	0	0	0	0	0	0	0	0	0	0	0	1
163	2025-26	NBB	DJALO	PINHEIROS	2025-12-21, PIN vs COR	24	21	3	4	4	6	3	3	2	3	5	1	0	1	1	1
163	2025-26	NBB	SLOAN	PINHEIROS	2025-12-21, PIN vs COR	25	20	8	12	1	3	1	1	3	0	3	8	2	0	3	1
163	2025-26	NBB	GREGATE	PINHEIROS	2025-12-21, PIN vs COR	20	19	7	7	1	2	2	2	4	1	5	4	2	0	1	1
163	2025-26	NBB	PENHA JR.	PINHEIROS	2025-12-21, PIN vs COR	24	11	2	4	2	5	1	2	4	1	5	1	0	0	1	2
163	2025-26	NBB	PACHECO	PINHEIROS	2025-12-21, PIN vs COR	19	9	3	4	1	4	0	0	0	0	0	5	1	0	1	1
163	2025-26	NBB	AGAPY	PINHEIROS	2025-12-21, PIN vs COR	18	8	4	10	0	0	0	1	3	4	7	1	1	2	1	1
163	2025-26	NBB	MACIEL	PINHEIROS	2025-12-21, PIN vs COR	16	7	2	2	1	1	0	0	4	1	5	1	0	0	0	3
163	2025-26	NBB	BETINHO	PINHEIROS	2025-12-21, PIN vs COR	18	5	1	3	1	2	0	0	2	0	2	3	1	1	1	2
163	2025-26	NBB	PASTRE	PINHEIROS	2025-12-21, PIN vs COR	22	4	0	0	1	3	1	1	3	0	3	2	0	0	0	1
163	2025-26	NBB	BRAYAN	PINHEIROS	2025-12-21, PIN vs COR	5	3	0	0	1	1	0	0	0	0	0	0	0	0	0	0
163	2025-26	NBB	AFONSO	PINHEIROS	2025-12-21, PIN vs COR	8	2	1	2	0	0	0	0	2	2	4	0	0	0	2	1
163	2025-26	NBB	LUCAS CAUE	CORINTHIANS	2025-12-21, PIN vs COR	24	15	5	6	1	2	2	4	2	1	3	3	1	1	3	1
163	2025-26	NBB	THOMAS	CORINTHIANS	2025-12-21, PIN vs COR	28	15	5	9	0	1	5	5	3	3	6	2	1	0	4	1
163	2025-26	NBB	MUNFORD	CORINTHIANS	2025-12-21, PIN vs COR	31	14	3	12	2	4	2	2	3	2	5	2	2	0	1	1
163	2025-26	NBB	T. FARIA	CORINTHIANS	2025-12-21, PIN vs COR	15	9	2	2	1	2	2	2	1	0	1	2	1	0	1	2
163	2025-26	NBB	VICTAO	CORINTHIANS	2025-12-21, PIN vs COR	29	7	3	6	0	3	1	1	1	0	1	1	1	0	0	1
163	2025-26	NBB	CLARK	CORINTHIANS	2025-12-21, PIN vs COR	12	6	0	2	2	4	0	0	0	2	2	0	0	0	1	1
163	2025-26	NBB	NOVAES	CORINTHIANS	2025-12-21, PIN vs COR	16	6	3	6	0	0	0	1	3	1	4	1	0	0	1	2
163	2025-26	NBB	RAYMUNDO	CORINTHIANS	2025-12-21, PIN vs COR	10	5	2	2	0	0	1	2	0	0	0	1	0	0	0	1
163	2025-26	NBB	ELINHO	CORINTHIANS	2025-12-21, PIN vs COR	29	3	0	0	1	5	0	0	3	1	4	11	1	0	2	2
163	2025-26	NBB	KAIQUE	CORINTHIANS	2025-12-21, PIN vs COR	5	0	0	2	0	1	0	0	0	1	1	0	0	0	0	0
164	2025-26	NBB	BARNES	CEISC/UNIAO CORINTHIANS	2025-12-21, UCO vs FOR	27	22	2	2	6	11	0	0	2	0	2	3	0	0	0	1
164	2025-26	NBB	SCOTT	CEISC/UNIAO CORINTHIANS	2025-12-21, UCO vs FOR	25	19	9	14	0	0	1	1	9	3	12	4	1	0	1	1
164	2025-26	NBB	HOLLOWELL	CEISC/UNIAO CORINTHIANS	2025-12-21, UCO vs FOR	24	14	2	3	3	6	1	2	2	1	3	1	1	1	2	1
164	2025-26	NBB	ISAAC	CEISC/UNIAO CORINTHIANS	2025-12-21, UCO vs FOR	21	13	3	5	2	2	1	1	2	0	2	0	0	0	2	3
164	2025-26	NBB	GUYTON	CEISC/UNIAO CORINTHIANS	2025-12-21, UCO vs FOR	18	9	0	0	3	4	0	0	1	0	1	0	0	0	0	2
164	2025-26	NBB	VERISSIMO	CEISC/UNIAO CORINTHIANS	2025-12-21, UCO vs FOR	28	9	4	6	0	1	1	4	7	0	7	4	1	0	2	2
164	2025-26	NBB	BRANDAO	CEISC/UNIAO CORINTHIANS	2025-12-21, UCO vs FOR	16	6	2	4	0	0	2	2	2	1	3	1	3	1	0	1
164	2025-26	NBB	RENAN	CEISC/UNIAO CORINTHIANS	2025-12-21, UCO vs FOR	12	2	0	1	0	0	2	2	1	0	1	0	1	0	1	1
164	2025-26	NBB	GOES	CEISC/UNIAO CORINTHIANS	2025-12-21, UCO vs FOR	21	1	0	1	0	1	1	2	2	1	3	9	2	0	0	1
164	2025-26	NBB	COELHO	CEISC/UNIAO CORINTHIANS	2025-12-21, UCO vs FOR	8	0	0	0	0	3	0	0	0	0	0	0	0	0	1	1
164	2025-26	NBB	DUPREE	FORTALEZA BASQUETE CEARENSE	2025-12-21, UCO vs FOR	39	25	3	8	5	14	4	5	7	0	7	2	1	0	1	3
164	2025-26	NBB	GABRIEL	FORTALEZA BASQUETE CEARENSE	2025-12-21, UCO vs FOR	35	14	4	7	2	5	0	3	3	1	4	0	0	0	4	4
164	2025-26	NBB	JEANZINHO	FORTALEZA BASQUETE CEARENSE	2025-12-21, UCO vs FOR	34	9	1	2	2	2	1	2	2	2	4	2	0	0	4	3
164	2025-26	NBB	ALBERTON	FORTALEZA BASQUETE CEARENSE	2025-12-21, UCO vs FOR	28	6	3	10	0	0	0	2	2	4	6	1	1	0	4	4
164	2025-26	NBB	POPOVIC	FORTALEZA BASQUETE CEARENSE	2025-12-21, UCO vs FOR	34	6	0	6	2	5	0	2	4	0	4	6	1	0	2	1
164	2025-26	NBB	AUGUSTO VIEIRA	FORTALEZA BASQUETE CEARENSE	2025-12-21, UCO vs FOR	25	2	1	1	0	0	0	0	3	3	6	0	2	0	1	1
164	2025-26	NBB	SAMUEL	FORTALEZA BASQUETE CEARENSE	2025-12-21, UCO vs FOR	5	0	0	1	0	0	0	0	1	1	2	1	0	0	0	1
165	2025-26	NBB	ANDREZAO	BAURU BASKET	2025-12-22, BAU vs RCB	27	28	11	16	0	0	6	8	8	1	9	2	1	0	1	3
165	2025-26	NBB	BRITE	BAURU BASKET	2025-12-22, BAU vs RCB	34	23	5	10	1	5	10	10	5	0	5	9	3	0	1	3
165	2025-26	NBB	PEDRO	BAURU BASKET	2025-12-22, BAU vs RCB	20	10	4	4	0	2	2	4	2	1	3	1	1	0	0	2
165	2025-26	NBB	ALEX	BAURU BASKET	2025-12-22, BAU vs RCB	32	9	3	5	1	4	0	1	2	1	3	6	2	0	1	3
165	2025-26	NBB	GUSTAVO	BAURU BASKET	2025-12-22, BAU vs RCB	18	6	3	4	0	1	0	0	2	2	4	0	2	0	0	0
165	2025-26	NBB	EUGENIUSZ	BAURU BASKET	2025-12-22, BAU vs RCB	15	3	1	1	0	2	1	2	2	0	2	2	1	0	1	3
165	2025-26	NBB	MATERAN	BAURU BASKET	2025-12-22, BAU vs RCB	10	2	1	1	0	1	0	0	1	0	1	0	0	0	0	1
165	2025-26	NBB	VITHINHO	BAURU BASKET	2025-12-22, BAU vs RCB	11	2	1	1	0	2	0	0	0	0	0	1	0	0	0	2
165	2025-26	NBB	MOREIRA	BAURU BASKET	2025-12-22, BAU vs RCB	8	1	0	3	0	0	1	4	1	1	2	0	0	0	1	1
165	2025-26	NBB	AUGUSTO	BAURU BASKET	2025-12-22, BAU vs RCB	3	0	0	0	0	2	0	0	0	0	0	0	0	0	0	1
165	2025-26	NBB	GEMERSON	BAURU BASKET	2025-12-22, BAU vs RCB	21	0	0	1	0	3	0	0	1	1	2	2	1	0	3	4
165	2025-26	NBB	SCOTT	CONTA SIMPLES RIO CLARO	2025-12-22, BAU vs RCB	22	20	5	7	0	2	10	13	5	0	5	6	0	0	1	3
165	2025-26	NBB	OWENS	CONTA SIMPLES RIO CLARO	2025-12-22, BAU vs RCB	19	11	3	6	1	1	2	2	5	1	6	0	0	1	4	0
165	2025-26	NBB	GEMADINHA	CONTA SIMPLES RIO CLARO	2025-12-22, BAU vs RCB	21	10	2	3	0	4	6	6	0	2	2	7	1	0	3	2
165	2025-26	NBB	BONFIM	CONTA SIMPLES RIO CLARO	2025-12-22, BAU vs RCB	21	10	5	6	0	1	0	0	3	1	4	0	0	0	1	2
165	2025-26	NBB	DOS ANJOS	CONTA SIMPLES RIO CLARO	2025-12-22, BAU vs RCB	15	5	1	1	1	2	0	0	4	1	5	0	0	0	1	4
165	2025-26	NBB	MURILO	CONTA SIMPLES RIO CLARO	2025-12-22, BAU vs RCB	21	5	1	3	1	3	0	0	6	0	6	0	1	1	1	2
165	2025-26	NBB	PASTOR	CONTA SIMPLES RIO CLARO	2025-12-22, BAU vs RCB	11	5	0	0	1	2	2	4	4	0	4	1	1	0	1	1
165	2025-26	NBB	CAIOKA	CONTA SIMPLES RIO CLARO	2025-12-22, BAU vs RCB	20	2	1	5	0	2	0	0	3	0	3	0	0	0	1	1
165	2025-26	NBB	VITOR	CONTA SIMPLES RIO CLARO	2025-12-22, BAU vs RCB	25	0	0	1	0	2	0	0	1	1	2	3	1	0	1	5
165	2025-26	NBB	COSTA	CONTA SIMPLES RIO CLARO	2025-12-22, BAU vs RCB	23	0	0	2	0	5	0	0	2	1	3	0	0	0	1	4
165	2025-26	NBB	AKIN	CONTA SIMPLES RIO CLARO	2025-12-22, BAU vs RCB	2	0	0	0	0	0	0	0	0	0	0	0	0	0	1	0
166	2025-26	NBB	WILLIAMS	KTO MINAS	2025-12-23, MIN vs FLA	31	20	3	5	3	9	5	8	3	2	5	1	1	0	1	0
166	2025-26	NBB	MCCREE	KTO MINAS	2025-12-23, MIN vs FLA	29	16	2	4	1	3	9	11	5	1	6	0	0	1	1	2
166	2025-26	NBB	WINI SILVA	KTO MINAS	2025-12-23, MIN vs FLA	27	14	4	7	1	1	3	5	10	3	13	0	0	2	1	1
166	2025-26	NBB	ARENGO	KTO MINAS	2025-12-23, MIN vs FLA	23	11	1	3	3	7	0	0	3	0	3	2	1	0	4	2
166	2025-26	NBB	FUZARO	KTO MINAS	2025-12-23, MIN vs FLA	23	10	1	3	2	3	2	2	2	0	2	2	1	1	1	1
166	2025-26	NBB	RODRIGUEZ	KTO MINAS	2025-12-23, MIN vs FLA	22	7	2	3	1	2	0	0	2	1	3	4	0	0	1	1
166	2025-26	NBB	FISCHER	KTO MINAS	2025-12-23, MIN vs FLA	7	3	0	0	1	1	0	0	3	0	3	1	0	0	1	2
166	2025-26	NBB	FRAZIER	KTO MINAS	2025-12-23, MIN vs FLA	10	2	1	2	0	2	0	0	2	0	2	4	0	0	1	1
166	2025-26	NBB	PARANHOS	KTO MINAS	2025-12-23, MIN vs FLA	13	2	1	2	0	0	0	2	1	1	2	0	0	1	0	2
166	2025-26	NBB	R. RACHEL	KTO MINAS	2025-12-23, MIN vs FLA	12	0	0	0	0	2	0	0	0	0	0	0	0	1	0	1
166	2025-26	NBB	YURI	KTO MINAS	2025-12-23, MIN vs FLA	4	0	0	0	0	0	0	0	0	1	1	1	0	0	0	2
166	2025-26	NBB	CUMMINGS	FLAMENGO	2025-12-23, MIN vs FLA	33	21	5	7	2	5	5	6	3	1	4	0	1	0	2	3
166	2025-26	NBB	NEGRETE	FLAMENGO	2025-12-23, MIN vs FLA	31	19	5	9	3	4	0	2	4	0	4	3	2	0	0	3
166	2025-26	NBB	GUI	FLAMENGO	2025-12-23, MIN vs FLA	32	15	3	7	3	7	0	0	2	0	2	3	1	0	0	2
166	2025-26	NBB	BARALLE	FLAMENGO	2025-12-23, MIN vs FLA	21	12	1	2	3	5	1	3	2	0	2	4	1	0	0	2
166	2025-26	NBB	JOHNSON SR.	FLAMENGO	2025-12-23, MIN vs FLA	28	11	4	5	1	4	0	0	5	0	5	4	2	0	1	3
166	2025-26	NBB	KAYO	FLAMENGO	2025-12-23, MIN vs FLA	8	3	0	0	1	2	0	0	2	0	2	0	0	0	0	2
166	2025-26	NBB	JHONATAN	FLAMENGO	2025-12-23, MIN vs FLA	20	2	1	5	0	3	0	0	3	3	6	1	2	0	1	4
166	2025-26	NBB	DORIA	FLAMENGO	2025-12-23, MIN vs FLA	16	2	1	3	0	0	0	0	1	1	2	1	0	0	0	3
166	2025-26	NBB	MANEL	FLAMENGO	2025-12-23, MIN vs FLA	11	2	1	3	0	0	0	0	0	0	0	0	0	0	1	1
167	2025-26	NBB	GEORGINHO	SESI FRANCA	2025-12-23, FRA vs MOG	31	17	4	5	3	6	0	0	9	0	9	4	0	0	0	0
167	2025-26	NBB	DAVID JACKSON	SESI FRANCA	2025-12-23, FRA vs MOG	23	15	2	2	2	2	5	6	4	0	4	4	1	0	0	1
167	2025-26	NBB	MINEIRO	SESI FRANCA	2025-12-23, FRA vs MOG	17	10	2	3	2	4	0	0	1	0	1	0	1	0	1	2
167	2025-26	NBB	LUCAS DIAS	SESI FRANCA	2025-12-23, FRA vs MOG	30	10	4	4	0	5	2	4	4	1	5	1	2	0	1	1
167	2025-26	NBB	RODRIGUEZ	SESI FRANCA	2025-12-23, FRA vs MOG	25	9	2	5	1	2	2	4	1	1	2	2	2	0	3	2
167	2025-26	NBB	ZU JR.	SESI FRANCA	2025-12-23, FRA vs MOG	18	8	1	4	2	4	0	0	1	0	1	1	0	0	0	2
167	2025-26	NBB	FELICIO	SESI FRANCA	2025-12-23, FRA vs MOG	22	7	2	6	1	1	0	3	6	3	9	2	0	1	0	1
167	2025-26	NBB	LATERZA	SESI FRANCA	2025-12-23, FRA vs MOG	17	7	2	2	1	5	0	0	0	0	0	4	1	0	2	3
167	2025-26	NBB	BENNETT	SESI FRANCA	2025-12-23, FRA vs MOG	13	2	1	4	0	0	0	0	1	0	1	0	0	0	1	1
167	2025-26	NBB	PIA	SESI FRANCA	2025-12-23, FRA vs MOG	1	0	0	1	0	0	0	0	0	1	1	0	0	0	0	0
167	2025-26	NBB	NICOLINI	SESI FRANCA	2025-12-23, FRA vs MOG	1	0	0	1	0	0	0	0	0	1	1	0	1	0	0	1
167	2025-26	NBB	VINI	SESI FRANCA	2025-12-23, FRA vs MOG	3	0	0	1	0	0	0	0	0	1	1	1	0	0	0	0
167	2025-26	NBB	GABRIEL CAMPOS	MOGI BASQUETE	2025-12-23, FRA vs MOG	26	14	1	7	1	5	9	10	1	0	1	3	1	0	3	0
167	2025-26	NBB	DUANE JOHNSON	MOGI BASQUETE	2025-12-23, FRA vs MOG	21	13	2	4	3	4	0	0	2	1	3	1	0	0	2	1
167	2025-26	NBB	DIKEMBE	MOGI BASQUETE	2025-12-23, FRA vs MOG	25	8	4	7	0	0	0	0	6	4	10	0	0	0	4	3
167	2025-26	NBB	PAULO	MOGI BASQUETE	2025-12-23, FRA vs MOG	26	8	1	2	2	4	0	0	5	2	7	0	0	0	1	3
167	2025-26	NBB	CALDEIRA	MOGI BASQUETE	2025-12-23, FRA vs MOG	12	7	2	2	1	3	0	0	0	0	0	0	1	0	3	3
167	2025-26	NBB	VINI CHAGAS	MOGI BASQUETE	2025-12-23, FRA vs MOG	23	6	0	1	2	4	0	0	2	1	3	2	0	1	1	1
167	2025-26	NBB	ANDERSON	MOGI BASQUETE	2025-12-23, FRA vs MOG	24	3	0	2	1	6	0	0	5	3	8	0	1	0	0	2
167	2025-26	NBB	MAICON DOUGLAS	MOGI BASQUETE	2025-12-23, FRA vs MOG	10	2	1	2	0	0	0	0	2	0	2	0	0	0	0	0
167	2025-26	NBB	BARRY	MOGI BASQUETE	2025-12-23, FRA vs MOG	9	0	0	0	0	3	0	0	1	0	1	0	0	0	0	1
167	2025-26	NBB	VITORIANO	MOGI BASQUETE	2025-12-23, FRA vs MOG	6	0	0	0	0	1	0	0	2	0	2	1	1	0	0	2
167	2025-26	NBB	RUIVO	MOGI BASQUETE	2025-12-23, FRA vs MOG	18	0	0	1	0	6	0	0	1	0	1	3	0	0	1	0
168	2025-26	NBB	SIEWERT	PAULISTANO	2025-12-23, CAP vs COR	36	22	4	5	4	9	2	3	8	1	9	1	3	0	2	1
168	2025-26	NBB	SEIXAS	PAULISTANO	2025-12-23, CAP vs COR	18	14	1	2	4	6	0	0	0	0	0	1	0	0	1	2
168	2025-26	NBB	VITINHO	PAULISTANO	2025-12-23, CAP vs COR	31	13	4	10	0	3	5	5	5	0	5	4	1	0	0	2
168	2025-26	NBB	HUNTER	PAULISTANO	2025-12-23, CAP vs COR	24	13	4	9	1	5	2	3	2	0	2	1	1	0	0	3
168	2025-26	NBB	GUI ABREU	PAULISTANO	2025-12-23, CAP vs COR	32	11	3	4	1	5	2	2	6	3	9	3	2	1	2	2
168	2025-26	NBB	TOVAR	PAULISTANO	2025-12-23, CAP vs COR	20	9	1	2	1	2	4	4	0	0	0	3	1	0	1	1
168	2025-26	NBB	NETO	PAULISTANO	2025-12-23, CAP vs COR	6	2	1	2	0	1	0	0	0	1	1	0	0	0	0	0
168	2025-26	NBB	LEANDRO	PAULISTANO	2025-12-23, CAP vs COR	20	2	1	3	0	0	0	2	2	1	3	0	1	0	0	2
168	2025-26	NBB	GABRIEL	PAULISTANO	2025-12-23, CAP vs COR	2	0	0	1	0	0	0	0	1	0	1	0	0	0	0	1
168	2025-26	NBB	GABRIEL	PAULISTANO	2025-12-23, CAP vs COR	10	0	0	3	0	0	0	0	2	1	3	0	0	1	1	2
168	2025-26	NBB	CLARK	CORINTHIANS	2025-12-23, CAP vs COR	29	20	6	10	2	8	2	2	3	0	3	3	0	0	5	2
168	2025-26	NBB	LUCAS CAUE	CORINTHIANS	2025-12-23, CAP vs COR	22	14	7	10	0	0	0	0	7	4	11	2	1	0	1	3
168	2025-26	NBB	VICTAO	CORINTHIANS	2025-12-23, CAP vs COR	36	13	6	6	0	2	1	1	4	0	4	1	2	0	0	0
168	2025-26	NBB	ELINHO	CORINTHIANS	2025-12-23, CAP vs COR	34	12	2	4	2	6	2	4	4	0	4	9	1	1	2	3
168	2025-26	NBB	MUNFORD	CORINTHIANS	2025-12-23, CAP vs COR	27	11	4	7	1	2	0	1	4	0	4	0	0	0	1	4
168	2025-26	NBB	NOVAES	CORINTHIANS	2025-12-23, CAP vs COR	15	6	2	5	0	0	2	2	4	0	4	1	0	0	2	2
168	2025-26	NBB	T. FARIA	CORINTHIANS	2025-12-23, CAP vs COR	8	2	1	2	0	0	0	0	2	0	2	2	0	0	0	1
168	2025-26	NBB	THOMAS	CORINTHIANS	2025-12-23, CAP vs COR	22	2	0	1	0	1	2	2	2	0	2	3	0	0	3	1
168	2025-26	NBB	RAYMUNDO	CORINTHIANS	2025-12-23, CAP vs COR	7	1	0	0	0	0	1	2	1	0	1	0	0	1	0	2
169	2025-26	NBB	SHAMELL	CAXIAS DO SUL BASQUETE	2025-12-23, CAX vs FOR	26	17	4	6	3	11	0	0	0	0	0	4	0	0	1	2
169	2025-26	NBB	VEZARO	CAXIAS DO SUL BASQUETE	2025-12-23, CAX vs FOR	30	16	4	6	2	3	2	2	1	1	2	3	3	0	0	3
169	2025-26	NBB	FABRIZZIO	CAXIAS DO SUL BASQUETE	2025-12-23, CAX vs FOR	25	11	3	4	0	2	5	5	5	0	5	2	6	0	0	2
169	2025-26	NBB	HUMBERTO	CAXIAS DO SUL BASQUETE	2025-12-23, CAX vs FOR	29	8	3	5	0	0	2	4	3	0	3	5	0	0	4	3
169	2025-26	NBB	AUGUSTO	CAXIAS DO SUL BASQUETE	2025-12-23, CAX vs FOR	18	8	1	2	2	5	0	0	5	0	5	2	2	0	2	2
169	2025-26	NBB	TOM	CAXIAS DO SUL BASQUETE	2025-12-23, CAX vs FOR	23	4	1	2	0	0	2	2	7	2	9	0	0	0	1	2
169	2025-26	NBB	OMENA	CAXIAS DO SUL BASQUETE	2025-12-23, CAX vs FOR	19	2	1	4	0	3	0	0	0	2	2	2	0	0	1	2
169	2025-26	NBB	TIAGO M.	CAXIAS DO SUL BASQUETE	2025-12-23, CAX vs FOR	5	2	0	2	0	1	2	2	0	1	1	0	1	0	1	0
169	2025-26	NBB	KOPPER	CAXIAS DO SUL BASQUETE	2025-12-23, CAX vs FOR	1	0	0	0	0	0	0	0	0	0	0	0	0	0	0	0
169	2025-26	NBB	MIGUEL	CAXIAS DO SUL BASQUETE	2025-12-23, CAX vs FOR	15	0	0	0	0	3	0	2	3	1	4	0	0	0	0	0
169	2025-26	NBB	LUAN	CAXIAS DO SUL BASQUETE	2025-12-23, CAX vs FOR	9	0	0	2	0	0	0	0	3	0	3	0	0	0	0	2
169	2025-26	NBB	DUPREE	FORTALEZA BASQUETE CEARENSE	2025-12-23, CAX vs FOR	40	15	4	13	1	6	4	5	8	2	10	1	2	0	5	2
169	2025-26	NBB	SALSAMENDI	FORTALEZA BASQUETE CEARENSE	2025-12-23, CAX vs FOR	33	11	4	11	1	1	0	0	7	2	9	1	2	2	2	2
169	2025-26	NBB	GABRIEL	FORTALEZA BASQUETE CEARENSE	2025-12-23, CAX vs FOR	39	7	1	5	1	8	2	2	2	0	2	0	1	0	2	2
169	2025-26	NBB	SAMUEL	FORTALEZA BASQUETE CEARENSE	2025-12-23, CAX vs FOR	24	5	2	5	0	1	1	2	5	6	11	0	0	0	0	3
169	2025-26	NBB	JEANZINHO	FORTALEZA BASQUETE CEARENSE	2025-12-23, CAX vs FOR	11	5	1	1	1	2	0	0	1	1	2	2	0	0	2	1
169	2025-26	NBB	POPOVIC	FORTALEZA BASQUETE CEARENSE	2025-12-23, CAX vs FOR	24	5	2	7	0	3	1	2	4	2	6	2	0	0	4	1
169	2025-26	NBB	ALBERTON	FORTALEZA BASQUETE CEARENSE	2025-12-23, CAX vs FOR	29	4	2	7	0	0	0	0	6	4	10	0	0	1	2	3
170	2025-26	NBB	BARNES	CEISC/UNIAO CORINTHIANS	2025-12-23, UCO vs UFC	36	27	1	8	8	13	1	1	2	0	2	8	0	0	0	2
170	2025-26	NBB	HOLLOWELL	CEISC/UNIAO CORINTHIANS	2025-12-23, UCO vs UFC	38	23	5	10	2	8	7	7	9	3	12	4	1	1	1	4
170	2025-26	NBB	VERISSIMO	CEISC/UNIAO CORINTHIANS	2025-12-23, UCO vs UFC	31	13	5	8	0	2	3	4	4	5	9	0	1	0	2	4
170	2025-26	NBB	SCOTT	CEISC/UNIAO CORINTHIANS	2025-12-23, UCO vs UFC	30	9	3	7	0	0	3	4	5	2	7	2	1	0	1	5
170	2025-26	NBB	BRANDAO	CEISC/UNIAO CORINTHIANS	2025-12-23, UCO vs UFC	8	6	3	3	0	0	0	0	0	1	1	0	1	0	0	2
170	2025-26	NBB	ISAAC	CEISC/UNIAO CORINTHIANS	2025-12-23, UCO vs UFC	21	4	1	1	0	3	2	2	3	1	4	1	1	0	1	1
170	2025-26	NBB	GUYTON	CEISC/UNIAO CORINTHIANS	2025-12-23, UCO vs UFC	13	3	0	0	1	4	0	0	0	0	0	2	1	0	0	2
170	2025-26	NBB	GOES	CEISC/UNIAO CORINTHIANS	2025-12-23, UCO vs UFC	24	0	0	2	0	1	0	0	2	0	2	6	1	0	1	3
170	2025-26	NBB	MELVIN	UNIFACISA	2025-12-23, UCO vs UFC	30	20	3	6	3	8	5	5	3	0	3	5	1	1	2	3
170	2025-26	NBB	COELHO	UNIFACISA	2025-12-23, UCO vs UFC	15	15	3	4	2	4	3	7	0	1	1	0	0	0	1	4
170	2025-26	NBB	THYGESEN	UNIFACISA	2025-12-23, UCO vs UFC	25	14	3	5	2	4	2	4	5	0	5	2	0	0	2	0
170	2025-26	NBB	JOAO PAULO	UNIFACISA	2025-12-23, UCO vs UFC	25	9	2	3	0	1	5	6	4	2	6	1	0	1	0	3
170	2025-26	NBB	ANTONIO	UNIFACISA	2025-12-23, UCO vs UFC	24	8	1	2	1	3	3	4	3	2	5	1	0	0	1	3
170	2025-26	NBB	JIMMY	UNIFACISA	2025-12-23, UCO vs UFC	27	7	2	4	1	2	0	0	4	1	5	2	1	0	2	3
170	2025-26	NBB	CARR	UNIFACISA	2025-12-23, UCO vs UFC	34	4	2	3	0	2	0	2	6	2	8	0	1	1	1	2
170	2025-26	NBB	SIFONTES	UNIFACISA	2025-12-23, UCO vs UFC	21	1	0	1	0	4	1	6	3	1	4	3	1	0	1	2
171	2025-26	NBB	JJ	CRUZEIRO BASQUETE	2025-12-23, CRU vs VAS	33	22	2	4	5	9	3	3	3	1	4	2	1	1	0	4
171	2025-26	NBB	SENA	CRUZEIRO BASQUETE	2025-12-23, CRU vs VAS	16	15	6	8	1	2	0	0	3	0	3	1	0	0	0	2
171	2025-26	NBB	CLAY	CRUZEIRO BASQUETE	2025-12-23, CRU vs VAS	28	11	4	5	0	2	3	4	3	0	3	4	1	0	4	2
171	2025-26	NBB	ANSALONI	CRUZEIRO BASQUETE	2025-12-23, CRU vs VAS	24	10	2	4	1	2	3	3	6	0	6	0	0	1	4	5
171	2025-26	NBB	I. THORNTON	CRUZEIRO BASQUETE	2025-12-23, CRU vs VAS	35	10	2	3	1	6	3	5	6	1	7	2	0	0	0	2
171	2025-26	NBB	GITTENS	CRUZEIRO BASQUETE	2025-12-23, CRU vs VAS	34	7	0	2	2	4	1	1	6	0	6	10	1	1	2	2
171	2025-26	NBB	DU SOMMER	CRUZEIRO BASQUETE	2025-12-23, CRU vs VAS	7	2	1	1	0	0	0	0	0	1	1	0	0	0	0	0
171	2025-26	NBB	CASSIANO	CRUZEIRO BASQUETE	2025-12-23, CRU vs VAS	13	1	0	0	0	2	1	2	2	0	2	2	1	0	0	0
171	2025-26	NBB	LEO ABREU	CRUZEIRO BASQUETE	2025-12-23, CRU vs VAS	6	1	0	0	0	1	1	2	0	0	0	0	0	0	1	0
171	2025-26	NBB	NIQUE COLEMAN	CRUZEIRO BASQUETE	2025-12-23, CRU vs VAS	5	0	0	2	0	1	0	0	0	0	0	1	0	0	0	0
171	2025-26	NBB	SERJAO	VASCO DA GAMA	2025-12-23, CRU vs VAS	39	17	3	8	3	5	2	2	9	1	10	3	0	0	1	1
171	2025-26	NBB	G. BASILIO	VASCO DA GAMA	2025-12-23, CRU vs VAS	40	16	1	6	3	6	5	5	3	2	5	5	1	0	1	5
171	2025-26	NBB	ALE	VASCO DA GAMA	2025-12-23, CRU vs VAS	39	16	4	7	2	8	2	3	5	3	8	4	1	0	5	1
171	2025-26	NBB	ELIAS	VASCO DA GAMA	2025-12-23, CRU vs VAS	28	8	2	2	1	4	1	4	4	2	6	5	2	1	2	3
171	2025-26	NBB	MATHIAS	VASCO DA GAMA	2025-12-23, CRU vs VAS	21	7	2	5	1	3	0	0	4	0	4	0	0	0	3	4
171	2025-26	NBB	JUAN	VASCO DA GAMA	2025-12-23, CRU vs VAS	23	6	0	2	2	3	0	0	0	1	1	0	1	0	0	1
171	2025-26	NBB	MAGNA	VASCO DA GAMA	2025-12-23, CRU vs VAS	10	5	1	1	0	3	3	3	1	0	1	3	0	0	1	3
172	2025-26	NBB	SLOAN	PINHEIROS	2025-12-23, PIN vs SJO	20	30	3	6	8	10	0	0	2	1	3	5	0	0	3	1
172	2025-26	NBB	PACHECO	PINHEIROS	2025-12-23, PIN vs SJO	28	13	3	3	1	4	4	5	0	1	1	4	3	1	3	0
172	2025-26	NBB	PENHA JR.	PINHEIROS	2025-12-23, PIN vs SJO	26	11	4	7	1	5	0	0	1	3	4	2	0	0	0	1
172	2025-26	NBB	BETINHO	PINHEIROS	2025-12-23, PIN vs SJO	17	11	1	1	3	7	0	0	1	0	1	3	1	0	1	1
172	2025-26	NBB	PASTRE	PINHEIROS	2025-12-23, PIN vs SJO	15	9	3	4	1	2	0	0	1	0	1	1	1	0	1	4
172	2025-26	NBB	MACIEL	PINHEIROS	2025-12-23, PIN vs SJO	14	8	0	1	1	3	5	6	4	1	5	0	0	0	0	1
172	2025-26	NBB	DJALO	PINHEIROS	2025-12-23, PIN vs SJO	23	7	0	2	1	4	4	5	2	3	5	1	2	0	0	2
172	2025-26	NBB	AGAPY	PINHEIROS	2025-12-23, PIN vs SJO	22	5	2	4	0	0	1	2	7	0	7	1	2	1	3	3
172	2025-26	NBB	AFONSO	PINHEIROS	2025-12-23, PIN vs SJO	11	3	1	2	0	0	1	2	3	0	3	0	1	0	2	2
172	2025-26	NBB	BRAYAN	PINHEIROS	2025-12-23, PIN vs SJO	6	1	0	0	0	0	1	2	2	0	2	0	0	0	2	0
172	2025-26	NBB	MEILI	PINHEIROS	2025-12-23, PIN vs SJO	1	0	0	0	0	1	0	0	0	0	0	0	0	0	0	1
172	2025-26	NBB	GREGATE	PINHEIROS	2025-12-23, PIN vs SJO	15	0	0	1	0	3	0	0	4	1	5	3	1	0	1	4
172	2025-26	NBB	ADYEL	MR. MOO SAO JOSE BASKETBALL	2025-12-23, PIN vs SJO	36	18	3	10	3	10	3	6	5	0	5	3	2	0	1	3
172	2025-26	NBB	MAIQUE	MR. MOO SAO JOSE BASKETBALL	2025-12-23, PIN vs SJO	18	14	4	6	1	2	3	4	4	1	5	1	0	1	1	1
172	2025-26	NBB	ANDERSON	MR. MOO SAO JOSE BASKETBALL	2025-12-23, PIN vs SJO	22	11	4	4	0	1	3	4	2	3	5	2	0	1	0	2
172	2025-26	NBB	LEO CRAVERO	MR. MOO SAO JOSE BASKETBALL	2025-12-23, PIN vs SJO	26	10	2	3	1	2	3	4	4	0	4	0	1	0	3	3
172	2025-26	NBB	LESSA	MR. MOO SAO JOSE BASKETBALL	2025-12-23, PIN vs SJO	24	9	0	2	3	6	0	0	1	0	1	2	1	0	2	1
172	2025-26	NBB	DOS SANTOS	MR. MOO SAO JOSE BASKETBALL	2025-12-23, PIN vs SJO	17	8	2	3	0	1	4	5	1	1	2	1	1	0	4	5
172	2025-26	NBB	MILLER	MR. MOO SAO JOSE BASKETBALL	2025-12-23, PIN vs SJO	17	7	1	1	1	5	2	2	1	1	2	2	1	2	0	0
172	2025-26	NBB	CAUE	MR. MOO SAO JOSE BASKETBALL	2025-12-23, PIN vs SJO	21	2	1	2	0	1	0	0	3	0	3	5	0	0	2	2
172	2025-26	NBB	JOAO GUIMARAES	MR. MOO SAO JOSE BASKETBALL	2025-12-23, PIN vs SJO	1	2	0	0	0	0	2	2	0	0	0	0	1	0	0	0
172	2025-26	NBB	NICKEL	MR. MOO SAO JOSE BASKETBALL	2025-12-23, PIN vs SJO	18	2	1	3	0	2	0	0	2	0	2	7	0	0	2	2
173	2025-26	NBB	CORVALAN	CAIXA/BRASILIA	2025-12-23, BRA vs PAT	26	17	4	5	2	5	3	4	2	1	3	4	0	0	0	3
173	2025-26	NBB	PEDRO	CAIXA/BRASILIA	2025-12-23, BRA vs PAT	19	14	1	2	4	4	0	0	6	0	6	0	0	0	0	2
173	2025-26	NBB	LUCAS	CAIXA/BRASILIA	2025-12-23, BRA vs PAT	25	11	3	5	1	6	2	2	1	1	2	3	3	1	2	2
173	2025-26	NBB	CRESCENZI	CAIXA/BRASILIA	2025-12-23, BRA vs PAT	20	10	2	2	2	5	0	0	3	2	5	2	2	0	2	1
173	2025-26	NBB	BRUNAO	CAIXA/BRASILIA	2025-12-23, BRA vs PAT	30	10	3	6	0	1	4	9	5	3	8	0	1	0	2	3
173	2025-26	NBB	BUIU	CAIXA/BRASILIA	2025-12-23, BRA vs PAT	16	9	1	2	1	4	4	4	0	0	0	1	0	0	3	0
173	2025-26	NBB	VON HAYDIN	CAIXA/BRASILIA	2025-12-23, BRA vs PAT	22	6	2	3	0	4	2	2	4	0	4	1	1	0	2	1
173	2025-26	NBB	PAULICHI	CAIXA/BRASILIA	2025-12-23, BRA vs PAT	21	5	2	2	0	0	1	2	4	1	5	2	1	0	0	3
173	2025-26	NBB	BELLER	CAIXA/BRASILIA	2025-12-23, BRA vs PAT	10	2	1	1	0	1	0	0	0	0	0	1	0	0	1	2
173	2025-26	NBB	GUSTAVO	CAIXA/BRASILIA	2025-12-23, BRA vs PAT	2	0	0	0	0	0	0	0	0	0	0	1	0	0	2	1
173	2025-26	NBB	ZAGO	CAIXA/BRASILIA	2025-12-23, BRA vs PAT	1	0	0	0	0	0	0	0	0	0	0	0	0	0	0	0
173	2025-26	NBB	CARBONARI	CAIXA/BRASILIA	2025-12-23, BRA vs PAT	9	0	0	0	0	1	0	0	3	0	3	0	0	0	1	0
173	2025-26	NBB	EDU MARILIA	PATO BASQUETE	2025-12-23, BRA vs PAT	31	17	4	6	3	6	0	0	8	1	9	0	0	2	3	2
173	2025-26	NBB	MICHEL	PATO BASQUETE	2025-12-23, BRA vs PAT	28	14	1	2	2	9	6	7	2	0	2	1	1	0	0	3
173	2025-26	NBB	CREWS	PATO BASQUETE	2025-12-23, BRA vs PAT	28	12	0	2	2	7	6	7	2	0	2	3	2	0	1	3
173	2025-26	NBB	D. PENTEADO	PATO BASQUETE	2025-12-23, BRA vs PAT	24	6	0	2	2	6	0	1	2	1	3	1	1	0	2	2
173	2025-26	NBB	FIDELIS	PATO BASQUETE	2025-12-23, BRA vs PAT	22	6	3	3	0	0	0	0	2	2	4	1	2	0	2	1
173	2025-26	NBB	GRIGOR	PATO BASQUETE	2025-12-23, BRA vs PAT	13	6	2	3	0	0	2	2	1	1	2	1	1	0	0	3
173	2025-26	NBB	THOMPSON	PATO BASQUETE	2025-12-23, BRA vs PAT	26	6	3	8	0	0	0	1	0	0	0	5	0	0	4	2
173	2025-26	NBB	WILLKER Z.	PATO BASQUETE	2025-12-23, BRA vs PAT	5	2	1	1	0	0	0	0	2	0	2	0	0	0	2	5
173	2025-26	NBB	NAKA	PATO BASQUETE	2025-12-23, BRA vs PAT	14	0	0	0	0	2	0	0	1	1	2	5	0	0	2	2
173	2025-26	NBB	MATEUS	PATO BASQUETE	2025-12-23, BRA vs PAT	6	0	0	0	0	1	0	0	0	0	0	0	0	0	1	0
173	2025-26	NBB	N. GOMES	PATO BASQUETE	2025-12-23, BRA vs PAT	3	0	0	0	0	0	0	0	0	0	0	0	1	0	1	1
174	2025-26	NBB	THOMAS	CORINTHIANS	2025-12-27, COR vs CAX	22	20	2	4	5	8	1	1	3	0	3	2	1	0	3	0
174	2025-26	NBB	ELINHO	CORINTHIANS	2025-12-27, COR vs CAX	20	15	3	4	3	3	0	0	2	1	3	5	0	0	0	0
174	2025-26	NBB	CLARK	CORINTHIANS	2025-12-27, COR vs CAX	21	13	1	3	3	4	2	3	2	0	2	3	0	0	2	1
174	2025-26	NBB	T. FARIA	CORINTHIANS	2025-12-27, COR vs CAX	22	11	4	5	1	2	0	0	3	0	3	4	1	0	1	2
174	2025-26	NBB	NOVAES	CORINTHIANS	2025-12-27, COR vs CAX	13	8	3	5	0	1	2	3	3	3	6	2	0	0	1	0
174	2025-26	NBB	LUKINHAS	CORINTHIANS	2025-12-27, COR vs CAX	10	6	3	3	0	1	0	0	0	2	2	0	1	2	0	0
174	2025-26	NBB	LUCAS CAUE	CORINTHIANS	2025-12-27, COR vs CAX	17	6	3	4	0	0	0	0	4	4	8	2	0	0	1	2
174	2025-26	NBB	MUNFORD	CORINTHIANS	2025-12-27, COR vs CAX	16	5	0	2	1	5	2	2	3	1	4	1	0	0	0	1
174	2025-26	NBB	VICTAO	CORINTHIANS	2025-12-27, COR vs CAX	22	5	2	3	0	0	1	2	2	1	3	0	0	0	0	1
174	2025-26	NBB	ALISSON	CORINTHIANS	2025-12-27, COR vs CAX	11	4	2	3	0	1	0	2	1	2	3	2	0	0	1	2
174	2025-26	NBB	RAYMUNDO	CORINTHIANS	2025-12-27, COR vs CAX	18	4	2	6	0	0	0	0	5	1	6	4	0	3	0	3
174	2025-26	NBB	KAIQUE	CORINTHIANS	2025-12-27, COR vs CAX	9	3	0	0	1	4	0	0	0	0	0	1	0	0	0	2
174	2025-26	NBB	MIGUEL	CAXIAS DO SUL BASQUETE	2025-12-27, COR vs CAX	22	15	4	6	2	4	1	2	1	3	4	2	0	0	0	0
174	2025-26	NBB	FABRIZZIO	CAXIAS DO SUL BASQUETE	2025-12-27, COR vs CAX	21	9	2	4	1	3	2	2	4	0	4	3	0	0	0	3
174	2025-26	NBB	HUMBERTO	CAXIAS DO SUL BASQUETE	2025-12-27, COR vs CAX	21	9	3	4	0	0	3	4	0	0	0	3	3	1	1	2
174	2025-26	NBB	VEZARO	CAXIAS DO SUL BASQUETE	2025-12-27, COR vs CAX	24	9	0	0	3	4	0	0	2	0	2	2	0	0	1	0
174	2025-26	NBB	TOM	CAXIAS DO SUL BASQUETE	2025-12-27, COR vs CAX	12	4	2	4	0	0	0	2	2	1	3	0	0	0	2	2
174	2025-26	NBB	LUAN	CAXIAS DO SUL BASQUETE	2025-12-27, COR vs CAX	12	4	2	6	0	0	0	1	1	2	3	0	0	0	0	4
174	2025-26	NBB	SHAMELL	CAXIAS DO SUL BASQUETE	2025-12-27, COR vs CAX	18	4	2	2	0	2	0	0	2	0	2	3	0	0	1	1
174	2025-26	NBB	AUGUSTO	CAXIAS DO SUL BASQUETE	2025-12-27, COR vs CAX	16	2	1	3	0	4	0	0	2	0	2	0	2	0	1	0
174	2025-26	NBB	OMENA	CAXIAS DO SUL BASQUETE	2025-12-27, COR vs CAX	25	2	1	3	0	3	0	0	0	0	0	1	1	0	0	1
174	2025-26	NBB	RAFA	CAXIAS DO SUL BASQUETE	2025-12-27, COR vs CAX	12	2	1	6	0	2	0	0	1	2	3	0	0	0	0	0
174	2025-26	NBB	TIAGO M.	CAXIAS DO SUL BASQUETE	2025-12-27, COR vs CAX	16	0	0	2	0	2	0	0	2	0	2	2	0	0	1	3
175	2025-26	NBB	DUPREE	FORTALEZA BASQUETE CEARENSE	2025-12-27, FOR vs MIN	40	29	8	14	3	9	4	5	8	1	9	3	4	0	2	2
175	2025-26	NBB	SALSAMENDI	FORTALEZA BASQUETE CEARENSE	2025-12-27, FOR vs MIN	38	20	4	9	1	5	9	12	4	2	6	3	1	1	2	2
175	2025-26	NBB	POPOVIC	FORTALEZA BASQUETE CEARENSE	2025-12-27, FOR vs MIN	30	16	7	11	0	4	2	4	1	1	2	0	2	0	3	3
175	2025-26	NBB	GABRIEL	FORTALEZA BASQUETE CEARENSE	2025-12-27, FOR vs MIN	34	7	2	3	0	3	3	5	5	0	5	2	0	0	2	5
175	2025-26	NBB	ALBERTON	FORTALEZA BASQUETE CEARENSE	2025-12-27, FOR vs MIN	16	7	3	5	0	0	1	1	3	0	3	0	0	0	0	5
175	2025-26	NBB	SAMUEL	FORTALEZA BASQUETE CEARENSE	2025-12-27, FOR vs MIN	12	2	1	1	0	0	0	0	1	1	2	0	1	0	2	1
175	2025-26	NBB	GOHLKE	FORTALEZA BASQUETE CEARENSE	2025-12-27, FOR vs MIN	29	0	0	2	0	1	0	0	3	0	3	1	0	0	2	3
175	2025-26	NBB	CAUA	FORTALEZA BASQUETE CEARENSE	2025-12-27, FOR vs MIN	1	0	0	0	0	0	0	0	0	1	1	0	0	0	0	0
175	2025-26	NBB	WILLIAMS	KTO MINAS	2025-12-27, FOR vs MIN	26	29	4	5	6	12	3	3	4	2	6	2	1	0	2	3
175	2025-26	NBB	PARANHOS	KTO MINAS	2025-12-27, FOR vs MIN	16	15	6	13	0	0	3	4	4	2	6	0	0	1	0	3
175	2025-26	NBB	R. RACHEL	KTO MINAS	2025-12-27, FOR vs MIN	14	11	3	3	0	4	5	7	2	2	4	0	0	0	1	5
175	2025-26	NBB	FUZARO	KTO MINAS	2025-12-27, FOR vs MIN	24	11	1	2	2	2	3	4	2	0	2	3	2	2	1	2
175	2025-26	NBB	MCCREE	KTO MINAS	2025-12-27, FOR vs MIN	19	9	1	4	2	5	1	2	5	0	5	1	1	0	1	1
175	2025-26	NBB	FISCHER	KTO MINAS	2025-12-27, FOR vs MIN	22	8	0	1	2	4	2	2	0	0	0	7	0	0	0	3
175	2025-26	NBB	WINI SILVA	KTO MINAS	2025-12-27, FOR vs MIN	19	7	1	1	0	0	5	6	5	2	7	1	1	0	3	4
175	2025-26	NBB	YURI	KTO MINAS	2025-12-27, FOR vs MIN	17	5	1	1	1	2	0	0	2	1	3	1	0	0	1	1
175	2025-26	NBB	ARENGO	KTO MINAS	2025-12-27, FOR vs MIN	26	2	1	2	0	3	0	0	2	1	3	1	0	0	4	0
175	2025-26	NBB	RODRIGUEZ	KTO MINAS	2025-12-27, FOR vs MIN	18	2	1	3	0	1	0	0	2	0	2	3	0	0	0	1
176	2025-26	NBB	DAVID JACKSON	SESI FRANCA	2025-12-27, FRA vs BRA	26	17	4	6	3	7	0	1	4	0	4	4	1	0	2	1
176	2025-26	NBB	FELICIO	SESI FRANCA	2025-12-27, FRA vs BRA	21	13	6	7	0	1	1	1	3	3	6	0	0	0	1	3
176	2025-26	NBB	BENNETT	SESI FRANCA	2025-12-27, FRA vs BRA	28	13	2	4	2	6	3	3	3	0	3	3	0	0	2	1
176	2025-26	NBB	LUCAS DIAS	SESI FRANCA	2025-12-27, FRA vs BRA	33	12	6	8	0	1	0	0	9	3	12	0	5	0	2	2
176	2025-26	NBB	GEORGINHO	SESI FRANCA	2025-12-27, FRA vs BRA	31	11	4	6	0	3	3	5	8	1	9	7	0	0	5	2
176	2025-26	NBB	ZU JR.	SESI FRANCA	2025-12-27, FRA vs BRA	17	8	2	4	0	1	4	6	1	1	2	1	1	0	0	1
176	2025-26	NBB	LATERZA	SESI FRANCA	2025-12-27, FRA vs BRA	17	7	2	2	1	4	0	0	1	0	1	0	1	0	2	3
176	2025-26	NBB	MINEIRO	SESI FRANCA	2025-12-27, FRA vs BRA	16	5	0	0	1	2	2	2	2	1	3	0	0	0	0	2
176	2025-26	NBB	RODRIGUEZ	SESI FRANCA	2025-12-27, FRA vs BRA	12	4	1	4	0	1	2	4	1	1	2	0	0	0	0	3
176	2025-26	NBB	CORVALAN	CAIXA/BRASILIA	2025-12-27, FRA vs BRA	30	16	2	6	3	8	3	5	1	0	1	6	2	0	1	1
176	2025-26	NBB	VON HAYDIN	CAIXA/BRASILIA	2025-12-27, FRA vs BRA	24	14	0	1	4	7	2	2	5	1	6	1	0	0	1	3
176	2025-26	NBB	CRESCENZI	CAIXA/BRASILIA	2025-12-27, FRA vs BRA	24	13	2	4	3	7	0	0	4	2	6	3	1	0	0	2
176	2025-26	NBB	PAULICHI	CAIXA/BRASILIA	2025-12-27, FRA vs BRA	27	11	4	5	1	1	0	1	3	1	4	1	1	0	2	3
176	2025-26	NBB	LUCAS	CAIXA/BRASILIA	2025-12-27, FRA vs BRA	18	10	1	2	2	6	2	2	1	0	1	1	0	0	1	2
176	2025-26	NBB	BRUNAO	CAIXA/BRASILIA	2025-12-27, FRA vs BRA	23	8	4	5	0	1	0	0	7	2	9	1	1	0	4	4
176	2025-26	NBB	PEDRO	CAIXA/BRASILIA	2025-12-27, FRA vs BRA	18	6	1	3	1	2	1	1	1	0	1	2	4	0	2	0
176	2025-26	NBB	BUIU	CAIXA/BRASILIA	2025-12-27, FRA vs BRA	17	4	2	3	0	3	0	0	1	0	1	3	1	0	1	3
176	2025-26	NBB	CARBONARI	CAIXA/BRASILIA	2025-12-27, FRA vs BRA	12	2	1	1	0	3	0	0	1	0	1	0	0	0	0	2
176	2025-26	NBB	BELLER	CAIXA/BRASILIA	2025-12-27, FRA vs BRA	5	0	0	0	0	1	0	0	1	0	1	0	0	0	0	1
177	2025-26	NBB	HUNTER	PAULISTANO	2025-12-27, CAP vs MOG	32	18	3	9	3	7	3	5	6	2	8	3	0	1	2	2
177	2025-26	NBB	GUI ABREU	PAULISTANO	2025-12-27, CAP vs MOG	31	18	7	13	1	3	1	1	5	2	7	1	1	0	0	3
177	2025-26	NBB	VITINHO	PAULISTANO	2025-12-27, CAP vs MOG	32	13	5	9	1	3	0	0	2	0	2	1	0	0	2	2
177	2025-26	NBB	SIEWERT	PAULISTANO	2025-12-27, CAP vs MOG	32	12	2	6	2	7	2	2	5	2	7	0	1	0	1	0
177	2025-26	NBB	TOVAR	PAULISTANO	2025-12-27, CAP vs MOG	13	11	3	5	1	1	2	3	0	1	1	0	3	0	4	0
177	2025-26	NBB	GABRIEL	PAULISTANO	2025-12-27, CAP vs MOG	9	5	2	3	0	1	1	1	3	2	5	1	1	0	0	0
177	2025-26	NBB	LEANDRO	PAULISTANO	2025-12-27, CAP vs MOG	14	4	1	1	0	0	2	2	0	2	2	0	1	0	1	4
177	2025-26	NBB	SEIXAS	PAULISTANO	2025-12-27, CAP vs MOG	27	0	0	3	0	2	0	0	2	1	3	1	1	0	0	3
177	2025-26	NBB	GABRIEL	PAULISTANO	2025-12-27, CAP vs MOG	2	0	0	0	0	0	0	0	0	0	0	0	0	0	0	0
177	2025-26	NBB	NETO	PAULISTANO	2025-12-27, CAP vs MOG	8	0	0	1	0	1	0	0	4	2	6	0	0	1	1	1
177	2025-26	NBB	HINKLE	MOGI BASQUETE	2025-12-27, CAP vs MOG	28	16	2	3	4	9	0	0	0	0	0	3	1	0	2	0
177	2025-26	NBB	PAULO	MOGI BASQUETE	2025-12-27, CAP vs MOG	30	12	2	6	2	4	2	3	6	3	9	1	0	2	1	0
177	2025-26	NBB	VINI CHAGAS	MOGI BASQUETE	2025-12-27, CAP vs MOG	23	11	5	7	0	2	1	2	3	2	5	0	0	1	3	3
177	2025-26	NBB	RUIVO	MOGI BASQUETE	2025-12-27, CAP vs MOG	28	9	0	2	3	9	0	0	2	0	2	6	1	0	2	2
177	2025-26	NBB	ANDERSON	MOGI BASQUETE	2025-12-27, CAP vs MOG	25	6	0	2	2	5	0	0	9	2	11	1	0	0	2	3
177	2025-26	NBB	GABRIEL CAMPOS	MOGI BASQUETE	2025-12-27, CAP vs MOG	15	6	1	4	1	4	1	2	1	0	1	2	2	0	2	1
177	2025-26	NBB	DUANE JOHNSON	MOGI BASQUETE	2025-12-27, CAP vs MOG	21	3	0	1	0	2	3	3	1	1	2	0	1	0	1	2
177	2025-26	NBB	DIKEMBE	MOGI BASQUETE	2025-12-27, CAP vs MOG	14	2	1	3	0	0	0	0	7	0	7	0	1	0	4	2
177	2025-26	NBB	MENCA	MOGI BASQUETE	2025-12-27, CAP vs MOG	12	1	0	0	0	1	1	2	1	0	1	2	0	0	0	1
177	2025-26	NBB	CALDEIRA	MOGI BASQUETE	2025-12-27, CAP vs MOG	3	0	0	0	0	0	0	0	0	0	0	0	0	0	1	3
178	2025-26	NBB	BETINHO	PINHEIROS	2025-12-27, PIN vs BOT	24	14	3	4	2	3	2	2	1	0	1	2	0	0	0	2
178	2025-26	NBB	PENHA JR.	PINHEIROS	2025-12-27, PIN vs BOT	24	13	5	6	1	6	0	0	5	0	5	0	0	0	1	0
178	2025-26	NBB	MACIEL	PINHEIROS	2025-12-27, PIN vs BOT	25	11	4	6	0	1	3	6	8	2	10	1	0	0	0	1
178	2025-26	NBB	SLOAN	PINHEIROS	2025-12-27, PIN vs BOT	20	11	4	6	0	3	3	5	1	1	2	7	1	0	2	0
178	2025-26	NBB	DJALO	PINHEIROS	2025-12-27, PIN vs BOT	25	9	0	0	3	7	0	0	5	0	5	3	2	1	0	1
178	2025-26	NBB	PACHECO	PINHEIROS	2025-12-27, PIN vs BOT	20	5	2	6	0	1	1	2	1	0	1	4	2	0	4	3
178	2025-26	NBB	GREGATE	PINHEIROS	2025-12-27, PIN vs BOT	22	4	2	3	0	2	0	0	2	3	5	4	2	0	2	3
178	2025-26	NBB	AFONSO	PINHEIROS	2025-12-27, PIN vs BOT	5	4	2	4	0	0	0	0	0	0	0	0	0	0	1	3
178	2025-26	NBB	PASTRE	PINHEIROS	2025-12-27, PIN vs BOT	24	4	1	1	0	2	2	2	7	1	8	0	1	0	0	2
178	2025-26	NBB	AGAPY	PINHEIROS	2025-12-27, PIN vs BOT	9	2	0	0	0	0	2	2	1	2	3	0	0	1	1	2
178	2025-26	NBB	BRAYAN	PINHEIROS	2025-12-27, PIN vs BOT	2	0	0	1	0	0	0	0	1	0	1	0	0	0	0	0
178	2025-26	NBB	SCHEUER	BOTAFOGO	2025-12-27, PIN vs BOT	28	17	7	11	1	2	0	1	4	4	8	2	3	0	3	3
178	2025-26	NBB	EMANUEL	BOTAFOGO	2025-12-27, PIN vs BOT	35	13	2	5	3	9	0	0	6	2	8	0	1	1	1	3
178	2025-26	NBB	LUCAS	BOTAFOGO	2025-12-27, PIN vs BOT	19	8	1	2	2	6	0	0	1	1	2	1	0	0	1	2
178	2025-26	NBB	LELE	BOTAFOGO	2025-12-27, PIN vs BOT	28	7	2	6	1	4	0	0	1	2	3	2	0	0	1	1
178	2025-26	NBB	PAULINO	BOTAFOGO	2025-12-27, PIN vs BOT	23	6	1	4	0	1	4	4	4	2	6	0	0	0	3	1
178	2025-26	NBB	MATHEUSINHO	BOTAFOGO	2025-12-27, PIN vs BOT	36	6	2	12	0	4	2	2	5	0	5	7	0	2	3	2
178	2025-26	NBB	ALEF	BOTAFOGO	2025-12-27, PIN vs BOT	14	4	0	3	0	0	4	4	1	2	3	1	1	0	1	2
178	2025-26	NBB	DANIEL	BOTAFOGO	2025-12-27, PIN vs BOT	11	3	0	1	1	2	0	0	1	0	1	0	0	0	0	1
178	2025-26	NBB	JHONATAN	BOTAFOGO	2025-12-27, PIN vs BOT	6	0	0	0	0	0	0	0	1	0	1	0	0	0	0	3
179	2025-26	NBB	ADYEL	MR. MOO SAO JOSE BASKETBALL	2025-12-27, SJO vs UCO	38	18	1	7	2	9	10	11	6	0	6	5	4	0	4	1
179	2025-26	NBB	DOS SANTOS	MR. MOO SAO JOSE BASKETBALL	2025-12-27, SJO vs UCO	24	15	4	9	2	7	1	2	2	2	4	1	0	1	3	4
179	2025-26	NBB	ANDERSON	MR. MOO SAO JOSE BASKETBALL	2025-12-27, SJO vs UCO	22	12	5	6	0	0	2	2	5	5	10	0	2	0	0	2
179	2025-26	NBB	LEO CRAVERO	MR. MOO SAO JOSE BASKETBALL	2025-12-27, SJO vs UCO	19	11	2	3	2	5	1	1	1	1	2	0	1	0	1	1
179	2025-26	NBB	MAIQUE	MR. MOO SAO JOSE BASKETBALL	2025-12-27, SJO vs UCO	18	10	4	4	0	0	2	3	2	3	5	0	0	1	0	2
179	2025-26	NBB	CAUE	MR. MOO SAO JOSE BASKETBALL	2025-12-27, SJO vs UCO	25	10	2	3	2	3	0	0	1	0	1	6	0	0	0	4
179	2025-26	NBB	MILLER	MR. MOO SAO JOSE BASKETBALL	2025-12-27, SJO vs UCO	35	10	1	3	2	7	2	2	4	0	4	4	2	0	0	1
179	2025-26	NBB	LESSA	MR. MOO SAO JOSE BASKETBALL	2025-12-27, SJO vs UCO	14	3	0	1	1	1	0	0	0	0	0	1	2	0	1	3
179	2025-26	NBB	NICKEL	MR. MOO SAO JOSE BASKETBALL	2025-12-27, SJO vs UCO	5	0	0	2	0	0	0	0	0	0	0	1	0	0	0	2
179	2025-26	NBB	HOLLOWELL	CEISC/UNIAO CORINTHIANS	2025-12-27, SJO vs UCO	38	23	5	14	3	5	4	5	11	3	14	1	0	1	3	4
179	2025-26	NBB	SCOTT	CEISC/UNIAO CORINTHIANS	2025-12-27, SJO vs UCO	31	23	9	16	1	1	2	3	3	2	5	3	3	0	4	3
179	2025-26	NBB	BARNES	CEISC/UNIAO CORINTHIANS	2025-12-27, SJO vs UCO	39	19	2	3	4	7	3	3	3	0	3	7	0	0	3	1
179	2025-26	NBB	VERISSIMO	CEISC/UNIAO CORINTHIANS	2025-12-27, SJO vs UCO	30	11	1	2	2	3	3	4	3	1	4	0	0	1	1	5
179	2025-26	NBB	GOES	CEISC/UNIAO CORINTHIANS	2025-12-27, SJO vs UCO	29	6	1	2	1	3	1	2	4	0	4	5	1	0	2	1
179	2025-26	NBB	ISAAC	CEISC/UNIAO CORINTHIANS	2025-12-27, SJO vs UCO	16	5	1	1	0	3	3	4	2	0	2	0	2	0	2	1
179	2025-26	NBB	GUYTON	CEISC/UNIAO CORINTHIANS	2025-12-27, SJO vs UCO	13	0	0	0	0	1	0	0	1	0	1	0	0	0	1	2
179	2025-26	NBB	BRANDAO	CEISC/UNIAO CORINTHIANS	2025-12-27, SJO vs UCO	4	0	0	0	0	0	0	0	0	0	0	0	0	0	0	2
180	2025-26	NBB	SERJAO	VASCO DA GAMA	2025-12-27, VAS vs FLA	40	26	11	13	0	3	4	4	4	2	6	3	1	1	2	2
180	2025-26	NBB	ALE	VASCO DA GAMA	2025-12-27, VAS vs FLA	35	20	1	4	3	6	9	15	6	1	7	6	1	0	2	3
180	2025-26	NBB	ELIAS	VASCO DA GAMA	2025-12-27, VAS vs FLA	34	11	3	5	1	4	2	7	2	2	4	3	2	1	2	2
180	2025-26	NBB	MAGNA	VASCO DA GAMA	2025-12-27, VAS vs FLA	18	8	2	4	1	4	1	1	2	1	3	2	1	1	0	0
180	2025-26	NBB	G. BASILIO	VASCO DA GAMA	2025-12-27, VAS vs FLA	25	5	0	1	1	5	2	3	1	0	1	3	0	0	2	3
180	2025-26	NBB	MATHIAS	VASCO DA GAMA	2025-12-27, VAS vs FLA	18	4	2	2	0	0	0	0	3	2	5	0	0	0	2	4
180	2025-26	NBB	PEDRO NUNES	VASCO DA GAMA	2025-12-27, VAS vs FLA	15	3	0	1	1	4	0	0	4	0	4	2	0	0	1	1
180	2025-26	NBB	ZIBECCHI	VASCO DA GAMA	2025-12-27, VAS vs FLA	5	3	0	0	1	1	0	0	0	0	0	1	0	0	0	1
180	2025-26	NBB	JUAN	VASCO DA GAMA	2025-12-27, VAS vs FLA	6	0	0	0	0	1	0	0	0	0	0	0	0	0	1	1
180	2025-26	NBB	HONORATO	VASCO DA GAMA	2025-12-27, VAS vs FLA	5	0	0	0	0	0	0	0	0	0	0	0	0	0	0	1
180	2025-26	NBB	NEGRETE	FLAMENGO	2025-12-27, VAS vs FLA	29	16	2	4	2	3	6	6	7	0	7	5	1	0	1	4
180	2025-26	NBB	KAYO	FLAMENGO	2025-12-27, VAS vs FLA	24	15	1	2	4	8	1	1	2	2	4	0	0	0	1	1
180	2025-26	NBB	BARALLE	FLAMENGO	2025-12-27, VAS vs FLA	27	15	1	1	3	7	4	4	0	1	1	4	1	0	1	2
180	2025-26	NBB	GUEIROS	FLAMENGO	2025-12-27, VAS vs FLA	7	13	2	2	2	5	3	4	0	0	0	0	0	0	2	1
180	2025-26	NBB	GUI	FLAMENGO	2025-12-27, VAS vs FLA	21	12	0	0	4	8	0	0	1	0	1	3	1	0	0	2
180	2025-26	NBB	CUMMINGS	FLAMENGO	2025-12-27, VAS vs FLA	26	9	3	4	1	2	0	0	5	0	5	3	2	0	4	2
180	2025-26	NBB	JHONATAN	FLAMENGO	2025-12-27, VAS vs FLA	16	7	2	2	1	3	0	0	2	0	2	1	1	0	1	3
180	2025-26	NBB	MANEL	FLAMENGO	2025-12-27, VAS vs FLA	9	6	3	3	0	0	0	0	2	0	2	1	0	0	0	3
180	2025-26	NBB	JOHNSON SR.	FLAMENGO	2025-12-27, VAS vs FLA	28	5	0	4	1	4	2	2	5	1	6	9	1	0	0	2
180	2025-26	NBB	DORIA	FLAMENGO	2025-12-27, VAS vs FLA	9	2	0	1	0	0	2	2	0	2	2	0	0	0	1	1
180	2025-26	NBB	V. CAUA	FLAMENGO	2025-12-27, VAS vs FLA	4	2	1	2	0	0	0	0	0	0	0	0	0	0	0	2
181	2025-26	NBB	SIFONTES	UNIFACISA	2025-12-27, UFC vs CRU	27	26	7	10	1	1	9	11	2	1	3	3	4	1	1	3
181	2025-26	NBB	COELHO	UNIFACISA	2025-12-27, UFC vs CRU	27	16	3	5	2	3	4	5	2	1	3	3	3	0	3	2
181	2025-26	NBB	ANTONIO	UNIFACISA	2025-12-27, UFC vs CRU	32	11	2	4	1	4	4	4	3	1	4	3	2	0	1	2
181	2025-26	NBB	JOAO PAULO	UNIFACISA	2025-12-27, UFC vs CRU	18	8	3	5	0	0	2	2	4	0	4	2	0	1	3	3
181	2025-26	NBB	MELVIN	UNIFACISA	2025-12-27, UFC vs CRU	23	7	2	4	1	4	0	0	2	1	3	5	1	0	0	3
181	2025-26	NBB	THYGESEN	UNIFACISA	2025-12-27, UFC vs CRU	19	6	2	5	0	5	2	2	2	0	2	3	0	0	0	2
181	2025-26	NBB	CARR	UNIFACISA	2025-12-27, UFC vs CRU	14	4	2	4	0	0	0	1	1	2	3	0	1	0	1	2
181	2025-26	NBB	JIMMY	UNIFACISA	2025-12-27, UFC vs CRU	31	4	2	2	0	3	0	0	5	2	7	2	1	0	3	4
181	2025-26	NBB	LEAL	UNIFACISA	2025-12-27, UFC vs CRU	7	3	1	2	0	0	1	1	1	0	1	0	0	0	1	3
181	2025-26	NBB	FLORES	UNIFACISA	2025-12-27, UFC vs CRU	3	0	0	0	0	0	0	0	0	0	0	1	0	0	0	1
181	2025-26	NBB	DA SILVA	CRUZEIRO BASQUETE	2025-12-27, UFC vs CRU	32	20	8	13	0	0	4	7	5	4	9	3	1	0	3	3
181	2025-26	NBB	ANSALONI	CRUZEIRO BASQUETE	2025-12-27, UFC vs CRU	22	10	3	4	1	2	1	2	2	2	4	0	0	0	1	2
181	2025-26	NBB	SENA	CRUZEIRO BASQUETE	2025-12-27, UFC vs CRU	11	8	3	3	0	0	2	2	0	0	0	0	0	0	0	4
181	2025-26	NBB	CLAY	CRUZEIRO BASQUETE	2025-12-27, UFC vs CRU	25	8	4	9	0	2	0	0	3	1	4	3	0	0	1	1
181	2025-26	NBB	I. THORNTON	CRUZEIRO BASQUETE	2025-12-27, UFC vs CRU	31	8	1	4	2	7	0	0	1	2	3	2	1	0	0	4
181	2025-26	NBB	LEO ABREU	CRUZEIRO BASQUETE	2025-12-27, UFC vs CRU	10	6	2	2	0	1	2	3	1	3	4	1	0	0	0	1
181	2025-26	NBB	GITTENS	CRUZEIRO BASQUETE	2025-12-27, UFC vs CRU	30	5	1	2	0	5	3	6	3	1	4	6	3	0	6	4
181	2025-26	NBB	NIQUE COLEMAN	CRUZEIRO BASQUETE	2025-12-27, UFC vs CRU	13	4	0	2	1	1	1	2	2	0	2	0	0	0	2	1
181	2025-26	NBB	JJ	CRUZEIRO BASQUETE	2025-12-27, UFC vs CRU	14	4	0	4	1	2	1	2	1	3	4	1	0	0	1	1
181	2025-26	NBB	CASSIANO	CRUZEIRO BASQUETE	2025-12-27, UFC vs CRU	13	4	1	1	0	1	2	2	2	0	2	3	0	0	1	2
182	2025-26	NBB	GEORGINHO	SESI FRANCA	2025-12-29, FRA vs RCB	28	21	4	7	3	5	4	5	5	2	7	3	2	1	3	1
182	2025-26	NBB	BENNETT	SESI FRANCA	2025-12-29, FRA vs RCB	16	12	3	3	1	2	3	3	1	0	1	0	0	0	2	1
182	2025-26	NBB	DAVID JACKSON	SESI FRANCA	2025-12-29, FRA vs RCB	28	10	1	6	1	2	5	6	4	1	5	8	1	0	1	1
182	2025-26	NBB	ZU JR.	SESI FRANCA	2025-12-29, FRA vs RCB	21	9	3	6	1	3	0	0	3	0	3	1	0	0	1	0
182	2025-26	NBB	RODRIGUEZ	SESI FRANCA	2025-12-29, FRA vs RCB	21	8	3	7	0	1	2	2	4	1	5	0	0	0	0	2
182	2025-26	NBB	MINEIRO	SESI FRANCA	2025-12-29, FRA vs RCB	24	8	1	2	2	3	0	2	3	0	3	1	2	0	1	4
182	2025-26	NBB	LUCAS DIAS	SESI FRANCA	2025-12-29, FRA vs RCB	29	5	1	4	1	3	0	0	1	1	2	2	2	0	0	2
182	2025-26	NBB	FELICIO	SESI FRANCA	2025-12-29, FRA vs RCB	16	4	2	5	0	0	0	0	3	2	5	1	1	0	2	1
182	2025-26	NBB	LATERZA	SESI FRANCA	2025-12-29, FRA vs RCB	17	3	0	0	1	1	0	0	1	0	1	1	0	0	5	1
182	2025-26	NBB	VITOR	CONTA SIMPLES RIO CLARO	2025-12-29, FRA vs RCB	28	28	4	8	6	9	2	2	2	1	3	0	1	0	2	3
182	2025-26	NBB	OWENS	CONTA SIMPLES RIO CLARO	2025-12-29, FRA vs RCB	23	17	6	11	0	1	5	5	4	3	7	1	0	0	0	1
182	2025-26	NBB	DOS ANJOS	CONTA SIMPLES RIO CLARO	2025-12-29, FRA vs RCB	24	9	2	3	1	1	2	2	6	1	7	1	1	1	3	4
182	2025-26	NBB	MURILO	CONTA SIMPLES RIO CLARO	2025-12-29, FRA vs RCB	25	9	1	6	1	2	4	7	3	3	6	2	0	1	3	0
182	2025-26	NBB	AKIN	CONTA SIMPLES RIO CLARO	2025-12-29, FRA vs RCB	24	5	1	3	1	3	0	0	0	0	0	6	2	0	2	1
182	2025-26	NBB	BONFIM	CONTA SIMPLES RIO CLARO	2025-12-29, FRA vs RCB	17	4	2	4	0	0	0	0	0	2	2	1	3	1	1	2
182	2025-26	NBB	SCOTT	CONTA SIMPLES RIO CLARO	2025-12-29, FRA vs RCB	20	2	1	6	0	0	0	0	3	0	3	1	1	0	1	5
182	2025-26	NBB	CAIOKA	CONTA SIMPLES RIO CLARO	2025-12-29, FRA vs RCB	8	0	0	2	0	0	0	0	0	0	0	1	0	0	1	1
182	2025-26	NBB	COSTA	CONTA SIMPLES RIO CLARO	2025-12-29, FRA vs RCB	28	0	0	1	0	3	0	0	2	0	2	4	1	0	3	3
182	2025-26	NBB	PASTOR	CONTA SIMPLES RIO CLARO	2025-12-29, FRA vs RCB	3	0	0	0	0	0	0	0	0	0	0	0	0	0	0	2
183	2025-26	NBB	DUPREE	FORTALEZA BASQUETE CEARENSE	2025-12-29, FOR vs CRU	32	26	2	2	6	10	4	4	2	1	3	5	1	0	2	4
183	2025-26	NBB	GABRIEL	FORTALEZA BASQUETE CEARENSE	2025-12-29, FOR vs CRU	29	18	2	3	4	9	2	6	3	0	3	1	0	1	4	4
183	2025-26	NBB	POPOVIC	FORTALEZA BASQUETE CEARENSE	2025-12-29, FOR vs CRU	40	15	2	8	2	4	5	5	7	0	7	3	0	0	1	2
183	2025-26	NBB	SALSAMENDI	FORTALEZA BASQUETE CEARENSE	2025-12-29, FOR vs CRU	36	11	2	10	1	2	4	4	5	2	7	2	4	1	3	5
183	2025-26	NBB	ALBERTON	FORTALEZA BASQUETE CEARENSE	2025-12-29, FOR vs CRU	22	6	3	6	0	0	0	0	5	2	7	0	1	0	1	1
183	2025-26	NBB	SAMUEL	FORTALEZA BASQUETE CEARENSE	2025-12-29, FOR vs CRU	3	2	1	1	0	0	0	0	0	1	1	0	0	0	0	2
183	2025-26	NBB	AUGUSTO VIEIRA	FORTALEZA BASQUETE CEARENSE	2025-12-29, FOR vs CRU	8	0	0	1	0	0	0	0	2	0	2	0	0	0	2	2
183	2025-26	NBB	GOHLKE	FORTALEZA BASQUETE CEARENSE	2025-12-29, FOR vs CRU	10	0	0	0	0	1	0	0	0	0	0	0	1	0	0	0
183	2025-26	NBB	JEANZINHO	FORTALEZA BASQUETE CEARENSE	2025-12-29, FOR vs CRU	19	0	0	2	0	4	0	0	2	0	2	7	2	0	2	2
183	2025-26	NBB	I. THORNTON	CRUZEIRO BASQUETE	2025-12-29, FOR vs CRU	33	20	2	4	3	7	7	8	0	1	1	2	0	1	1	3
183	2025-26	NBB	NIQUE COLEMAN	CRUZEIRO BASQUETE	2025-12-29, FOR vs CRU	20	18	3	7	3	8	3	5	2	1	3	2	0	0	2	1
183	2025-26	NBB	JJ	CRUZEIRO BASQUETE	2025-12-29, FOR vs CRU	28	18	1	3	4	6	4	5	1	1	2	1	2	1	2	2
183	2025-26	NBB	DA SILVA	CRUZEIRO BASQUETE	2025-12-29, FOR vs CRU	24	13	5	9	0	0	3	3	6	3	9	2	2	0	2	2
183	2025-26	NBB	ANSALONI	CRUZEIRO BASQUETE	2025-12-29, FOR vs CRU	25	9	3	6	0	1	3	6	8	1	9	1	2	1	1	2
183	2025-26	NBB	LEO ABREU	CRUZEIRO BASQUETE	2025-12-29, FOR vs CRU	28	6	3	4	0	0	0	0	7	2	9	6	0	0	3	1
183	2025-26	NBB	SENA	CRUZEIRO BASQUETE	2025-12-29, FOR vs CRU	7	2	1	1	0	0	0	0	0	0	0	0	0	0	0	1
183	2025-26	NBB	CLAY	CRUZEIRO BASQUETE	2025-12-29, FOR vs CRU	13	0	0	1	0	1	0	0	1	0	1	0	0	0	1	1
183	2025-26	NBB	CASSIANO	CRUZEIRO BASQUETE	2025-12-29, FOR vs CRU	8	0	0	4	0	0	0	0	0	1	1	1	0	0	1	1
183	2025-26	NBB	GITTENS	CRUZEIRO BASQUETE	2025-12-29, FOR vs CRU	12	0	0	1	0	0	0	0	1	0	1	1	0	0	1	3
184	2025-26	NBB	EUGENIUSZ	BAURU BASKET	2025-12-29, BAU vs BRA	21	13	3	6	0	2	7	10	2	0	2	2	3	0	1	4
184	2025-26	NBB	ALEX	BAURU BASKET	2025-12-29, BAU vs BRA	33	12	4	7	1	6	1	3	3	3	6	3	2	0	2	2
184	2025-26	NBB	BRITE	BAURU BASKET	2025-12-29, BAU vs BRA	30	9	3	6	1	6	0	0	3	0	3	2	6	0	5	4
184	2025-26	NBB	ANDREZAO	BAURU BASKET	2025-12-29, BAU vs BRA	26	9	4	7	0	0	1	4	3	4	7	1	1	1	4	1
184	2025-26	NBB	MATERAN	BAURU BASKET	2025-12-29, BAU vs BRA	22	8	0	4	2	6	2	4	2	0	2	1	1	0	0	2
184	2025-26	NBB	PEDRO	BAURU BASKET	2025-12-29, BAU vs BRA	20	8	3	4	0	1	2	3	1	1	2	1	0	0	0	2
184	2025-26	NBB	GEMERSON	BAURU BASKET	2025-12-29, BAU vs BRA	17	4	2	2	0	3	0	0	1	1	2	1	0	0	0	1
184	2025-26	NBB	GUSTAVO	BAURU BASKET	2025-12-29, BAU vs BRA	16	3	0	1	1	2	0	0	2	1	3	2	1	1	0	0
184	2025-26	NBB	VITHINHO	BAURU BASKET	2025-12-29, BAU vs BRA	14	0	0	0	0	1	0	0	3	1	4	1	0	0	0	3
184	2025-26	NBB	MOREIRA	BAURU BASKET	2025-12-29, BAU vs BRA	2	0	0	0	0	0	0	0	0	0	0	0	0	0	0	0
184	2025-26	NBB	CORVALAN	CAIXA/BRASILIA	2025-12-29, BAU vs BRA	31	15	0	2	3	7	6	8	2	0	2	5	0	0	3	4
184	2025-26	NBB	CRESCENZI	CAIXA/BRASILIA	2025-12-29, BAU vs BRA	22	11	1	1	3	4	0	0	3	1	4	2	1	0	5	3
184	2025-26	NBB	PEDRO	CAIXA/BRASILIA	2025-12-29, BAU vs BRA	36	10	1	1	1	6	5	5	2	0	2	2	1	0	4	3
184	2025-26	NBB	VON HAYDIN	CAIXA/BRASILIA	2025-12-29, BAU vs BRA	27	9	3	5	1	3	0	0	5	1	6	2	0	0	2	3
184	2025-26	NBB	BUIU	CAIXA/BRASILIA	2025-12-29, BAU vs BRA	14	9	1	1	2	4	1	2	3	0	3	0	0	1	3	2
184	2025-26	NBB	BRUNAO	CAIXA/BRASILIA	2025-12-29, BAU vs BRA	23	9	3	7	0	1	3	4	6	1	7	2	2	1	1	3
184	2025-26	NBB	PAULICHI	CAIXA/BRASILIA	2025-12-29, BAU vs BRA	21	5	1	2	1	1	0	2	3	2	5	0	2	0	3	3
184	2025-26	NBB	CARBONARI	CAIXA/BRASILIA	2025-12-29, BAU vs BRA	12	2	1	2	0	1	0	0	3	0	3	0	1	0	1	1
184	2025-26	NBB	LUCAS	CAIXA/BRASILIA	2025-12-29, BAU vs BRA	15	1	0	0	0	2	1	1	0	0	0	2	1	0	0	0
186	2025-26	NBB	HARRIS	BASKET OSASCO	2025-12-29, OSA vs SJO	36	25	5	10	3	8	6	7	5	6	11	3	0	2	5	2
186	2025-26	NBB	MALACHIAS	BASKET OSASCO	2025-12-29, OSA vs SJO	31	19	7	10	1	7	2	5	8	1	9	1	0	0	0	1
186	2025-26	NBB	DALAQUA	BASKET OSASCO	2025-12-29, OSA vs SJO	22	11	2	9	2	5	1	1	1	2	3	1	1	0	0	3
186	2025-26	NBB	TAREK	BASKET OSASCO	2025-12-29, OSA vs SJO	24	7	2	4	1	3	0	0	2	3	5	1	0	1	0	2
186	2025-26	NBB	MANAUS	BASKET OSASCO	2025-12-29, OSA vs SJO	21	5	1	3	1	2	0	0	1	3	4	2	0	2	1	1
186	2025-26	NBB	WEBER	BASKET OSASCO	2025-12-29, OSA vs SJO	20	3	0	3	1	2	0	0	1	0	1	1	2	0	3	1
186	2025-26	NBB	LEONI	BASKET OSASCO	2025-12-29, OSA vs SJO	20	2	1	4	0	2	0	0	0	0	0	1	0	1	1	0
186	2025-26	NBB	PASSOS	BASKET OSASCO	2025-12-29, OSA vs SJO	26	1	0	1	0	0	1	2	4	2	6	2	1	1	1	3
186	2025-26	NBB	DOS SANTOS	MR. MOO SAO JOSE BASKETBALL	2025-12-29, OSA vs SJO	25	18	7	10	0	5	4	5	5	3	8	3	2	0	2	3
186	2025-26	NBB	MILLER	MR. MOO SAO JOSE BASKETBALL	2025-12-29, OSA vs SJO	32	16	2	2	4	7	0	0	3	2	5	1	3	0	0	2
186	2025-26	NBB	MAIQUE	MR. MOO SAO JOSE BASKETBALL	2025-12-29, OSA vs SJO	20	13	2	4	3	5	0	0	2	1	3	1	0	1	0	2
186	2025-26	NBB	ADYEL	MR. MOO SAO JOSE BASKETBALL	2025-12-29, OSA vs SJO	27	11	1	1	3	9	0	0	5	0	5	3	0	1	4	3
186	2025-26	NBB	CAUE	MR. MOO SAO JOSE BASKETBALL	2025-12-29, OSA vs SJO	23	10	0	0	3	5	1	2	0	1	1	9	1	0	0	1
186	2025-26	NBB	LEO CRAVERO	MR. MOO SAO JOSE BASKETBALL	2025-12-29, OSA vs SJO	16	7	3	4	0	0	1	3	5	0	5	1	1	0	0	1
186	2025-26	NBB	ANDERSON	MR. MOO SAO JOSE BASKETBALL	2025-12-29, OSA vs SJO	20	6	2	5	0	0	2	3	2	2	4	0	0	0	0	1
186	2025-26	NBB	NICKEL	MR. MOO SAO JOSE BASKETBALL	2025-12-29, OSA vs SJO	10	5	2	4	0	0	1	1	1	0	1	2	0	0	1	1
186	2025-26	NBB	LESSA	MR. MOO SAO JOSE BASKETBALL	2025-12-29, OSA vs SJO	23	4	1	7	0	2	2	2	3	0	3	3	0	0	2	3
186	2025-26	NBB	PESSOA	MR. MOO SAO JOSE BASKETBALL	2025-12-29, OSA vs SJO	4	2	1	1	0	0	0	0	1	0	1	0	0	0	0	0
187	2025-26	NBB	MELVIN	UNIFACISA	2025-12-29, ISA vs KTO	33	24	5	9	3	8	5	5	3	2	5	4	1	0	3	0
187	2025-26	NBB	SIFONTES	UNIFACISA	2025-12-29, ISA vs KTO	30	19	4	5	1	4	8	11	3	1	4	2	1	0	1	2
187	2025-26	NBB	ANTONIO	UNIFACISA	2025-12-29, ISA vs KTO	36	15	5	7	1	7	2	5	6	0	6	2	0	2	0	2
187	2025-26	NBB	JOAO PAULO	UNIFACISA	2025-12-29, ISA vs KTO	28	13	6	11	0	1	1	1	6	6	12	2	1	3	1	4
187	2025-26	NBB	THYGESEN	UNIFACISA	2025-12-29, ISA vs KTO	26	11	4	9	1	3	0	0	3	0	3	5	1	0	1	4
187	2025-26	NBB	CARR	UNIFACISA	2025-12-29, ISA vs KTO	22	9	3	5	1	4	0	0	4	2	6	3	0	0	1	1
187	2025-26	NBB	JIMMY	UNIFACISA	2025-12-29, ISA vs KTO	42	9	2	5	1	2	2	2	2	0	2	5	2	0	2	4
187	2025-26	NBB	FLORES	UNIFACISA	2025-12-29, ISA vs KTO	3	2	0	0	0	0	2	2	1	1	2	0	0	1	0	2
187	2025-26	NBB	LEAL	UNIFACISA	2025-12-29, ISA vs KTO	5	0	0	3	0	0	0	0	0	0	0	0	0	0	1	2
187	2025-26	NBB	MELVIN	KTO MINAS	2025-12-29, ISA vs KTO	5	7	3	3	0	1	1	1	0	0	0	0	0	0	0	0
187	2025-26	NBB	THYGESEN	KTO MINAS	2025-12-29, ISA vs KTO	5	2	1	2	0	1	0	0	1	0	1	2	0	0	0	0
187	2025-26	NBB	SIFONTES	KTO MINAS	2025-12-29, ISA vs KTO	1	2	0	0	0	0	2	2	0	0	0	0	0	0	0	1
187	2025-26	NBB	JIMMY	KTO MINAS	2025-12-29, ISA vs KTO	5	0	0	0	0	0	0	0	0	0	0	0	0	0	0	1
187	2025-26	NBB	JOAO PAULO	KTO MINAS	2025-12-29, ISA vs KTO	5	0	0	1	0	0	0	0	1	0	1	0	0	1	0	1
187	2025-26	NBB	ANTONIO	KTO MINAS	2025-12-29, ISA vs KTO	5	0	0	0	0	2	0	0	1	0	1	0	0	0	0	0
188	2025-26	NBB	HINKLE	MOGI BASQUETE	2025-12-29, MOG vs CAX	24	16	4	8	2	7	2	2	2	0	2	0	1	0	0	2
188	2025-26	NBB	GABRIEL CAMPOS	MOGI BASQUETE	2025-12-29, MOG vs CAX	26	15	4	4	2	8	1	2	3	3	6	3	2	1	1	3
188	2025-26	NBB	RUIVO	MOGI BASQUETE	2025-12-29, MOG vs CAX	28	13	2	4	2	5	3	4	1	1	2	4	0	0	3	0
188	2025-26	NBB	PAULO	MOGI BASQUETE	2025-12-29, MOG vs CAX	32	11	1	4	3	6	0	2	4	4	8	2	0	1	3	2
188	2025-26	NBB	ANDERSON	MOGI BASQUETE	2025-12-29, MOG vs CAX	32	9	3	3	1	3	0	0	8	3	11	1	2	0	0	5
188	2025-26	NBB	DUANE JOHNSON	MOGI BASQUETE	2025-12-29, MOG vs CAX	21	5	1	3	1	4	0	0	3	0	3	2	0	1	2	3
188	2025-26	NBB	VINI CHAGAS	MOGI BASQUETE	2025-12-29, MOG vs CAX	25	2	1	2	0	2	0	2	1	1	2	3	2	0	1	3
188	2025-26	NBB	DIKEMBE	MOGI BASQUETE	2025-12-29, MOG vs CAX	4	0	0	1	0	0	0	0	0	0	0	0	0	0	0	1
188	2025-26	NBB	CALDEIRA	MOGI BASQUETE	2025-12-29, MOG vs CAX	3	0	0	0	0	0	0	0	0	1	1	0	0	0	1	0
188	2025-26	NBB	VITORIANO	MOGI BASQUETE	2025-12-29, MOG vs CAX	1	0	0	0	0	0	0	0	0	0	0	0	0	0	0	0
188	2025-26	NBB	BARRY	MOGI BASQUETE	2025-12-29, MOG vs CAX	3	0	0	0	0	0	0	0	1	0	1	0	0	1	0	1
188	2025-26	NBB	SHAMELL	CAXIAS DO SUL BASQUETE	2025-12-29, MOG vs CAX	35	14	3	5	1	5	5	7	3	1	4	2	0	1	4	2
188	2025-26	NBB	RAFA	CAXIAS DO SUL BASQUETE	2025-12-29, MOG vs CAX	24	11	1	2	3	5	0	2	3	0	3	0	2	0	0	3
188	2025-26	NBB	FABRIZZIO	CAXIAS DO SUL BASQUETE	2025-12-29, MOG vs CAX	24	11	4	8	0	0	3	3	6	2	8	1	0	0	2	4
188	2025-26	NBB	HUMBERTO	CAXIAS DO SUL BASQUETE	2025-12-29, MOG vs CAX	36	6	1	4	0	1	4	6	6	0	6	3	1	0	6	2
188	2025-26	NBB	VEZARO	CAXIAS DO SUL BASQUETE	2025-12-29, MOG vs CAX	29	6	3	4	0	1	0	0	0	0	0	3	1	0	0	1
188	2025-26	NBB	AUGUSTO	CAXIAS DO SUL BASQUETE	2025-12-29, MOG vs CAX	16	4	1	3	0	4	2	2	2	0	2	0	0	0	1	1
188	2025-26	NBB	TOM	CAXIAS DO SUL BASQUETE	2025-12-29, MOG vs CAX	17	4	1	2	0	0	2	4	1	0	1	0	2	0	1	2
188	2025-26	NBB	OMENA	CAXIAS DO SUL BASQUETE	2025-12-29, MOG vs CAX	12	0	0	0	0	2	0	0	1	0	1	0	0	0	1	1
188	2025-26	NBB	TIAGO M.	CAXIAS DO SUL BASQUETE	2025-12-29, MOG vs CAX	1	0	0	0	0	0	0	0	1	0	1	0	0	0	0	0
188	2025-26	NBB	MIGUEL	CAXIAS DO SUL BASQUETE	2025-12-29, MOG vs CAX	8	0	0	0	0	1	0	0	0	1	1	1	0	0	0	3
189	2025-26	NBB	NEGRETE	FLAMENGO	2025-12-29, FLA vs BOT	24	19	6	6	2	3	1	1	5	0	5	5	0	0	1	0
189	2025-26	NBB	KAYO	FLAMENGO	2025-12-29, FLA vs BOT	16	18	0	0	6	11	0	0	2	1	3	0	0	0	1	0
189	2025-26	NBB	JOHNSON SR.	FLAMENGO	2025-12-29, FLA vs BOT	24	17	3	4	2	3	5	7	3	0	3	6	1	0	1	1
189	2025-26	NBB	GUEIROS	FLAMENGO	2025-12-29, FLA vs BOT	14	12	2	3	2	5	2	3	1	0	1	1	1	0	1	3
189	2025-26	NBB	GUI	FLAMENGO	2025-12-29, FLA vs BOT	24	8	2	3	1	6	1	1	4	1	5	1	3	1	1	4
189	2025-26	NBB	BARALLE	FLAMENGO	2025-12-29, FLA vs BOT	15	8	0	0	2	4	2	4	0	1	1	4	0	0	0	1
189	2025-26	NBB	CUMMINGS	FLAMENGO	2025-12-29, FLA vs BOT	24	7	3	5	0	3	1	1	3	1	4	2	0	0	2	1
189	2025-26	NBB	JHONATAN	FLAMENGO	2025-12-29, FLA vs BOT	15	5	1	1	1	3	0	0	2	2	4	1	1	0	0	0
189	2025-26	NBB	DORIA	FLAMENGO	2025-12-29, FLA vs BOT	14	4	2	3	0	0	0	1	3	2	5	1	1	0	0	2
189	2025-26	NBB	MANEL	FLAMENGO	2025-12-29, FLA vs BOT	10	4	2	3	0	1	0	0	3	0	3	0	1	0	0	3
189	2025-26	NBB	V. CAUA	FLAMENGO	2025-12-29, FLA vs BOT	5	1	0	1	0	0	1	2	0	2	2	1	0	0	1	3
189	2025-26	NBB	WESLEY	FLAMENGO	2025-12-29, FLA vs BOT	14	1	0	3	0	0	1	2	1	1	2	2	2	0	2	2
189	2025-26	NBB	MATHEUSINHO	BOTAFOGO	2025-12-29, FLA vs BOT	30	16	4	8	1	3	5	10	7	0	7	6	0	0	6	4
189	2025-26	NBB	SCHEUER	BOTAFOGO	2025-12-29, FLA vs BOT	31	16	6	13	0	0	4	4	3	1	4	0	0	1	4	4
189	2025-26	NBB	EMANUEL	BOTAFOGO	2025-12-29, FLA vs BOT	34	11	1	1	3	10	0	0	4	1	5	3	1	0	4	3
189	2025-26	NBB	LUCAS	BOTAFOGO	2025-12-29, FLA vs BOT	23	10	1	2	2	6	2	2	1	1	2	2	1	1	1	0
189	2025-26	NBB	PAULINO	BOTAFOGO	2025-12-29, FLA vs BOT	28	7	2	4	1	1	0	0	3	0	3	1	1	0	2	2
189	2025-26	NBB	ALEF	BOTAFOGO	2025-12-29, FLA vs BOT	12	7	3	6	0	0	1	2	1	0	1	2	0	0	1	3
189	2025-26	NBB	JHONATAN	BOTAFOGO	2025-12-29, FLA vs BOT	9	4	2	2	0	0	0	0	2	2	4	0	0	2	1	2
189	2025-26	NBB	DANIEL	BOTAFOGO	2025-12-29, FLA vs BOT	6	0	0	0	0	0	0	0	0	1	1	0	0	0	0	1
189	2025-26	NBB	LELE	BOTAFOGO	2025-12-29, FLA vs BOT	20	0	0	1	0	1	0	0	3	0	3	0	0	0	2	3
189	2025-26	NBB	JOAO DAVI	BOTAFOGO	2025-12-29, FLA vs BOT	3	0	0	0	0	0	0	0	0	0	0	0	0	0	0	0
189	2025-26	NBB	KLEBINHO	BOTAFOGO	2025-12-29, FLA vs BOT	5	0	0	0	0	0	0	0	0	0	0	0	0	0	1	2
190	2025-26	NBB	LUCAS CAUE	CORINTHIANS	2025-12-29, COR vs UCO	29	21	9	14	0	0	3	4	2	3	5	1	0	2	3	1
190	2025-26	NBB	ELINHO	CORINTHIANS	2025-12-29, COR vs UCO	32	14	2	2	3	6	1	2	4	0	4	11	2	0	4	1
190	2025-26	NBB	VICTAO	CORINTHIANS	2025-12-29, COR vs UCO	30	14	1	2	4	6	0	0	2	2	4	2	0	0	4	3
190	2025-26	NBB	CLARK	CORINTHIANS	2025-12-29, COR vs UCO	27	12	1	3	3	11	1	1	6	0	6	6	1	0	1	3
190	2025-26	NBB	MUNFORD	CORINTHIANS	2025-12-29, COR vs UCO	19	11	1	2	3	6	0	0	0	1	1	0	0	1	0	1
190	2025-26	NBB	THOMAS	CORINTHIANS	2025-12-29, COR vs UCO	28	6	2	3	0	4	2	3	8	1	9	3	3	0	1	2
190	2025-26	NBB	T. FARIA	CORINTHIANS	2025-12-29, COR vs UCO	13	4	1	2	0	2	2	2	1	0	1	2	0	0	0	3
190	2025-26	NBB	RAYMUNDO	CORINTHIANS	2025-12-29, COR vs UCO	10	4	2	2	0	0	0	1	3	0	3	1	0	1	2	2
190	2025-26	NBB	NOVAES	CORINTHIANS	2025-12-29, COR vs UCO	11	2	1	3	0	0	0	0	2	1	3	0	0	1	0	3
190	2025-26	NBB	SCOTT	CEISC/UNIAO CORINTHIANS	2025-12-29, COR vs UCO	40	29	7	13	4	5	3	4	9	2	11	2	1	0	1	0
190	2025-26	NBB	HOLLOWELL	CEISC/UNIAO CORINTHIANS	2025-12-29, COR vs UCO	38	16	6	12	1	5	1	1	4	1	5	4	2	1	1	4
190	2025-26	NBB	VERISSIMO	CEISC/UNIAO CORINTHIANS	2025-12-29, COR vs UCO	30	11	4	6	0	1	3	6	5	3	8	3	1	0	5	3
190	2025-26	NBB	ISAAC	CEISC/UNIAO CORINTHIANS	2025-12-29, COR vs UCO	27	7	2	4	1	3	0	0	3	1	4	5	1	0	0	2
190	2025-26	NBB	BARNES	CEISC/UNIAO CORINTHIANS	2025-12-29, COR vs UCO	38	7	1	7	1	5	2	3	0	0	0	3	2	0	4	3
190	2025-26	NBB	GOES	CEISC/UNIAO CORINTHIANS	2025-12-29, COR vs UCO	24	6	0	1	0	3	6	6	4	0	4	0	2	0	2	4
190	2025-26	NBB	BRANDAO	CEISC/UNIAO CORINTHIANS	2025-12-29, COR vs UCO	4	0	0	1	0	0	0	0	1	0	1	0	0	0	0	1
191	2025-26	NBB	MELVIN	UNIFACISA	2026-01-08, UFC vs FLA	35	34	3	7	8	16	4	4	4	0	4	0	3	0	2	1
191	2025-26	NBB	JIMMY	UNIFACISA	2026-01-08, UFC vs FLA	36	15	4	6	2	3	1	2	5	3	8	2	1	0	1	2
191	2025-26	NBB	SIFONTES	UNIFACISA	2026-01-08, UFC vs FLA	32	12	4	7	1	3	1	3	5	1	6	12	2	0	6	2
191	2025-26	NBB	CARR	UNIFACISA	2026-01-08, UFC vs FLA	23	11	2	6	0	3	7	8	8	3	11	1	1	3	0	2
191	2025-26	NBB	ANTONIO	UNIFACISA	2026-01-08, UFC vs FLA	26	9	0	1	3	4	0	0	0	1	1	1	0	1	2	4
191	2025-26	NBB	JOAO PAULO	UNIFACISA	2026-01-08, UFC vs FLA	17	3	1	3	0	0	1	2	4	0	4	2	1	0	3	3
191	2025-26	NBB	FLORES	UNIFACISA	2026-01-08, UFC vs FLA	12	3	0	0	0	1	3	4	0	1	1	1	0	0	1	2
191	2025-26	NBB	GERSON	UNIFACISA	2026-01-08, UFC vs FLA	11	2	0	3	0	0	2	2	0	0	0	0	0	0	0	1
191	2025-26	NBB	LEAL	UNIFACISA	2026-01-08, UFC vs FLA	6	0	0	1	0	0	0	0	2	0	2	1	0	0	0	0
191	2025-26	NBB	BARALLE	FLAMENGO	2026-01-08, UFC vs FLA	30	26	2	3	7	10	1	2	3	1	4	4	0	0	1	2
191	2025-26	NBB	NEGRETE	FLAMENGO	2026-01-08, UFC vs FLA	31	18	7	13	1	3	1	1	2	1	3	3	1	0	1	1
191	2025-26	NBB	CUMMINGS	FLAMENGO	2026-01-08, UFC vs FLA	33	14	3	5	2	4	2	4	6	1	7	1	2	1	5	4
191	2025-26	NBB	WESLEY	FLAMENGO	2026-01-08, UFC vs FLA	23	8	3	4	0	1	2	3	2	2	4	1	1	2	2	2
191	2025-26	NBB	GUI	FLAMENGO	2026-01-08, UFC vs FLA	26	7	1	3	1	7	2	2	4	0	4	2	1	0	2	3
191	2025-26	NBB	JOHNSON SR.	FLAMENGO	2026-01-08, UFC vs FLA	6	5	1	2	1	1	0	0	0	0	0	0	0	0	0	1
191	2025-26	NBB	JHONATAN	FLAMENGO	2026-01-08, UFC vs FLA	23	5	1	2	1	3	0	0	2	0	2	1	0	0	1	4
191	2025-26	NBB	KAYO	FLAMENGO	2026-01-08, UFC vs FLA	10	3	0	0	1	2	0	0	3	0	3	1	0	0	0	1
191	2025-26	NBB	MANEL	FLAMENGO	2026-01-08, UFC vs FLA	10	2	1	2	0	0	0	0	2	0	2	0	2	0	2	0
191	2025-26	NBB	GUEIROS	FLAMENGO	2026-01-08, UFC vs FLA	4	0	0	0	0	1	0	2	1	0	1	0	0	0	0	0
191	2025-26	NBB	DORIA	FLAMENGO	2026-01-08, UFC vs FLA	5	0	0	1	0	0	0	0	2	1	3	0	1	0	0	1
192	2025-26	NBB	LATERZA	SESI FRANCA	2026-01-08, FRA vs OSA	20	21	1	1	5	6	4	4	4	0	4	2	1	0	1	3
192	2025-26	NBB	RODRIGUEZ	SESI FRANCA	2026-01-08, FRA vs OSA	26	16	4	7	2	4	2	2	1	1	2	2	1	0	1	3
192	2025-26	NBB	LUCAS DIAS	SESI FRANCA	2026-01-08, FRA vs OSA	23	15	2	6	2	5	5	6	5	1	6	4	2	0	1	1
192	2025-26	NBB	ZU JR.	SESI FRANCA	2026-01-08, FRA vs OSA	27	11	4	8	0	2	3	4	4	2	6	2	1	0	1	0
192	2025-26	NBB	BENNETT	SESI FRANCA	2026-01-08, FRA vs OSA	22	10	3	4	1	6	1	2	1	0	1	5	0	0	0	0
192	2025-26	NBB	NICOLINI	SESI FRANCA	2026-01-08, FRA vs OSA	11	9	3	4	1	1	0	0	1	0	1	2	0	0	1	1
192	2025-26	NBB	MINEIRO	SESI FRANCA	2026-01-08, FRA vs OSA	24	7	0	0	2	3	1	2	6	0	6	1	2	0	0	2
192	2025-26	NBB	VINI	SESI FRANCA	2026-01-08, FRA vs OSA	9	5	0	1	1	2	2	2	0	0	0	0	1	0	0	5
192	2025-26	NBB	PIA	SESI FRANCA	2026-01-08, FRA vs OSA	13	4	2	4	0	0	0	2	0	0	0	0	0	1	0	2
192	2025-26	NBB	FELICIO	SESI FRANCA	2026-01-08, FRA vs OSA	22	4	2	3	0	1	0	1	8	2	10	1	1	0	3	3
192	2025-26	NBB	DAVID FERREIRA	SESI FRANCA	2026-01-08, FRA vs OSA	5	2	1	1	0	0	0	0	1	1	2	0	0	0	0	2
192	2025-26	NBB	HARRIS	BASKET OSASCO	2026-01-08, FRA vs OSA	34	30	7	11	2	5	10	10	11	0	11	6	1	0	4	4
192	2025-26	NBB	MALACHIAS	BASKET OSASCO	2026-01-08, FRA vs OSA	30	11	4	5	0	2	3	4	1	0	1	1	0	0	1	2
192	2025-26	NBB	DALAQUA	BASKET OSASCO	2026-01-08, FRA vs OSA	23	8	1	4	2	5	0	0	2	0	2	3	0	0	2	1
192	2025-26	NBB	WEBER	BASKET OSASCO	2026-01-08, FRA vs OSA	22	7	2	7	1	4	0	2	1	3	4	2	2	0	0	1
192	2025-26	NBB	PASSOS	BASKET OSASCO	2026-01-08, FRA vs OSA	30	6	1	1	0	0	4	4	2	0	2	2	0	0	3	2
192	2025-26	NBB	EDDY	BASKET OSASCO	2026-01-08, FRA vs OSA	22	6	0	1	2	7	0	0	1	1	2	0	1	0	2	1
192	2025-26	NBB	TAREK	BASKET OSASCO	2026-01-08, FRA vs OSA	17	6	1	1	1	3	1	2	2	1	3	0	0	0	3	5
192	2025-26	NBB	BRENO	BASKET OSASCO	2026-01-08, FRA vs OSA	12	0	0	1	0	0	0	0	2	1	3	0	0	0	2	2
192	2025-26	NBB	MANAUS	BASKET OSASCO	2026-01-08, FRA vs OSA	8	0	0	3	0	2	0	0	2	0	2	0	0	0	0	0
193	2025-26	NBB	THOMAS	CORINTHIANS	2026-01-08, COR vs MIN	37	20	3	9	4	10	2	2	3	0	3	1	1	1	1	1
193	2025-26	NBB	VICTAO	CORINTHIANS	2026-01-08, COR vs MIN	35	13	2	7	2	5	3	4	2	1	3	1	2	0	2	3
193	2025-26	NBB	MUNFORD	CORINTHIANS	2026-01-08, COR vs MIN	12	11	2	3	1	3	4	6	1	2	3	0	0	0	0	0
193	2025-26	NBB	NOVAES	CORINTHIANS	2026-01-08, COR vs MIN	16	10	4	6	0	1	2	2	1	3	4	0	0	0	2	4
193	2025-26	NBB	ELINHO	CORINTHIANS	2026-01-08, COR vs MIN	35	8	0	1	2	5	2	2	9	2	11	8	0	1	4	2
193	2025-26	NBB	CLARK	CORINTHIANS	2026-01-08, COR vs MIN	32	7	1	5	1	8	2	2	2	1	3	5	1	0	2	1
193	2025-26	NBB	LUCAS CAUE	CORINTHIANS	2026-01-08, COR vs MIN	24	5	2	6	0	1	1	2	9	4	13	0	0	1	2	2
193	2025-26	NBB	T. FARIA	CORINTHIANS	2026-01-08, COR vs MIN	5	0	0	1	0	0	0	0	0	0	0	1	0	0	0	1
193	2025-26	NBB	RAYMUNDO	CORINTHIANS	2026-01-08, COR vs MIN	4	0	0	0	0	0	0	0	0	1	1	2	0	1	1	0
193	2025-26	NBB	YURI	KTO MINAS	2026-01-08, COR vs MIN	19	14	0	1	4	6	2	2	0	3	3	1	1	0	0	2
193	2025-26	NBB	WINI SILVA	KTO MINAS	2026-01-08, COR vs MIN	19	14	5	9	0	1	4	8	4	5	9	1	3	2	2	2
193	2025-26	NBB	PARANHOS	KTO MINAS	2026-01-08, COR vs MIN	20	12	6	14	0	0	0	0	5	6	11	0	0	0	0	2
193	2025-26	NBB	MCCREE	KTO MINAS	2026-01-08, COR vs MIN	21	11	3	5	1	3	2	2	3	3	6	0	0	0	1	1
193	2025-26	NBB	ARENGO	KTO MINAS	2026-01-08, COR vs MIN	24	8	1	3	2	5	0	0	2	0	2	4	2	0	0	1
193	2025-26	NBB	FISCHER	KTO MINAS	2026-01-08, COR vs MIN	22	8	1	1	2	3	0	0	2	0	2	10	1	0	0	2
193	2025-26	NBB	R. RACHEL	KTO MINAS	2026-01-08, COR vs MIN	20	8	2	3	1	7	1	2	0	0	0	1	0	1	0	3
193	2025-26	NBB	RODRIGUEZ	KTO MINAS	2026-01-08, COR vs MIN	19	7	2	5	1	3	0	0	4	1	5	3	0	0	0	0
193	2025-26	NBB	WILLIAMS	KTO MINAS	2026-01-08, COR vs MIN	20	6	1	5	1	6	1	2	3	1	4	1	1	0	4	1
193	2025-26	NBB	FUZARO	KTO MINAS	2026-01-08, COR vs MIN	15	4	2	4	0	2	0	0	5	1	6	3	1	2	0	3
193	2025-26	NBB	CESAR	KTO MINAS	2026-01-08, COR vs MIN	3	0	0	0	0	1	0	0	0	0	0	0	0	0	0	1
194	2025-26	NBB	MAIQUE	MR. MOO SAO JOSE BASKETBALL	2026-01-09, SJO vs CAP	28	21	6	7	2	2	3	4	3	0	3	0	1	1	1	3
194	2025-26	NBB	DOS SANTOS	MR. MOO SAO JOSE BASKETBALL	2026-01-09, SJO vs CAP	21	15	6	11	0	1	3	3	3	0	3	1	0	1	2	3
194	2025-26	NBB	LESSA	MR. MOO SAO JOSE BASKETBALL	2026-01-09, SJO vs CAP	25	12	3	6	2	2	0	0	1	1	2	5	1	0	0	1
194	2025-26	NBB	MILLER	MR. MOO SAO JOSE BASKETBALL	2026-01-09, SJO vs CAP	22	11	2	4	2	4	1	1	1	2	3	1	3	1	0	3
194	2025-26	NBB	ADYEL	MR. MOO SAO JOSE BASKETBALL	2026-01-09, SJO vs CAP	32	10	4	8	0	5	2	4	3	1	4	4	4	0	3	4
194	2025-26	NBB	NICKEL	MR. MOO SAO JOSE BASKETBALL	2026-01-09, SJO vs CAP	22	9	3	5	0	0	3	3	2	1	3	1	0	0	0	1
194	2025-26	NBB	LEO CRAVERO	MR. MOO SAO JOSE BASKETBALL	2026-01-09, SJO vs CAP	22	8	2	6	1	1	1	2	6	1	7	1	1	0	0	2
194	2025-26	NBB	ANDERSON	MR. MOO SAO JOSE BASKETBALL	2026-01-09, SJO vs CAP	9	2	1	4	0	0	0	0	3	1	4	0	0	0	0	2
194	2025-26	NBB	CAUE	MR. MOO SAO JOSE BASKETBALL	2026-01-09, SJO vs CAP	18	0	0	1	0	2	0	0	4	0	4	5	0	0	3	0
194	2025-26	NBB	PESSOA	MR. MOO SAO JOSE BASKETBALL	2026-01-09, SJO vs CAP	2	0	0	0	0	0	0	0	0	0	0	0	0	0	0	0
194	2025-26	NBB	HUNTER	PAULISTANO	2026-01-09, SJO vs CAP	28	23	5	9	3	6	4	8	3	0	3	1	0	0	2	4
194	2025-26	NBB	GUI ABREU	PAULISTANO	2026-01-09, SJO vs CAP	35	20	5	11	2	8	4	5	6	4	10	2	0	1	1	0
194	2025-26	NBB	VITINHO	PAULISTANO	2026-01-09, SJO vs CAP	35	16	1	3	4	7	2	2	3	0	3	2	2	0	4	1
194	2025-26	NBB	SIEWERT	PAULISTANO	2026-01-09, SJO vs CAP	36	15	2	3	1	3	8	9	4	3	7	0	3	0	4	2
194	2025-26	NBB	LEANDRO	PAULISTANO	2026-01-09, SJO vs CAP	17	2	1	3	0	0	0	0	2	1	3	0	1	1	1	2
194	2025-26	NBB	SEIXAS	PAULISTANO	2026-01-09, SJO vs CAP	23	2	1	2	0	4	0	0	1	0	1	2	0	0	1	3
194	2025-26	NBB	TOVAR	PAULISTANO	2026-01-09, SJO vs CAP	7	2	0	1	0	2	2	2	2	1	3	1	0	0	1	5
194	2025-26	NBB	NETO	PAULISTANO	2026-01-09, SJO vs CAP	11	1	0	0	0	0	1	2	3	1	4	1	0	1	2	2
194	2025-26	NBB	GABRIEL	PAULISTANO	2026-01-09, SJO vs CAP	3	0	0	1	0	0	0	0	0	0	0	0	0	0	0	0
194	2025-26	NBB	PIETRO	PAULISTANO	2026-01-09, SJO vs CAP	3	0	0	0	0	0	0	0	0	0	0	0	0	0	0	1
196	2025-26	NBB	VITOR	CONTA SIMPLES RIO CLARO	2026-01-09, RCB vs BRA	38	22	5	7	3	9	3	4	6	2	8	1	1	0	3	3
196	2025-26	NBB	OWENS	CONTA SIMPLES RIO CLARO	2026-01-09, RCB vs BRA	25	12	6	11	0	0	0	0	8	5	13	0	0	1	1	4
196	2025-26	NBB	BONFIM	CONTA SIMPLES RIO CLARO	2026-01-09, RCB vs BRA	12	6	1	1	0	0	4	4	4	2	6	0	0	0	2	3
196	2025-26	NBB	GEMADINHA	CONTA SIMPLES RIO CLARO	2026-01-09, RCB vs BRA	16	5	0	0	1	5	2	2	1	0	1	2	0	0	1	1
196	2025-26	NBB	SCOTT	CONTA SIMPLES RIO CLARO	2026-01-09, RCB vs BRA	27	4	2	10	0	3	0	0	4	2	6	2	1	0	1	2
196	2025-26	NBB	COSTA	CONTA SIMPLES RIO CLARO	2026-01-09, RCB vs BRA	13	3	0	1	1	4	0	0	1	0	1	0	0	0	1	2
196	2025-26	NBB	THYGESEN	CONTA SIMPLES RIO CLARO	2026-01-09, RCB vs BRA	19	2	1	3	0	5	0	0	2	0	2	3	1	0	4	4
196	2025-26	NBB	MURILO	CONTA SIMPLES RIO CLARO	2026-01-09, RCB vs BRA	11	2	0	1	0	2	2	2	1	2	3	0	0	1	2	1
196	2025-26	NBB	DOS ANJOS	CONTA SIMPLES RIO CLARO	2026-01-09, RCB vs BRA	20	2	1	4	0	2	0	2	2	1	3	1	0	0	0	4
196	2025-26	NBB	AKIN	CONTA SIMPLES RIO CLARO	2026-01-09, RCB vs BRA	9	2	1	2	0	1	0	0	0	0	0	0	2	0	0	1
196	2025-26	NBB	CAIOKA	CONTA SIMPLES RIO CLARO	2026-01-09, RCB vs BRA	7	0	0	0	0	0	0	0	1	0	1	0	0	0	1	1
196	2025-26	NBB	PASTOR	CONTA SIMPLES RIO CLARO	2026-01-09, RCB vs BRA	3	0	0	0	0	0	0	0	0	0	0	0	0	0	0	0
196	2025-26	NBB	VON HAYDIN	CAIXA/BRASILIA	2026-01-09, RCB vs BRA	31	21	4	5	2	4	7	8	7	1	8	6	2	0	2	2
196	2025-26	NBB	BRUNAO	CAIXA/BRASILIA	2026-01-09, RCB vs BRA	28	19	6	10	0	2	7	9	8	3	11	1	0	3	4	3
196	2025-26	NBB	CORVALAN	CAIXA/BRASILIA	2026-01-09, RCB vs BRA	24	10	2	3	0	4	6	7	3	0	3	4	3	0	2	2
196	2025-26	NBB	BUIU	CAIXA/BRASILIA	2026-01-09, RCB vs BRA	25	7	2	5	1	3	0	0	0	0	0	1	1	0	2	0
196	2025-26	NBB	CARBONARI	CAIXA/BRASILIA	2026-01-09, RCB vs BRA	12	6	1	2	1	2	1	4	1	1	2	0	0	0	0	2
196	2025-26	NBB	CRESCENZI	CAIXA/BRASILIA	2026-01-09, RCB vs BRA	35	6	0	2	2	10	0	0	3	1	4	4	0	0	1	3
196	2025-26	NBB	PAULICHI	CAIXA/BRASILIA	2026-01-09, RCB vs BRA	21	6	0	3	1	2	3	6	3	2	5	0	2	2	0	3
196	2025-26	NBB	PEDRO	CAIXA/BRASILIA	2026-01-09, RCB vs BRA	25	3	0	1	1	3	0	0	6	1	7	0	3	0	0	3
197	2025-26	NBB	ALEX	FORTALEZA BASQUETE CEARENSE	2026-01-10, FOR vs FLA	30	21	5	13	3	5	2	2	3	0	3	3	1	0	3	1
197	2025-26	NBB	DA SILVA	FORTALEZA BASQUETE CEARENSE	2026-01-10, FOR vs FLA	34	18	8	12	0	0	2	2	4	2	6	3	2	0	1	0
197	2025-26	NBB	GABRIEL	FORTALEZA BASQUETE CEARENSE	2026-01-10, FOR vs FLA	32	13	3	5	2	7	1	2	2	2	4	0	0	0	0	4
197	2025-26	NBB	GOHLKE	FORTALEZA BASQUETE CEARENSE	2026-01-10, FOR vs FLA	25	13	0	0	3	5	4	4	4	0	4	1	2	0	5	0
197	2025-26	NBB	SALSAMENDI	FORTALEZA BASQUETE CEARENSE	2026-01-10, FOR vs FLA	35	10	1	4	1	5	5	6	5	1	6	5	0	0	1	4
197	2025-26	NBB	DUPREE	FORTALEZA BASQUETE CEARENSE	2026-01-10, FOR vs FLA	33	3	1	6	0	6	1	2	4	1	5	2	0	0	0	3
197	2025-26	NBB	ALBERTON	FORTALEZA BASQUETE CEARENSE	2026-01-10, FOR vs FLA	9	3	1	5	0	0	1	2	4	4	8	0	1	0	2	2
197	2025-26	NBB	SAMUEL	FORTALEZA BASQUETE CEARENSE	2026-01-10, FOR vs FLA	3	0	0	0	0	0	0	0	0	0	0	1	1	0	0	0
197	2025-26	NBB	WESLEY	FLAMENGO	2026-01-10, FOR vs FLA	24	19	7	9	0	0	5	7	7	0	7	1	3	0	3	4
197	2025-26	NBB	GUI	FLAMENGO	2026-01-10, FOR vs FLA	32	16	1	3	4	10	2	3	6	0	6	4	0	0	1	1
197	2025-26	NBB	NEGRETE	FLAMENGO	2026-01-10, FOR vs FLA	27	15	5	6	1	2	2	4	4	1	5	5	2	2	3	0
197	2025-26	NBB	CUMMINGS	FLAMENGO	2026-01-10, FOR vs FLA	28	14	7	9	0	1	0	0	5	1	6	1	1	0	3	3
197	2025-26	NBB	GUEIROS	FLAMENGO	2026-01-10, FOR vs FLA	19	7	2	4	1	3	0	0	4	0	4	1	1	0	1	1
197	2025-26	NBB	DORIA	FLAMENGO	2026-01-10, FOR vs FLA	6	5	1	3	1	1	0	0	1	0	1	0	0	0	0	1
197	2025-26	NBB	MANEL	FLAMENGO	2026-01-10, FOR vs FLA	11	5	2	2	0	0	1	4	0	2	2	0	0	0	1	1
197	2025-26	NBB	BARALLE	FLAMENGO	2026-01-10, FOR vs FLA	26	4	2	2	0	3	0	0	1	0	1	1	2	0	1	1
197	2025-26	NBB	JHONATAN	FLAMENGO	2026-01-10, FOR vs FLA	14	3	0	0	1	3	0	0	1	0	1	2	0	0	1	2
197	2025-26	NBB	KAYO	FLAMENGO	2026-01-10, FOR vs FLA	14	0	0	0	0	3	0	0	1	0	1	1	0	0	1	2
198	2025-26	NBB	CLARK	CORINTHIANS	2026-01-10, COR vs CRU	34	24	6	9	2	5	6	7	9	0	9	10	3	0	5	3
198	2025-26	NBB	THOMAS	CORINTHIANS	2026-01-10, COR vs CRU	36	19	4	11	2	5	5	9	3	2	5	6	1	0	2	1
198	2025-26	NBB	MUNFORD	CORINTHIANS	2026-01-10, COR vs CRU	34	14	4	6	2	6	0	0	2	0	2	2	0	0	0	3
198	2025-26	NBB	VICTAO	CORINTHIANS	2026-01-10, COR vs CRU	20	11	1	1	3	5	0	0	1	1	2	0	1	0	0	3
198	2025-26	NBB	LUCAS CAUE	CORINTHIANS	2026-01-10, COR vs CRU	23	9	3	4	0	0	3	4	5	0	5	2	0	0	2	2
198	2025-26	NBB	T. FARIA	CORINTHIANS	2026-01-10, COR vs CRU	16	8	2	6	0	0	4	5	1	0	1	4	0	0	1	1
198	2025-26	NBB	NOVAES	CORINTHIANS	2026-01-10, COR vs CRU	24	7	3	4	0	0	1	1	2	0	2	0	1	1	0	3
198	2025-26	NBB	RAYMUNDO	CORINTHIANS	2026-01-10, COR vs CRU	12	3	1	3	0	1	1	2	3	1	4	0	0	0	1	1
198	2025-26	NBB	DA SILVA	CRUZEIRO BASQUETE	2026-01-10, COR vs CRU	32	23	6	10	1	2	8	9	7	2	9	2	1	0	2	2
198	2025-26	NBB	NIQUE COLEMAN	CRUZEIRO BASQUETE	2026-01-10, COR vs CRU	20	17	3	5	3	5	2	2	1	0	1	1	1	1	0	3
198	2025-26	NBB	I. THORNTON	CRUZEIRO BASQUETE	2026-01-10, COR vs CRU	28	12	1	3	2	9	4	4	1	2	3	2	0	0	4	2
198	2025-26	NBB	ANSALONI	CRUZEIRO BASQUETE	2026-01-10, COR vs CRU	23	9	3	4	0	2	3	3	6	0	6	2	0	0	2	2
198	2025-26	NBB	GITTENS	CRUZEIRO BASQUETE	2026-01-10, COR vs CRU	20	6	2	5	0	2	2	2	4	0	4	6	1	0	2	4
198	2025-26	NBB	LEO ABREU	CRUZEIRO BASQUETE	2026-01-10, COR vs CRU	20	4	2	3	0	1	0	0	1	0	1	4	2	0	0	3
198	2025-26	NBB	CLAY	CRUZEIRO BASQUETE	2026-01-10, COR vs CRU	16	4	2	4	0	2	0	0	1	0	1	2	0	0	0	3
198	2025-26	NBB	CASSIANO	CRUZEIRO BASQUETE	2026-01-10, COR vs CRU	13	3	0	2	1	2	0	0	2	0	2	3	1	0	0	0
198	2025-26	NBB	JJ	CRUZEIRO BASQUETE	2026-01-10, COR vs CRU	16	3	0	0	1	3	0	0	1	0	1	0	1	0	0	2
198	2025-26	NBB	SENA	CRUZEIRO BASQUETE	2026-01-10, COR vs CRU	12	2	1	3	0	0	0	0	2	1	3	0	0	0	1	3
199	2025-26	NBB	LUCAS DIAS	SESI FRANCA	2026-01-10, FRA vs PIN	28	21	5	8	2	6	5	5	2	1	3	1	2	1	3	4
199	2025-26	NBB	GEORGINHO	SESI FRANCA	2026-01-10, FRA vs PIN	32	17	4	7	2	4	3	4	10	3	13	3	3	2	3	2
199	2025-26	NBB	BENNETT	SESI FRANCA	2026-01-10, FRA vs PIN	20	14	1	3	4	9	0	0	1	1	2	1	0	0	0	1
199	2025-26	NBB	DAVID JACKSON	SESI FRANCA	2026-01-10, FRA vs PIN	25	12	2	4	2	4	2	3	3	0	3	4	0	1	0	3
199	2025-26	NBB	RODRIGUEZ	SESI FRANCA	2026-01-10, FRA vs PIN	15	11	1	2	1	3	6	6	0	2	2	1	2	1	1	4
199	2025-26	NBB	FELICIO	SESI FRANCA	2026-01-10, FRA vs PIN	24	11	3	4	0	0	5	7	3	1	4	1	0	1	2	2
199	2025-26	NBB	MINEIRO	SESI FRANCA	2026-01-10, FRA vs PIN	16	4	0	1	0	2	4	4	5	3	8	0	0	0	0	2
199	2025-26	NBB	ZU JR.	SESI FRANCA	2026-01-10, FRA vs PIN	15	4	2	7	0	4	0	0	0	0	0	0	1	0	0	0
199	2025-26	NBB	VINI	SESI FRANCA	2026-01-10, FRA vs PIN	4	1	0	0	0	1	1	2	2	0	2	0	0	0	1	0
199	2025-26	NBB	NICOLINI	SESI FRANCA	2026-01-10, FRA vs PIN	1	0	0	0	0	0	0	0	0	0	0	0	0	0	0	0
199	2025-26	NBB	PIA	SESI FRANCA	2026-01-10, FRA vs PIN	1	0	0	0	0	0	0	0	0	0	0	0	0	0	0	0
199	2025-26	NBB	LATERZA	SESI FRANCA	2026-01-10, FRA vs PIN	19	0	0	0	0	4	0	0	2	0	2	2	1	0	1	4
199	2025-26	NBB	PACHECO	PINHEIROS	2026-01-10, FRA vs PIN	23	21	6	10	2	5	3	3	3	2	5	2	0	0	3	3
199	2025-26	NBB	SLOAN	PINHEIROS	2026-01-10, FRA vs PIN	19	16	1	4	3	6	5	5	0	0	0	1	0	0	3	3
199	2025-26	NBB	BETINHO	PINHEIROS	2026-01-10, FRA vs PIN	15	11	2	3	1	3	4	4	1	0	1	0	0	0	0	3
199	2025-26	NBB	GREGATE	PINHEIROS	2026-01-10, FRA vs PIN	26	10	2	7	2	6	0	0	6	1	7	1	1	0	2	1
199	2025-26	NBB	PASTRE	PINHEIROS	2026-01-10, FRA vs PIN	21	6	0	1	2	6	0	0	1	0	1	0	0	0	3	3
199	2025-26	NBB	MACIEL	PINHEIROS	2026-01-10, FRA vs PIN	11	5	1	2	1	3	0	0	3	1	4	0	0	0	0	3
199	2025-26	NBB	DJALO	PINHEIROS	2026-01-10, FRA vs PIN	26	5	1	2	1	6	0	0	3	2	5	0	0	1	0	3
199	2025-26	NBB	AFONSO	PINHEIROS	2026-01-10, FRA vs PIN	17	3	1	1	0	0	1	1	2	1	3	1	0	1	2	2
199	2025-26	NBB	PENHA JR.	PINHEIROS	2026-01-10, FRA vs PIN	24	2	0	1	0	2	2	2	1	1	2	1	1	0	0	2
199	2025-26	NBB	AGAPY	PINHEIROS	2026-01-10, FRA vs PIN	16	2	1	5	0	0	0	0	3	2	5	1	0	0	1	3
199	2025-26	NBB	BRAYAN	PINHEIROS	2026-01-10, FRA vs PIN	3	0	0	0	0	0	0	0	1	0	1	1	0	0	0	0
200	2025-26	NBB	MENCA	MOGI BASQUETE	2026-01-10, MOG vs MIN	28	19	3	7	3	7	4	5	2	2	4	1	4	0	0	1
200	2025-26	NBB	GABRIEL CAMPOS	MOGI BASQUETE	2026-01-10, MOG vs MIN	28	16	0	3	5	7	1	2	3	0	3	12	1	0	3	2
200	2025-26	NBB	PAULO	MOGI BASQUETE	2026-01-10, MOG vs MIN	18	13	2	2	3	4	0	0	3	0	3	0	1	0	1	4
200	2025-26	NBB	DUANE JOHNSON	MOGI BASQUETE	2026-01-10, MOG vs MIN	18	11	2	4	1	5	4	4	3	1	4	0	1	0	0	1
200	2025-26	NBB	DIKEMBE	MOGI BASQUETE	2026-01-10, MOG vs MIN	17	11	4	6	0	0	3	7	4	5	9	1	0	1	0	2
200	2025-26	NBB	VINI CHAGAS	MOGI BASQUETE	2026-01-10, MOG vs MIN	16	7	3	7	0	0	1	2	0	3	3	0	0	1	0	1
200	2025-26	NBB	HINKLE	MOGI BASQUETE	2026-01-10, MOG vs MIN	21	6	2	6	0	4	2	3	1	1	2	0	2	0	1	3
200	2025-26	NBB	MAICON DOUGLAS	MOGI BASQUETE	2026-01-10, MOG vs MIN	12	4	2	2	0	0	0	0	1	1	2	0	0	0	2	4
200	2025-26	NBB	ANDERSON	MOGI BASQUETE	2026-01-10, MOG vs MIN	19	3	0	0	1	2	0	0	4	0	4	0	0	0	0	3
200	2025-26	NBB	RUIVO	MOGI BASQUETE	2026-01-10, MOG vs MIN	20	0	0	1	0	2	0	0	1	1	2	2	0	0	1	2
200	2025-26	NBB	CALDEIRA	MOGI BASQUETE	2026-01-10, MOG vs MIN	1	0	0	0	0	0	0	0	0	0	0	0	0	0	2	1
200	2025-26	NBB	BARRY	MOGI BASQUETE	2026-01-10, MOG vs MIN	1	0	0	0	0	0	0	0	0	0	0	0	0	0	0	0
200	2025-26	NBB	R. RACHEL	KTO MINAS	2026-01-10, MOG vs MIN	27	19	3	4	2	5	7	8	4	4	8	0	0	2	1	2
200	2025-26	NBB	ARENGO	KTO MINAS	2026-01-10, MOG vs MIN	24	11	1	1	2	3	3	3	3	0	3	0	1	0	1	1
200	2025-26	NBB	WINI SILVA	KTO MINAS	2026-01-10, MOG vs MIN	21	10	3	6	1	2	1	2	2	4	6	0	0	1	3	4
200	2025-26	NBB	WILLIAMS	KTO MINAS	2026-01-10, MOG vs MIN	18	6	1	4	0	2	4	4	0	0	0	0	1	0	2	0
200	2025-26	NBB	FUZARO	KTO MINAS	2026-01-10, MOG vs MIN	21	6	2	4	0	0	2	2	1	1	2	3	0	0	0	3
200	2025-26	NBB	PARANHOS	KTO MINAS	2026-01-10, MOG vs MIN	13	6	2	4	0	0	2	2	2	2	4	0	1	0	2	4
200	2025-26	NBB	MCCREE	KTO MINAS	2026-01-10, MOG vs MIN	21	5	0	3	0	3	5	6	2	0	2	0	0	0	0	3
200	2025-26	NBB	FISCHER	KTO MINAS	2026-01-10, MOG vs MIN	24	5	2	5	0	5	1	2	2	0	2	7	2	0	1	0
200	2025-26	NBB	YURI	KTO MINAS	2026-01-10, MOG vs MIN	14	4	2	2	0	2	0	0	1	3	4	1	0	0	1	3
200	2025-26	NBB	RODRIGUEZ	KTO MINAS	2026-01-10, MOG vs MIN	15	4	2	3	0	3	0	0	3	0	3	0	0	0	2	2
200	2025-26	NBB	CESAR	KTO MINAS	2026-01-10, MOG vs MIN	1	0	0	0	0	2	0	0	0	0	0	0	1	0	0	0
201	2025-26	NBB	BRITE	BAURU BASKET	2026-01-10, BAU vs OSA	36	30	7	13	3	8	7	7	2	0	2	11	8	0	2	2
201	2025-26	NBB	ANDREZAO	BAURU BASKET	2026-01-10, BAU vs OSA	32	23	9	12	0	0	5	8	4	3	7	1	1	1	4	3
201	2025-26	NBB	ALEX	BAURU BASKET	2026-01-10, BAU vs OSA	31	13	5	7	1	4	0	0	5	0	5	8	3	0	5	3
201	2025-26	NBB	GEMERSON	BAURU BASKET	2026-01-10, BAU vs OSA	18	9	0	1	3	5	0	0	1	1	2	1	0	0	0	4
201	2025-26	NBB	PEDRO	BAURU BASKET	2026-01-10, BAU vs OSA	22	6	2	2	0	2	2	2	2	2	4	2	2	0	0	1
201	2025-26	NBB	EUGENIUSZ	BAURU BASKET	2026-01-10, BAU vs OSA	17	6	2	3	0	2	2	2	0	0	0	1	0	0	0	1
201	2025-26	NBB	GUSTAVO	BAURU BASKET	2026-01-10, BAU vs OSA	13	5	1	2	1	2	0	0	1	2	3	1	0	0	2	2
201	2025-26	NBB	VITHINHO	BAURU BASKET	2026-01-10, BAU vs OSA	11	2	1	1	0	3	0	0	1	0	1	3	0	0	0	1
201	2025-26	NBB	MOREIRA	BAURU BASKET	2026-01-10, BAU vs OSA	3	0	0	1	0	0	0	0	1	2	3	0	0	0	1	0
201	2025-26	NBB	AUGUSTO	BAURU BASKET	2026-01-10, BAU vs OSA	1	0	0	0	0	1	0	0	0	0	0	0	0	0	0	0
201	2025-26	NBB	MATERAN	BAURU BASKET	2026-01-10, BAU vs OSA	14	0	0	0	0	3	0	0	2	1	3	1	1	0	0	3
201	2025-26	NBB	HARRIS	BASKET OSASCO	2026-01-10, BAU vs OSA	38	30	10	13	2	4	4	5	5	0	5	7	2	1	8	1
201	2025-26	NBB	MALACHIAS	BASKET OSASCO	2026-01-10, BAU vs OSA	34	15	3	8	2	2	3	6	6	0	6	4	2	3	2	3
201	2025-26	NBB	DALAQUA	BASKET OSASCO	2026-01-10, BAU vs OSA	32	12	3	5	2	5	0	0	1	0	1	5	1	0	3	2
201	2025-26	NBB	EDDY	BASKET OSASCO	2026-01-10, BAU vs OSA	38	11	1	1	3	5	0	0	3	0	3	1	1	0	2	2
201	2025-26	NBB	TAREK	BASKET OSASCO	2026-01-10, BAU vs OSA	20	11	2	4	1	2	4	5	1	1	2	1	0	0	2	4
201	2025-26	NBB	THOMAS	BASKET OSASCO	2026-01-10, BAU vs OSA	22	4	2	4	0	3	0	0	1	2	3	3	1	0	2	4
201	2025-26	NBB	WEBER	BASKET OSASCO	2026-01-10, BAU vs OSA	9	3	0	0	1	1	0	0	0	0	0	1	0	0	1	0
201	2025-26	NBB	PASSOS	BASKET OSASCO	2026-01-10, BAU vs OSA	8	0	0	2	0	0	0	0	5	2	7	2	0	0	2	2
202	2025-26	NBB	MELVIN	UNIFACISA	2026-01-10, UFC vs VAS	32	17	2	3	3	9	4	5	3	0	3	3	0	1	4	2
202	2025-26	NBB	JIMMY	UNIFACISA	2026-01-10, UFC vs VAS	36	14	4	5	2	6	0	0	8	1	9	2	1	0	1	3
202	2025-26	NBB	CARR	UNIFACISA	2026-01-10, UFC vs VAS	28	13	3	7	1	2	4	6	6	4	10	4	1	0	0	0
202	2025-26	NBB	LEAL	UNIFACISA	2026-01-10, UFC vs VAS	17	9	3	3	0	0	3	4	2	1	3	1	0	0	1	4
202	2025-26	NBB	ANTHONY	UNIFACISA	2026-01-10, UFC vs VAS	9	7	1	3	1	2	2	2	0	0	0	1	0	0	1	1
202	2025-26	NBB	SIFONTES	UNIFACISA	2026-01-10, UFC vs VAS	25	5	1	5	1	3	0	0	5	1	6	5	1	1	6	4
202	2025-26	NBB	JOAO PAULO	UNIFACISA	2026-01-10, UFC vs VAS	10	4	2	3	0	0	0	2	1	1	2	0	0	1	0	1
202	2025-26	NBB	ANTONIO	UNIFACISA	2026-01-10, UFC vs VAS	21	4	2	5	0	2	0	1	3	0	3	3	0	1	1	4
202	2025-26	NBB	FLORES	UNIFACISA	2026-01-10, UFC vs VAS	12	3	0	1	1	2	0	0	0	0	0	1	0	0	0	2
202	2025-26	NBB	GERSON	UNIFACISA	2026-01-10, UFC vs VAS	10	2	1	2	0	0	0	0	6	2	8	2	0	1	0	2
202	2025-26	NBB	MORGAN	VASCO DA GAMA	2026-01-10, UFC vs VAS	34	20	2	7	3	8	7	7	3	0	3	1	0	0	0	2
202	2025-26	NBB	BEARDEN	VASCO DA GAMA	2026-01-10, UFC vs VAS	35	20	5	13	1	5	7	9	5	2	7	7	3	0	2	3
202	2025-26	NBB	SERJAO	VASCO DA GAMA	2026-01-10, UFC vs VAS	27	10	5	10	0	3	0	0	2	1	3	2	0	1	0	2
202	2025-26	NBB	MATHIAS	VASCO DA GAMA	2026-01-10, UFC vs VAS	18	9	4	4	0	1	1	3	4	0	4	0	0	1	1	2
202	2025-26	NBB	ALE	VASCO DA GAMA	2026-01-10, UFC vs VAS	32	8	1	5	2	6	0	2	6	3	9	3	1	1	1	4
202	2025-26	NBB	G. BASILIO	VASCO DA GAMA	2026-01-10, UFC vs VAS	31	5	0	2	1	4	2	2	4	2	6	2	3	0	0	2
202	2025-26	NBB	ELIAS	VASCO DA GAMA	2026-01-10, UFC vs VAS	11	3	1	2	0	1	1	2	1	1	2	0	1	0	1	3
202	2025-26	NBB	MAGNA	VASCO DA GAMA	2026-01-10, UFC vs VAS	5	0	0	0	0	2	0	0	1	0	1	0	0	0	2	0
202	2025-26	NBB	PEDRO NUNES	VASCO DA GAMA	2026-01-10, UFC vs VAS	7	0	0	0	0	1	0	0	0	0	0	1	0	0	0	0
203	2025-26	NBB	ALEX	BAURU BASKET	2026-01-12, BAU vs PIN	36	26	4	6	4	8	6	6	1	0	1	9	3	0	3	4
203	2025-26	NBB	BRITE	BAURU BASKET	2026-01-12, BAU vs PIN	36	20	6	10	2	5	2	3	4	0	4	1	5	0	3	3
203	2025-26	NBB	ANDREZAO	BAURU BASKET	2026-01-12, BAU vs PIN	35	16	6	13	0	0	4	6	7	4	11	3	0	2	4	3
203	2025-26	NBB	EUGENIUSZ	BAURU BASKET	2026-01-12, BAU vs PIN	24	14	4	5	2	4	0	1	1	0	1	2	1	0	2	5
203	2025-26	NBB	MATERAN	BAURU BASKET	2026-01-12, BAU vs PIN	17	9	1	3	1	3	4	4	2	1	3	1	1	0	0	3
203	2025-26	NBB	VITHINHO	BAURU BASKET	2026-01-12, BAU vs PIN	22	6	0	1	1	4	3	4	2	0	2	3	2	0	1	4
203	2025-26	NBB	GEMERSON	BAURU BASKET	2026-01-12, BAU vs PIN	13	5	2	2	0	0	1	1	1	1	2	1	0	0	0	2
203	2025-26	NBB	PEDRO	BAURU BASKET	2026-01-12, BAU vs PIN	16	5	2	4	0	0	1	2	2	2	4	1	0	0	0	3
203	2025-26	NBB	GUSTAVO	BAURU BASKET	2026-01-12, BAU vs PIN	1	0	0	0	0	0	0	0	0	0	0	0	0	0	0	0
203	2025-26	NBB	SLOAN	PINHEIROS	2026-01-12, BAU vs PIN	25	19	0	3	3	4	10	12	2	0	2	9	2	0	4	0
203	2025-26	NBB	PACHECO	PINHEIROS	2026-01-12, BAU vs PIN	26	17	1	3	2	5	9	12	3	1	4	5	2	0	4	5
203	2025-26	NBB	AFONSO	PINHEIROS	2026-01-12, BAU vs PIN	20	12	6	6	0	0	0	0	1	2	3	2	0	0	1	4
203	2025-26	NBB	PENHA JR.	PINHEIROS	2026-01-12, BAU vs PIN	11	11	4	5	1	2	0	0	3	0	3	0	0	0	1	1
203	2025-26	NBB	MACIEL	PINHEIROS	2026-01-12, BAU vs PIN	16	10	1	1	2	5	2	2	4	1	5	0	0	0	2	1
203	2025-26	NBB	DJALO	PINHEIROS	2026-01-12, BAU vs PIN	17	9	1	3	1	3	4	4	2	0	2	0	0	0	1	5
203	2025-26	NBB	GREGATE	PINHEIROS	2026-01-12, BAU vs PIN	29	9	0	2	3	6	0	2	3	1	4	6	1	1	1	2
203	2025-26	NBB	PASTRE	PINHEIROS	2026-01-12, BAU vs PIN	28	3	0	0	1	1	0	0	2	2	4	2	0	1	1	4
203	2025-26	NBB	BETINHO	PINHEIROS	2026-01-12, BAU vs PIN	10	2	0	0	0	2	2	2	0	0	0	0	0	0	1	1
203	2025-26	NBB	AGAPY	PINHEIROS	2026-01-12, BAU vs PIN	19	2	1	2	0	0	0	0	3	0	3	3	0	1	2	3
206	2025-26	NBB	DA SILVA	FORTALEZA BASQUETE CEARENSE	2026-01-13, FOR vs VAS	38	17	6	10	0	1	5	5	7	3	10	3	2	0	4	0
206	2025-26	NBB	ALEX	FORTALEZA BASQUETE CEARENSE	2026-01-13, FOR vs VAS	24	17	5	8	1	1	4	6	2	0	2	5	0	1	2	4
206	2025-26	NBB	GOHLKE	FORTALEZA BASQUETE CEARENSE	2026-01-13, FOR vs VAS	30	14	1	1	4	11	0	2	4	0	4	1	0	0	2	2
206	2025-26	NBB	SALSAMENDI	FORTALEZA BASQUETE CEARENSE	2026-01-13, FOR vs VAS	32	8	3	7	0	2	2	3	1	3	4	1	0	2	5	3
206	2025-26	NBB	POPOVIC	FORTALEZA BASQUETE CEARENSE	2026-01-13, FOR vs VAS	32	6	0	4	2	4	0	0	12	0	12	0	0	2	4	3
206	2025-26	NBB	JEANZINHO	FORTALEZA BASQUETE CEARENSE	2026-01-13, FOR vs VAS	16	5	1	2	0	0	3	4	1	0	1	0	0	0	3	5
206	2025-26	NBB	ALBERTON	FORTALEZA BASQUETE CEARENSE	2026-01-13, FOR vs VAS	13	4	1	4	0	0	2	2	4	4	8	1	1	0	2	5
206	2025-26	NBB	SAMUEL	FORTALEZA BASQUETE CEARENSE	2026-01-13, FOR vs VAS	4	2	1	1	0	0	0	0	0	1	1	0	0	0	0	2
206	2025-26	NBB	AUGUSTO VIEIRA	FORTALEZA BASQUETE CEARENSE	2026-01-13, FOR vs VAS	10	0	0	1	0	0	0	0	1	0	1	1	0	0	0	1
206	2025-26	NBB	G. BASILIO	VASCO DA GAMA	2026-01-13, FOR vs VAS	40	18	3	4	2	4	6	9	3	0	3	3	4	0	1	3
206	2025-26	NBB	MATHIAS	VASCO DA GAMA	2026-01-13, FOR vs VAS	18	14	7	9	0	0	0	0	4	1	5	0	2	1	2	3
206	2025-26	NBB	MORGAN	VASCO DA GAMA	2026-01-13, FOR vs VAS	32	14	4	7	2	8	0	1	2	1	3	4	3	0	1	3
206	2025-26	NBB	SERJAO	VASCO DA GAMA	2026-01-13, FOR vs VAS	26	11	4	10	0	0	3	6	3	2	5	0	3	2	4	4
206	2025-26	NBB	BEARDEN	VASCO DA GAMA	2026-01-13, FOR vs VAS	23	7	1	8	0	1	5	7	3	1	4	5	1	0	0	4
206	2025-26	NBB	PEDRO NUNES	VASCO DA GAMA	2026-01-13, FOR vs VAS	19	6	0	0	2	3	0	0	2	0	2	1	0	0	0	1
206	2025-26	NBB	ALE	VASCO DA GAMA	2026-01-13, FOR vs VAS	31	6	1	4	1	5	1	4	4	0	4	7	1	0	0	3
206	2025-26	NBB	MAGNA	VASCO DA GAMA	2026-01-13, FOR vs VAS	3	2	1	1	0	0	0	0	0	0	0	0	0	0	0	0
206	2025-26	NBB	ELIAS	VASCO DA GAMA	2026-01-13, FOR vs VAS	7	0	0	1	0	2	0	0	1	0	1	0	0	0	1	3
207	2025-26	NBB	JOAO PAULO	UNIFACISA	2026-01-13, UFC vs BOT	33	17	6	8	0	0	5	6	6	4	10	2	0	0	1	2
207	2025-26	NBB	GERSON	UNIFACISA	2026-01-13, UFC vs BOT	18	13	4	4	0	0	5	8	0	1	1	0	0	0	1	2
207	2025-26	NBB	FLORES	UNIFACISA	2026-01-13, UFC vs BOT	28	11	2	2	2	5	1	2	1	0	1	1	1	0	3	5
207	2025-26	NBB	COELHO	UNIFACISA	2026-01-13, UFC vs BOT	14	10	0	0	2	2	4	4	1	1	2	4	0	0	0	4
207	2025-26	NBB	ANTHONY	UNIFACISA	2026-01-13, UFC vs BOT	15	8	3	7	0	4	2	2	0	0	0	2	0	0	1	3
207	2025-26	NBB	JIMMY	UNIFACISA	2026-01-13, UFC vs BOT	34	7	2	3	0	6	3	3	0	0	0	2	1	0	2	1
207	2025-26	NBB	SIFONTES	UNIFACISA	2026-01-13, UFC vs BOT	13	5	1	3	1	1	0	0	3	0	3	6	0	0	0	1
207	2025-26	NBB	MELVIN	UNIFACISA	2026-01-13, UFC vs BOT	9	4	2	3	0	2	0	0	1	2	3	1	0	0	0	0
207	2025-26	NBB	CARR	UNIFACISA	2026-01-13, UFC vs BOT	20	2	1	5	0	2	0	0	6	2	8	1	1	0	1	3
207	2025-26	NBB	LEAL	UNIFACISA	2026-01-13, UFC vs BOT	16	0	0	2	0	0	0	0	2	0	2	0	0	0	0	3
207	2025-26	NBB	MACHADO JR.	BOTAFOGO	2026-01-13, UFC vs BOT	19	18	4	6	3	5	1	4	1	2	3	0	0	2	0	3
207	2025-26	NBB	SCHEUER	BOTAFOGO	2026-01-13, UFC vs BOT	25	13	6	7	0	0	1	4	0	2	2	0	0	2	2	5
207	2025-26	NBB	MATHEUSINHO	BOTAFOGO	2026-01-13, UFC vs BOT	32	12	3	6	1	5	3	4	4	0	4	7	1	0	4	3
207	2025-26	NBB	DERICK	BOTAFOGO	2026-01-13, UFC vs BOT	32	11	4	6	1	4	0	0	5	0	5	2	3	0	0	4
207	2025-26	NBB	MACHADO	BOTAFOGO	2026-01-13, UFC vs BOT	34	8	1	1	1	6	3	4	2	1	3	6	0	0	0	2
207	2025-26	NBB	EMANUEL	BOTAFOGO	2026-01-13, UFC vs BOT	35	5	1	4	1	5	0	0	3	1	4	1	2	0	1	4
207	2025-26	NBB	NK	BOTAFOGO	2026-01-13, UFC vs BOT	2	1	0	0	0	0	1	2	1	0	1	0	0	0	0	0
207	2025-26	NBB	LUCAS	BOTAFOGO	2026-01-13, UFC vs BOT	3	0	0	0	0	2	0	0	0	0	0	0	0	0	0	2
207	2025-26	NBB	LELE	BOTAFOGO	2026-01-13, UFC vs BOT	2	0	0	0	0	2	0	0	0	0	0	0	0	0	0	0
207	2025-26	NBB	ABNER	BOTAFOGO	2026-01-13, UFC vs BOT	18	0	0	1	0	0	0	0	3	0	3	2	0	0	0	2
208	2025-26	NBB	NEGRETE	FLAMENGO	2026-01-14, FLA vs COR	31	17	7	9	1	4	0	0	6	2	8	5	1	0	2	1
208	2025-26	NBB	GUI	FLAMENGO	2026-01-14, FLA vs COR	35	15	6	7	1	7	0	0	5	0	5	9	1	0	3	1
208	2025-26	NBB	CUMMINGS	FLAMENGO	2026-01-14, FLA vs COR	31	14	6	7	0	3	2	2	4	2	6	6	2	0	2	1
208	2025-26	NBB	GUEIROS	FLAMENGO	2026-01-14, FLA vs COR	14	13	2	4	3	4	0	0	1	1	2	2	0	0	2	2
208	2025-26	NBB	WESLEY	FLAMENGO	2026-01-14, FLA vs COR	18	8	3	8	0	0	2	2	1	0	1	0	1	0	2	3
208	2025-26	NBB	MANEL	FLAMENGO	2026-01-14, FLA vs COR	15	8	3	5	0	0	2	2	4	1	5	1	1	0	0	1
208	2025-26	NBB	KAYO	FLAMENGO	2026-01-14, FLA vs COR	9	6	1	2	1	3	1	1	0	1	1	0	0	0	0	1
208	2025-26	NBB	BARALLE	FLAMENGO	2026-01-14, FLA vs COR	23	6	3	3	0	1	0	0	0	0	0	1	3	0	2	3
208	2025-26	NBB	JHONATAN	FLAMENGO	2026-01-14, FLA vs COR	17	5	1	1	1	2	0	0	2	1	3	1	2	0	3	4
208	2025-26	NBB	DORIA	FLAMENGO	2026-01-14, FLA vs COR	7	2	1	1	0	0	0	0	0	1	1	2	0	0	0	0
208	2025-26	NBB	THOMAS	CORINTHIANS	2026-01-14, FLA vs COR	35	29	10	13	2	5	3	5	4	0	4	2	1	0	6	1
208	2025-26	NBB	CLARK	CORINTHIANS	2026-01-14, FLA vs COR	31	21	6	10	3	7	0	1	1	0	1	5	4	0	5	3
208	2025-26	NBB	VICTAO	CORINTHIANS	2026-01-14, FLA vs COR	30	12	1	4	3	4	1	1	2	2	4	2	2	0	2	1
208	2025-26	NBB	NOVAES	CORINTHIANS	2026-01-14, FLA vs COR	19	6	2	4	0	0	2	2	1	2	3	0	0	0	1	2
208	2025-26	NBB	RAYMUNDO	CORINTHIANS	2026-01-14, FLA vs COR	21	6	3	5	0	0	0	1	4	1	5	1	0	2	0	4
208	2025-26	NBB	LUCAS CAUE	CORINTHIANS	2026-01-14, FLA vs COR	10	6	1	1	0	0	4	4	1	1	2	0	2	0	2	4
208	2025-26	NBB	MUNFORD	CORINTHIANS	2026-01-14, FLA vs COR	29	5	1	3	1	3	0	0	4	2	6	1	3	0	1	1
208	2025-26	NBB	T. FARIA	CORINTHIANS	2026-01-14, FLA vs COR	24	3	0	0	0	3	3	5	3	0	3	4	0	0	2	0
211	2025-26	NBB	ALEX	FORTALEZA BASQUETE CEARENSE	2026-01-16, FOR vs BOT	32	28	6	10	2	3	10	12	4	0	4	1	1	1	7	5
211	2025-26	NBB	SALSAMENDI	FORTALEZA BASQUETE CEARENSE	2026-01-16, FOR vs BOT	34	17	5	8	2	2	1	3	3	1	4	6	6	1	0	2
211	2025-26	NBB	DA SILVA	FORTALEZA BASQUETE CEARENSE	2026-01-16, FOR vs BOT	33	15	6	9	0	0	3	5	0	0	0	2	1	1	1	2
211	2025-26	NBB	DUPREE	FORTALEZA BASQUETE CEARENSE	2026-01-16, FOR vs BOT	28	13	4	6	1	6	2	4	3	1	4	5	1	0	1	2
211	2025-26	NBB	POPOVIC	FORTALEZA BASQUETE CEARENSE	2026-01-16, FOR vs BOT	9	7	2	2	1	1	0	2	3	0	3	0	1	1	0	1
211	2025-26	NBB	JEANZINHO	FORTALEZA BASQUETE CEARENSE	2026-01-16, FOR vs BOT	22	3	0	3	1	2	0	0	1	0	1	5	1	1	5	2
211	2025-26	NBB	SAMUEL	FORTALEZA BASQUETE CEARENSE	2026-01-16, FOR vs BOT	11	2	1	1	0	0	0	0	0	2	2	0	1	0	0	2
211	2025-26	NBB	AUGUSTO VIEIRA	FORTALEZA BASQUETE CEARENSE	2026-01-16, FOR vs BOT	7	1	0	1	0	0	1	2	0	1	1	0	0	0	0	2
211	2025-26	NBB	GABRIEL	FORTALEZA BASQUETE CEARENSE	2026-01-16, FOR vs BOT	13	0	0	0	0	2	0	0	0	1	1	0	1	0	1	4
211	2025-26	NBB	GOHLKE	FORTALEZA BASQUETE CEARENSE	2026-01-16, FOR vs BOT	12	0	0	0	0	2	0	0	0	0	0	0	1	0	0	0
211	2025-26	NBB	MATHEUSINHO	BOTAFOGO	2026-01-16, FOR vs BOT	29	19	6	9	1	3	4	8	3	1	4	4	0	0	4	4
211	2025-26	NBB	DERICK	BOTAFOGO	2026-01-16, FOR vs BOT	38	16	7	10	0	3	2	4	9	2	11	2	4	1	5	0
211	2025-26	NBB	MACHADO	BOTAFOGO	2026-01-16, FOR vs BOT	33	12	1	3	2	5	4	4	5	2	7	4	2	0	4	3
211	2025-26	NBB	PAULINO	BOTAFOGO	2026-01-16, FOR vs BOT	18	9	4	5	0	1	1	4	0	0	0	0	0	0	1	3
211	2025-26	NBB	MACHADO JR.	BOTAFOGO	2026-01-16, FOR vs BOT	21	8	1	2	2	5	0	0	2	2	4	1	1	0	4	4
211	2025-26	NBB	NK	BOTAFOGO	2026-01-16, FOR vs BOT	23	6	3	3	0	0	0	3	5	0	5	0	0	0	2	4
211	2025-26	NBB	LUCAS	BOTAFOGO	2026-01-16, FOR vs BOT	13	5	1	1	1	1	0	0	0	0	0	0	1	0	0	3
211	2025-26	NBB	SCHEUER	BOTAFOGO	2026-01-16, FOR vs BOT	13	4	1	5	0	0	2	3	0	4	4	0	0	1	3	4
211	2025-26	NBB	EMANUEL	BOTAFOGO	2026-01-16, FOR vs BOT	4	3	0	1	1	1	0	0	1	0	1	0	0	1	0	0
211	2025-26	NBB	ABNER	BOTAFOGO	2026-01-16, FOR vs BOT	6	0	0	1	0	0	0	0	1	0	1	0	0	0	1	0
211	2025-26	NBB	LELE	BOTAFOGO	2026-01-16, FOR vs BOT	2	0	0	0	0	0	0	0	0	0	0	0	0	0	0	0
212	2025-26	NBB	HARRIS	BASKET OSASCO	2026-01-16, OSA vs BRA	31	11	3	6	1	4	2	2	5	1	6	4	1	1	6	3
212	2025-26	NBB	PASSOS	BASKET OSASCO	2026-01-16, OSA vs BRA	26	8	4	5	0	0	0	0	3	5	8	2	0	0	2	1
212	2025-26	NBB	EDDY	BASKET OSASCO	2026-01-16, OSA vs BRA	21	8	1	2	1	7	3	3	2	0	2	1	1	1	1	1
212	2025-26	NBB	MALACHIAS	BASKET OSASCO	2026-01-16, OSA vs BRA	24	8	4	7	0	0	0	1	4	0	4	3	0	1	0	2
212	2025-26	NBB	CARIBAUX	BASKET OSASCO	2026-01-16, OSA vs BRA	15	8	1	2	2	2	0	0	1	1	2	2	0	0	3	1
212	2025-26	NBB	THOMAS	BASKET OSASCO	2026-01-16, OSA vs BRA	19	6	1	3	1	4	1	3	1	4	5	1	0	0	1	0
212	2025-26	NBB	TAREK	BASKET OSASCO	2026-01-16, OSA vs BRA	21	5	2	6	0	2	1	3	2	0	2	0	0	0	2	3
212	2025-26	NBB	WEBER	BASKET OSASCO	2026-01-16, OSA vs BRA	10	5	1	1	0	2	3	3	0	1	1	0	1	0	1	1
212	2025-26	NBB	DALAQUA	BASKET OSASCO	2026-01-16, OSA vs BRA	26	3	0	1	0	5	3	4	3	0	3	1	2	0	3	2
212	2025-26	NBB	LEONI	BASKET OSASCO	2026-01-16, OSA vs BRA	7	2	1	2	0	1	0	0	2	1	3	0	0	0	0	0
212	2025-26	NBB	CORVALAN	CAIXA/BRASILIA	2026-01-16, OSA vs BRA	26	18	4	4	2	4	4	4	1	0	1	6	4	0	1	0
212	2025-26	NBB	LUCAS	CAIXA/BRASILIA	2026-01-16, OSA vs BRA	18	16	1	2	4	6	2	3	1	0	1	4	0	0	0	3
212	2025-26	NBB	CRESCENZI	CAIXA/BRASILIA	2026-01-16, OSA vs BRA	25	15	0	2	5	8	0	0	1	0	1	6	2	0	4	3
212	2025-26	NBB	BRUNAO	CAIXA/BRASILIA	2026-01-16, OSA vs BRA	27	13	4	9	1	1	2	2	5	2	7	1	1	0	1	3
212	2025-26	NBB	CARBONARI	CAIXA/BRASILIA	2026-01-16, OSA vs BRA	16	10	2	4	0	2	6	8	3	1	4	0	0	1	0	3
212	2025-26	NBB	PEDRO	CAIXA/BRASILIA	2026-01-16, OSA vs BRA	18	8	1	2	2	5	0	0	4	1	5	2	0	0	1	4
212	2025-26	NBB	PAULICHI	CAIXA/BRASILIA	2026-01-16, OSA vs BRA	24	8	2	4	0	1	4	4	3	3	6	1	4	1	1	1
212	2025-26	NBB	VON HAYDIN	CAIXA/BRASILIA	2026-01-16, OSA vs BRA	23	8	1	2	2	5	0	0	9	0	9	5	0	0	1	2
212	2025-26	NBB	BUIU	CAIXA/BRASILIA	2026-01-16, OSA vs BRA	19	0	0	3	0	3	0	0	2	1	3	1	0	0	0	0
212	2025-26	NBB	BELLER	CAIXA/BRASILIA	2026-01-16, OSA vs BRA	3	0	0	0	0	0	0	0	0	0	0	0	0	0	1	0
213	2025-26	NBB	SLOAN	PINHEIROS	2026-01-17, PIN vs RCB	23	17	5	7	1	4	4	8	2	0	2	7	0	0	1	1
213	2025-26	NBB	PACHECO	PINHEIROS	2026-01-17, PIN vs RCB	18	14	1	2	1	2	9	10	0	1	1	4	3	0	2	2
213	2025-26	NBB	AFONSO	PINHEIROS	2026-01-17, PIN vs RCB	18	11	5	5	0	0	1	2	5	3	8	0	0	0	1	2
213	2025-26	NBB	PENHA JR.	PINHEIROS	2026-01-17, PIN vs RCB	19	9	0	3	2	2	3	3	2	0	2	0	0	1	2	0
213	2025-26	NBB	BETINHO	PINHEIROS	2026-01-17, PIN vs RCB	19	9	1	2	2	3	1	1	3	0	3	0	0	0	1	1
213	2025-26	NBB	MACIEL	PINHEIROS	2026-01-17, PIN vs RCB	16	8	3	5	0	1	2	2	7	1	8	0	0	0	2	3
213	2025-26	NBB	FARABELLO	PINHEIROS	2026-01-17, PIN vs RCB	15	7	1	2	1	3	2	2	0	0	0	0	1	0	0	1
213	2025-26	NBB	GREGATE	PINHEIROS	2026-01-17, PIN vs RCB	20	6	3	3	0	2	0	0	4	0	4	9	0	0	2	1
213	2025-26	NBB	PASTRE	PINHEIROS	2026-01-17, PIN vs RCB	27	6	0	2	2	4	0	0	3	1	4	3	4	0	0	0
213	2025-26	NBB	AGAPY	PINHEIROS	2026-01-17, PIN vs RCB	9	4	2	2	0	0	0	0	0	0	0	0	1	0	1	5
213	2025-26	NBB	BRAYAN	PINHEIROS	2026-01-17, PIN vs RCB	11	2	1	1	0	0	0	0	2	0	2	0	0	0	0	1
213	2025-26	NBB	NASCIMENTO	PINHEIROS	2026-01-17, PIN vs RCB	6	0	0	0	0	1	0	0	0	0	0	1	1	0	0	1
213	2025-26	NBB	OWENS	CONTA SIMPLES RIO CLARO	2026-01-17, PIN vs RCB	25	13	5	8	0	2	3	3	3	3	6	0	1	2	2	3
213	2025-26	NBB	GEMADINHA	CONTA SIMPLES RIO CLARO	2026-01-17, PIN vs RCB	19	8	1	4	2	6	0	0	1	0	1	2	0	0	1	5
213	2025-26	NBB	VITOR	CONTA SIMPLES RIO CLARO	2026-01-17, PIN vs RCB	32	8	2	2	1	4	1	4	3	1	4	1	0	0	1	0
213	2025-26	NBB	THYGESEN	CONTA SIMPLES RIO CLARO	2026-01-17, PIN vs RCB	32	8	4	7	0	3	0	2	1	2	3	5	3	0	4	3
213	2025-26	NBB	SCOTT	CONTA SIMPLES RIO CLARO	2026-01-17, PIN vs RCB	17	7	2	4	0	1	3	5	4	0	4	2	1	0	3	1
213	2025-26	NBB	CAIOKA	CONTA SIMPLES RIO CLARO	2026-01-17, PIN vs RCB	3	5	0	0	1	1	2	2	1	0	1	0	0	0	0	1
213	2025-26	NBB	BONFIM	CONTA SIMPLES RIO CLARO	2026-01-17, PIN vs RCB	18	5	1	1	1	1	0	0	1	1	2	1	1	0	4	2
213	2025-26	NBB	GUI	CONTA SIMPLES RIO CLARO	2026-01-17, PIN vs RCB	30	4	2	4	0	3	0	0	0	1	1	1	0	0	2	4
213	2025-26	NBB	AKIN	CONTA SIMPLES RIO CLARO	2026-01-17, PIN vs RCB	7	3	0	1	1	3	0	0	0	0	0	0	1	0	2	3
213	2025-26	NBB	PASTOR	CONTA SIMPLES RIO CLARO	2026-01-17, PIN vs RCB	10	2	1	3	0	1	0	0	1	1	2	0	0	0	0	1
213	2025-26	NBB	MURILO	CONTA SIMPLES RIO CLARO	2026-01-17, PIN vs RCB	7	2	1	2	0	3	0	0	1	0	1	0	0	0	0	0
215	2025-26	NBB	HOLLOWELL	CEISC/UNIAO CORINTHIANS	2026-01-19, UCO vs FRA	33	21	9	10	1	5	0	0	2	3	5	10	0	3	4	3
215	2025-26	NBB	GOES	CEISC/UNIAO CORINTHIANS	2026-01-19, UCO vs FRA	27	21	3	3	3	5	6	6	4	1	5	1	0	1	3	2
215	2025-26	NBB	CARDENAS	CEISC/UNIAO CORINTHIANS	2026-01-19, UCO vs FRA	31	20	7	8	1	1	3	4	2	4	6	1	2	3	0	5
215	2025-26	NBB	BARNES	CEISC/UNIAO CORINTHIANS	2026-01-19, UCO vs FRA	32	14	6	9	0	5	2	2	2	0	2	3	0	0	3	3
215	2025-26	NBB	SCOTT	CEISC/UNIAO CORINTHIANS	2026-01-19, UCO vs FRA	30	11	3	6	1	2	2	4	6	2	8	3	2	0	0	4
215	2025-26	NBB	VERISSIMO	CEISC/UNIAO CORINTHIANS	2026-01-19, UCO vs FRA	18	10	2	3	1	2	3	6	3	0	3	2	2	0	0	3
215	2025-26	NBB	HETTSHEIMEIR	CEISC/UNIAO CORINTHIANS	2026-01-19, UCO vs FRA	14	1	0	0	0	2	1	1	0	0	0	0	0	0	0	4
215	2025-26	NBB	ISAAC	CEISC/UNIAO CORINTHIANS	2026-01-19, UCO vs FRA	3	0	0	0	0	1	0	0	0	0	0	0	0	0	0	0
215	2025-26	NBB	ROSSETTO	CEISC/UNIAO CORINTHIANS	2026-01-19, UCO vs FRA	12	0	0	1	0	2	0	0	1	0	1	2	1	0	1	3
215	2025-26	NBB	GEORGINHO	SESI FRANCA	2026-01-19, UCO vs FRA	32	31	8	11	2	7	9	11	10	1	11	6	2	0	2	4
215	2025-26	NBB	DAVID JACKSON	SESI FRANCA	2026-01-19, UCO vs FRA	32	18	6	7	0	4	6	6	1	1	2	3	0	0	2	3
215	2025-26	NBB	FELICIO	SESI FRANCA	2026-01-19, UCO vs FRA	21	10	4	6	0	0	2	3	1	6	7	1	1	0	0	4
215	2025-26	NBB	MINEIRO	SESI FRANCA	2026-01-19, UCO vs FRA	31	9	2	5	1	4	2	2	4	2	6	0	0	1	2	2
215	2025-26	NBB	LATERZA	SESI FRANCA	2026-01-19, UCO vs FRA	20	8	3	6	0	2	2	2	0	0	0	5	1	0	1	2
215	2025-26	NBB	RODRIGUEZ	SESI FRANCA	2026-01-19, UCO vs FRA	13	7	1	2	1	3	2	2	0	0	0	0	2	0	1	3
215	2025-26	NBB	BENNETT	SESI FRANCA	2026-01-19, UCO vs FRA	28	7	2	4	0	1	3	6	0	1	1	1	0	0	2	2
215	2025-26	NBB	ZU JR.	SESI FRANCA	2026-01-19, UCO vs FRA	19	3	0	1	1	3	0	0	1	0	1	1	1	0	1	2
215	2025-26	NBB	LUCAS DIAS	SESI FRANCA	2026-01-19, UCO vs FRA	3	2	1	1	0	0	0	0	0	0	0	0	1	0	0	0
216	2025-26	NBB	ANDERSON	MR. MOO SAO JOSE BASKETBALL	2026-01-19, SJO vs MIN	25	17	8	9	0	0	1	3	4	1	5	1	0	1	0	5
216	2025-26	NBB	MCCLANAHAN	MR. MOO SAO JOSE BASKETBALL	2026-01-19, SJO vs MIN	32	17	4	8	1	7	6	12	1	0	1	0	2	2	0	0
216	2025-26	NBB	MILLER	MR. MOO SAO JOSE BASKETBALL	2026-01-19, SJO vs MIN	28	13	3	4	2	6	1	1	0	2	2	5	2	0	2	0
216	2025-26	NBB	LEO CRAVERO	MR. MOO SAO JOSE BASKETBALL	2026-01-19, SJO vs MIN	30	11	2	3	2	3	1	2	8	0	8	1	1	0	1	3
216	2025-26	NBB	DOS SANTOS	MR. MOO SAO JOSE BASKETBALL	2026-01-19, SJO vs MIN	21	9	2	6	1	3	2	2	1	3	4	2	0	0	2	3
216	2025-26	NBB	NICKEL	MR. MOO SAO JOSE BASKETBALL	2026-01-19, SJO vs MIN	20	8	1	4	1	4	3	4	1	1	2	4	0	0	1	2
216	2025-26	NBB	MAIQUE	MR. MOO SAO JOSE BASKETBALL	2026-01-19, SJO vs MIN	15	8	3	5	0	2	2	2	2	3	5	0	1	0	1	3
216	2025-26	NBB	CAUE	MR. MOO SAO JOSE BASKETBALL	2026-01-19, SJO vs MIN	20	6	0	1	1	1	3	4	3	2	5	6	0	0	0	2
216	2025-26	NBB	LESSA	MR. MOO SAO JOSE BASKETBALL	2026-01-19, SJO vs MIN	8	2	1	2	0	1	0	0	0	0	0	0	1	0	3	2
216	2025-26	NBB	FISCHER	KTO MINAS	2026-01-19, SJO vs MIN	24	23	5	6	4	6	1	1	2	2	4	3	1	0	3	2
216	2025-26	NBB	WILLIAMS	KTO MINAS	2026-01-19, SJO vs MIN	29	22	5	7	4	8	0	0	2	0	2	2	3	1	2	3
216	2025-26	NBB	PARANHOS	KTO MINAS	2026-01-19, SJO vs MIN	24	21	7	10	0	0	7	9	4	1	5	1	0	0	1	2
216	2025-26	NBB	ARENGO	KTO MINAS	2026-01-19, SJO vs MIN	27	10	2	3	1	4	3	4	9	0	9	6	0	0	0	2
216	2025-26	NBB	RODRIGUEZ	KTO MINAS	2026-01-19, SJO vs MIN	19	8	1	2	2	3	0	0	3	0	3	4	0	0	2	2
216	2025-26	NBB	FUZARO	KTO MINAS	2026-01-19, SJO vs MIN	16	7	2	4	1	1	0	0	2	0	2	4	0	0	4	3
216	2025-26	NBB	WINI SILVA	KTO MINAS	2026-01-19, SJO vs MIN	16	4	1	6	0	0	2	3	4	4	8	0	1	2	3	3
216	2025-26	NBB	MCCREE	KTO MINAS	2026-01-19, SJO vs MIN	16	0	0	1	0	2	0	0	1	0	1	0	0	2	0	2
216	2025-26	NBB	R. RACHEL	KTO MINAS	2026-01-19, SJO vs MIN	26	0	0	1	0	3	0	0	6	3	9	1	0	0	1	4
216	2025-26	NBB	YURI	KTO MINAS	2026-01-19, SJO vs MIN	3	0	0	0	0	1	0	0	0	1	1	0	0	0	0	3
217	2025-26	NBB	HUMBERTO	CAXIAS DO SUL BASQUETE	2026-01-19, CAX vs BAU	29	18	7	8	0	2	4	5	5	1	6	3	0	0	1	4
217	2025-26	NBB	FABRIZZIO	CAXIAS DO SUL BASQUETE	2026-01-19, CAX vs BAU	27	15	1	3	2	4	7	8	0	0	0	3	1	0	1	4
217	2025-26	NBB	TOM	CAXIAS DO SUL BASQUETE	2026-01-19, CAX vs BAU	19	8	3	4	0	0	2	4	5	3	8	1	0	0	2	1
217	2025-26	NBB	VEZARO	CAXIAS DO SUL BASQUETE	2026-01-19, CAX vs BAU	34	7	1	4	1	5	2	2	0	1	1	4	1	0	3	4
217	2025-26	NBB	SHAMELL	CAXIAS DO SUL BASQUETE	2026-01-19, CAX vs BAU	28	7	1	2	0	1	5	7	6	0	6	4	1	0	0	1
217	2025-26	NBB	RAFA	CAXIAS DO SUL BASQUETE	2026-01-19, CAX vs BAU	14	6	1	2	1	3	1	4	1	1	2	0	0	0	0	0
217	2025-26	NBB	AUGUSTO	CAXIAS DO SUL BASQUETE	2026-01-19, CAX vs BAU	29	6	1	2	1	4	1	2	1	0	1	4	0	0	3	2
217	2025-26	NBB	OMENA	CAXIAS DO SUL BASQUETE	2026-01-19, CAX vs BAU	14	4	0	2	1	3	1	2	3	0	3	1	0	0	1	3
217	2025-26	NBB	MIGUEL	CAXIAS DO SUL BASQUETE	2026-01-19, CAX vs BAU	8	2	1	2	0	0	0	0	0	1	1	0	2	0	0	1
217	2025-26	NBB	ANDREZAO	BAURU BASKET	2026-01-19, CAX vs BAU	31	20	8	15	0	0	4	6	7	6	13	1	0	0	1	4
217	2025-26	NBB	MATERAN	BAURU BASKET	2026-01-19, CAX vs BAU	24	19	0	2	5	7	4	6	5	1	6	1	1	0	2	4
217	2025-26	NBB	BRITE	BAURU BASKET	2026-01-19, CAX vs BAU	34	11	0	2	2	7	5	6	2	0	2	6	0	0	2	4
217	2025-26	NBB	ALEX	BAURU BASKET	2026-01-19, CAX vs BAU	37	9	1	3	2	3	1	1	3	0	3	6	1	0	1	4
217	2025-26	NBB	EUGENIUSZ	BAURU BASKET	2026-01-19, CAX vs BAU	30	5	1	1	0	1	3	5	2	0	2	4	1	0	0	3
217	2025-26	NBB	VITHINHO	BAURU BASKET	2026-01-19, CAX vs BAU	12	5	1	2	1	4	0	0	0	0	0	1	0	0	1	2
217	2025-26	NBB	MOREIRA	BAURU BASKET	2026-01-19, CAX vs BAU	9	4	2	3	0	0	0	1	3	1	4	0	0	0	1	3
217	2025-26	NBB	PEDRO	BAURU BASKET	2026-01-19, CAX vs BAU	15	1	0	1	0	3	1	2	0	0	0	0	0	0	2	3
217	2025-26	NBB	GUSTAVO	BAURU BASKET	2026-01-19, CAX vs BAU	7	0	0	1	0	2	0	0	0	2	2	0	0	0	1	3
218	2025-26	NBB	HUNTER	PAULISTANO	2026-01-19, CAP vs BRA	36	24	6	11	2	6	6	11	5	1	6	3	2	0	4	3
218	2025-26	NBB	SIEWERT	PAULISTANO	2026-01-19, CAP vs BRA	38	15	3	6	2	10	3	3	10	0	10	3	2	0	2	3
218	2025-26	NBB	VITINHO	PAULISTANO	2026-01-19, CAP vs BRA	38	14	3	4	1	5	5	6	3	1	4	5	2	0	0	2
218	2025-26	NBB	GUI ABREU	PAULISTANO	2026-01-19, CAP vs BRA	35	13	6	11	0	5	1	3	6	5	11	0	0	0	2	2
218	2025-26	NBB	SEIXAS	PAULISTANO	2026-01-19, CAP vs BRA	24	9	2	3	1	2	2	2	3	1	4	0	0	1	2	1
218	2025-26	NBB	TOVAR	PAULISTANO	2026-01-19, CAP vs BRA	12	6	1	1	1	1	1	2	0	0	0	1	2	0	4	0
218	2025-26	NBB	LEANDRO	PAULISTANO	2026-01-19, CAP vs BRA	28	2	1	2	0	0	0	0	4	2	6	0	1	0	0	4
218	2025-26	NBB	NETO	PAULISTANO	2026-01-19, CAP vs BRA	8	0	0	0	0	0	0	0	1	0	1	0	0	0	0	2
218	2025-26	NBB	DEMETRIO	PAULISTANO	2026-01-19, CAP vs BRA	7	0	0	1	0	0	0	0	1	0	1	1	0	0	1	0
218	2025-26	NBB	GABRIEL	PAULISTANO	2026-01-19, CAP vs BRA	1	0	0	0	0	0	0	0	0	0	0	0	0	0	0	0
218	2025-26	NBB	HUNTER	CAIXA/BRASILIA	2026-01-19, CAP vs BRA	3	6	0	0	2	2	0	0	0	0	0	0	0	0	1	0
218	2025-26	NBB	VITINHO	CAIXA/BRASILIA	2026-01-19, CAP vs BRA	5	3	0	0	0	0	3	4	0	0	0	1	0	0	0	0
218	2025-26	NBB	LEANDRO	CAIXA/BRASILIA	2026-01-19, CAP vs BRA	5	2	1	1	0	0	0	0	0	0	0	0	0	0	0	0
218	2025-26	NBB	GUI ABREU	CAIXA/BRASILIA	2026-01-19, CAP vs BRA	5	0	0	1	0	0	0	0	3	0	3	0	0	0	0	1
218	2025-26	NBB	SEIXAS	CAIXA/BRASILIA	2026-01-19, CAP vs BRA	2	0	0	0	0	0	0	0	0	0	0	0	0	1	0	0
218	2025-26	NBB	SIEWERT	CAIXA/BRASILIA	2026-01-19, CAP vs BRA	5	0	0	1	0	0	0	0	0	0	0	1	0	0	0	1
220	2025-26	NBB	NIQUE COLEMAN	CRUZEIRO BASQUETE	2026-01-19, CRU vs PAT	24	23	3	5	5	9	2	2	2	1	3	3	2	0	1	0
220	2025-26	NBB	I. THORNTON	CRUZEIRO BASQUETE	2026-01-19, CRU vs PAT	33	20	2	4	3	7	7	9	3	2	5	3	1	0	0	2
220	2025-26	NBB	DA SILVA	CRUZEIRO BASQUETE	2026-01-19, CRU vs PAT	23	16	4	7	1	2	5	6	6	4	10	4	2	0	1	3
220	2025-26	NBB	ANSALONI	CRUZEIRO BASQUETE	2026-01-19, CRU vs PAT	23	14	3	5	1	1	5	8	2	1	3	2	0	0	2	3
220	2025-26	NBB	CLAY	CRUZEIRO BASQUETE	2026-01-19, CRU vs PAT	16	10	2	3	2	3	0	0	1	0	1	1	1	0	1	2
220	2025-26	NBB	JJ	CRUZEIRO BASQUETE	2026-01-19, CRU vs PAT	17	5	1	1	1	3	0	0	0	0	0	0	1	0	0	2
220	2025-26	NBB	GITTENS	CRUZEIRO BASQUETE	2026-01-19, CRU vs PAT	20	1	0	3	0	1	1	2	1	0	1	5	0	0	2	1
220	2025-26	NBB	CASSIANO	CRUZEIRO BASQUETE	2026-01-19, CRU vs PAT	7	0	0	0	0	0	0	0	2	1	3	1	0	0	4	2
220	2025-26	NBB	LEO ABREU	CRUZEIRO BASQUETE	2026-01-19, CRU vs PAT	20	0	0	3	0	0	0	0	1	1	2	6	0	0	4	3
220	2025-26	NBB	SENA	CRUZEIRO BASQUETE	2026-01-19, CRU vs PAT	17	0	0	2	0	0	0	0	1	1	2	0	1	0	0	3
220	2025-26	NBB	FIDELIS	PATO BASQUETE	2026-01-19, CRU vs PAT	32	18	7	8	0	2	4	4	5	1	6	0	0	2	2	2
220	2025-26	NBB	MICHEL	PATO BASQUETE	2026-01-19, CRU vs PAT	32	18	3	3	2	8	6	7	2	0	2	3	2	0	1	3
220	2025-26	NBB	THOMPSON	PATO BASQUETE	2026-01-19, CRU vs PAT	19	11	3	6	1	3	2	4	0	1	1	2	0	0	5	2
220	2025-26	NBB	NAKA	PATO BASQUETE	2026-01-19, CRU vs PAT	23	10	2	2	2	3	0	0	1	0	1	9	2	0	4	4
220	2025-26	NBB	MATEUS	PATO BASQUETE	2026-01-19, CRU vs PAT	18	7	2	2	1	1	0	0	2	0	2	0	2	1	3	4
220	2025-26	NBB	EDU MARILIA	PATO BASQUETE	2026-01-19, CRU vs PAT	25	7	3	5	0	0	1	2	5	3	8	4	0	4	1	4
220	2025-26	NBB	GRIGOR	PATO BASQUETE	2026-01-19, CRU vs PAT	20	4	1	1	0	3	2	2	1	1	2	2	1	1	0	3
220	2025-26	NBB	WILLKER Z.	PATO BASQUETE	2026-01-19, CRU vs PAT	4	4	2	2	0	1	0	3	0	0	0	0	0	0	0	1
220	2025-26	NBB	D. PENTEADO	PATO BASQUETE	2026-01-19, CRU vs PAT	26	2	1	3	0	1	0	0	2	0	2	1	0	0	2	1
220	2025-26	NBB	EULER	PATO BASQUETE	2026-01-19, CRU vs PAT	1	0	0	0	0	1	0	0	0	0	0	0	0	0	0	0
221	2025-26	NBB	DUPREE	FORTALEZA BASQUETE CEARENSE	2026-01-20, FOR vs UFC	35	18	3	5	3	13	3	3	3	2	5	2	2	0	8	3
221	2025-26	NBB	DA SILVA	FORTALEZA BASQUETE CEARENSE	2026-01-20, FOR vs UFC	28	14	4	10	0	0	6	9	1	2	3	1	1	0	1	2
221	2025-26	NBB	SALSAMENDI	FORTALEZA BASQUETE CEARENSE	2026-01-20, FOR vs UFC	34	11	4	8	1	7	0	0	3	2	5	6	4	0	2	5
221	2025-26	NBB	GABRIEL	FORTALEZA BASQUETE CEARENSE	2026-01-20, FOR vs UFC	27	8	0	2	2	4	2	4	1	2	3	0	2	0	1	3
221	2025-26	NBB	ALEX	FORTALEZA BASQUETE CEARENSE	2026-01-20, FOR vs UFC	17	7	2	5	1	3	0	0	3	0	3	1	0	0	1	1
221	2025-26	NBB	JEANZINHO	FORTALEZA BASQUETE CEARENSE	2026-01-20, FOR vs UFC	26	5	2	3	0	4	1	1	2	1	3	8	3	0	1	2
221	2025-26	NBB	GOHLKE	FORTALEZA BASQUETE CEARENSE	2026-01-20, FOR vs UFC	16	3	0	0	1	3	0	0	3	0	3	1	1	0	2	0
221	2025-26	NBB	AUGUSTO VIEIRA	FORTALEZA BASQUETE CEARENSE	2026-01-20, FOR vs UFC	11	0	0	0	0	0	0	0	2	0	2	0	0	0	0	3
221	2025-26	NBB	SAMUEL	FORTALEZA BASQUETE CEARENSE	2026-01-20, FOR vs UFC	7	0	0	0	0	0	0	0	1	2	3	0	0	0	0	3
221	2025-26	NBB	JOAO PAULO	UNIFACISA	2026-01-20, FOR vs UFC	29	18	8	9	0	2	2	4	7	5	12	2	0	1	4	1
221	2025-26	NBB	GERSON	UNIFACISA	2026-01-20, FOR vs UFC	26	12	5	7	0	0	2	2	5	2	7	3	0	0	0	3
221	2025-26	NBB	ANTONIO	UNIFACISA	2026-01-20, FOR vs UFC	24	11	5	5	0	4	1	2	2	1	3	1	1	0	2	3
221	2025-26	NBB	LEAL	UNIFACISA	2026-01-20, FOR vs UFC	8	9	2	4	0	0	5	7	0	1	1	0	1	0	2	2
221	2025-26	NBB	ANTHONY	UNIFACISA	2026-01-20, FOR vs UFC	25	8	0	1	2	4	2	2	1	0	1	1	0	0	6	1
221	2025-26	NBB	JIMMY	UNIFACISA	2026-01-20, FOR vs UFC	35	5	1	2	1	7	0	0	6	2	8	4	3	0	2	1
221	2025-26	NBB	COELHO	UNIFACISA	2026-01-20, FOR vs UFC	21	5	1	3	1	4	0	1	4	0	4	5	2	0	5	4
221	2025-26	NBB	CARR	UNIFACISA	2026-01-20, FOR vs UFC	14	3	0	1	1	2	0	0	4	1	5	0	1	0	3	1
221	2025-26	NBB	FLORES	UNIFACISA	2026-01-20, FOR vs UFC	18	0	0	1	0	4	0	0	0	1	1	3	1	0	1	3
222	2025-26	NBB	EDDY	BASKET OSASCO	2026-01-20, OSA vs RCB	30	17	1	1	5	8	0	0	4	0	4	1	1	0	1	1
222	2025-26	NBB	WEBER	BASKET OSASCO	2026-01-20, OSA vs RCB	21	15	2	6	3	5	2	2	2	0	2	1	1	0	1	3
222	2025-26	NBB	MALACHIAS	BASKET OSASCO	2026-01-20, OSA vs RCB	24	14	4	9	1	3	3	4	5	0	5	2	1	2	2	2
222	2025-26	NBB	THOMAS	BASKET OSASCO	2026-01-20, OSA vs RCB	25	8	1	4	2	3	0	0	1	0	1	2	0	0	0	1
222	2025-26	NBB	DALAQUA	BASKET OSASCO	2026-01-20, OSA vs RCB	22	7	1	4	1	4	2	4	1	0	1	4	1	0	2	4
222	2025-26	NBB	CARIBAUX	BASKET OSASCO	2026-01-20, OSA vs RCB	34	6	1	5	1	2	1	1	3	0	3	9	2	0	3	2
222	2025-26	NBB	HARRIS	BASKET OSASCO	2026-01-20, OSA vs RCB	21	6	3	8	0	3	0	0	1	4	5	1	1	0	2	1
222	2025-26	NBB	PASSOS	BASKET OSASCO	2026-01-20, OSA vs RCB	16	2	1	1	0	0	0	0	4	0	4	0	1	0	1	1
222	2025-26	NBB	BRENO	BASKET OSASCO	2026-01-20, OSA vs RCB	6	0	0	0	0	2	0	0	1	0	1	0	0	0	0	2
222	2025-26	NBB	THYGESEN	CONTA SIMPLES RIO CLARO	2026-01-20, OSA vs RCB	36	21	4	10	3	4	4	6	4	1	5	7	3	0	4	3
222	2025-26	NBB	OWENS	CONTA SIMPLES RIO CLARO	2026-01-20, OSA vs RCB	22	17	5	7	2	3	1	2	5	1	6	1	1	0	3	2
222	2025-26	NBB	GEMADINHA	CONTA SIMPLES RIO CLARO	2026-01-20, OSA vs RCB	27	10	2	7	2	5	0	0	2	0	2	6	1	2	2	3
222	2025-26	NBB	BONFIM	CONTA SIMPLES RIO CLARO	2026-01-20, OSA vs RCB	18	8	4	5	0	1	0	0	4	1	5	0	0	2	2	2
222	2025-26	NBB	PASTOR	CONTA SIMPLES RIO CLARO	2026-01-20, OSA vs RCB	26	7	2	4	1	3	0	0	7	1	8	0	1	0	0	3
222	2025-26	NBB	SCOTT	CONTA SIMPLES RIO CLARO	2026-01-20, OSA vs RCB	15	6	3	8	0	1	0	0	3	1	4	0	0	1	2	3
222	2025-26	NBB	VITOR	CONTA SIMPLES RIO CLARO	2026-01-20, OSA vs RCB	31	4	2	4	0	2	0	0	0	2	2	2	1	0	3	2
222	2025-26	NBB	GUI	CONTA SIMPLES RIO CLARO	2026-01-20, OSA vs RCB	4	2	1	1	0	1	0	0	2	1	3	0	0	0	0	0
222	2025-26	NBB	DOS ANJOS	CONTA SIMPLES RIO CLARO	2026-01-20, OSA vs RCB	18	2	1	2	0	1	0	0	4	0	4	0	0	1	0	2
222	2025-26	NBB	MURILO	CONTA SIMPLES RIO CLARO	2026-01-20, OSA vs RCB	3	0	0	0	0	0	0	0	0	0	0	0	0	0	0	0
223	2025-26	NBB	BEARDEN	VASCO DA GAMA	2026-01-20, VAS vs MOG	33	24	8	12	2	5	2	3	3	0	3	7	2	0	2	3
223	2025-26	NBB	MORGAN	VASCO DA GAMA	2026-01-20, VAS vs MOG	37	15	2	8	2	5	5	6	6	0	6	3	3	0	5	3
223	2025-26	NBB	MAGNA	VASCO DA GAMA	2026-01-20, VAS vs MOG	10	7	3	3	0	0	1	1	0	0	0	2	2	0	1	3
223	2025-26	NBB	MATHIAS	VASCO DA GAMA	2026-01-20, VAS vs MOG	17	7	3	5	0	1	1	2	4	3	7	1	0	2	1	3
223	2025-26	NBB	G. BASILIO	VASCO DA GAMA	2026-01-20, VAS vs MOG	36	3	1	4	0	5	1	2	7	0	7	2	1	0	1	2
223	2025-26	NBB	SERJAO	VASCO DA GAMA	2026-01-20, VAS vs MOG	23	2	1	6	0	0	0	0	4	2	6	1	3	3	0	2
223	2025-26	NBB	ELIAS	VASCO DA GAMA	2026-01-20, VAS vs MOG	17	2	1	2	0	3	0	2	3	1	4	0	0	0	1	2
223	2025-26	NBB	PEDRO NUNES	VASCO DA GAMA	2026-01-20, VAS vs MOG	9	0	0	1	0	4	0	0	0	0	0	0	0	0	0	0
223	2025-26	NBB	ALE	VASCO DA GAMA	2026-01-20, VAS vs MOG	18	0	0	3	0	2	0	0	1	1	2	2	0	0	1	0
223	2025-26	NBB	GABRIEL CAMPOS	MOGI BASQUETE	2026-01-20, VAS vs MOG	30	17	1	3	4	9	3	3	3	1	4	4	0	0	4	3
223	2025-26	NBB	MENCA	MOGI BASQUETE	2026-01-20, VAS vs MOG	26	13	4	5	1	5	2	2	2	1	3	3	1	0	5	3
223	2025-26	NBB	HINKLE	MOGI BASQUETE	2026-01-20, VAS vs MOG	23	9	1	6	2	5	1	4	7	0	7	0	0	0	3	1
223	2025-26	NBB	MAICON DOUGLAS	MOGI BASQUETE	2026-01-20, VAS vs MOG	23	8	4	4	0	0	0	0	6	1	7	1	2	2	0	3
223	2025-26	NBB	PAULO	MOGI BASQUETE	2026-01-20, VAS vs MOG	32	8	1	3	1	6	3	4	9	3	12	1	3	1	2	1
223	2025-26	NBB	DUANE JOHNSON	MOGI BASQUETE	2026-01-20, VAS vs MOG	19	7	2	5	1	4	0	0	4	1	5	0	1	0	0	3
223	2025-26	NBB	DIKEMBE	MOGI BASQUETE	2026-01-20, VAS vs MOG	13	4	2	2	0	0	0	0	4	2	6	0	0	0	1	4
223	2025-26	NBB	ANDERSON	MOGI BASQUETE	2026-01-20, VAS vs MOG	8	1	0	1	0	2	1	2	2	1	3	0	0	0	0	0
223	2025-26	NBB	CALDEIRA	MOGI BASQUETE	2026-01-20, VAS vs MOG	2	0	0	0	0	0	0	0	0	0	0	0	0	0	0	2
223	2025-26	NBB	RUIVO	MOGI BASQUETE	2026-01-20, VAS vs MOG	15	0	0	2	0	3	0	0	0	1	1	5	0	0	1	1
223	2025-26	NBB	VINI CHAGAS	MOGI BASQUETE	2026-01-20, VAS vs MOG	9	0	0	0	0	1	0	0	1	1	2	0	0	0	1	1
224	2025-26	NBB	MCCREE	KTO MINAS	2026-01-21, MIN vs PAT	25	19	6	8	1	4	4	6	7	0	7	5	1	1	5	2
224	2025-26	NBB	WILLIAMS	KTO MINAS	2026-01-21, MIN vs PAT	25	13	4	8	1	5	2	2	1	2	3	1	1	0	4	1
224	2025-26	NBB	R. RACHEL	KTO MINAS	2026-01-21, MIN vs PAT	15	11	2	4	2	4	1	1	4	0	4	1	1	0	2	2
224	2025-26	NBB	FUZARO	KTO MINAS	2026-01-21, MIN vs PAT	18	11	5	6	0	0	1	2	2	1	3	2	2	2	1	3
224	2025-26	NBB	YURI	KTO MINAS	2026-01-21, MIN vs PAT	15	8	2	3	1	2	1	2	1	0	1	0	0	0	2	3
224	2025-26	NBB	RODRIGUEZ	KTO MINAS	2026-01-21, MIN vs PAT	21	7	2	4	1	2	0	0	3	1	4	5	1	0	1	2
224	2025-26	NBB	PARANHOS	KTO MINAS	2026-01-21, MIN vs PAT	18	4	2	6	0	0	0	2	2	1	3	1	2	1	0	0
224	2025-26	NBB	WINI SILVA	KTO MINAS	2026-01-21, MIN vs PAT	22	2	1	2	0	0	0	0	3	2	5	1	2	1	2	3
224	2025-26	NBB	FISCHER	KTO MINAS	2026-01-21, MIN vs PAT	19	0	0	1	0	5	0	0	3	0	3	3	0	0	0	1
224	2025-26	NBB	ARENGO	KTO MINAS	2026-01-21, MIN vs PAT	22	0	0	0	0	2	0	0	0	0	0	2	0	0	3	0
224	2025-26	NBB	THOMPSON	PATO BASQUETE	2026-01-21, MIN vs PAT	24	19	4	12	3	3	2	3	0	0	0	0	3	0	4	2
224	2025-26	NBB	MICHEL	PATO BASQUETE	2026-01-21, MIN vs PAT	30	15	2	6	2	9	5	6	2	1	3	0	1	0	3	2
224	2025-26	NBB	FIDELIS	PATO BASQUETE	2026-01-21, MIN vs PAT	34	13	5	6	1	5	0	2	7	3	10	3	2	1	2	3
224	2025-26	NBB	NAKA	PATO BASQUETE	2026-01-21, MIN vs PAT	26	8	1	5	1	1	3	5	7	0	7	4	1	1	1	0
224	2025-26	NBB	MATEUS	PATO BASQUETE	2026-01-21, MIN vs PAT	19	5	1	1	1	3	0	0	2	1	3	2	1	0	1	0
224	2025-26	NBB	EDU MARILIA	PATO BASQUETE	2026-01-21, MIN vs PAT	20	4	2	2	0	0	0	0	4	2	6	0	2	1	4	4
224	2025-26	NBB	D. PENTEADO	PATO BASQUETE	2026-01-21, MIN vs PAT	23	3	1	4	0	1	1	1	1	0	1	0	0	0	1	2
224	2025-26	NBB	GRIGOR	PATO BASQUETE	2026-01-21, MIN vs PAT	20	0	0	1	0	1	0	0	3	0	3	1	1	2	3	5
224	2025-26	NBB	WILLKER Z.	PATO BASQUETE	2026-01-21, MIN vs PAT	4	0	0	1	0	0	0	0	0	0	0	0	0	1	0	0
225	2025-26	NBB	BARNES	CEISC/UNIAO CORINTHIANS	2026-01-21, UCO vs BAU	41	28	6	9	2	4	10	10	3	1	4	2	0	0	6	4
225	2025-26	NBB	SCOTT	CEISC/UNIAO CORINTHIANS	2026-01-21, UCO vs BAU	40	25	7	9	1	1	8	10	5	2	7	6	2	0	3	2
225	2025-26	NBB	VERISSIMO	CEISC/UNIAO CORINTHIANS	2026-01-21, UCO vs BAU	34	17	5	8	1	1	4	7	4	1	5	3	1	0	1	4
225	2025-26	NBB	CARDENAS	CEISC/UNIAO CORINTHIANS	2026-01-21, UCO vs BAU	21	15	3	8	2	2	3	3	2	3	5	2	0	0	1	5
225	2025-26	NBB	HOLLOWELL	CEISC/UNIAO CORINTHIANS	2026-01-21, UCO vs BAU	41	14	4	6	1	6	3	5	10	2	12	3	2	0	6	5
225	2025-26	NBB	GOES	CEISC/UNIAO CORINTHIANS	2026-01-21, UCO vs BAU	24	2	0	2	0	3	2	2	5	1	6	1	0	0	1	2
225	2025-26	NBB	HETTSHEIMEIR	CEISC/UNIAO CORINTHIANS	2026-01-21, UCO vs BAU	11	2	1	2	0	1	0	0	1	0	1	0	0	0	0	1
225	2025-26	NBB	ROSSETTO	CEISC/UNIAO CORINTHIANS	2026-01-21, UCO vs BAU	4	0	0	1	0	0	0	0	0	0	0	0	0	0	0	1
225	2025-26	NBB	BRANDAO	CEISC/UNIAO CORINTHIANS	2026-01-21, UCO vs BAU	1	0	0	2	0	0	0	0	0	0	0	0	0	0	0	1
225	2025-26	NBB	ISAAC	CEISC/UNIAO CORINTHIANS	2026-01-21, UCO vs BAU	7	0	0	1	0	0	0	0	2	0	2	0	0	0	0	1
225	2025-26	NBB	BARNES	BAURU BASKET	2026-01-21, UCO vs BAU	5	7	0	1	1	2	4	4	0	0	0	0	0	0	0	1
225	2025-26	NBB	SCOTT	BAURU BASKET	2026-01-21, UCO vs BAU	5	6	1	1	0	0	4	6	1	0	1	1	0	0	0	1
225	2025-26	NBB	GOES	BAURU BASKET	2026-01-21, UCO vs BAU	5	2	0	0	0	0	2	2	2	0	2	0	0	0	0	0
225	2025-26	NBB	HOLLOWELL	BAURU BASKET	2026-01-21, UCO vs BAU	4	2	0	0	0	0	2	4	1	1	2	0	0	0	1	1
225	2025-26	NBB	VERISSIMO	BAURU BASKET	2026-01-21, UCO vs BAU	5	0	0	0	0	0	0	0	1	0	1	0	0	0	0	0
225	2025-26	NBB	ISAAC	BAURU BASKET	2026-01-21, UCO vs BAU	2	0	0	0	0	0	0	0	0	0	0	0	0	0	0	0
226	2025-26	NBB	SHAMELL	CAXIAS DO SUL BASQUETE	2026-01-21, CAX vs FRA	24	19	4	6	3	5	2	2	1	0	1	4	1	0	0	2
226	2025-26	NBB	RAFA	CAXIAS DO SUL BASQUETE	2026-01-21, CAX vs FRA	27	17	6	7	1	1	2	2	4	1	5	2	0	0	1	4
226	2025-26	NBB	HUMBERTO	CAXIAS DO SUL BASQUETE	2026-01-21, CAX vs FRA	30	8	3	6	0	0	2	3	3	0	3	3	1	0	7	3
226	2025-26	NBB	OMENA	CAXIAS DO SUL BASQUETE	2026-01-21, CAX vs FRA	24	6	0	0	2	5	0	0	3	0	3	1	1	0	3	3
226	2025-26	NBB	VEZARO	CAXIAS DO SUL BASQUETE	2026-01-21, CAX vs FRA	26	6	0	1	2	3	0	0	2	1	3	4	1	0	2	1
226	2025-26	NBB	TOM	CAXIAS DO SUL BASQUETE	2026-01-21, CAX vs FRA	13	4	2	5	0	0	0	0	1	3	4	0	0	1	1	1
226	2025-26	NBB	MIGUEL	CAXIAS DO SUL BASQUETE	2026-01-21, CAX vs FRA	19	4	2	4	0	1	0	0	1	0	1	1	0	0	1	2
226	2025-26	NBB	FABRIZZIO	CAXIAS DO SUL BASQUETE	2026-01-21, CAX vs FRA	17	2	1	3	0	3	0	1	2	0	2	3	1	0	2	2
226	2025-26	NBB	AUGUSTO	CAXIAS DO SUL BASQUETE	2026-01-21, CAX vs FRA	16	0	0	1	0	1	0	0	2	0	2	1	1	0	2	3
226	2025-26	NBB	TIAGO M.	CAXIAS DO SUL BASQUETE	2026-01-21, CAX vs FRA	6	0	0	0	0	2	0	0	0	0	0	0	0	0	1	0
226	2025-26	NBB	DAVID JACKSON	SESI FRANCA	2026-01-21, CAX vs FRA	28	21	7	9	1	1	4	5	1	0	1	1	3	0	2	0
226	2025-26	NBB	GEORGINHO	SESI FRANCA	2026-01-21, CAX vs FRA	32	17	4	6	1	4	6	6	8	0	8	10	0	0	3	1
226	2025-26	NBB	ZU JR.	SESI FRANCA	2026-01-21, CAX vs FRA	27	13	5	7	1	3	0	0	3	2	5	2	3	0	3	0
226	2025-26	NBB	RODRIGUEZ	SESI FRANCA	2026-01-21, CAX vs FRA	31	13	5	6	1	3	0	0	5	0	5	1	1	1	1	4
226	2025-26	NBB	MINEIRO	SESI FRANCA	2026-01-21, CAX vs FRA	29	12	1	2	1	1	7	8	4	1	5	0	2	0	0	2
226	2025-26	NBB	BENNETT	SESI FRANCA	2026-01-21, CAX vs FRA	20	7	2	4	1	3	0	0	1	0	1	3	1	0	0	3
226	2025-26	NBB	LATERZA	SESI FRANCA	2026-01-21, CAX vs FRA	18	5	0	1	1	3	2	2	2	0	2	6	3	0	1	1
226	2025-26	NBB	VINI	SESI FRANCA	2026-01-21, CAX vs FRA	14	5	1	1	1	2	0	0	0	0	0	0	0	0	0	2
227	2025-26	NBB	DERICK	BOTAFOGO	2026-01-21, BOT vs SJO	32	21	7	12	2	3	1	2	3	1	4	0	1	0	1	2
227	2025-26	NBB	MACHADO	BOTAFOGO	2026-01-21, BOT vs SJO	32	19	2	6	4	7	3	5	4	0	4	5	2	0	2	2
227	2025-26	NBB	MATHEUSINHO	BOTAFOGO	2026-01-21, BOT vs SJO	31	18	3	7	2	6	6	8	3	0	3	8	3	0	2	3
227	2025-26	NBB	SCHEUER	BOTAFOGO	2026-01-21, BOT vs SJO	25	12	3	6	0	0	6	8	4	1	5	2	1	0	0	3
227	2025-26	NBB	EMANUEL	BOTAFOGO	2026-01-21, BOT vs SJO	37	11	1	1	2	4	3	3	5	0	5	1	1	0	2	2
227	2025-26	NBB	MACHADO JR.	BOTAFOGO	2026-01-21, BOT vs SJO	17	4	2	3	0	2	0	0	1	1	2	2	1	0	0	2
227	2025-26	NBB	ABNER	BOTAFOGO	2026-01-21, BOT vs SJO	15	4	2	4	0	0	0	0	2	1	3	0	0	0	0	2
227	2025-26	NBB	NK	BOTAFOGO	2026-01-21, BOT vs SJO	2	0	0	0	0	0	0	0	0	0	0	0	0	0	1	0
227	2025-26	NBB	LUCAS	BOTAFOGO	2026-01-21, BOT vs SJO	8	0	0	0	0	1	0	0	0	0	0	0	1	0	0	0
227	2025-26	NBB	LESSA	MR. MOO SAO JOSE BASKETBALL	2026-01-21, BOT vs SJO	20	17	2	4	4	6	1	1	1	1	2	2	0	0	0	0
227	2025-26	NBB	MILLER	MR. MOO SAO JOSE BASKETBALL	2026-01-21, BOT vs SJO	36	13	1	3	3	7	2	2	5	1	6	3	1	2	0	0
227	2025-26	NBB	DOS SANTOS	MR. MOO SAO JOSE BASKETBALL	2026-01-21, BOT vs SJO	27	12	5	11	0	2	2	4	3	2	5	4	0	2	5	2
227	2025-26	NBB	LEO CRAVERO	MR. MOO SAO JOSE BASKETBALL	2026-01-21, BOT vs SJO	22	10	4	5	0	2	2	3	5	0	5	0	0	0	1	2
227	2025-26	NBB	NICKEL	MR. MOO SAO JOSE BASKETBALL	2026-01-21, BOT vs SJO	21	8	1	1	1	5	3	4	2	0	2	5	2	0	1	1
227	2025-26	NBB	MAIQUE	MR. MOO SAO JOSE BASKETBALL	2026-01-21, BOT vs SJO	22	6	3	4	0	2	0	0	1	5	6	2	0	0	3	4
227	2025-26	NBB	MCCLANAHAN	MR. MOO SAO JOSE BASKETBALL	2026-01-21, BOT vs SJO	22	6	1	4	1	4	1	2	3	1	4	1	0	0	3	4
227	2025-26	NBB	CAUE	MR. MOO SAO JOSE BASKETBALL	2026-01-21, BOT vs SJO	19	6	0	2	2	3	0	0	5	1	6	0	0	0	1	4
227	2025-26	NBB	ANDERSON	MR. MOO SAO JOSE BASKETBALL	2026-01-21, BOT vs SJO	10	2	1	3	0	0	0	0	1	2	3	0	0	0	0	2
228	2025-26	NBB	MACIEL	PINHEIROS	2026-01-21, PIN vs BRA	25	11	3	4	1	1	2	2	8	1	9	1	0	0	1	1
228	2025-26	NBB	BETINHO	PINHEIROS	2026-01-21, PIN vs BRA	17	11	1	2	3	6	0	0	0	0	0	0	1	0	2	5
228	2025-26	NBB	PACHECO	PINHEIROS	2026-01-21, PIN vs BRA	18	10	2	5	1	4	3	4	3	0	3	3	1	0	6	2
228	2025-26	NBB	PASTRE	PINHEIROS	2026-01-21, PIN vs BRA	33	9	0	1	3	5	0	0	4	2	6	2	2	0	2	4
228	2025-26	NBB	AFONSO	PINHEIROS	2026-01-21, PIN vs BRA	18	9	4	4	0	0	1	2	4	5	9	1	1	1	0	1
228	2025-26	NBB	AGAPY	PINHEIROS	2026-01-21, PIN vs BRA	18	8	4	5	0	0	0	1	3	2	5	0	0	4	1	2
228	2025-26	NBB	SLOAN	PINHEIROS	2026-01-21, PIN vs BRA	30	8	2	9	0	3	4	5	2	1	3	6	1	0	4	1
228	2025-26	NBB	PENHA JR.	PINHEIROS	2026-01-21, PIN vs BRA	20	4	1	3	0	7	2	2	3	3	6	1	2	0	0	1
228	2025-26	NBB	GREGATE	PINHEIROS	2026-01-21, PIN vs BRA	20	0	0	1	0	3	0	0	0	1	1	3	1	0	1	1
228	2025-26	NBB	CRESCENZI	CAIXA/BRASILIA	2026-01-21, PIN vs BRA	33	19	1	4	5	8	2	4	4	0	4	1	1	0	0	1
228	2025-26	NBB	BRUNAO	CAIXA/BRASILIA	2026-01-21, PIN vs BRA	18	8	2	9	0	1	4	4	2	3	5	0	1	0	1	5
228	2025-26	NBB	PAULICHI	CAIXA/BRASILIA	2026-01-21, PIN vs BRA	33	8	1	2	2	6	0	0	6	4	10	3	0	0	4	2
228	2025-26	NBB	VON HAYDIN	CAIXA/BRASILIA	2026-01-21, PIN vs BRA	20	7	0	1	2	13	1	1	0	3	3	2	0	1	2	2
228	2025-26	NBB	CORVALAN	CAIXA/BRASILIA	2026-01-21, PIN vs BRA	34	6	2	4	0	5	2	4	0	1	1	5	3	0	2	1
228	2025-26	NBB	LUCAS	CAIXA/BRASILIA	2026-01-21, PIN vs BRA	16	6	1	1	1	5	1	2	0	1	1	1	1	1	0	1
228	2025-26	NBB	CARBONARI	CAIXA/BRASILIA	2026-01-21, PIN vs BRA	18	4	2	3	0	1	0	0	4	3	7	2	2	0	2	1
228	2025-26	NBB	PEDRO	CAIXA/BRASILIA	2026-01-21, PIN vs BRA	17	3	0	0	1	1	0	0	1	0	1	3	0	0	0	1
228	2025-26	NBB	BUIU	CAIXA/BRASILIA	2026-01-21, PIN vs BRA	10	3	0	3	1	2	0	0	2	2	4	1	1	0	1	3
229	2025-26	NBB	NEGRETE	FLAMENGO	2026-01-22, FLA vs MOG	30	22	6	7	2	2	4	4	6	0	6	4	2	0	5	2
229	2025-26	NBB	KAYO	FLAMENGO	2026-01-22, FLA vs MOG	26	18	0	0	6	6	0	0	2	0	2	0	0	0	0	1
229	2025-26	NBB	GUI	FLAMENGO	2026-01-22, FLA vs MOG	32	13	0	1	3	6	4	4	5	0	5	5	2	0	4	1
229	2025-26	NBB	JHONATAN	FLAMENGO	2026-01-22, FLA vs MOG	20	10	1	2	2	5	2	2	2	0	2	0	1	0	1	1
229	2025-26	NBB	CUMMINGS	FLAMENGO	2026-01-22, FLA vs MOG	20	7	3	7	0	1	1	2	4	1	5	0	1	0	3	3
229	2025-26	NBB	BARALLE	FLAMENGO	2026-01-22, FLA vs MOG	19	5	1	1	1	5	0	0	2	1	3	4	1	0	1	2
229	2025-26	NBB	MANEL	FLAMENGO	2026-01-22, FLA vs MOG	14	2	1	1	0	2	0	0	0	0	0	0	0	0	1	1
229	2025-26	NBB	WESLEY	FLAMENGO	2026-01-22, FLA vs MOG	20	2	1	3	0	1	0	0	3	1	4	1	2	0	3	2
229	2025-26	NBB	GUEIROS	FLAMENGO	2026-01-22, FLA vs MOG	20	2	0	1	0	3	2	4	0	1	1	0	1	0	0	3
229	2025-26	NBB	MENCA	MOGI BASQUETE	2026-01-22, FLA vs MOG	28	16	3	4	2	6	4	4	3	0	3	3	1	0	2	3
229	2025-26	NBB	GABRIEL CAMPOS	MOGI BASQUETE	2026-01-22, FLA vs MOG	26	15	1	5	3	6	4	4	0	0	0	1	3	0	3	1
229	2025-26	NBB	HINKLE	MOGI BASQUETE	2026-01-22, FLA vs MOG	25	10	2	4	1	6	3	4	5	0	5	0	0	0	1	2
229	2025-26	NBB	DIKEMBE	MOGI BASQUETE	2026-01-22, FLA vs MOG	20	8	4	6	0	0	0	1	4	2	6	2	1	0	2	4
229	2025-26	NBB	DUANE JOHNSON	MOGI BASQUETE	2026-01-22, FLA vs MOG	22	8	1	3	2	4	0	0	0	1	1	3	1	1	1	1
229	2025-26	NBB	MAICON DOUGLAS	MOGI BASQUETE	2026-01-22, FLA vs MOG	18	6	3	5	0	0	0	1	2	2	4	0	1	0	1	2
229	2025-26	NBB	ANDERSON	MOGI BASQUETE	2026-01-22, FLA vs MOG	18	5	2	2	0	2	1	3	2	2	4	1	2	0	2	1
229	2025-26	NBB	PAULO	MOGI BASQUETE	2026-01-22, FLA vs MOG	23	4	2	4	0	1	0	0	1	1	2	2	0	1	4	3
229	2025-26	NBB	RUIVO	MOGI BASQUETE	2026-01-22, FLA vs MOG	17	3	0	0	1	4	0	0	2	0	2	4	0	0	0	1
229	2025-26	NBB	VINI CHAGAS	MOGI BASQUETE	2026-01-22, FLA vs MOG	4	0	0	0	0	0	0	0	0	0	0	0	0	0	0	0
230	2025-26	NBB	MICHEL	PATO BASQUETE	2026-02-02, PAT vs VAS	34	15	3	4	2	7	3	3	4	1	5	3	3	0	1	1
230	2025-26	NBB	EDU MARILIA	PATO BASQUETE	2026-02-02, PAT vs VAS	24	14	1	2	3	5	3	5	6	1	7	2	2	0	3	5
230	2025-26	NBB	THOMPSON	PATO BASQUETE	2026-02-02, PAT vs VAS	18	12	5	10	0	2	2	2	1	0	1	0	2	0	3	1
230	2025-26	NBB	D. PENTEADO	PATO BASQUETE	2026-02-02, PAT vs VAS	28	9	3	3	1	5	0	0	1	0	1	1	1	0	1	0
230	2025-26	NBB	NAKA	PATO BASQUETE	2026-02-02, PAT vs VAS	28	8	2	3	1	3	1	1	0	0	0	2	0	0	1	3
230	2025-26	NBB	FIDELIS	PATO BASQUETE	2026-02-02, PAT vs VAS	28	6	3	4	0	2	0	1	2	0	2	2	1	1	1	5
230	2025-26	NBB	HORTON	PATO BASQUETE	2026-02-02, PAT vs VAS	19	5	0	2	0	1	5	5	2	0	2	0	1	0	1	3
230	2025-26	NBB	GRIGOR	PATO BASQUETE	2026-02-02, PAT vs VAS	19	4	1	1	0	3	2	2	2	4	6	0	1	1	1	4
230	2025-26	NBB	WILLKER Z.	PATO BASQUETE	2026-02-02, PAT vs VAS	3	2	1	1	0	0	0	0	2	0	2	0	0	0	0	3
230	2025-26	NBB	G. BASILIO	VASCO DA GAMA	2026-02-02, PAT vs VAS	40	19	3	3	1	4	10	10	3	1	4	2	2	0	2	1
230	2025-26	NBB	MORGAN	VASCO DA GAMA	2026-02-02, PAT vs VAS	25	15	1	2	4	9	1	2	2	0	2	0	0	0	4	2
230	2025-26	NBB	BEARDEN	VASCO DA GAMA	2026-02-02, PAT vs VAS	21	14	5	8	1	2	1	2	2	0	2	1	2	0	2	2
230	2025-26	NBB	SERJAO	VASCO DA GAMA	2026-02-02, PAT vs VAS	22	10	1	3	2	3	2	4	2	0	2	0	0	0	1	3
230	2025-26	NBB	MATHIAS	VASCO DA GAMA	2026-02-02, PAT vs VAS	25	9	3	4	0	0	3	3	5	2	7	1	0	0	3	3
230	2025-26	NBB	ALE	VASCO DA GAMA	2026-02-02, PAT vs VAS	19	7	2	2	0	1	3	3	3	0	3	5	0	0	2	2
230	2025-26	NBB	ELIAS	VASCO DA GAMA	2026-02-02, PAT vs VAS	12	4	2	3	0	1	0	0	1	1	2	1	0	0	0	1
230	2025-26	NBB	MAGNA	VASCO DA GAMA	2026-02-02, PAT vs VAS	11	3	0	1	1	3	0	0	1	1	2	0	0	0	1	0
230	2025-26	NBB	PEDRO NUNES	VASCO DA GAMA	2026-02-02, PAT vs VAS	26	3	0	1	1	4	0	0	2	1	3	0	1	0	1	3
231	2025-26	NBB	GEORGINHO	SESI FRANCA	2026-02-03, FRA vs CAP	35	24	3	8	4	7	6	6	6	1	7	5	0	1	4	0
231	2025-26	NBB	DAVID JACKSON	SESI FRANCA	2026-02-03, FRA vs CAP	32	15	1	5	1	3	10	10	6	0	6	2	1	0	2	3
231	2025-26	NBB	MINEIRO	SESI FRANCA	2026-02-03, FRA vs CAP	29	10	3	4	1	2	1	5	2	2	4	2	1	0	0	1
231	2025-26	NBB	BENNETT	SESI FRANCA	2026-02-03, FRA vs CAP	33	10	1	2	2	4	2	2	0	0	0	3	0	0	2	2
231	2025-26	NBB	RODRIGUEZ	SESI FRANCA	2026-02-03, FRA vs CAP	26	10	4	7	0	1	2	3	2	3	5	2	0	0	2	3
231	2025-26	NBB	ZU JR.	SESI FRANCA	2026-02-03, FRA vs CAP	21	9	2	3	1	2	2	2	2	0	2	1	0	0	3	3
231	2025-26	NBB	LATERZA	SESI FRANCA	2026-02-03, FRA vs CAP	20	9	0	0	3	4	0	0	0	0	0	3	1	0	2	3
231	2025-26	NBB	PIA	SESI FRANCA	2026-02-03, FRA vs CAP	2	2	1	1	0	1	0	0	1	0	1	0	0	0	0	1
231	2025-26	NBB	VINI	SESI FRANCA	2026-02-03, FRA vs CAP	2	0	0	0	0	3	0	0	0	0	0	0	0	0	0	1
231	2025-26	NBB	HUNTER	PAULISTANO	2026-02-03, FRA vs CAP	32	23	5	8	3	6	4	4	4	2	6	1	0	0	1	5
231	2025-26	NBB	VITINHO	PAULISTANO	2026-02-03, FRA vs CAP	32	18	4	7	3	7	1	2	1	2	3	6	0	0	0	2
231	2025-26	NBB	GUI ABREU	PAULISTANO	2026-02-03, FRA vs CAP	38	12	4	7	0	4	4	6	4	1	5	1	4	1	2	2
231	2025-26	NBB	TOVAR	PAULISTANO	2026-02-03, FRA vs CAP	20	10	5	6	0	2	0	0	4	1	5	3	2	0	3	2
231	2025-26	NBB	LEANDRO	PAULISTANO	2026-02-03, FRA vs CAP	22	9	3	4	0	0	3	6	1	3	4	1	2	0	0	3
231	2025-26	NBB	DEMETRIO	PAULISTANO	2026-02-03, FRA vs CAP	21	8	3	4	0	0	2	4	3	0	3	0	0	0	0	3
231	2025-26	NBB	SEIXAS	PAULISTANO	2026-02-03, FRA vs CAP	19	6	0	1	2	4	0	0	2	0	2	1	3	0	1	5
231	2025-26	NBB	RAFAEL	PAULISTANO	2026-02-03, FRA vs CAP	6	3	0	0	1	3	0	0	0	0	0	0	0	0	0	0
231	2025-26	NBB	ARAGAO	PAULISTANO	2026-02-03, FRA vs CAP	10	2	1	1	0	2	0	0	0	0	0	0	1	0	0	0
232	2025-26	NBB	THYGESEN	CONTA SIMPLES RIO CLARO	2026-02-03, RCB vs CAX	36	15	3	4	2	6	3	6	2	1	3	6	1	0	4	3
232	2025-26	NBB	GEMADINHA	CONTA SIMPLES RIO CLARO	2026-02-03, RCB vs CAX	29	14	3	4	2	6	2	2	4	0	4	3	3	0	1	3
232	2025-26	NBB	OWENS	CONTA SIMPLES RIO CLARO	2026-02-03, RCB vs CAX	19	13	6	8	0	0	1	1	3	2	5	0	1	0	2	3
232	2025-26	NBB	SCOTT	CONTA SIMPLES RIO CLARO	2026-02-03, RCB vs CAX	28	12	5	8	0	1	2	5	4	0	4	3	0	0	2	1
232	2025-26	NBB	BONFIM	CONTA SIMPLES RIO CLARO	2026-02-03, RCB vs CAX	18	11	4	9	0	0	3	6	5	3	8	0	0	4	1	5
232	2025-26	NBB	VITOR	CONTA SIMPLES RIO CLARO	2026-02-03, RCB vs CAX	29	8	2	4	0	4	4	6	3	4	7	3	0	0	0	5
232	2025-26	NBB	COSTA	CONTA SIMPLES RIO CLARO	2026-02-03, RCB vs CAX	20	4	1	1	0	3	2	2	1	0	1	0	0	0	0	1
232	2025-26	NBB	PASTOR	CONTA SIMPLES RIO CLARO	2026-02-03, RCB vs CAX	13	2	1	2	0	0	0	0	4	1	5	0	0	0	1	0
232	2025-26	NBB	DOS ANJOS	CONTA SIMPLES RIO CLARO	2026-02-03, RCB vs CAX	8	0	0	1	0	1	0	0	2	1	3	0	0	0	0	5
232	2025-26	NBB	RAFA	CAXIAS DO SUL BASQUETE	2026-02-03, RCB vs CAX	20	22	8	8	0	1	6	6	3	4	7	0	0	0	1	2
232	2025-26	NBB	HUMBERTO	CAXIAS DO SUL BASQUETE	2026-02-03, RCB vs CAX	30	17	5	9	1	2	4	8	8	2	10	1	0	0	6	4
232	2025-26	NBB	VEZARO	CAXIAS DO SUL BASQUETE	2026-02-03, RCB vs CAX	33	12	2	3	2	7	2	3	3	2	5	2	1	0	2	2
232	2025-26	NBB	FABRIZZIO	CAXIAS DO SUL BASQUETE	2026-02-03, RCB vs CAX	17	10	0	1	2	3	4	7	0	1	1	3	0	0	1	2
232	2025-26	NBB	SHAMELL	CAXIAS DO SUL BASQUETE	2026-02-03, RCB vs CAX	26	9	2	4	0	4	5	6	3	1	4	4	1	0	1	3
232	2025-26	NBB	TOM	CAXIAS DO SUL BASQUETE	2026-02-03, RCB vs CAX	14	3	1	6	0	0	1	8	1	3	4	1	1	1	0	1
232	2025-26	NBB	MIGUEL	CAXIAS DO SUL BASQUETE	2026-02-03, RCB vs CAX	10	0	0	0	0	1	0	0	0	0	0	0	0	0	0	0
232	2025-26	NBB	AUGUSTO	CAXIAS DO SUL BASQUETE	2026-02-03, RCB vs CAX	20	0	0	2	0	3	0	0	1	1	2	1	2	0	0	5
232	2025-26	NBB	OMENA	CAXIAS DO SUL BASQUETE	2026-02-03, RCB vs CAX	23	0	0	2	0	3	0	0	2	1	3	3	1	0	1	1
232	2025-26	NBB	TIAGO M.	CAXIAS DO SUL BASQUETE	2026-02-03, RCB vs CAX	6	0	0	0	0	1	0	0	0	0	0	1	0	0	0	3
233	2025-26	NBB	VON HAYDIN	CAIXA/BRASILIA	2026-02-03, BRA vs UCO	33	27	1	6	6	10	7	7	5	1	6	1	1	1	1	1
233	2025-26	NBB	BUIU	CAIXA/BRASILIA	2026-02-03, BRA vs UCO	31	23	5	8	4	6	1	1	4	2	6	1	2	0	3	1
233	2025-26	NBB	CORVALAN	CAIXA/BRASILIA	2026-02-03, BRA vs UCO	28	19	2	2	2	7	9	10	4	0	4	6	1	0	2	3
233	2025-26	NBB	LUCAS	CAIXA/BRASILIA	2026-02-03, BRA vs UCO	26	7	2	3	1	6	0	0	4	1	5	5	0	0	1	2
233	2025-26	NBB	BRUNAO	CAIXA/BRASILIA	2026-02-03, BRA vs UCO	32	6	1	4	0	2	4	8	7	3	10	0	1	2	4	3
233	2025-26	NBB	PAULICHI	CAIXA/BRASILIA	2026-02-03, BRA vs UCO	30	5	1	4	1	2	0	0	1	4	5	1	0	0	1	2
233	2025-26	NBB	CARBONARI	CAIXA/BRASILIA	2026-02-03, BRA vs UCO	8	2	1	1	0	1	0	0	0	1	1	1	2	0	3	2
233	2025-26	NBB	BELLER	CAIXA/BRASILIA	2026-02-03, BRA vs UCO	8	0	0	0	0	1	0	0	0	1	1	1	2	0	1	1
233	2025-26	NBB	GUSTAVO	CAIXA/BRASILIA	2026-02-03, BRA vs UCO	2	0	0	0	0	0	0	0	0	0	0	0	0	0	0	0
233	2025-26	NBB	MOSQUITO	CAIXA/BRASILIA	2026-02-03, BRA vs UCO	2	0	0	1	0	0	0	0	1	0	1	0	0	0	0	1
233	2025-26	NBB	HOLLOWELL	CEISC/UNIAO CORINTHIANS	2026-02-03, BRA vs UCO	26	13	3	10	1	5	4	4	4	5	9	6	1	0	5	4
233	2025-26	NBB	VERISSIMO	CEISC/UNIAO CORINTHIANS	2026-02-03, BRA vs UCO	22	12	6	9	0	2	0	0	4	2	6	0	3	0	3	1
233	2025-26	NBB	SCOTT	CEISC/UNIAO CORINTHIANS	2026-02-03, BRA vs UCO	25	10	5	9	0	0	0	1	3	2	5	2	1	0	2	3
233	2025-26	NBB	BARNES	CEISC/UNIAO CORINTHIANS	2026-02-03, BRA vs UCO	27	10	2	4	2	7	0	0	1	0	1	0	2	0	1	1
233	2025-26	NBB	CARDENAS	CEISC/UNIAO CORINTHIANS	2026-02-03, BRA vs UCO	26	8	4	8	0	0	0	0	1	5	6	0	0	2	0	3
233	2025-26	NBB	HETTSHEIMEIR	CEISC/UNIAO CORINTHIANS	2026-02-03, BRA vs UCO	18	8	0	3	2	6	2	2	2	1	3	0	0	0	0	2
233	2025-26	NBB	ISAAC	CEISC/UNIAO CORINTHIANS	2026-02-03, BRA vs UCO	16	3	1	3	0	1	1	1	0	1	1	1	0	0	1	1
233	2025-26	NBB	ROSSETTO	CEISC/UNIAO CORINTHIANS	2026-02-03, BRA vs UCO	13	0	0	0	0	0	0	0	1	0	1	0	1	0	0	1
233	2025-26	NBB	BRANDAO	CEISC/UNIAO CORINTHIANS	2026-02-03, BRA vs UCO	4	0	0	0	0	0	0	0	1	0	1	0	0	2	2	0
233	2025-26	NBB	GOES	CEISC/UNIAO CORINTHIANS	2026-02-03, BRA vs UCO	20	0	0	0	0	5	0	0	1	0	1	0	1	0	1	2
233	2025-26	NBB	RENAN	CEISC/UNIAO CORINTHIANS	2026-02-03, BRA vs UCO	3	0	0	0	0	0	0	0	0	0	0	0	0	0	0	0
234	2025-26	NBB	MILLER	MR. MOO SAO JOSE BASKETBALL	2026-02-04, SJO vs FOR	39	24	1	3	7	11	1	1	3	0	3	1	2	0	3	3
234	2025-26	NBB	ADYEL	MR. MOO SAO JOSE BASKETBALL	2026-02-04, SJO vs FOR	35	18	2	7	2	8	8	9	6	1	7	10	2	0	5	3
234	2025-26	NBB	ANDERSON	MR. MOO SAO JOSE BASKETBALL	2026-02-04, SJO vs FOR	32	18	6	7	0	0	6	7	5	2	7	3	1	1	1	2
234	2025-26	NBB	DOS SANTOS	MR. MOO SAO JOSE BASKETBALL	2026-02-04, SJO vs FOR	28	15	4	8	1	2	4	8	4	4	8	1	0	1	2	3
234	2025-26	NBB	LESSA	MR. MOO SAO JOSE BASKETBALL	2026-02-04, SJO vs FOR	21	10	3	3	1	2	1	1	1	0	1	5	1	1	1	3
234	2025-26	NBB	LEO CRAVERO	MR. MOO SAO JOSE BASKETBALL	2026-02-04, SJO vs FOR	23	8	4	4	0	4	0	1	2	1	3	4	3	1	1	2
234	2025-26	NBB	CAUE	MR. MOO SAO JOSE BASKETBALL	2026-02-04, SJO vs FOR	13	4	0	1	0	0	4	4	4	0	4	2	0	1	2	3
234	2025-26	NBB	PESSOA	MR. MOO SAO JOSE BASKETBALL	2026-02-04, SJO vs FOR	1	0	0	1	0	0	0	0	0	0	0	0	0	0	0	0
234	2025-26	NBB	ISAQUE	MR. MOO SAO JOSE BASKETBALL	2026-02-04, SJO vs FOR	1	0	0	0	0	1	0	0	0	0	0	0	0	0	0	0
234	2025-26	NBB	BADU	MR. MOO SAO JOSE BASKETBALL	2026-02-04, SJO vs FOR	1	0	0	0	0	0	0	0	0	0	0	0	0	0	0	0
234	2025-26	NBB	NICKEL	MR. MOO SAO JOSE BASKETBALL	2026-02-04, SJO vs FOR	6	0	0	1	0	1	0	0	0	0	0	1	0	0	0	0
234	2025-26	NBB	JOAO GUIMARAES	MR. MOO SAO JOSE BASKETBALL	2026-02-04, SJO vs FOR	1	0	0	0	0	1	0	0	1	1	2	0	0	0	0	0
234	2025-26	NBB	GABRIEL	FORTALEZA BASQUETE CEARENSE	2026-02-04, SJO vs FOR	34	25	3	8	5	14	4	5	0	1	1	1	0	0	3	2
234	2025-26	NBB	SALSAMENDI	FORTALEZA BASQUETE CEARENSE	2026-02-04, SJO vs FOR	37	15	5	6	1	4	2	2	5	2	7	6	4	1	0	3
234	2025-26	NBB	ALBERTON	FORTALEZA BASQUETE CEARENSE	2026-02-04, SJO vs FOR	14	13	2	5	0	0	9	9	4	6	10	0	1	0	4	3
234	2025-26	NBB	DUPREE	FORTALEZA BASQUETE CEARENSE	2026-02-04, SJO vs FOR	37	11	3	8	1	7	2	2	2	2	4	6	1	0	3	3
234	2025-26	NBB	DA SILVA	FORTALEZA BASQUETE CEARENSE	2026-02-04, SJO vs FOR	33	10	5	12	0	3	0	2	8	7	15	2	3	0	2	3
234	2025-26	NBB	JEANZINHO	FORTALEZA BASQUETE CEARENSE	2026-02-04, SJO vs FOR	17	3	1	2	0	2	1	2	3	1	4	0	2	0	1	4
234	2025-26	NBB	AUGUSTO VIEIRA	FORTALEZA BASQUETE CEARENSE	2026-02-04, SJO vs FOR	16	3	0	5	1	3	0	0	1	0	1	1	0	1	0	4
234	2025-26	NBB	SAMUEL	FORTALEZA BASQUETE CEARENSE	2026-02-04, SJO vs FOR	11	2	1	1	0	0	0	2	1	5	6	0	1	0	0	1
234	2025-26	NBB	CAUA	FORTALEZA BASQUETE CEARENSE	2026-02-04, SJO vs FOR	1	0	0	0	0	0	0	0	0	0	0	0	0	0	0	0
235	2025-26	NBB	HARRIS	BASKET OSASCO	2026-02-04, OSA vs PIN	28	19	6	10	1	5	4	4	2	2	4	4	1	2	2	3
235	2025-26	NBB	GRANT	BASKET OSASCO	2026-02-04, OSA vs PIN	20	11	4	6	0	3	3	6	2	1	3	0	2	0	0	3
235	2025-26	NBB	CARIBAUX	BASKET OSASCO	2026-02-04, OSA vs PIN	19	11	1	3	3	5	0	0	1	0	1	2	2	0	2	0
235	2025-26	NBB	TAREK	BASKET OSASCO	2026-02-04, OSA vs PIN	17	7	1	3	1	2	2	4	5	4	9	2	1	0	2	4
235	2025-26	NBB	MALACHIAS	BASKET OSASCO	2026-02-04, OSA vs PIN	21	7	2	7	0	0	3	4	4	0	4	0	1	2	1	3
235	2025-26	NBB	EDDY	BASKET OSASCO	2026-02-04, OSA vs PIN	23	6	0	2	2	8	0	0	3	2	5	2	0	2	3	2
235	2025-26	NBB	PASSOS	BASKET OSASCO	2026-02-04, OSA vs PIN	18	4	2	2	0	0	0	0	1	2	3	1	1	0	1	1
235	2025-26	NBB	BRENO	BASKET OSASCO	2026-02-04, OSA vs PIN	9	3	1	1	0	2	1	2	0	0	0	0	1	0	0	1
235	2025-26	NBB	DALAQUA	BASKET OSASCO	2026-02-04, OSA vs PIN	17	3	0	1	1	5	0	0	1	0	1	3	0	0	1	1
235	2025-26	NBB	THOMAS	BASKET OSASCO	2026-02-04, OSA vs PIN	14	2	1	4	0	3	0	0	2	1	3	0	0	0	1	2
235	2025-26	NBB	LEONI	BASKET OSASCO	2026-02-04, OSA vs PIN	12	0	0	0	0	3	0	0	0	0	0	3	1	0	0	1
235	2025-26	NBB	DJALO	PINHEIROS	2026-02-04, OSA vs PIN	17	17	1	3	3	7	6	6	5	0	5	0	0	0	2	0
235	2025-26	NBB	MACIEL	PINHEIROS	2026-02-04, OSA vs PIN	20	15	3	4	3	5	0	1	9	1	10	1	1	0	1	1
235	2025-26	NBB	SLOAN	PINHEIROS	2026-02-04, OSA vs PIN	22	15	3	6	2	4	3	4	4	0	4	10	1	0	3	2
235	2025-26	NBB	AGAPY	PINHEIROS	2026-02-04, OSA vs PIN	16	11	4	5	0	1	3	6	1	5	6	1	0	0	1	0
235	2025-26	NBB	GREGATE	PINHEIROS	2026-02-04, OSA vs PIN	20	10	3	4	1	3	1	3	1	1	2	5	2	0	2	0
235	2025-26	NBB	PACHECO	PINHEIROS	2026-02-04, OSA vs PIN	13	7	1	1	1	2	2	2	2	0	2	2	1	0	3	3
235	2025-26	NBB	PENHA JR.	PINHEIROS	2026-02-04, OSA vs PIN	25	7	2	4	1	3	0	0	3	2	5	0	2	0	0	2
235	2025-26	NBB	AFONSO	PINHEIROS	2026-02-04, OSA vs PIN	18	4	1	5	0	0	2	3	3	1	4	0	0	1	0	3
235	2025-26	NBB	BETINHO	PINHEIROS	2026-02-04, OSA vs PIN	20	3	0	1	1	5	0	1	2	0	2	3	0	0	1	2
235	2025-26	NBB	BRAYAN	PINHEIROS	2026-02-04, OSA vs PIN	8	2	1	1	0	1	0	0	2	1	3	1	0	0	0	2
235	2025-26	NBB	PASTRE	PINHEIROS	2026-02-04, OSA vs PIN	10	2	1	1	0	2	0	0	0	1	1	1	0	0	0	1
235	2025-26	NBB	NASCIMENTO	PINHEIROS	2026-02-04, OSA vs PIN	11	2	1	1	0	3	0	0	0	0	0	1	0	0	1	2
236	2025-26	NBB	HORTON	PATO BASQUETE	2026-02-04, PAT vs FLA	31	15	3	7	1	1	6	8	5	2	7	4	3	1	4	1
236	2025-26	NBB	THOMPSON	PATO BASQUETE	2026-02-04, PAT vs FLA	26	13	5	10	1	3	0	2	2	0	2	3	0	0	2	2
236	2025-26	NBB	N. GOMES	PATO BASQUETE	2026-02-04, PAT vs FLA	26	13	5	7	1	4	0	0	4	4	8	2	3	0	2	1
236	2025-26	NBB	EDU MARILIA	PATO BASQUETE	2026-02-04, PAT vs FLA	22	11	2	4	1	2	4	6	9	3	12	1	0	3	1	4
236	2025-26	NBB	MICHEL	PATO BASQUETE	2026-02-04, PAT vs FLA	26	9	0	1	3	10	0	0	2	0	2	3	3	0	1	0
236	2025-26	NBB	NAKA	PATO BASQUETE	2026-02-04, PAT vs FLA	14	8	3	5	0	0	2	3	2	0	2	1	1	0	1	0
236	2025-26	NBB	WILLKER Z.	PATO BASQUETE	2026-02-04, PAT vs FLA	10	5	2	4	0	0	1	3	2	2	4	0	0	0	0	3
236	2025-26	NBB	D. PENTEADO	PATO BASQUETE	2026-02-04, PAT vs FLA	12	3	0	0	1	3	0	0	2	0	2	1	1	0	0	1
236	2025-26	NBB	MATEUS	PATO BASQUETE	2026-02-04, PAT vs FLA	11	3	0	0	1	2	0	0	2	1	3	0	0	0	1	2
236	2025-26	NBB	GRIGOR	PATO BASQUETE	2026-02-04, PAT vs FLA	8	2	1	2	0	0	0	0	1	3	4	1	0	0	2	3
236	2025-26	NBB	FIDELIS	PATO BASQUETE	2026-02-04, PAT vs FLA	15	2	1	3	0	2	0	1	2	1	3	2	0	0	3	3
236	2025-26	NBB	JOHNSON SR.	FLAMENGO	2026-02-04, PAT vs FLA	28	14	1	4	4	8	0	0	0	2	2	0	0	0	4	4
236	2025-26	NBB	CUMMINGS	FLAMENGO	2026-02-04, PAT vs FLA	20	9	1	3	1	3	4	6	1	0	1	1	0	0	3	0
236	2025-26	NBB	NEGRETE	FLAMENGO	2026-02-04, PAT vs FLA	20	6	0	4	1	1	3	4	2	0	2	2	0	0	3	2
236	2025-26	NBB	GUEIROS	FLAMENGO	2026-02-04, PAT vs FLA	16	4	2	3	0	2	0	0	0	0	0	1	2	0	1	3
236	2025-26	NBB	DORIA	FLAMENGO	2026-02-04, PAT vs FLA	8	4	2	3	0	0	0	1	3	2	5	0	0	0	0	1
236	2025-26	NBB	WESLEY	FLAMENGO	2026-02-04, PAT vs FLA	17	3	1	2	0	2	1	2	3	1	4	0	5	1	2	4
236	2025-26	NBB	GUI	FLAMENGO	2026-02-04, PAT vs FLA	18	3	0	0	1	3	0	3	1	2	3	2	1	0	4	0
236	2025-26	NBB	KAYO	FLAMENGO	2026-02-04, PAT vs FLA	17	3	0	1	1	8	0	0	2	0	2	1	1	0	0	1
236	2025-26	NBB	BARALLE	FLAMENGO	2026-02-04, PAT vs FLA	23	3	1	1	0	7	1	1	3	2	5	2	1	0	0	1
236	2025-26	NBB	JHONATAN	FLAMENGO	2026-02-04, PAT vs FLA	16	2	0	1	0	2	2	3	1	0	1	0	1	0	0	2
236	2025-26	NBB	MANEL	FLAMENGO	2026-02-04, PAT vs FLA	17	2	0	1	0	0	2	2	5	1	6	0	0	2	2	2
237	2025-26	NBB	SCOTT	CONTA SIMPLES RIO CLARO	2026-02-05, RCB vs UCO	24	23	7	9	1	2	6	7	1	0	1	5	2	1	0	2
237	2025-26	NBB	OWENS	CONTA SIMPLES RIO CLARO	2026-02-05, RCB vs UCO	15	16	7	9	0	1	2	3	1	1	2	0	0	1	1	3
237	2025-26	NBB	BONFIM	CONTA SIMPLES RIO CLARO	2026-02-05, RCB vs UCO	25	12	3	6	0	0	6	8	3	4	7	0	1	1	2	4
237	2025-26	NBB	GEMADINHA	CONTA SIMPLES RIO CLARO	2026-02-05, RCB vs UCO	36	12	1	6	2	9	4	6	2	1	3	2	0	0	3	4
237	2025-26	NBB	THYGESEN	CONTA SIMPLES RIO CLARO	2026-02-05, RCB vs UCO	31	11	3	9	1	3	2	2	4	0	4	3	1	0	0	2
237	2025-26	NBB	DOS ANJOS	CONTA SIMPLES RIO CLARO	2026-02-05, RCB vs UCO	15	6	3	3	0	3	0	0	2	1	3	0	0	0	1	1
237	2025-26	NBB	VITOR	CONTA SIMPLES RIO CLARO	2026-02-05, RCB vs UCO	30	1	0	2	0	3	1	2	2	7	9	1	0	0	1	3
237	2025-26	NBB	COSTA	CONTA SIMPLES RIO CLARO	2026-02-05, RCB vs UCO	15	1	0	0	0	1	1	2	3	0	3	0	0	0	0	4
237	2025-26	NBB	PASTOR	CONTA SIMPLES RIO CLARO	2026-02-05, RCB vs UCO	8	0	0	3	0	0	0	0	4	1	5	0	0	0	0	3
237	2025-26	NBB	SCOTT	CEISC/UNIAO CORINTHIANS	2026-02-05, RCB vs UCO	34	27	11	15	0	4	5	11	4	3	7	1	2	0	1	3
237	2025-26	NBB	HOLLOWELL	CEISC/UNIAO CORINTHIANS	2026-02-05, RCB vs UCO	32	13	4	5	1	2	2	3	8	1	9	6	2	1	3	3
237	2025-26	NBB	BARNES	CEISC/UNIAO CORINTHIANS	2026-02-05, RCB vs UCO	35	12	3	7	0	5	6	6	3	2	5	4	1	0	1	2
237	2025-26	NBB	CARDENAS	CEISC/UNIAO CORINTHIANS	2026-02-05, RCB vs UCO	26	12	3	6	1	2	3	6	6	1	7	1	1	3	1	3
237	2025-26	NBB	VERISSIMO	CEISC/UNIAO CORINTHIANS	2026-02-05, RCB vs UCO	27	4	2	4	0	2	0	0	4	0	4	2	0	0	1	3
237	2025-26	NBB	GOES	CEISC/UNIAO CORINTHIANS	2026-02-05, RCB vs UCO	17	4	0	0	1	3	1	2	0	0	0	2	2	0	0	2
237	2025-26	NBB	ISAAC	CEISC/UNIAO CORINTHIANS	2026-02-05, RCB vs UCO	14	3	1	2	0	2	1	2	0	1	1	0	0	0	1	3
237	2025-26	NBB	HETTSHEIMEIR	CEISC/UNIAO CORINTHIANS	2026-02-05, RCB vs UCO	6	2	1	2	0	2	0	0	1	1	2	0	0	0	0	0
237	2025-26	NBB	ROSSETTO	CEISC/UNIAO CORINTHIANS	2026-02-05, RCB vs UCO	10	0	0	1	0	0	0	0	0	0	0	2	0	0	1	4
238	2025-26	NBB	MATHEUSINHO	BOTAFOGO	2026-02-05, BOT vs MOG	37	24	5	8	3	9	5	7	6	1	7	3	2	0	0	3
238	2025-26	NBB	SCHEUER	BOTAFOGO	2026-02-05, BOT vs MOG	19	14	6	9	0	0	2	2	1	0	1	0	1	1	2	4
238	2025-26	NBB	DERICK	BOTAFOGO	2026-02-05, BOT vs MOG	26	11	5	7	0	1	1	3	2	1	3	1	2	0	1	4
238	2025-26	NBB	MACHADO JR.	BOTAFOGO	2026-02-05, BOT vs MOG	27	9	3	5	1	4	0	0	2	1	3	1	0	0	0	0
238	2025-26	NBB	MACHADO	BOTAFOGO	2026-02-05, BOT vs MOG	32	6	2	5	0	3	2	2	3	1	4	3	0	0	2	2
238	2025-26	NBB	ABNER	BOTAFOGO	2026-02-05, BOT vs MOG	11	4	2	3	0	0	0	0	3	0	3	0	1	0	2	1
238	2025-26	NBB	EMANUEL	BOTAFOGO	2026-02-05, BOT vs MOG	26	2	1	2	0	4	0	1	5	1	6	0	1	0	3	4
238	2025-26	NBB	LUCAS	BOTAFOGO	2026-02-05, BOT vs MOG	11	0	0	1	0	2	0	0	0	2	2	0	1	0	0	1
238	2025-26	NBB	NK	BOTAFOGO	2026-02-05, BOT vs MOG	8	0	0	3	0	0	0	0	2	2	4	1	0	0	0	2
238	2025-26	NBB	HINKLE	MOGI BASQUETE	2026-02-05, BOT vs MOG	29	17	0	3	5	9	2	2	3	0	3	1	1	0	1	3
238	2025-26	NBB	GABRIEL CAMPOS	MOGI BASQUETE	2026-02-05, BOT vs MOG	34	16	3	5	2	8	4	7	6	1	7	5	1	0	3	2
238	2025-26	NBB	RUIVO	MOGI BASQUETE	2026-02-05, BOT vs MOG	30	9	0	0	3	8	0	0	3	0	3	5	1	0	0	1
238	2025-26	NBB	PAULO	MOGI BASQUETE	2026-02-05, BOT vs MOG	29	8	2	5	0	4	4	4	6	3	9	0	0	1	1	2
238	2025-26	NBB	MENCA	MOGI BASQUETE	2026-02-05, BOT vs MOG	16	8	2	2	1	4	1	1	2	0	2	0	0	0	4	4
238	2025-26	NBB	DUANE JOHNSON	MOGI BASQUETE	2026-02-05, BOT vs MOG	23	7	2	5	1	5	0	0	1	3	4	1	0	1	1	1
238	2025-26	NBB	DIKEMBE	MOGI BASQUETE	2026-02-05, BOT vs MOG	19	4	2	2	0	0	0	0	2	3	5	2	1	0	5	2
238	2025-26	NBB	CALDEIRA	MOGI BASQUETE	2026-02-05, BOT vs MOG	2	0	0	0	0	0	0	0	0	0	0	1	0	0	0	0
238	2025-26	NBB	MAICON DOUGLAS	MOGI BASQUETE	2026-02-05, BOT vs MOG	3	0	0	0	0	0	0	0	0	1	1	0	0	1	0	2
238	2025-26	NBB	VINI CHAGAS	MOGI BASQUETE	2026-02-05, BOT vs MOG	3	0	0	0	0	0	0	0	0	0	0	0	0	0	0	1
238	2025-26	NBB	ANDERSON	MOGI BASQUETE	2026-02-05, BOT vs MOG	12	0	0	0	0	1	0	0	2	0	2	0	0	0	0	1
239	2025-26	NBB	BRITE	BAURU BASKET	2026-02-06, BAU vs CRU	32	26	6	8	3	7	5	8	2	0	2	3	2	0	2	4
239	2025-26	NBB	ALEX	BAURU BASKET	2026-02-06, BAU vs CRU	32	16	3	6	3	7	1	3	5	2	7	6	0	0	4	5
239	2025-26	NBB	ANDREZAO	BAURU BASKET	2026-02-06, BAU vs CRU	29	12	5	7	0	0	2	3	8	3	11	1	0	2	3	3
239	2025-26	NBB	GUSTAVO	BAURU BASKET	2026-02-06, BAU vs CRU	17	10	1	2	2	3	2	4	3	1	4	1	1	0	0	2
239	2025-26	NBB	GEMERSON	BAURU BASKET	2026-02-06, BAU vs CRU	24	6	0	0	2	9	0	0	3	0	3	0	0	0	2	3
239	2025-26	NBB	MATERAN	BAURU BASKET	2026-02-06, BAU vs CRU	26	5	2	2	0	4	1	1	2	2	4	2	2	0	1	1
239	2025-26	NBB	EUGENIUSZ	BAURU BASKET	2026-02-06, BAU vs CRU	20	3	1	1	0	2	1	2	2	1	3	0	0	0	3	2
239	2025-26	NBB	PEDRO	BAURU BASKET	2026-02-06, BAU vs CRU	5	2	0	0	0	0	2	2	0	0	0	0	0	0	0	0
239	2025-26	NBB	VITHINHO	BAURU BASKET	2026-02-06, BAU vs CRU	14	0	0	2	0	1	0	0	0	0	0	4	0	0	0	2
239	2025-26	NBB	DA SILVA	CRUZEIRO BASQUETE	2026-02-06, BAU vs CRU	30	19	7	10	0	1	5	10	4	3	7	1	1	0	1	1
239	2025-26	NBB	I. THORNTON	CRUZEIRO BASQUETE	2026-02-06, BAU vs CRU	37	16	1	6	3	5	5	6	3	0	3	2	1	0	1	1
239	2025-26	NBB	NIQUE COLEMAN	CRUZEIRO BASQUETE	2026-02-06, BAU vs CRU	19	13	4	7	1	4	2	2	2	1	3	0	1	0	0	1
239	2025-26	NBB	CLAY	CRUZEIRO BASQUETE	2026-02-06, BAU vs CRU	16	11	1	4	3	5	0	0	1	0	1	0	2	0	0	1
239	2025-26	NBB	GITTENS	CRUZEIRO BASQUETE	2026-02-06, BAU vs CRU	20	6	3	4	0	2	0	0	5	0	5	3	1	0	2	3
239	2025-26	NBB	LEO ABREU	CRUZEIRO BASQUETE	2026-02-06, BAU vs CRU	20	4	2	4	0	1	0	0	3	2	5	3	0	0	1	2
239	2025-26	NBB	ANSALONI	CRUZEIRO BASQUETE	2026-02-06, BAU vs CRU	18	3	1	1	0	3	1	1	4	1	5	0	0	0	0	5
239	2025-26	NBB	JJ	CRUZEIRO BASQUETE	2026-02-06, BAU vs CRU	18	3	1	2	0	1	1	1	2	0	2	1	0	0	2	3
239	2025-26	NBB	SENA	CRUZEIRO BASQUETE	2026-02-06, BAU vs CRU	14	2	1	3	0	0	0	0	1	0	1	1	1	0	0	2
239	2025-26	NBB	CASSIANO	CRUZEIRO BASQUETE	2026-02-06, BAU vs CRU	7	0	0	2	0	0	0	0	0	2	2	1	0	0	1	0
240	2025-26	NBB	ADYEL	MR. MOO SAO JOSE BASKETBALL	2026-02-06, SJO vs UFC	29	26	6	8	2	9	8	9	2	1	3	5	1	1	2	4
240	2025-26	NBB	DOS SANTOS	MR. MOO SAO JOSE BASKETBALL	2026-02-06, SJO vs UFC	29	13	5	6	0	4	3	6	4	1	5	1	0	0	2	2
240	2025-26	NBB	CAUE	MR. MOO SAO JOSE BASKETBALL	2026-02-06, SJO vs UFC	21	11	0	3	3	5	2	2	4	2	6	0	1	0	2	3
240	2025-26	NBB	ANDERSON	MR. MOO SAO JOSE BASKETBALL	2026-02-06, SJO vs UFC	25	8	4	7	0	0	0	0	5	0	5	1	0	0	0	3
240	2025-26	NBB	NICKEL	MR. MOO SAO JOSE BASKETBALL	2026-02-06, SJO vs UFC	13	7	2	2	1	1	0	0	1	0	1	4	0	0	0	3
240	2025-26	NBB	MAIQUE	MR. MOO SAO JOSE BASKETBALL	2026-02-06, SJO vs UFC	15	6	2	2	0	4	2	2	3	1	4	1	1	0	1	3
240	2025-26	NBB	LEO CRAVERO	MR. MOO SAO JOSE BASKETBALL	2026-02-06, SJO vs UFC	13	6	1	2	1	2	1	2	1	1	2	0	0	0	1	3
240	2025-26	NBB	LESSA	MR. MOO SAO JOSE BASKETBALL	2026-02-06, SJO vs UFC	20	5	0	1	1	1	2	2	0	0	0	0	2	0	2	2
240	2025-26	NBB	MILLER	MR. MOO SAO JOSE BASKETBALL	2026-02-06, SJO vs UFC	35	5	0	2	1	6	2	3	4	0	4	3	1	0	1	0
240	2025-26	NBB	COELHO	UNIFACISA	2026-02-06, SJO vs UFC	23	14	5	7	0	1	4	4	1	3	4	7	1	0	5	3
240	2025-26	NBB	LEAL	UNIFACISA	2026-02-06, SJO vs UFC	21	11	5	7	0	0	1	3	4	1	5	1	0	0	1	5
240	2025-26	NBB	ANTHONY	UNIFACISA	2026-02-06, SJO vs UFC	21	11	3	7	0	1	5	5	0	0	0	4	1	0	1	3
240	2025-26	NBB	GERSON	UNIFACISA	2026-02-06, SJO vs UFC	19	8	4	7	0	0	0	0	3	1	4	2	1	0	1	3
240	2025-26	NBB	CARR	UNIFACISA	2026-02-06, SJO vs UFC	20	8	1	2	2	2	0	0	4	0	4	0	0	0	0	1
240	2025-26	NBB	MELVIN	UNIFACISA	2026-02-06, SJO vs UFC	25	7	0	5	1	6	4	5	4	1	5	1	2	0	3	2
240	2025-26	NBB	JIMMY	UNIFACISA	2026-02-06, SJO vs UFC	30	6	0	1	2	6	0	0	3	0	3	1	0	0	1	2
240	2025-26	NBB	ANTONIO	UNIFACISA	2026-02-06, SJO vs UFC	9	5	1	1	1	1	0	0	0	0	0	0	0	0	2	5
240	2025-26	NBB	JOAO PAULO	UNIFACISA	2026-02-06, SJO vs UFC	16	5	1	1	0	2	3	4	3	0	3	0	0	0	0	0
240	2025-26	NBB	SIFONTES	UNIFACISA	2026-02-06, SJO vs UFC	15	3	1	2	0	2	1	2	2	0	2	2	0	1	2	0
242	2025-26	NBB	VON HAYDIN	CAIXA/BRASILIA	2026-02-07, BRA vs VAS	32	17	2	4	2	4	7	7	9	4	13	5	1	0	1	3
242	2025-26	NBB	PAULICHI	CAIXA/BRASILIA	2026-02-07, BRA vs VAS	30	15	6	6	0	1	3	3	0	0	0	2	1	0	1	1
242	2025-26	NBB	BUIU	CAIXA/BRASILIA	2026-02-07, BRA vs VAS	31	12	3	4	1	3	3	4	2	2	4	3	1	0	3	3
242	2025-26	NBB	CORVALAN	CAIXA/BRASILIA	2026-02-07, BRA vs VAS	30	11	0	4	3	6	2	2	4	0	4	2	2	1	6	1
242	2025-26	NBB	LUCAS	CAIXA/BRASILIA	2026-02-07, BRA vs VAS	20	10	0	2	3	10	1	2	2	0	2	4	2	0	1	3
242	2025-26	NBB	BRUNAO	CAIXA/BRASILIA	2026-02-07, BRA vs VAS	18	9	4	6	0	0	1	1	6	1	7	1	0	2	0	4
242	2025-26	NBB	CARBONARI	CAIXA/BRASILIA	2026-02-07, BRA vs VAS	24	6	2	3	0	2	2	2	6	2	8	2	0	0	2	1
242	2025-26	NBB	MOSQUITO	CAIXA/BRASILIA	2026-02-07, BRA vs VAS	2	4	1	1	0	0	2	2	1	0	1	0	0	0	0	0
242	2025-26	NBB	GUSTAVO	CAIXA/BRASILIA	2026-02-07, BRA vs VAS	3	0	0	1	0	0	0	0	0	0	0	1	0	0	0	2
242	2025-26	NBB	BELLER	CAIXA/BRASILIA	2026-02-07, BRA vs VAS	8	0	0	0	0	2	0	0	1	0	1	0	0	0	0	0
242	2025-26	NBB	ZAGO	CAIXA/BRASILIA	2026-02-07, BRA vs VAS	2	0	0	0	0	0	0	0	1	0	1	0	0	0	1	0
242	2025-26	NBB	SERJAO	VASCO DA GAMA	2026-02-07, BRA vs VAS	37	21	5	7	3	8	2	3	4	0	4	3	2	0	0	2
242	2025-26	NBB	G. BASILIO	VASCO DA GAMA	2026-02-07, BRA vs VAS	34	15	2	3	3	7	2	4	3	0	3	3	1	0	3	3
242	2025-26	NBB	ALE	VASCO DA GAMA	2026-02-07, BRA vs VAS	28	8	1	6	1	5	3	4	3	1	4	5	4	0	2	3
242	2025-26	NBB	MATHIAS	VASCO DA GAMA	2026-02-07, BRA vs VAS	24	7	3	3	0	0	1	2	3	0	3	1	2	1	2	4
242	2025-26	NBB	BEARDEN	VASCO DA GAMA	2026-02-07, BRA vs VAS	12	4	2	3	0	2	0	0	0	0	0	1	1	0	0	2
242	2025-26	NBB	MORGAN	VASCO DA GAMA	2026-02-07, BRA vs VAS	22	3	0	0	1	6	0	2	2	0	2	2	0	0	4	2
242	2025-26	NBB	ELIAS	VASCO DA GAMA	2026-02-07, BRA vs VAS	9	3	1	2	0	1	1	2	1	0	1	0	0	0	0	1
242	2025-26	NBB	MAGNA	VASCO DA GAMA	2026-02-07, BRA vs VAS	7	0	0	0	0	1	0	0	0	0	0	0	1	0	0	1
242	2025-26	NBB	PEDRO NUNES	VASCO DA GAMA	2026-02-07, BRA vs VAS	21	0	0	0	0	2	0	0	3	0	3	0	0	0	2	3
242	2025-26	NBB	JUAN	VASCO DA GAMA	2026-02-07, BRA vs VAS	2	0	0	0	0	0	0	0	0	0	0	0	0	0	0	0
242	2025-26	NBB	HONORATO	VASCO DA GAMA	2026-02-07, BRA vs VAS	3	0	0	0	0	0	0	0	1	0	1	0	0	0	0	0
242	2025-26	NBB	ICARO	VASCO DA GAMA	2026-02-07, BRA vs VAS	1	0	0	0	0	0	0	0	0	0	0	0	0	0	0	0
244	2025-26	NBB	VICTAO	CORINTHIANS	2026-02-09, COR vs UFC	36	16	1	2	4	10	2	2	4	2	6	3	0	1	0	1
244	2025-26	NBB	THOMAS	CORINTHIANS	2026-02-09, COR vs UFC	29	14	6	8	0	4	2	2	5	0	5	1	1	0	2	1
244	2025-26	NBB	MUNFORD	CORINTHIANS	2026-02-09, COR vs UFC	22	13	2	3	3	6	0	0	3	1	4	2	0	2	0	2
244	2025-26	NBB	NOVAES	CORINTHIANS	2026-02-09, COR vs UFC	19	11	4	4	0	1	3	4	7	2	9	1	0	0	1	2
244	2025-26	NBB	ELINHO	CORINTHIANS	2026-02-09, COR vs UFC	36	11	1	4	3	9	0	0	2	1	3	13	0	0	4	2
244	2025-26	NBB	C. BORGES	CORINTHIANS	2026-02-09, COR vs UFC	10	4	1	1	0	1	2	2	1	1	2	1	1	0	1	3
244	2025-26	NBB	LUCAS CAUE	CORINTHIANS	2026-02-09, COR vs UFC	21	4	2	6	0	0	0	2	4	2	6	0	0	0	0	4
244	2025-26	NBB	CLARK	CORINTHIANS	2026-02-09, COR vs UFC	19	4	1	2	0	4	2	2	3	1	4	1	0	0	2	2
244	2025-26	NBB	T. FARIA	CORINTHIANS	2026-02-09, COR vs UFC	4	2	1	2	0	1	0	0	0	0	0	1	0	0	0	0
244	2025-26	NBB	RAYMUNDO	CORINTHIANS	2026-02-09, COR vs UFC	4	2	1	4	0	0	0	1	0	2	2	1	0	0	1	0
244	2025-26	NBB	MELVIN	UNIFACISA	2026-02-09, COR vs UFC	27	17	5	8	2	6	1	1	2	1	3	3	2	0	2	2
244	2025-26	NBB	JIMMY	UNIFACISA	2026-02-09, COR vs UFC	28	11	3	6	1	6	2	2	1	2	3	3	2	0	0	3
244	2025-26	NBB	CARR	UNIFACISA	2026-02-09, COR vs UFC	32	10	2	6	2	4	0	0	9	1	10	1	0	0	1	0
244	2025-26	NBB	COELHO	UNIFACISA	2026-02-09, COR vs UFC	21	7	1	3	1	1	2	2	0	2	2	5	1	0	2	4
244	2025-26	NBB	ANTONIO	UNIFACISA	2026-02-09, COR vs UFC	17	7	0	1	2	6	1	2	1	0	1	2	0	0	0	2
244	2025-26	NBB	LEAL	UNIFACISA	2026-02-09, COR vs UFC	15	7	2	5	0	0	3	3	3	1	4	0	0	0	0	4
244	2025-26	NBB	ANTHONY	UNIFACISA	2026-02-09, COR vs UFC	18	6	2	4	0	1	2	2	0	0	0	2	0	0	1	0
244	2025-26	NBB	GERSON	UNIFACISA	2026-02-09, COR vs UFC	22	5	2	7	0	0	1	2	4	4	8	3	2	0	2	1
244	2025-26	NBB	SIFONTES	UNIFACISA	2026-02-09, COR vs UFC	14	3	0	2	1	4	0	0	4	1	5	2	1	0	2	0
244	2025-26	NBB	JOAO PAULO	UNIFACISA	2026-02-09, COR vs UFC	7	2	1	1	0	1	0	0	2	0	2	0	0	0	0	3
245	2025-26	NBB	HINKLE	MOGI BASQUETE	2026-02-09, MOG vs FOR	25	27	1	4	7	11	4	4	1	0	1	1	1	0	0	1
245	2025-26	NBB	MENCA	MOGI BASQUETE	2026-02-09, MOG vs FOR	19	11	4	6	1	5	0	0	0	0	0	0	0	0	0	1
245	2025-26	NBB	VINI CHAGAS	MOGI BASQUETE	2026-02-09, MOG vs FOR	18	9	3	4	1	5	0	0	0	0	0	1	1	1	1	2
245	2025-26	NBB	DUANE JOHNSON	MOGI BASQUETE	2026-02-09, MOG vs FOR	18	9	3	3	0	4	3	3	1	2	3	1	1	1	0	3
245	2025-26	NBB	DIKEMBE	MOGI BASQUETE	2026-02-09, MOG vs FOR	15	9	3	7	0	1	3	4	4	4	8	1	1	0	2	4
245	2025-26	NBB	PAULO	MOGI BASQUETE	2026-02-09, MOG vs FOR	24	8	1	2	2	5	0	0	4	2	6	1	0	0	0	2
245	2025-26	NBB	GABRIEL CAMPOS	MOGI BASQUETE	2026-02-09, MOG vs FOR	16	5	1	4	0	1	3	3	0	0	0	2	1	0	0	3
245	2025-26	NBB	ANDERSON	MOGI BASQUETE	2026-02-09, MOG vs FOR	18	4	2	2	0	3	0	2	2	4	6	1	2	0	0	1
245	2025-26	NBB	CALDEIRA	MOGI BASQUETE	2026-02-09, MOG vs FOR	16	3	0	2	1	4	0	2	2	1	3	3	1	0	1	4
245	2025-26	NBB	RUIVO	MOGI BASQUETE	2026-02-09, MOG vs FOR	24	3	0	0	1	5	0	1	1	1	2	9	1	0	0	2
245	2025-26	NBB	VITORIANO	MOGI BASQUETE	2026-02-09, MOG vs FOR	2	0	0	0	0	0	0	0	0	0	0	0	0	0	0	1
245	2025-26	NBB	MAICON DOUGLAS	MOGI BASQUETE	2026-02-09, MOG vs FOR	6	0	0	0	0	0	0	2	1	2	3	0	0	1	0	1
245	2025-26	NBB	DA SILVA	FORTALEZA BASQUETE CEARENSE	2026-02-09, MOG vs FOR	32	16	6	9	0	1	4	5	4	2	6	3	0	1	1	1
245	2025-26	NBB	JEANZINHO	FORTALEZA BASQUETE CEARENSE	2026-02-09, MOG vs FOR	30	14	2	3	2	5	4	4	1	1	2	5	0	0	4	4
245	2025-26	NBB	ALBERTON	FORTALEZA BASQUETE CEARENSE	2026-02-09, MOG vs FOR	23	13	3	5	0	0	7	7	3	4	7	1	0	0	6	4
245	2025-26	NBB	SALSAMENDI	FORTALEZA BASQUETE CEARENSE	2026-02-09, MOG vs FOR	31	12	3	8	2	3	0	0	11	1	12	1	1	0	1	4
245	2025-26	NBB	GABRIEL	FORTALEZA BASQUETE CEARENSE	2026-02-09, MOG vs FOR	32	10	1	1	1	6	5	5	1	0	1	2	0	0	3	2
245	2025-26	NBB	SAMUEL	FORTALEZA BASQUETE CEARENSE	2026-02-09, MOG vs FOR	12	4	2	3	0	0	0	0	2	1	3	0	0	0	1	1
245	2025-26	NBB	POPOVIC	FORTALEZA BASQUETE CEARENSE	2026-02-09, MOG vs FOR	21	4	1	2	0	3	2	2	6	1	7	0	0	1	2	2
245	2025-26	NBB	AUGUSTO VIEIRA	FORTALEZA BASQUETE CEARENSE	2026-02-09, MOG vs FOR	18	3	0	6	1	1	0	0	0	1	1	0	0	0	0	1
245	2025-26	NBB	CAUA	FORTALEZA BASQUETE CEARENSE	2026-02-09, MOG vs FOR	2	0	0	0	0	1	0	0	0	0	0	0	0	1	0	1
247	2025-26	NBB	AUGUSTO	CAXIAS DO SUL BASQUETE	2026-02-11, CAX vs PIN	31	19	2	6	5	8	0	0	4	0	4	2	1	0	5	3
247	2025-26	NBB	FABRIZZIO	CAXIAS DO SUL BASQUETE	2026-02-11, CAX vs PIN	28	11	2	4	1	4	4	7	4	0	4	5	1	0	3	4
247	2025-26	NBB	TOM	CAXIAS DO SUL BASQUETE	2026-02-11, CAX vs PIN	28	10	5	8	0	0	0	1	0	3	3	1	2	1	2	5
247	2025-26	NBB	SHAMELL	CAXIAS DO SUL BASQUETE	2026-02-11, CAX vs PIN	34	10	2	6	1	2	3	5	5	0	5	2	1	1	2	1
247	2025-26	NBB	MIGUEL	CAXIAS DO SUL BASQUETE	2026-02-11, CAX vs PIN	16	5	0	2	1	2	2	2	2	0	2	0	0	0	0	1
247	2025-26	NBB	VEZARO	CAXIAS DO SUL BASQUETE	2026-02-11, CAX vs PIN	32	5	1	2	1	6	0	0	3	1	4	0	1	0	2	0
247	2025-26	NBB	OMENA	CAXIAS DO SUL BASQUETE	2026-02-11, CAX vs PIN	15	2	1	3	0	0	0	0	0	0	0	2	0	0	2	4
247	2025-26	NBB	RAFA	CAXIAS DO SUL BASQUETE	2026-02-11, CAX vs PIN	11	0	0	0	0	0	0	0	1	0	1	1	3	0	1	3
247	2025-26	NBB	TIAGO M.	CAXIAS DO SUL BASQUETE	2026-02-11, CAX vs PIN	4	0	0	0	0	0	0	0	1	0	1	0	0	0	0	0
247	2025-26	NBB	GREGATE	PINHEIROS	2026-02-11, CAX vs PIN	28	15	5	8	1	5	2	3	6	1	7	8	1	0	0	3
247	2025-26	NBB	SLOAN	PINHEIROS	2026-02-11, CAX vs PIN	25	12	1	2	1	6	7	7	2	0	2	3	0	1	1	0
247	2025-26	NBB	PASTRE	PINHEIROS	2026-02-11, CAX vs PIN	32	9	3	4	1	2	0	0	2	0	2	1	0	0	3	1
247	2025-26	NBB	BETINHO	PINHEIROS	2026-02-11, CAX vs PIN	22	9	1	1	1	2	4	4	2	0	2	1	1	0	2	1
247	2025-26	NBB	AFONSO	PINHEIROS	2026-02-11, CAX vs PIN	16	8	4	5	0	0	0	0	4	5	9	1	0	0	1	3
247	2025-26	NBB	PACHECO	PINHEIROS	2026-02-11, CAX vs PIN	18	6	3	4	0	5	0	0	2	2	4	2	1	0	1	3
247	2025-26	NBB	AGAPY	PINHEIROS	2026-02-11, CAX vs PIN	21	6	3	4	0	1	0	2	3	1	4	0	0	2	1	2
247	2025-26	NBB	DJALO	PINHEIROS	2026-02-11, CAX vs PIN	25	4	0	4	1	4	1	2	4	1	5	1	1	1	2	3
247	2025-26	NBB	PENHA JR.	PINHEIROS	2026-02-11, CAX vs PIN	11	0	0	0	0	4	0	0	0	0	0	0	1	0	1	1
247	2025-26	NBB	MACIEL	PINHEIROS	2026-02-11, CAX vs PIN	2	0	0	0	0	0	0	0	1	0	1	0	0	0	0	1
248	2025-26	NBB	CARDENAS	CEISC/UNIAO CORINTHIANS	2026-02-11, UCO vs CAP	31	17	6	11	1	5	2	5	5	5	10	0	0	0	2	3
248	2025-26	NBB	BARNES	CEISC/UNIAO CORINTHIANS	2026-02-11, UCO vs CAP	34	13	3	8	2	5	1	2	0	0	0	2	0	0	0	1
248	2025-26	NBB	HOLLOWELL	CEISC/UNIAO CORINTHIANS	2026-02-11, UCO vs CAP	34	11	4	7	1	5	0	0	5	1	6	3	0	1	3	3
248	2025-26	NBB	ISAAC	CEISC/UNIAO CORINTHIANS	2026-02-11, UCO vs CAP	20	10	2	2	2	3	0	0	1	2	3	0	0	0	1	0
248	2025-26	NBB	SCOTT	CEISC/UNIAO CORINTHIANS	2026-02-11, UCO vs CAP	39	7	2	9	0	1	3	4	6	5	11	2	1	0	3	3
248	2025-26	NBB	VERISSIMO	CEISC/UNIAO CORINTHIANS	2026-02-11, UCO vs CAP	20	5	2	4	0	2	1	2	4	2	6	3	1	1	2	1
248	2025-26	NBB	GOES	CEISC/UNIAO CORINTHIANS	2026-02-11, UCO vs CAP	6	0	0	1	0	0	0	0	0	0	0	1	1	0	1	0
248	2025-26	NBB	HETTSHEIMEIR	CEISC/UNIAO CORINTHIANS	2026-02-11, UCO vs CAP	2	0	0	0	0	0	0	0	0	0	0	0	0	0	0	1
248	2025-26	NBB	ROSSETTO	CEISC/UNIAO CORINTHIANS	2026-02-11, UCO vs CAP	16	0	0	1	0	4	0	0	3	1	4	3	1	0	2	3
248	2025-26	NBB	HUNTER	PAULISTANO	2026-02-11, UCO vs CAP	29	19	3	5	3	7	4	6	4	0	4	0	1	1	0	1
248	2025-26	NBB	GUI ABREU	PAULISTANO	2026-02-11, UCO vs CAP	34	15	4	8	2	3	1	2	8	1	9	1	4	0	1	3
248	2025-26	NBB	DEMETRIO	PAULISTANO	2026-02-11, UCO vs CAP	22	11	4	6	1	2	0	0	2	2	4	1	1	0	2	4
248	2025-26	NBB	SIEWERT	PAULISTANO	2026-02-11, UCO vs CAP	20	9	1	5	2	6	1	1	3	2	5	2	0	0	2	1
248	2025-26	NBB	VITINHO	PAULISTANO	2026-02-11, UCO vs CAP	26	7	2	2	0	5	3	4	1	0	1	5	1	0	1	3
248	2025-26	NBB	SEIXAS	PAULISTANO	2026-02-11, UCO vs CAP	13	6	0	1	2	2	0	0	0	0	0	0	0	0	0	0
248	2025-26	NBB	LEANDRO	PAULISTANO	2026-02-11, UCO vs CAP	30	4	2	4	0	1	0	0	0	1	1	0	0	1	0	4
248	2025-26	NBB	TOVAR	PAULISTANO	2026-02-11, UCO vs CAP	22	3	1	2	0	2	1	1	5	0	5	9	2	0	3	2
248	2025-26	NBB	PIETRO	PAULISTANO	2026-02-11, UCO vs CAP	2	0	0	0	0	0	0	0	0	0	0	0	0	0	0	0
248	2025-26	NBB	RAFAEL	PAULISTANO	2026-02-11, UCO vs CAP	1	0	0	0	0	0	0	0	0	0	0	0	0	0	0	0
249	2025-26	NBB	MAGNA	VASCO DA GAMA	2026-02-11, VAS vs SJO	22	15	5	5	1	4	2	2	3	2	5	3	0	0	0	4
249	2025-26	NBB	MATHIAS	VASCO DA GAMA	2026-02-11, VAS vs SJO	19	15	7	7	0	0	1	1	4	2	6	0	0	1	4	2
249	2025-26	NBB	BEARDEN	VASCO DA GAMA	2026-02-11, VAS vs SJO	18	12	3	6	2	4	0	0	1	0	1	2	1	0	1	0
249	2025-26	NBB	ALE	VASCO DA GAMA	2026-02-11, VAS vs SJO	33	10	1	1	2	5	2	4	3	1	4	5	3	0	2	3
249	2025-26	NBB	G. BASILIO	VASCO DA GAMA	2026-02-11, VAS vs SJO	28	8	1	2	2	8	0	0	4	0	4	3	2	0	4	3
249	2025-26	NBB	SERJAO	VASCO DA GAMA	2026-02-11, VAS vs SJO	30	6	1	8	0	2	4	4	3	3	6	1	0	1	3	2
249	2025-26	NBB	ELIAS	VASCO DA GAMA	2026-02-11, VAS vs SJO	4	4	1	1	0	0	2	2	1	0	1	1	0	0	1	0
249	2025-26	NBB	MORGAN	VASCO DA GAMA	2026-02-11, VAS vs SJO	37	2	1	2	0	5	0	1	3	1	4	2	0	0	5	3
249	2025-26	NBB	PEDRO NUNES	VASCO DA GAMA	2026-02-11, VAS vs SJO	8	0	0	0	0	0	0	0	1	0	1	0	0	0	0	1
249	2025-26	NBB	ADYEL	MR. MOO SAO JOSE BASKETBALL	2026-02-11, VAS vs SJO	29	16	3	7	3	6	1	1	1	0	1	7	2	0	2	3
249	2025-26	NBB	MILLER	MR. MOO SAO JOSE BASKETBALL	2026-02-11, VAS vs SJO	32	13	4	5	0	3	5	6	4	0	4	1	2	0	1	2
249	2025-26	NBB	MAIQUE	MR. MOO SAO JOSE BASKETBALL	2026-02-11, VAS vs SJO	23	10	4	6	0	2	2	3	4	0	4	0	0	1	3	2
249	2025-26	NBB	LEO CRAVERO	MR. MOO SAO JOSE BASKETBALL	2026-02-11, VAS vs SJO	31	10	4	8	0	2	2	2	4	5	9	2	2	0	0	2
249	2025-26	NBB	LESSA	MR. MOO SAO JOSE BASKETBALL	2026-02-11, VAS vs SJO	24	9	1	2	1	4	4	4	3	0	3	4	1	0	2	1
249	2025-26	NBB	ANDERSON	MR. MOO SAO JOSE BASKETBALL	2026-02-11, VAS vs SJO	16	9	3	3	0	1	3	4	2	0	2	0	2	0	2	3
249	2025-26	NBB	CAUE	MR. MOO SAO JOSE BASKETBALL	2026-02-11, VAS vs SJO	27	5	1	2	1	4	0	0	1	0	1	5	1	0	1	2
249	2025-26	NBB	DOS SANTOS	MR. MOO SAO JOSE BASKETBALL	2026-02-11, VAS vs SJO	4	2	1	1	0	0	0	0	0	1	1	1	0	0	0	0
249	2025-26	NBB	NICKEL	MR. MOO SAO JOSE BASKETBALL	2026-02-11, VAS vs SJO	13	0	0	1	0	3	0	0	0	0	0	0	0	0	2	3
251	2025-26	NBB	D. PENTEADO	PATO BASQUETE	2026-02-12, PAT vs BOT	28	18	0	0	6	10	0	0	4	1	5	4	2	0	3	1
251	2025-26	NBB	MICHEL	PATO BASQUETE	2026-02-12, PAT vs BOT	21	17	1	1	5	7	0	0	3	0	3	1	1	0	0	2
251	2025-26	NBB	HORTON	PATO BASQUETE	2026-02-12, PAT vs BOT	27	17	5	7	1	4	4	5	2	1	3	2	0	0	2	3
251	2025-26	NBB	THOMPSON	PATO BASQUETE	2026-02-12, PAT vs BOT	25	13	3	7	1	4	4	5	1	0	1	3	1	0	1	4
251	2025-26	NBB	NAKA	PATO BASQUETE	2026-02-12, PAT vs BOT	14	8	1	1	2	5	0	0	2	1	3	4	0	0	1	3
251	2025-26	NBB	GRIGOR	PATO BASQUETE	2026-02-12, PAT vs BOT	14	7	1	1	0	0	5	6	6	4	10	0	1	2	4	2
251	2025-26	NBB	FIDELIS	PATO BASQUETE	2026-02-12, PAT vs BOT	25	7	3	8	0	2	1	2	3	3	6	0	0	0	1	1
251	2025-26	NBB	N. GOMES	PATO BASQUETE	2026-02-12, PAT vs BOT	17	3	0	0	1	2	0	2	3	1	4	2	1	0	0	2
251	2025-26	NBB	WILLKER Z.	PATO BASQUETE	2026-02-12, PAT vs BOT	7	2	1	1	0	0	0	0	1	0	1	0	0	2	0	1
251	2025-26	NBB	EDU MARILIA	PATO BASQUETE	2026-02-12, PAT vs BOT	18	1	0	2	0	2	1	3	4	0	4	2	2	1	4	2
251	2025-26	NBB	EULER	PATO BASQUETE	2026-02-12, PAT vs BOT	1	0	0	0	0	1	0	0	0	0	0	0	0	0	0	0
251	2025-26	NBB	MATEUS	PATO BASQUETE	2026-02-12, PAT vs BOT	4	0	0	0	0	0	0	0	0	0	0	0	0	0	0	2
251	2025-26	NBB	DERICK	BOTAFOGO	2026-02-12, PAT vs BOT	36	26	5	6	3	7	7	10	5	3	8	0	2	0	6	2
251	2025-26	NBB	SCHEUER	BOTAFOGO	2026-02-12, PAT vs BOT	26	14	5	9	0	0	4	6	2	1	3	1	3	1	1	3
251	2025-26	NBB	MATHEUSINHO	BOTAFOGO	2026-02-12, PAT vs BOT	34	13	2	6	1	6	6	8	2	0	2	3	4	0	0	3
251	2025-26	NBB	EMANUEL	BOTAFOGO	2026-02-12, PAT vs BOT	33	9	2	3	1	4	2	2	3	2	5	2	2	0	1	2
251	2025-26	NBB	LELE	BOTAFOGO	2026-02-12, PAT vs BOT	2	2	1	1	0	0	0	0	0	0	0	0	0	0	0	1
251	2025-26	NBB	MACHADO	BOTAFOGO	2026-02-12, PAT vs BOT	23	1	0	1	0	4	1	2	5	0	5	4	0	0	1	2
251	2025-26	NBB	NK	BOTAFOGO	2026-02-12, PAT vs BOT	10	1	0	1	0	1	1	4	3	1	4	0	1	1	1	0
251	2025-26	NBB	MACHADO JR.	BOTAFOGO	2026-02-12, PAT vs BOT	11	1	0	3	0	2	1	2	1	0	1	0	0	0	2	2
251	2025-26	NBB	PAULINO	BOTAFOGO	2026-02-12, PAT vs BOT	12	0	0	2	0	0	0	0	1	0	1	0	0	0	1	1
251	2025-26	NBB	ABNER	BOTAFOGO	2026-02-12, PAT vs BOT	6	0	0	0	0	0	0	0	1	1	2	0	0	0	1	0
251	2025-26	NBB	LUCAS	BOTAFOGO	2026-02-12, PAT vs BOT	8	0	0	0	0	2	0	0	0	1	1	0	0	0	2	1
252	2025-26	NBB	GEORGINHO	SESI FRANCA	2026-02-12, FRA vs MIN	36	23	6	8	1	6	8	11	7	3	10	9	7	0	3	2
252	2025-26	NBB	DAVID JACKSON	SESI FRANCA	2026-02-12, FRA vs MIN	32	19	5	5	2	5	3	3	1	3	4	3	1	1	3	1
252	2025-26	NBB	LUCAS DIAS	SESI FRANCA	2026-02-12, FRA vs MIN	26	19	6	7	1	4	4	4	1	0	1	1	5	0	0	2
252	2025-26	NBB	BENNETT	SESI FRANCA	2026-02-12, FRA vs MIN	20	12	3	3	2	3	0	0	1	0	1	1	0	0	4	3
252	2025-26	NBB	RODRIGUEZ	SESI FRANCA	2026-02-12, FRA vs MIN	18	9	3	4	0	3	3	3	3	0	3	1	2	1	0	3
252	2025-26	NBB	LATERZA	SESI FRANCA	2026-02-12, FRA vs MIN	18	8	1	3	2	4	0	0	1	0	1	6	1	0	3	4
252	2025-26	NBB	MINEIRO	SESI FRANCA	2026-02-12, FRA vs MIN	21	5	1	3	1	1	0	0	6	1	7	3	0	1	2	3
252	2025-26	NBB	FELICIO	SESI FRANCA	2026-02-12, FRA vs MIN	18	3	0	2	0	0	3	4	3	0	3	1	0	0	0	1
252	2025-26	NBB	ZU JR.	SESI FRANCA	2026-02-12, FRA vs MIN	11	2	1	4	0	1	0	0	2	0	2	1	0	0	0	1
252	2025-26	NBB	WILLIAMS	KTO MINAS	2026-02-12, FRA vs MIN	33	25	7	11	2	7	5	5	3	2	5	2	5	0	1	2
252	2025-26	NBB	YURI	KTO MINAS	2026-02-12, FRA vs MIN	23	15	4	4	2	3	1	1	4	0	4	0	1	0	1	3
252	2025-26	NBB	FISCHER	KTO MINAS	2026-02-12, FRA vs MIN	28	14	2	3	2	7	4	6	3	0	3	7	1	0	6	1
252	2025-26	NBB	PARANHOS	KTO MINAS	2026-02-12, FRA vs MIN	23	9	3	7	0	0	3	5	1	4	5	1	0	0	3	1
252	2025-26	NBB	MCCREE	KTO MINAS	2026-02-12, FRA vs MIN	34	8	0	1	2	4	2	2	1	0	1	1	1	0	1	3
252	2025-26	NBB	FUZARO	KTO MINAS	2026-02-12, FRA vs MIN	16	4	0	3	0	2	4	4	4	1	5	0	0	1	2	5
252	2025-26	NBB	WINI SILVA	KTO MINAS	2026-02-12, FRA vs MIN	17	3	1	2	0	1	1	2	2	2	4	4	2	1	4	2
252	2025-26	NBB	R. RACHEL	KTO MINAS	2026-02-12, FRA vs MIN	13	2	0	2	0	3	2	2	0	2	2	0	0	0	0	0
252	2025-26	NBB	RODRIGUEZ	KTO MINAS	2026-02-12, FRA vs MIN	13	2	1	2	0	1	0	0	2	0	2	1	0	0	3	3
253	2025-26	NBB	OMENA	CAXIAS DO SUL BASQUETE	2026-02-13, CAX vs CAP	28	23	3	3	5	11	2	3	1	1	2	3	1	0	2	2
253	2025-26	NBB	SHAMELL	CAXIAS DO SUL BASQUETE	2026-02-13, CAX vs CAP	25	15	4	4	2	8	1	1	3	0	3	2	0	0	1	1
253	2025-26	NBB	HUMBERTO	CAXIAS DO SUL BASQUETE	2026-02-13, CAX vs CAP	38	14	5	9	0	0	4	4	8	0	8	9	3	2	3	3
253	2025-26	NBB	VEZARO	CAXIAS DO SUL BASQUETE	2026-02-13, CAX vs CAP	21	12	2	4	2	2	2	2	1	1	2	0	0	0	0	1
253	2025-26	NBB	MIGUEL	CAXIAS DO SUL BASQUETE	2026-02-13, CAX vs CAP	25	9	2	2	1	4	2	2	1	5	6	1	0	0	0	1
253	2025-26	NBB	AUGUSTO	CAXIAS DO SUL BASQUETE	2026-02-13, CAX vs CAP	20	4	2	4	0	4	0	0	4	0	4	1	3	0	1	2
253	2025-26	NBB	FABRIZZIO	CAXIAS DO SUL BASQUETE	2026-02-13, CAX vs CAP	12	3	0	1	1	1	0	0	3	0	3	0	0	0	2	2
253	2025-26	NBB	RAFA	CAXIAS DO SUL BASQUETE	2026-02-13, CAX vs CAP	22	0	0	2	0	1	0	0	2	0	2	4	0	0	1	5
253	2025-26	NBB	TOM	CAXIAS DO SUL BASQUETE	2026-02-13, CAX vs CAP	10	0	0	0	0	0	0	0	1	0	1	1	0	0	0	3
253	2025-26	NBB	SIEWERT	PAULISTANO	2026-02-13, CAX vs CAP	27	22	3	8	4	8	4	4	3	2	5	2	2	0	0	0
253	2025-26	NBB	GUI ABREU	PAULISTANO	2026-02-13, CAX vs CAP	34	14	2	2	2	7	4	7	3	4	7	2	1	0	1	1
253	2025-26	NBB	HUNTER	PAULISTANO	2026-02-13, CAX vs CAP	26	11	4	5	1	2	0	0	1	1	2	1	1	0	2	4
253	2025-26	NBB	VITINHO	PAULISTANO	2026-02-13, CAX vs CAP	34	11	2	6	1	4	4	5	4	0	4	7	1	0	3	3
253	2025-26	NBB	TOVAR	PAULISTANO	2026-02-13, CAX vs CAP	18	9	3	4	1	2	0	0	3	1	4	2	1	0	2	0
253	2025-26	NBB	LEANDRO	PAULISTANO	2026-02-13, CAX vs CAP	27	4	2	3	0	0	0	1	2	1	3	0	1	0	0	2
253	2025-26	NBB	DEMETRIO	PAULISTANO	2026-02-13, CAX vs CAP	13	2	1	4	0	1	0	0	1	1	2	1	1	0	1	2
253	2025-26	NBB	RAFAEL	PAULISTANO	2026-02-13, CAX vs CAP	4	0	0	0	0	1	0	0	0	0	0	0	0	0	0	0
253	2025-26	NBB	SEIXAS	PAULISTANO	2026-02-13, CAX vs CAP	17	0	0	2	0	2	0	0	2	0	2	0	0	0	1	1
254	2025-26	NBB	BARNES	CEISC/UNIAO CORINTHIANS	2026-02-13, UCO vs PIN	38	18	3	7	2	4	6	6	1	0	1	5	1	0	2	3
254	2025-26	NBB	HOLLOWELL	CEISC/UNIAO CORINTHIANS	2026-02-13, UCO vs PIN	33	16	5	7	2	7	0	0	5	2	7	2	2	3	3	1
254	2025-26	NBB	CARDENAS	CEISC/UNIAO CORINTHIANS	2026-02-13, UCO vs PIN	26	15	5	6	0	1	5	5	9	1	10	2	0	1	1	4
254	2025-26	NBB	VERISSIMO	CEISC/UNIAO CORINTHIANS	2026-02-13, UCO vs PIN	30	13	2	3	1	2	6	8	3	0	3	3	0	0	3	3
254	2025-26	NBB	SCOTT	CEISC/UNIAO CORINTHIANS	2026-02-13, UCO vs PIN	33	8	2	4	0	0	4	6	7	1	8	2	0	1	6	4
254	2025-26	NBB	HETTSHEIMEIR	CEISC/UNIAO CORINTHIANS	2026-02-13, UCO vs PIN	10	5	0	1	1	2	2	2	3	0	3	1	1	0	2	1
254	2025-26	NBB	GOES	CEISC/UNIAO CORINTHIANS	2026-02-13, UCO vs PIN	16	2	0	1	0	4	2	2	0	0	0	2	0	1	2	2
254	2025-26	NBB	ISAAC	CEISC/UNIAO CORINTHIANS	2026-02-13, UCO vs PIN	7	0	0	0	0	1	0	0	2	0	2	0	0	0	1	2
254	2025-26	NBB	ROSSETTO	CEISC/UNIAO CORINTHIANS	2026-02-13, UCO vs PIN	5	0	0	0	0	0	0	2	1	0	1	1	0	0	0	2
254	2025-26	NBB	BRANDAO	CEISC/UNIAO CORINTHIANS	2026-02-13, UCO vs PIN	1	0	0	0	0	0	0	0	0	0	0	0	0	0	0	1
254	2025-26	NBB	BETINHO	PINHEIROS	2026-02-13, UCO vs PIN	23	17	3	4	3	6	2	4	1	0	1	1	1	0	1	2
254	2025-26	NBB	PENHA JR.	PINHEIROS	2026-02-13, UCO vs PIN	20	11	2	3	0	4	7	8	3	2	5	0	0	0	1	2
254	2025-26	NBB	PACHECO	PINHEIROS	2026-02-13, UCO vs PIN	19	9	1	2	1	7	4	6	2	2	4	2	2	0	4	4
254	2025-26	NBB	SLOAN	PINHEIROS	2026-02-13, UCO vs PIN	21	9	2	4	1	5	2	5	3	2	5	2	1	0	2	3
254	2025-26	NBB	AFONSO	PINHEIROS	2026-02-13, UCO vs PIN	12	7	3	5	0	0	1	1	1	3	4	0	0	0	1	3
254	2025-26	NBB	DJALO	PINHEIROS	2026-02-13, UCO vs PIN	28	5	1	3	1	6	0	0	3	0	3	1	3	0	0	4
254	2025-26	NBB	MACIEL	PINHEIROS	2026-02-13, UCO vs PIN	10	4	1	5	0	0	2	2	1	3	4	0	0	0	0	2
254	2025-26	NBB	AGAPY	PINHEIROS	2026-02-13, UCO vs PIN	24	3	1	5	0	0	1	2	4	3	7	1	3	2	0	2
254	2025-26	NBB	PASTRE	PINHEIROS	2026-02-13, UCO vs PIN	26	3	0	3	1	8	0	0	2	1	3	3	2	0	1	3
254	2025-26	NBB	FARABELLO	PINHEIROS	2026-02-13, UCO vs PIN	5	2	1	1	0	2	0	0	0	2	2	0	1	0	0	0
254	2025-26	NBB	GREGATE	PINHEIROS	2026-02-13, UCO vs PIN	12	0	0	2	0	5	0	0	0	0	0	3	1	0	0	3
255	2025-26	NBB	GUI	FLAMENGO	2026-02-13, FLA vs SJO	29	16	2	4	3	9	3	5	3	2	5	0	2	0	3	1
255	2025-26	NBB	BARALLE	FLAMENGO	2026-02-13, FLA vs SJO	26	15	5	6	1	5	2	2	3	0	3	5	2	0	1	1
255	2025-26	NBB	JOHNSON SR.	FLAMENGO	2026-02-13, FLA vs SJO	27	13	3	5	2	4	1	4	3	0	3	2	2	1	2	3
255	2025-26	NBB	CUMMINGS	FLAMENGO	2026-02-13, FLA vs SJO	23	9	1	6	2	3	1	2	0	2	2	0	1	0	0	2
255	2025-26	NBB	WESLEY	FLAMENGO	2026-02-13, FLA vs SJO	18	8	1	3	2	2	0	0	4	2	6	0	2	2	3	4
255	2025-26	NBB	KAYO	FLAMENGO	2026-02-13, FLA vs SJO	15	6	0	1	2	3	0	0	2	0	2	1	0	1	1	3
255	2025-26	NBB	MANEL	FLAMENGO	2026-02-13, FLA vs SJO	16	6	3	4	0	0	0	0	1	0	1	0	1	0	0	2
255	2025-26	NBB	NEGRETE	FLAMENGO	2026-02-13, FLA vs SJO	23	4	1	5	0	2	2	3	2	1	3	4	0	0	2	3
255	2025-26	NBB	JHONATAN	FLAMENGO	2026-02-13, FLA vs SJO	13	2	0	2	0	1	2	2	2	3	5	1	0	0	1	2
255	2025-26	NBB	DORIA	FLAMENGO	2026-02-13, FLA vs SJO	6	0	0	0	0	0	0	0	0	0	0	1	1	0	0	0
255	2025-26	NBB	GUEIROS	FLAMENGO	2026-02-13, FLA vs SJO	4	0	0	0	0	1	0	0	0	0	0	1	0	0	0	3
255	2025-26	NBB	ADYEL	MR. MOO SAO JOSE BASKETBALL	2026-02-13, FLA vs SJO	37	22	5	12	2	11	6	7	6	0	6	2	3	0	3	3
255	2025-26	NBB	NICKEL	MR. MOO SAO JOSE BASKETBALL	2026-02-13, FLA vs SJO	19	13	1	2	2	4	5	7	1	0	1	1	1	0	5	1
255	2025-26	NBB	LESSA	MR. MOO SAO JOSE BASKETBALL	2026-02-13, FLA vs SJO	21	10	1	1	1	4	5	6	1	1	2	1	0	0	1	4
255	2025-26	NBB	LEO CRAVERO	MR. MOO SAO JOSE BASKETBALL	2026-02-13, FLA vs SJO	38	9	2	3	1	4	2	2	10	0	10	1	0	0	1	3
255	2025-26	NBB	MAIQUE	MR. MOO SAO JOSE BASKETBALL	2026-02-13, FLA vs SJO	20	8	3	6	0	1	2	4	1	6	7	1	0	0	2	4
255	2025-26	NBB	ANDERSON	MR. MOO SAO JOSE BASKETBALL	2026-02-13, FLA vs SJO	30	6	3	9	0	0	0	0	1	2	3	2	0	0	2	3
255	2025-26	NBB	MILLER	MR. MOO SAO JOSE BASKETBALL	2026-02-13, FLA vs SJO	26	2	1	3	0	0	0	0	4	1	5	2	0	1	1	2
255	2025-26	NBB	CAUE	MR. MOO SAO JOSE BASKETBALL	2026-02-13, FLA vs SJO	6	0	0	1	0	0	0	0	0	0	0	0	0	0	0	0
255	2025-26	NBB	PESSOA	MR. MOO SAO JOSE BASKETBALL	2026-02-13, FLA vs SJO	3	0	0	0	0	0	0	0	0	0	0	0	0	0	0	0
257	2025-26	NBB	GEMADINHA	CONTA SIMPLES RIO CLARO	2026-02-16, RCB vs FLA	35	22	3	4	2	4	10	10	2	0	2	1	0	0	3	4
257	2025-26	NBB	SCOTT	CONTA SIMPLES RIO CLARO	2026-02-16, RCB vs FLA	27	17	3	6	3	5	2	4	7	1	8	3	3	0	4	3
257	2025-26	NBB	THYGESEN	CONTA SIMPLES RIO CLARO	2026-02-16, RCB vs FLA	32	16	2	8	4	11	0	0	5	1	6	5	2	0	3	4
257	2025-26	NBB	DOS ANJOS	CONTA SIMPLES RIO CLARO	2026-02-16, RCB vs FLA	32	8	1	1	2	3	0	0	6	1	7	0	0	0	1	2
257	2025-26	NBB	COSTA	CONTA SIMPLES RIO CLARO	2026-02-16, RCB vs FLA	12	7	0	1	1	2	4	4	1	1	2	1	0	0	1	3
257	2025-26	NBB	MURILO	CONTA SIMPLES RIO CLARO	2026-02-16, RCB vs FLA	12	7	2	3	1	2	0	2	0	0	0	0	0	2	1	3
257	2025-26	NBB	VITOR	CONTA SIMPLES RIO CLARO	2026-02-16, RCB vs FLA	34	6	2	4	0	3	2	2	1	2	3	1	1	0	2	5
257	2025-26	NBB	GUI	CONTA SIMPLES RIO CLARO	2026-02-16, RCB vs FLA	18	6	1	4	1	2	1	2	3	3	6	0	0	0	0	1
257	2025-26	NBB	BONFIM	CONTA SIMPLES RIO CLARO	2026-02-16, RCB vs FLA	20	4	2	4	0	0	0	1	1	0	1	1	0	3	0	4
257	2025-26	NBB	PASTOR	CONTA SIMPLES RIO CLARO	2026-02-16, RCB vs FLA	3	0	0	0	0	0	0	0	0	0	0	0	0	0	0	0
257	2025-26	NBB	CAIOKA	CONTA SIMPLES RIO CLARO	2026-02-16, RCB vs FLA	1	0	0	0	0	0	0	0	0	0	0	0	0	0	0	0
257	2025-26	NBB	SCOTT	FLAMENGO	2026-02-16, RCB vs FLA	5	6	0	0	2	2	0	0	1	0	1	0	1	0	0	0
257	2025-26	NBB	GEMADINHA	FLAMENGO	2026-02-16, RCB vs FLA	5	4	0	0	0	0	4	4	0	0	0	0	0	0	0	0
257	2025-26	NBB	THYGESEN	FLAMENGO	2026-02-16, RCB vs FLA	5	3	0	0	1	3	0	0	2	0	2	1	0	0	0	0
257	2025-26	NBB	BONFIM	FLAMENGO	2026-02-16, RCB vs FLA	5	2	1	2	0	0	0	0	1	0	1	1	0	2	0	0
257	2025-26	NBB	DOS ANJOS	FLAMENGO	2026-02-16, RCB vs FLA	2	0	0	0	0	0	0	0	0	0	0	0	0	0	0	1
257	2025-26	NBB	GUI	FLAMENGO	2026-02-16, RCB vs FLA	3	0	0	0	0	0	0	0	0	1	1	0	0	0	0	0
258	2025-26	NBB	G. BASILIO	VASCO DA GAMA	2026-02-16, VAS vs BAU	36	15	1	3	3	5	4	4	4	1	5	5	1	0	8	2
258	2025-26	NBB	MATHIAS	VASCO DA GAMA	2026-02-16, VAS vs BAU	19	14	7	9	0	0	0	0	3	0	3	0	0	0	2	1
258	2025-26	NBB	PEDRO NUNES	VASCO DA GAMA	2026-02-16, VAS vs BAU	24	12	0	2	4	7	0	0	8	1	9	0	1	0	0	2
258	2025-26	NBB	BEARDEN	VASCO DA GAMA	2026-02-16, VAS vs BAU	22	10	3	4	0	0	4	4	2	1	3	3	1	0	4	3
258	2025-26	NBB	MORGAN	VASCO DA GAMA	2026-02-16, VAS vs BAU	23	8	2	3	1	4	1	1	2	2	4	1	0	0	2	3
258	2025-26	NBB	SERJAO	VASCO DA GAMA	2026-02-16, VAS vs BAU	32	8	2	4	1	3	1	1	2	0	2	1	2	2	0	4
258	2025-26	NBB	ALE	VASCO DA GAMA	2026-02-16, VAS vs BAU	22	3	1	5	0	0	1	2	3	1	4	4	2	0	4	0
258	2025-26	NBB	MAGNA	VASCO DA GAMA	2026-02-16, VAS vs BAU	2	0	0	1	0	1	0	0	0	0	0	0	0	0	0	0
258	2025-26	NBB	JUAN	VASCO DA GAMA	2026-02-16, VAS vs BAU	2	0	0	0	0	1	0	0	0	0	0	0	0	0	0	0
258	2025-26	NBB	ELIAS	VASCO DA GAMA	2026-02-16, VAS vs BAU	17	0	0	1	0	3	0	0	2	0	2	3	0	0	1	2
258	2025-26	NBB	BRITE	BAURU BASKET	2026-02-16, VAS vs BAU	32	23	3	6	4	8	5	6	4	0	4	3	4	0	1	1
258	2025-26	NBB	MATERAN	BAURU BASKET	2026-02-16, VAS vs BAU	24	11	1	2	3	7	0	0	5	1	6	0	1	0	0	3
258	2025-26	NBB	GEMERSON	BAURU BASKET	2026-02-16, VAS vs BAU	24	10	2	3	2	6	0	1	4	1	5	2	1	0	2	2
258	2025-26	NBB	ANDREZAO	BAURU BASKET	2026-02-16, VAS vs BAU	8	10	4	5	0	0	2	4	0	2	2	1	0	0	1	1
258	2025-26	NBB	GUSTAVO	BAURU BASKET	2026-02-16, VAS vs BAU	15	9	4	7	0	0	1	2	0	2	2	0	2	1	1	1
258	2025-26	NBB	ALEX	BAURU BASKET	2026-02-16, VAS vs BAU	32	9	4	5	0	6	1	4	3	1	4	7	0	0	5	2
258	2025-26	NBB	PEDRO	BAURU BASKET	2026-02-16, VAS vs BAU	18	7	2	2	1	3	0	0	0	3	3	2	1	0	1	1
258	2025-26	NBB	VITHINHO	BAURU BASKET	2026-02-16, VAS vs BAU	15	5	0	0	1	2	2	4	2	0	2	4	0	0	1	1
258	2025-26	NBB	AUGUSTO	BAURU BASKET	2026-02-16, VAS vs BAU	9	2	1	2	0	1	0	0	1	0	1	1	0	0	0	2
258	2025-26	NBB	MOGI	BAURU BASKET	2026-02-16, VAS vs BAU	6	2	1	1	0	0	0	0	1	1	2	0	0	0	0	1
258	2025-26	NBB	EUGENIUSZ	BAURU BASKET	2026-02-16, VAS vs BAU	17	2	1	2	0	2	0	0	1	0	1	4	0	0	1	4
259	2025-26	NBB	HINKLE	MOGI BASQUETE	2026-02-16, MOG vs CRU	19	14	1	5	2	7	6	7	2	1	3	2	1	0	1	3
259	2025-26	NBB	PAULO	MOGI BASQUETE	2026-02-16, MOG vs CRU	39	14	2	3	2	5	4	4	6	0	6	1	0	0	0	3
259	2025-26	NBB	MENCA	MOGI BASQUETE	2026-02-16, MOG vs CRU	26	11	3	5	1	5	2	2	1	2	3	0	1	0	1	2
259	2025-26	NBB	DIKEMBE	MOGI BASQUETE	2026-02-16, MOG vs CRU	18	9	4	8	0	0	1	3	8	4	12	0	0	0	0	2
259	2025-26	NBB	GABRIEL CAMPOS	MOGI BASQUETE	2026-02-16, MOG vs CRU	30	9	3	7	1	6	0	0	4	0	4	5	1	0	4	1
259	2025-26	NBB	RUIVO	MOGI BASQUETE	2026-02-16, MOG vs CRU	14	4	2	4	0	3	0	1	1	0	1	1	0	0	0	2
259	2025-26	NBB	MAICON DOUGLAS	MOGI BASQUETE	2026-02-16, MOG vs CRU	22	4	2	4	0	0	0	0	3	3	6	0	0	2	1	1
259	2025-26	NBB	ANDERSON	MOGI BASQUETE	2026-02-16, MOG vs CRU	16	2	0	1	0	2	2	2	4	1	5	1	1	1	0	4
259	2025-26	NBB	DUANE JOHNSON	MOGI BASQUETE	2026-02-16, MOG vs CRU	16	2	1	3	0	1	0	0	1	2	3	0	0	0	0	0
259	2025-26	NBB	DA SILVA	CRUZEIRO BASQUETE	2026-02-16, MOG vs CRU	32	16	6	9	0	1	4	4	7	3	10	3	0	0	1	2
259	2025-26	NBB	I. THORNTON	CRUZEIRO BASQUETE	2026-02-16, MOG vs CRU	33	12	3	7	2	5	0	0	1	0	1	1	1	0	0	1
259	2025-26	NBB	CLAY	CRUZEIRO BASQUETE	2026-02-16, MOG vs CRU	22	10	1	3	2	7	2	2	4	0	4	1	1	0	1	1
259	2025-26	NBB	LEO ABREU	CRUZEIRO BASQUETE	2026-02-16, MOG vs CRU	26	8	0	1	2	3	2	2	6	1	7	4	1	0	3	3
259	2025-26	NBB	ANSALONI	CRUZEIRO BASQUETE	2026-02-16, MOG vs CRU	29	7	1	4	1	5	2	2	5	0	5	4	0	0	1	4
259	2025-26	NBB	GITTENS	CRUZEIRO BASQUETE	2026-02-16, MOG vs CRU	12	7	1	3	1	1	2	2	0	1	1	2	0	0	2	1
259	2025-26	NBB	NIQUE COLEMAN	CRUZEIRO BASQUETE	2026-02-16, MOG vs CRU	14	5	1	2	1	4	0	0	2	0	2	0	0	1	1	0
259	2025-26	NBB	JJ	CRUZEIRO BASQUETE	2026-02-16, MOG vs CRU	14	4	1	1	0	1	2	2	4	0	4	1	0	1	0	3
259	2025-26	NBB	SENA	CRUZEIRO BASQUETE	2026-02-16, MOG vs CRU	16	1	0	3	0	1	1	2	0	0	0	0	0	0	0	3
259	2025-26	NBB	CASSIANO	CRUZEIRO BASQUETE	2026-02-16, MOG vs CRU	3	0	0	0	0	0	0	0	0	0	0	0	0	0	0	0
260	2025-26	NBB	WINI SILVA	KTO MINAS	2026-02-17, MIN vs BRA	26	20	9	11	0	0	2	4	2	1	3	3	2	4	1	4
260	2025-26	NBB	MCCREE	KTO MINAS	2026-02-17, MIN vs BRA	27	18	4	5	3	9	1	1	3	2	5	3	0	0	0	3
260	2025-26	NBB	R. RACHEL	KTO MINAS	2026-02-17, MIN vs BRA	23	14	1	2	3	8	3	4	0	3	3	1	0	0	5	3
260	2025-26	NBB	WILLIAMS	KTO MINAS	2026-02-17, MIN vs BRA	28	12	3	6	1	7	3	4	7	1	8	3	1	0	2	0
260	2025-26	NBB	FUZARO	KTO MINAS	2026-02-17, MIN vs BRA	23	10	2	3	2	4	0	0	1	1	2	1	0	0	2	0
260	2025-26	NBB	YURI	KTO MINAS	2026-02-17, MIN vs BRA	14	7	2	2	1	2	0	0	3	3	6	1	1	0	1	4
260	2025-26	NBB	FISCHER	KTO MINAS	2026-02-17, MIN vs BRA	19	7	1	1	1	2	2	4	3	0	3	7	1	0	1	2
260	2025-26	NBB	RODRIGUEZ	KTO MINAS	2026-02-17, MIN vs BRA	26	2	1	4	0	1	0	0	4	1	5	4	1	0	1	3
260	2025-26	NBB	PARANHOS	KTO MINAS	2026-02-17, MIN vs BRA	14	2	1	6	0	0	0	0	1	2	3	0	0	0	1	3
260	2025-26	NBB	CORVALAN	CAIXA/BRASILIA	2026-02-17, MIN vs BRA	33	23	3	6	4	7	5	6	3	0	3	6	1	0	2	2
260	2025-26	NBB	VON HAYDIN	CAIXA/BRASILIA	2026-02-17, MIN vs BRA	40	19	3	6	4	11	1	2	5	2	7	2	3	0	3	2
260	2025-26	NBB	PAULICHI	CAIXA/BRASILIA	2026-02-17, MIN vs BRA	20	13	6	8	0	1	1	2	1	2	3	1	2	0	1	3
260	2025-26	NBB	BUIU	CAIXA/BRASILIA	2026-02-17, MIN vs BRA	30	12	3	5	2	4	0	0	1	0	1	3	3	1	0	4
260	2025-26	NBB	BRUNAO	CAIXA/BRASILIA	2026-02-17, MIN vs BRA	31	11	4	4	0	0	3	7	4	1	5	0	1	3	0	2
260	2025-26	NBB	LUCAS	CAIXA/BRASILIA	2026-02-17, MIN vs BRA	14	6	1	1	1	5	1	1	0	0	0	3	0	0	2	2
260	2025-26	NBB	CRESCENZI	CAIXA/BRASILIA	2026-02-17, MIN vs BRA	19	5	1	1	1	2	0	0	1	1	2	2	0	0	1	3
260	2025-26	NBB	CARBONARI	CAIXA/BRASILIA	2026-02-17, MIN vs BRA	14	2	1	2	0	4	0	0	0	0	0	1	0	0	0	2
261	2025-26	NBB	MATHEUSINHO	BOTAFOGO	2026-02-17, BOT vs FRA	28	16	4	8	2	6	2	2	2	0	2	3	0	0	3	2
261	2025-26	NBB	EMANUEL	BOTAFOGO	2026-02-17, BOT vs FRA	26	13	3	3	2	2	1	1	4	0	4	1	1	0	0	3
261	2025-26	NBB	DERICK	BOTAFOGO	2026-02-17, BOT vs FRA	32	11	4	6	1	5	0	0	2	0	2	2	0	0	0	2
261	2025-26	NBB	NK	BOTAFOGO	2026-02-17, BOT vs FRA	15	9	4	5	0	2	1	2	2	1	3	1	0	0	1	3
261	2025-26	NBB	LELE	BOTAFOGO	2026-02-17, BOT vs FRA	16	6	0	0	2	3	0	0	0	0	0	1	2	0	1	3
261	2025-26	NBB	MACHADO	BOTAFOGO	2026-02-17, BOT vs FRA	28	5	2	5	0	6	1	3	2	0	2	8	1	1	2	1
261	2025-26	NBB	PAULINO	BOTAFOGO	2026-02-17, BOT vs FRA	7	2	1	2	0	0	0	0	1	1	2	0	1	0	1	0
261	2025-26	NBB	MACHADO JR.	BOTAFOGO	2026-02-17, BOT vs FRA	17	2	1	6	0	5	0	0	1	1	2	0	2	0	1	2
261	2025-26	NBB	ABNER	BOTAFOGO	2026-02-17, BOT vs FRA	19	2	1	3	0	0	0	0	6	1	7	0	0	0	0	3
261	2025-26	NBB	KLEBINHO	BOTAFOGO	2026-02-17, BOT vs FRA	2	0	0	0	0	0	0	0	0	0	0	0	0	0	0	0
261	2025-26	NBB	LUCAS	BOTAFOGO	2026-02-17, BOT vs FRA	11	0	0	0	0	3	0	0	0	0	0	1	0	0	0	1
261	2025-26	NBB	GEORGINHO	SESI FRANCA	2026-02-17, BOT vs FRA	26	16	2	4	2	4	6	6	6	0	6	2	0	0	2	2
261	2025-26	NBB	RODRIGUEZ	SESI FRANCA	2026-02-17, BOT vs FRA	20	14	4	6	2	4	0	0	4	3	7	2	0	0	2	2
261	2025-26	NBB	FELICIO	SESI FRANCA	2026-02-17, BOT vs FRA	20	14	6	7	0	0	2	2	7	1	8	2	0	0	1	1
261	2025-26	NBB	LUCAS DIAS	SESI FRANCA	2026-02-17, BOT vs FRA	23	13	4	8	1	6	2	2	4	1	5	3	1	0	3	3
261	2025-26	NBB	DAVID JACKSON	SESI FRANCA	2026-02-17, BOT vs FRA	22	9	0	0	3	5	0	0	4	0	4	3	0	1	2	0
261	2025-26	NBB	ZU JR.	SESI FRANCA	2026-02-17, BOT vs FRA	19	9	2	4	0	4	5	8	1	2	3	0	0	0	1	0
261	2025-26	NBB	VINI	SESI FRANCA	2026-02-17, BOT vs FRA	12	6	3	4	0	4	0	0	0	2	2	1	0	0	0	0
261	2025-26	NBB	MINEIRO	SESI FRANCA	2026-02-17, BOT vs FRA	18	4	1	1	0	0	2	4	7	2	9	0	1	0	2	1
261	2025-26	NBB	BENNETT	SESI FRANCA	2026-02-17, BOT vs FRA	21	3	1	2	0	1	1	2	1	0	1	4	0	0	0	2
261	2025-26	NBB	PIA	SESI FRANCA	2026-02-17, BOT vs FRA	2	0	0	0	0	0	0	0	0	0	0	0	0	0	0	1
261	2025-26	NBB	LATERZA	SESI FRANCA	2026-02-17, BOT vs FRA	19	0	0	1	0	2	0	0	2	0	2	5	2	0	0	2
262	2025-26	NBB	GABRIEL	FORTALEZA BASQUETE CEARENSE	2026-02-18, FOR vs PAT	22	15	3	4	3	6	0	0	3	2	5	0	0	0	1	1
262	2025-26	NBB	DUPREE	FORTALEZA BASQUETE CEARENSE	2026-02-18, FOR vs PAT	38	12	2	9	2	9	2	2	6	3	9	3	1	0	3	4
262	2025-26	NBB	DA SILVA	FORTALEZA BASQUETE CEARENSE	2026-02-18, FOR vs PAT	37	12	5	13	0	1	2	2	4	2	6	3	4	0	1	0
262	2025-26	NBB	ALBERTON	FORTALEZA BASQUETE CEARENSE	2026-02-18, FOR vs PAT	18	9	4	6	0	0	1	4	4	3	7	2	0	1	3	4
262	2025-26	NBB	POPOVIC	FORTALEZA BASQUETE CEARENSE	2026-02-18, FOR vs PAT	30	7	3	6	0	4	1	1	3	0	3	1	4	0	2	0
262	2025-26	NBB	JEANZINHO	FORTALEZA BASQUETE CEARENSE	2026-02-18, FOR vs PAT	23	5	1	5	1	5	0	0	0	0	0	2	0	0	1	1
262	2025-26	NBB	SALSAMENDI	FORTALEZA BASQUETE CEARENSE	2026-02-18, FOR vs PAT	22	2	0	0	0	1	2	2	2	0	2	4	3	2	2	2
262	2025-26	NBB	SAMUEL	FORTALEZA BASQUETE CEARENSE	2026-02-18, FOR vs PAT	9	2	1	1	0	0	0	0	1	3	4	0	1	0	0	0
262	2025-26	NBB	EDU MARILIA	PATO BASQUETE	2026-02-18, FOR vs PAT	29	16	5	6	2	3	0	0	4	3	7	1	0	0	0	3
262	2025-26	NBB	THOMPSON	PATO BASQUETE	2026-02-18, FOR vs PAT	18	9	3	7	1	3	0	0	0	0	0	2	1	0	4	1
262	2025-26	NBB	FIDELIS	PATO BASQUETE	2026-02-18, FOR vs PAT	30	9	4	7	0	0	1	4	6	3	9	0	0	0	1	2
262	2025-26	NBB	HORTON	PATO BASQUETE	2026-02-18, FOR vs PAT	23	9	1	8	1	2	4	4	4	3	7	1	3	0	3	0
262	2025-26	NBB	D. PENTEADO	PATO BASQUETE	2026-02-18, FOR vs PAT	22	7	0	4	2	8	1	1	4	3	7	2	0	0	0	4
262	2025-26	NBB	NAKA	PATO BASQUETE	2026-02-18, FOR vs PAT	25	4	2	2	0	5	0	0	2	3	5	3	3	0	5	1
262	2025-26	NBB	MATEUS	PATO BASQUETE	2026-02-18, FOR vs PAT	14	3	0	0	1	3	0	0	0	0	0	0	0	0	1	2
262	2025-26	NBB	WILLKER Z.	PATO BASQUETE	2026-02-18, FOR vs PAT	10	2	1	3	0	0	0	0	1	0	1	0	0	0	0	1
262	2025-26	NBB	GRIGOR	PATO BASQUETE	2026-02-18, FOR vs PAT	8	0	0	0	0	0	0	0	2	1	3	0	0	1	1	0
262	2025-26	NBB	MICHEL	PATO BASQUETE	2026-02-18, FOR vs PAT	18	0	0	1	0	4	0	0	2	0	2	1	0	0	0	1
262	2025-26	NBB	N. GOMES	PATO BASQUETE	2026-02-18, FOR vs PAT	4	0	0	0	0	0	0	0	1	0	1	1	0	0	1	2
263	2025-26	NBB	ELINHO	CORINTHIANS	2026-02-18, COR vs MOG	36	19	2	2	3	7	6	6	5	0	5	8	1	0	4	2
263	2025-26	NBB	CLARK	CORINTHIANS	2026-02-18, COR vs MOG	26	13	3	8	2	6	1	1	2	0	2	3	0	0	3	2
263	2025-26	NBB	LUCAS CAUE	CORINTHIANS	2026-02-18, COR vs MOG	20	11	5	6	0	0	1	3	7	1	8	0	0	3	0	3
263	2025-26	NBB	THOMAS	CORINTHIANS	2026-02-18, COR vs MOG	24	11	4	4	0	3	3	4	4	0	4	4	1	0	0	1
263	2025-26	NBB	C. BORGES	CORINTHIANS	2026-02-18, COR vs MOG	17	10	1	2	2	3	2	2	3	0	3	0	1	0	1	1
263	2025-26	NBB	VICTAO	CORINTHIANS	2026-02-18, COR vs MOG	31	10	2	3	2	4	0	0	2	0	2	2	1	0	1	3
263	2025-26	NBB	NOVAES	CORINTHIANS	2026-02-18, COR vs MOG	16	4	2	3	0	1	0	0	2	1	3	0	0	2	1	2
263	2025-26	NBB	MUNFORD	CORINTHIANS	2026-02-18, COR vs MOG	17	2	0	3	0	1	2	3	2	0	2	0	1	1	0	1
263	2025-26	NBB	RAYMUNDO	CORINTHIANS	2026-02-18, COR vs MOG	9	2	1	1	0	1	0	0	3	1	4	1	1	0	1	4
263	2025-26	NBB	T. FARIA	CORINTHIANS	2026-02-18, COR vs MOG	4	0	0	2	0	0	0	0	0	0	0	1	0	0	0	0
263	2025-26	NBB	HINKLE	MOGI BASQUETE	2026-02-18, COR vs MOG	28	21	2	6	4	9	5	7	5	1	6	3	0	0	2	1
263	2025-26	NBB	ANDERSON	MOGI BASQUETE	2026-02-18, COR vs MOG	32	14	5	6	1	6	1	5	7	3	10	3	2	0	2	2
263	2025-26	NBB	VINI CHAGAS	MOGI BASQUETE	2026-02-18, COR vs MOG	25	12	5	7	0	2	2	4	4	3	7	1	0	2	1	3
263	2025-26	NBB	RUIVO	MOGI BASQUETE	2026-02-18, COR vs MOG	34	9	0	2	3	8	0	0	1	0	1	5	0	0	2	2
263	2025-26	NBB	GABRIEL CAMPOS	MOGI BASQUETE	2026-02-18, COR vs MOG	21	9	3	8	0	1	3	4	3	0	3	4	1	0	1	2
263	2025-26	NBB	PAULO	MOGI BASQUETE	2026-02-18, COR vs MOG	26	5	2	7	0	4	1	2	4	2	6	0	0	0	1	1
263	2025-26	NBB	DUANE JOHNSON	MOGI BASQUETE	2026-02-18, COR vs MOG	22	3	0	0	1	2	0	0	0	1	1	0	1	0	1	2
263	2025-26	NBB	DIKEMBE	MOGI BASQUETE	2026-02-18, COR vs MOG	10	2	1	3	0	0	0	0	2	2	4	1	0	0	0	2
263	2025-26	NBB	MAICON DOUGLAS	MOGI BASQUETE	2026-02-18, COR vs MOG	2	0	0	1	0	0	0	0	0	2	2	0	0	0	0	0
264	2025-26	NBB	WILLIAMS	KTO MINAS	2026-02-19, MIN vs RCB	36	24	4	6	3	7	7	8	2	3	5	2	1	0	2	2
264	2025-26	NBB	FISCHER	KTO MINAS	2026-02-19, MIN vs RCB	31	18	7	10	1	4	1	4	3	2	5	7	2	0	5	3
264	2025-26	NBB	MCCREE	KTO MINAS	2026-02-19, MIN vs RCB	34	16	4	7	1	3	5	7	8	1	9	1	1	0	2	2
264	2025-26	NBB	WINI SILVA	KTO MINAS	2026-02-19, MIN vs RCB	21	12	5	10	0	1	2	3	4	5	9	1	3	1	2	4
264	2025-26	NBB	RODRIGUEZ	KTO MINAS	2026-02-19, MIN vs RCB	20	7	2	3	1	5	0	0	0	0	0	1	1	0	1	3
264	2025-26	NBB	R. RACHEL	KTO MINAS	2026-02-19, MIN vs RCB	18	7	2	3	0	4	3	6	1	2	3	1	3	0	0	2
264	2025-26	NBB	FUZARO	KTO MINAS	2026-02-19, MIN vs RCB	28	5	2	3	0	3	1	2	3	0	3	3	0	0	0	5
264	2025-26	NBB	CESAR	KTO MINAS	2026-02-19, MIN vs RCB	8	4	2	2	0	0	0	0	1	1	2	0	1	0	2	1
264	2025-26	NBB	PARANHOS	KTO MINAS	2026-02-19, MIN vs RCB	18	4	2	5	0	0	0	0	1	2	3	2	0	0	0	3
264	2025-26	NBB	YURI	KTO MINAS	2026-02-19, MIN vs RCB	10	1	0	1	0	0	1	4	1	1	2	1	0	0	0	0
264	2025-26	NBB	MCCREE	CONTA SIMPLES RIO CLARO	2026-02-19, MIN vs RCB	5	5	1	2	0	0	3	5	2	0	2	0	0	0	0	0
264	2025-26	NBB	WILLIAMS	CONTA SIMPLES RIO CLARO	2026-02-19, MIN vs RCB	5	4	1	1	0	1	2	2	0	0	0	0	0	0	1	0
264	2025-26	NBB	FISCHER	CONTA SIMPLES RIO CLARO	2026-02-19, MIN vs RCB	5	2	1	2	0	0	0	0	1	0	1	2	0	0	0	2
264	2025-26	NBB	WINI SILVA	CONTA SIMPLES RIO CLARO	2026-02-19, MIN vs RCB	5	2	1	3	0	0	0	0	1	2	3	0	1	0	0	1
264	2025-26	NBB	RODRIGUEZ	CONTA SIMPLES RIO CLARO	2026-02-19, MIN vs RCB	5	0	0	0	0	0	0	0	0	0	0	0	1	0	0	0
265	2025-26	NBB	GUI	FLAMENGO	2026-02-19, FLA vs FRA	29	28	3	5	6	13	4	4	3	2	5	4	2	0	1	4
265	2025-26	NBB	JOHNSON SR.	FLAMENGO	2026-02-19, FLA vs FRA	30	12	0	2	4	10	0	0	4	1	5	2	1	0	2	3
265	2025-26	NBB	BARALLE	FLAMENGO	2026-02-19, FLA vs FRA	20	11	1	2	3	8	0	0	4	0	4	4	1	0	0	0
265	2025-26	NBB	CUMMINGS	FLAMENGO	2026-02-19, FLA vs FRA	27	8	3	7	0	1	2	3	1	3	4	3	1	0	1	2
265	2025-26	NBB	MANEL	FLAMENGO	2026-02-19, FLA vs FRA	16	8	3	3	0	0	2	2	0	3	3	1	3	0	0	3
265	2025-26	NBB	KAYO	FLAMENGO	2026-02-19, FLA vs FRA	13	7	0	0	2	3	1	1	0	0	0	0	0	0	1	1
265	2025-26	NBB	NEGRETE	FLAMENGO	2026-02-19, FLA vs FRA	18	6	0	2	1	4	3	3	2	1	3	1	0	0	2	1
265	2025-26	NBB	DORIA	FLAMENGO	2026-02-19, FLA vs FRA	9	5	2	3	0	0	1	2	0	3	3	2	1	0	0	3
265	2025-26	NBB	WESLEY	FLAMENGO	2026-02-19, FLA vs FRA	15	4	2	3	0	1	0	0	0	0	0	0	0	0	0	3
265	2025-26	NBB	JHONATAN	FLAMENGO	2026-02-19, FLA vs FRA	19	2	1	1	0	2	0	0	3	0	3	1	0	0	0	3
265	2025-26	NBB	GUEIROS	FLAMENGO	2026-02-19, FLA vs FRA	4	0	0	0	0	0	0	0	0	0	0	0	0	0	0	1
265	2025-26	NBB	GEORGINHO	SESI FRANCA	2026-02-19, FLA vs FRA	39	20	3	3	3	8	5	9	5	2	7	11	1	0	4	0
265	2025-26	NBB	FELICIO	SESI FRANCA	2026-02-19, FLA vs FRA	23	14	6	8	0	0	2	4	4	3	7	3	0	0	1	0
265	2025-26	NBB	DAVID JACKSON	SESI FRANCA	2026-02-19, FLA vs FRA	31	14	1	3	2	4	6	6	4	0	4	0	0	0	2	4
265	2025-26	NBB	LUCAS DIAS	SESI FRANCA	2026-02-19, FLA vs FRA	27	12	1	1	3	5	1	2	4	1	5	5	0	0	1	4
265	2025-26	NBB	BENNETT	SESI FRANCA	2026-02-19, FLA vs FRA	30	11	4	6	0	2	3	3	2	0	2	1	2	0	2	2
265	2025-26	NBB	RODRIGUEZ	SESI FRANCA	2026-02-19, FLA vs FRA	22	7	1	2	1	4	2	2	3	0	3	0	2	2	0	3
265	2025-26	NBB	LATERZA	SESI FRANCA	2026-02-19, FLA vs FRA	14	6	0	1	2	2	0	0	1	0	1	1	0	0	0	1
265	2025-26	NBB	MINEIRO	SESI FRANCA	2026-02-19, FLA vs FRA	10	3	1	1	0	0	1	1	1	0	1	0	0	1	0	2
265	2025-26	NBB	ZU JR.	SESI FRANCA	2026-02-19, FLA vs FRA	4	2	1	2	0	2	0	0	1	0	1	0	0	0	0	1
266	2025-26	NBB	DERICK	BOTAFOGO	2026-02-19, BOT vs BAU	39	19	5	9	2	4	3	5	1	1	2	1	0	1	1	2
266	2025-26	NBB	MATHEUSINHO	BOTAFOGO	2026-02-19, BOT vs BAU	37	17	3	5	3	7	2	2	6	0	6	8	2	0	4	5
266	2025-26	NBB	MACHADO	BOTAFOGO	2026-02-19, BOT vs BAU	29	16	2	3	3	7	3	3	3	0	3	6	1	0	3	4
266	2025-26	NBB	SCHEUER	BOTAFOGO	2026-02-19, BOT vs BAU	31	14	6	9	0	0	2	7	2	3	5	0	1	1	4	2
266	2025-26	NBB	EMANUEL	BOTAFOGO	2026-02-19, BOT vs BAU	37	13	3	5	1	4	4	4	4	0	4	3	3	1	2	3
266	2025-26	NBB	MACHADO JR.	BOTAFOGO	2026-02-19, BOT vs BAU	9	2	1	3	0	1	0	0	1	0	1	0	0	0	1	2
266	2025-26	NBB	LELE	BOTAFOGO	2026-02-19, BOT vs BAU	8	0	0	0	0	1	0	0	0	0	0	2	0	0	0	2
266	2025-26	NBB	NK	BOTAFOGO	2026-02-19, BOT vs BAU	4	0	0	1	0	0	0	0	1	0	1	0	0	0	1	0
266	2025-26	NBB	ABNER	BOTAFOGO	2026-02-19, BOT vs BAU	4	0	0	1	0	0	0	0	2	0	2	0	0	0	1	1
266	2025-26	NBB	LUCAS	BOTAFOGO	2026-02-19, BOT vs BAU	2	0	0	0	0	0	0	0	0	0	0	0	0	0	0	0
266	2025-26	NBB	BRITE	BAURU BASKET	2026-02-19, BOT vs BAU	25	21	3	6	4	6	3	5	0	0	0	3	4	0	1	4
266	2025-26	NBB	ANDREZAO	BAURU BASKET	2026-02-19, BOT vs BAU	38	15	5	12	0	0	5	6	9	2	11	1	2	1	2	1
266	2025-26	NBB	ALEX	BAURU BASKET	2026-02-19, BOT vs BAU	37	15	1	2	4	6	1	2	6	0	6	7	2	0	3	3
266	2025-26	NBB	EUGENIUSZ	BAURU BASKET	2026-02-19, BOT vs BAU	27	15	2	4	2	3	5	6	2	0	2	3	0	0	4	4
266	2025-26	NBB	MATERAN	BAURU BASKET	2026-02-19, BOT vs BAU	23	7	1	4	1	4	2	2	0	3	3	3	0	1	1	4
266	2025-26	NBB	GUSTAVO	BAURU BASKET	2026-02-19, BOT vs BAU	18	6	0	2	2	2	0	0	5	0	5	1	1	0	2	2
266	2025-26	NBB	VITHINHO	BAURU BASKET	2026-02-19, BOT vs BAU	13	4	0	0	1	4	1	2	1	0	1	1	0	0	1	0
266	2025-26	NBB	PEDRO	BAURU BASKET	2026-02-19, BOT vs BAU	7	4	2	2	0	1	0	2	2	0	2	1	0	0	0	1
266	2025-26	NBB	AUGUSTO	BAURU BASKET	2026-02-19, BOT vs BAU	3	0	0	0	0	1	0	0	0	0	0	0	0	0	1	1
266	2025-26	NBB	MOGI	BAURU BASKET	2026-02-19, BOT vs BAU	9	0	0	0	0	0	0	0	0	1	1	2	0	0	0	1
267	2025-26	NBB	ANSALONI	CRUZEIRO BASQUETE	2026-02-19, CRU vs BRA	27	19	6	7	2	2	1	1	3	0	3	0	1	1	1	1
267	2025-26	NBB	DA SILVA	CRUZEIRO BASQUETE	2026-02-19, CRU vs BRA	31	17	6	10	0	0	5	7	6	0	6	2	0	1	1	3
267	2025-26	NBB	CLAY	CRUZEIRO BASQUETE	2026-02-19, CRU vs BRA	24	12	3	3	2	5	0	0	0	0	0	2	2	0	0	4
267	2025-26	NBB	CASSIANO	CRUZEIRO BASQUETE	2026-02-19, CRU vs BRA	19	11	3	4	1	2	2	2	1	0	1	6	1	1	3	3
267	2025-26	NBB	GITTENS	CRUZEIRO BASQUETE	2026-02-19, CRU vs BRA	17	8	2	5	1	1	1	1	3	0	3	1	0	0	0	3
267	2025-26	NBB	SENA	CRUZEIRO BASQUETE	2026-02-19, CRU vs BRA	11	6	2	3	0	0	2	2	0	0	0	0	1	0	1	4
267	2025-26	NBB	LEO ABREU	CRUZEIRO BASQUETE	2026-02-19, CRU vs BRA	24	6	0	0	2	3	0	2	3	1	4	5	1	1	3	3
267	2025-26	NBB	JJ	CRUZEIRO BASQUETE	2026-02-19, CRU vs BRA	20	5	1	1	1	4	0	0	1	0	1	1	1	0	2	2
267	2025-26	NBB	I. THORNTON	CRUZEIRO BASQUETE	2026-02-19, CRU vs BRA	28	3	0	1	1	7	0	1	2	0	2	3	2	0	1	0
267	2025-26	NBB	VON HAYDIN	CAIXA/BRASILIA	2026-02-19, CRU vs BRA	36	24	7	8	3	7	1	1	3	0	3	3	1	0	2	0
267	2025-26	NBB	CRESCENZI	CAIXA/BRASILIA	2026-02-19, CRU vs BRA	24	17	2	5	4	5	1	2	2	1	3	4	2	0	2	3
267	2025-26	NBB	BUIU	CAIXA/BRASILIA	2026-02-19, CRU vs BRA	38	15	5	10	1	3	2	3	1	1	2	3	2	0	3	3
267	2025-26	NBB	BRUNAO	CAIXA/BRASILIA	2026-02-19, CRU vs BRA	30	11	2	3	0	1	7	10	8	4	12	1	0	1	2	2
267	2025-26	NBB	PAULICHI	CAIXA/BRASILIA	2026-02-19, CRU vs BRA	32	11	2	5	2	3	1	2	3	0	3	2	2	0	1	4
267	2025-26	NBB	CARBONARI	CAIXA/BRASILIA	2026-02-19, CRU vs BRA	17	10	1	1	2	5	2	4	3	1	4	2	0	0	1	2
267	2025-26	NBB	BELLER	CAIXA/BRASILIA	2026-02-19, CRU vs BRA	8	3	0	0	1	1	0	0	0	0	0	0	0	0	1	2
267	2025-26	NBB	LUCAS	CAIXA/BRASILIA	2026-02-19, CRU vs BRA	6	2	1	2	0	0	0	0	1	0	1	2	0	0	1	0
267	2025-26	NBB	CORVALAN	CAIXA/BRASILIA	2026-02-19, CRU vs BRA	8	0	0	2	0	0	0	0	0	1	1	1	0	0	0	2
268	2025-26	NBB	BETINHO	PINHEIROS	2026-02-19, PIN vs CAP	15	15	3	6	3	4	0	0	4	0	4	1	1	1	1	2
268	2025-26	NBB	SLOAN	PINHEIROS	2026-02-19, PIN vs CAP	25	14	5	10	0	4	4	4	4	1	5	4	0	0	1	2
268	2025-26	NBB	DJALO	PINHEIROS	2026-02-19, PIN vs CAP	32	14	3	6	2	4	2	2	2	2	4	2	0	1	0	2
268	2025-26	NBB	PASTRE	PINHEIROS	2026-02-19, PIN vs CAP	30	12	1	3	3	4	1	2	4	2	6	2	1	1	1	2
268	2025-26	NBB	GREGATE	PINHEIROS	2026-02-19, PIN vs CAP	20	8	4	5	0	5	0	0	4	1	5	6	0	0	2	2
268	2025-26	NBB	MACIEL	PINHEIROS	2026-02-19, PIN vs CAP	14	6	3	3	0	2	0	0	4	2	6	1	0	0	1	1
268	2025-26	NBB	AGAPY	PINHEIROS	2026-02-19, PIN vs CAP	23	4	2	2	0	0	0	0	6	2	8	1	0	0	1	3
268	2025-26	NBB	FARABELLO	PINHEIROS	2026-02-19, PIN vs CAP	6	3	0	2	1	2	0	0	0	0	0	0	0	0	1	0
268	2025-26	NBB	AFONSO	PINHEIROS	2026-02-19, PIN vs CAP	6	2	0	1	0	0	2	2	0	1	1	0	0	0	0	1
268	2025-26	NBB	PACHECO	PINHEIROS	2026-02-19, PIN vs CAP	22	2	1	2	0	3	0	0	1	0	1	3	2	0	2	2
268	2025-26	NBB	EDU SANTOS	PINHEIROS	2026-02-19, PIN vs CAP	3	0	0	0	0	0	0	0	1	0	1	0	0	1	0	1
268	2025-26	NBB	PENHA JR.	PINHEIROS	2026-02-19, PIN vs CAP	7	0	0	0	0	1	0	0	1	0	1	0	0	0	0	1
268	2025-26	NBB	HUNTER	PAULISTANO	2026-02-19, PIN vs CAP	31	19	4	10	2	5	5	6	1	1	2	0	1	0	3	3
268	2025-26	NBB	SIEWERT	PAULISTANO	2026-02-19, PIN vs CAP	30	15	3	8	3	8	0	1	7	3	10	0	0	1	1	1
268	2025-26	NBB	GUI ABREU	PAULISTANO	2026-02-19, PIN vs CAP	34	8	1	6	2	5	0	0	2	3	5	1	3	0	1	2
268	2025-26	NBB	SEIXAS	PAULISTANO	2026-02-19, PIN vs CAP	23	6	1	3	1	1	1	2	3	0	3	1	0	0	1	3
268	2025-26	NBB	VITINHO	PAULISTANO	2026-02-19, PIN vs CAP	36	6	0	4	1	5	3	4	3	1	4	7	0	0	0	1
268	2025-26	NBB	LEANDRO	PAULISTANO	2026-02-19, PIN vs CAP	22	5	2	5	0	0	1	2	3	4	7	2	0	0	0	5
268	2025-26	NBB	TOVAR	PAULISTANO	2026-02-19, PIN vs CAP	13	4	2	3	0	1	0	0	0	1	1	3	1	0	2	2
268	2025-26	NBB	PIETRO	PAULISTANO	2026-02-19, PIN vs CAP	1	3	1	1	0	0	1	1	0	0	0	0	0	0	0	0
268	2025-26	NBB	DEMETRIO	PAULISTANO	2026-02-19, PIN vs CAP	7	2	1	2	0	3	0	2	2	0	2	0	0	0	0	1
268	2025-26	NBB	GABRIEL	PAULISTANO	2026-02-19, PIN vs CAP	2	0	0	0	0	0	0	0	0	0	0	0	0	0	0	1
268	2025-26	NBB	CAIO MATHIAS	PAULISTANO	2026-02-19, PIN vs CAP	2	0	0	0	0	0	0	0	0	0	0	0	0	0	0	1
269	2025-26	NBB	ADYEL	MR. MOO SAO JOSE BASKETBALL	2026-02-20, SJO vs COR	39	40	6	17	8	15	4	5	2	1	3	4	2	1	3	3
269	2025-26	NBB	LESSA	MR. MOO SAO JOSE BASKETBALL	2026-02-20, SJO vs COR	34	14	5	7	1	5	1	1	3	1	4	2	4	0	0	1
269	2025-26	NBB	MILLER	MR. MOO SAO JOSE BASKETBALL	2026-02-20, SJO vs COR	37	13	4	5	1	6	2	3	2	2	4	5	1	0	0	3
269	2025-26	NBB	ANDERSON	MR. MOO SAO JOSE BASKETBALL	2026-02-20, SJO vs COR	23	11	3	4	0	0	5	6	0	2	2	1	2	0	0	2
269	2025-26	NBB	PESSOA	MR. MOO SAO JOSE BASKETBALL	2026-02-20, SJO vs COR	10	5	2	5	0	1	1	2	2	1	3	3	1	0	0	1
269	2025-26	NBB	MAIQUE	MR. MOO SAO JOSE BASKETBALL	2026-02-20, SJO vs COR	13	4	2	4	0	0	0	0	0	0	0	0	1	0	0	3
269	2025-26	NBB	NICKEL	MR. MOO SAO JOSE BASKETBALL	2026-02-20, SJO vs COR	8	4	1	2	0	1	2	2	0	1	1	0	1	0	0	1
269	2025-26	NBB	CAUE	MR. MOO SAO JOSE BASKETBALL	2026-02-20, SJO vs COR	21	2	1	1	0	2	0	0	3	0	3	4	1	0	0	5
269	2025-26	NBB	LEO CRAVERO	MR. MOO SAO JOSE BASKETBALL	2026-02-20, SJO vs COR	14	2	1	1	0	2	0	0	4	1	5	0	0	0	1	3
269	2025-26	NBB	CLARK	CORINTHIANS	2026-02-20, SJO vs COR	32	35	2	4	9	14	4	4	5	0	5	3	0	0	2	2
269	2025-26	NBB	NOVAES	CORINTHIANS	2026-02-20, SJO vs COR	16	13	3	4	1	2	4	5	4	0	4	0	0	0	1	4
269	2025-26	NBB	VICTAO	CORINTHIANS	2026-02-20, SJO vs COR	26	12	2	2	2	4	2	3	3	0	3	0	0	1	1	3
269	2025-26	NBB	LUCAS CAUE	CORINTHIANS	2026-02-20, SJO vs COR	22	12	4	7	1	1	1	1	6	4	10	6	2	0	2	4
269	2025-26	NBB	ELINHO	CORINTHIANS	2026-02-20, SJO vs COR	38	10	2	2	2	8	0	0	8	1	9	9	0	0	5	1
269	2025-26	NBB	THOMAS	CORINTHIANS	2026-02-20, SJO vs COR	32	10	4	5	0	5	2	2	3	2	5	6	0	0	5	2
269	2025-26	NBB	C. BORGES	CORINTHIANS	2026-02-20, SJO vs COR	9	5	0	0	1	1	2	2	1	0	1	0	0	0	1	2
269	2025-26	NBB	MUNFORD	CORINTHIANS	2026-02-20, SJO vs COR	18	3	0	2	0	1	3	3	1	1	2	1	0	0	2	3
269	2025-26	NBB	T. FARIA	CORINTHIANS	2026-02-20, SJO vs COR	5	3	0	0	0	0	3	3	0	0	0	0	0	0	1	0
269	2025-26	NBB	RAYMUNDO	CORINTHIANS	2026-02-20, SJO vs COR	2	0	0	1	0	0	0	2	0	3	3	0	0	1	0	2
270	2025-26	NBB	HOLLOWELL	CEISC/UNIAO CORINTHIANS	2026-02-20, UCO vs OSA	35	18	6	7	2	4	0	0	8	0	8	8	1	0	3	1
270	2025-26	NBB	BARNES	CEISC/UNIAO CORINTHIANS	2026-02-20, UCO vs OSA	35	17	5	8	1	4	4	4	1	0	1	5	0	0	1	3
270	2025-26	NBB	CARDENAS	CEISC/UNIAO CORINTHIANS	2026-02-20, UCO vs OSA	32	14	6	9	0	4	2	3	4	0	4	1	0	3	1	2
270	2025-26	NBB	SCOTT	CEISC/UNIAO CORINTHIANS	2026-02-20, UCO vs OSA	25	10	3	10	1	2	1	2	4	1	5	2	0	0	4	2
270	2025-26	NBB	HETTSHEIMEIR	CEISC/UNIAO CORINTHIANS	2026-02-20, UCO vs OSA	13	8	0	1	2	3	2	2	0	0	0	0	2	0	1	0
270	2025-26	NBB	ISAAC	CEISC/UNIAO CORINTHIANS	2026-02-20, UCO vs OSA	21	7	0	0	2	2	1	2	0	0	0	1	0	0	0	2
270	2025-26	NBB	VERISSIMO	CEISC/UNIAO CORINTHIANS	2026-02-20, UCO vs OSA	22	6	2	4	0	2	2	2	9	1	10	4	1	0	1	4
270	2025-26	NBB	BRANDAO	CEISC/UNIAO CORINTHIANS	2026-02-20, UCO vs OSA	5	3	0	0	0	0	3	4	1	0	1	1	0	0	1	0
270	2025-26	NBB	ROSSETTO	CEISC/UNIAO CORINTHIANS	2026-02-20, UCO vs OSA	12	0	0	0	0	0	0	0	0	0	0	2	0	0	0	2
270	2025-26	NBB	HARRIS	BASKET OSASCO	2026-02-20, UCO vs OSA	33	23	5	11	4	7	1	3	6	4	10	7	2	0	2	2
270	2025-26	NBB	GRANT	BASKET OSASCO	2026-02-20, UCO vs OSA	28	13	5	8	0	4	3	3	2	0	2	0	1	0	4	3
270	2025-26	NBB	MALACHIAS	BASKET OSASCO	2026-02-20, UCO vs OSA	34	12	3	8	2	3	0	2	8	5	13	1	1	0	3	4
270	2025-26	NBB	PASSOS	BASKET OSASCO	2026-02-20, UCO vs OSA	31	10	4	5	0	0	2	2	7	2	9	1	0	0	1	2
270	2025-26	NBB	LEONI	BASKET OSASCO	2026-02-20, UCO vs OSA	15	10	1	5	2	5	2	2	0	1	1	3	0	0	0	1
270	2025-26	NBB	WEBER	BASKET OSASCO	2026-02-20, UCO vs OSA	18	9	3	6	1	4	0	2	0	0	0	3	1	0	0	1
270	2025-26	NBB	EDDY	BASKET OSASCO	2026-02-20, UCO vs OSA	22	2	1	1	0	4	0	0	2	1	3	1	2	0	0	2
270	2025-26	NBB	CARIBAUX	BASKET OSASCO	2026-02-20, UCO vs OSA	13	0	0	2	0	2	0	0	2	2	4	3	1	0	1	2
270	2025-26	NBB	THOMAS	BASKET OSASCO	2026-02-20, UCO vs OSA	5	0	0	0	0	2	0	0	1	1	2	0	0	0	0	2
271	2025-26	NBB	NEGRETE	FLAMENGO	2026-02-21, FLA vs BAU	30	19	6	12	1	2	4	6	6	2	8	5	0	0	3	3
271	2025-26	NBB	GUI	FLAMENGO	2026-02-21, FLA vs BAU	30	14	1	1	3	10	3	4	2	0	2	1	2	0	5	3
271	2025-26	NBB	WESLEY	FLAMENGO	2026-02-21, FLA vs BAU	14	10	5	7	0	1	0	0	3	0	3	1	1	0	1	5
271	2025-26	NBB	JOHNSON SR.	FLAMENGO	2026-02-21, FLA vs BAU	27	10	0	2	2	4	4	6	3	1	4	2	2	0	1	2
271	2025-26	NBB	CUMMINGS	FLAMENGO	2026-02-21, FLA vs BAU	20	7	2	2	1	2	0	0	2	1	3	1	0	0	0	4
271	2025-26	NBB	JHONATAN	FLAMENGO	2026-02-21, FLA vs BAU	19	6	2	4	0	3	2	2	5	0	5	1	0	0	1	1
271	2025-26	NBB	MANEL	FLAMENGO	2026-02-21, FLA vs BAU	13	6	3	5	0	0	0	0	1	2	3	1	1	0	1	3
271	2025-26	NBB	DORIA	FLAMENGO	2026-02-21, FLA vs BAU	13	5	2	2	0	0	1	2	1	0	1	1	1	0	0	2
271	2025-26	NBB	KAYO	FLAMENGO	2026-02-21, FLA vs BAU	12	2	1	1	0	1	0	0	0	1	1	0	0	0	0	1
271	2025-26	NBB	GUEIROS	FLAMENGO	2026-02-21, FLA vs BAU	3	0	0	0	0	0	0	0	0	0	0	0	0	0	1	0
271	2025-26	NBB	BARALLE	FLAMENGO	2026-02-21, FLA vs BAU	18	0	0	1	0	5	0	2	1	1	2	4	2	0	0	2
271	2025-26	NBB	ANDREZAO	BAURU BASKET	2026-02-21, FLA vs BAU	32	18	6	11	0	1	6	9	5	2	7	2	0	0	4	4
271	2025-26	NBB	MATERAN	BAURU BASKET	2026-02-21, FLA vs BAU	24	18	1	2	5	8	1	2	2	3	5	0	1	0	0	4
271	2025-26	NBB	GEMERSON	BAURU BASKET	2026-02-21, FLA vs BAU	24	17	5	6	1	4	4	5	3	1	4	0	0	0	2	1
271	2025-26	NBB	EUGENIUSZ	BAURU BASKET	2026-02-21, FLA vs BAU	26	13	1	2	0	4	11	12	7	0	7	11	1	0	2	4
271	2025-26	NBB	ALEX	BAURU BASKET	2026-02-21, FLA vs BAU	35	11	1	3	2	7	3	3	5	0	5	8	1	0	4	4
271	2025-26	NBB	GUSTAVO	BAURU BASKET	2026-02-21, FLA vs BAU	26	9	0	1	3	4	0	0	2	0	2	0	1	0	0	4
271	2025-26	NBB	MOGI	BAURU BASKET	2026-02-21, FLA vs BAU	7	4	1	1	0	0	2	2	0	0	0	0	1	0	0	0
271	2025-26	NBB	PEDRO	BAURU BASKET	2026-02-21, FLA vs BAU	7	2	1	1	0	0	0	0	0	0	0	0	0	0	0	3
271	2025-26	NBB	VITHINHO	BAURU BASKET	2026-02-21, FLA vs BAU	18	0	0	1	0	0	0	0	1	0	1	3	1	0	2	0
272	2025-26	NBB	NIQUE COLEMAN	CRUZEIRO BASQUETE	2026-02-21, CRU vs RCB	22	21	2	3	5	5	2	3	2	0	2	1	1	0	0	2
272	2025-26	NBB	DA SILVA	CRUZEIRO BASQUETE	2026-02-21, CRU vs RCB	30	13	6	9	0	1	1	5	1	0	1	3	2	0	4	2
272	2025-26	NBB	JJ	CRUZEIRO BASQUETE	2026-02-21, CRU vs RCB	18	12	0	1	3	4	3	4	1	0	1	4	2	0	1	2
272	2025-26	NBB	GITTENS	CRUZEIRO BASQUETE	2026-02-21, CRU vs RCB	29	12	5	8	0	1	2	6	2	1	3	7	1	0	3	5
272	2025-26	NBB	SENA	CRUZEIRO BASQUETE	2026-02-21, CRU vs RCB	18	11	2	2	1	2	4	6	2	0	2	0	2	0	1	2
272	2025-26	NBB	CASSIANO	CRUZEIRO BASQUETE	2026-02-21, CRU vs RCB	14	9	2	4	1	1	2	2	2	2	4	1	0	0	1	2
272	2025-26	NBB	ANSALONI	CRUZEIRO BASQUETE	2026-02-21, CRU vs RCB	20	8	4	5	0	1	0	0	3	1	4	1	0	0	4	3
272	2025-26	NBB	CLAY	CRUZEIRO BASQUETE	2026-02-21, CRU vs RCB	19	7	2	4	1	2	0	0	3	1	4	1	0	0	1	2
272	2025-26	NBB	I. THORNTON	CRUZEIRO BASQUETE	2026-02-21, CRU vs RCB	30	2	1	1	0	0	0	0	0	0	0	4	0	0	2	2
272	2025-26	NBB	BONFIM	CONTA SIMPLES RIO CLARO	2026-02-21, CRU vs RCB	34	25	7	11	0	1	11	12	3	2	5	0	2	2	0	2
272	2025-26	NBB	THYGESEN	CONTA SIMPLES RIO CLARO	2026-02-21, CRU vs RCB	31	21	8	14	1	5	2	2	1	0	1	4	4	0	5	4
272	2025-26	NBB	GEMADINHA	CONTA SIMPLES RIO CLARO	2026-02-21, CRU vs RCB	35	14	4	4	1	3	3	5	2	0	2	8	1	0	5	4
272	2025-26	NBB	MURILO	CONTA SIMPLES RIO CLARO	2026-02-21, CRU vs RCB	16	7	0	0	1	3	4	6	2	1	3	0	1	0	1	3
272	2025-26	NBB	DOS ANJOS	CONTA SIMPLES RIO CLARO	2026-02-21, CRU vs RCB	29	6	0	0	1	3	3	4	3	0	3	0	2	1	1	2
272	2025-26	NBB	PASTOR	CONTA SIMPLES RIO CLARO	2026-02-21, CRU vs RCB	5	3	0	1	1	1	0	0	2	0	2	0	0	0	0	1
272	2025-26	NBB	AKIN	CONTA SIMPLES RIO CLARO	2026-02-21, CRU vs RCB	9	3	0	0	1	3	0	0	1	3	4	0	2	0	1	2
272	2025-26	NBB	CAIOKA	CONTA SIMPLES RIO CLARO	2026-02-21, CRU vs RCB	2	0	0	1	0	0	0	0	0	0	0	0	0	0	1	0
272	2025-26	NBB	VITOR	CONTA SIMPLES RIO CLARO	2026-02-21, CRU vs RCB	25	0	0	1	0	2	0	0	0	5	5	1	0	0	2	2
272	2025-26	NBB	COSTA	CONTA SIMPLES RIO CLARO	2026-02-21, CRU vs RCB	15	0	0	1	0	1	0	0	0	0	0	2	0	0	0	1
273	2025-26	NBB	SIFONTES	UNIFACISA	2026-02-21, UFC vs PAT	21	12	1	3	2	4	4	4	5	1	6	5	1	0	2	1
273	2025-26	NBB	ANTONIO	UNIFACISA	2026-02-21, UFC vs PAT	19	12	3	4	2	5	0	0	1	1	2	1	2	0	1	4
273	2025-26	NBB	JIMMY	UNIFACISA	2026-02-21, UFC vs PAT	26	11	3	4	1	3	2	3	4	0	4	5	1	0	3	2
273	2025-26	NBB	COELHO	UNIFACISA	2026-02-21, UFC vs PAT	22	11	2	2	2	5	1	2	2	0	2	6	3	0	2	2
273	2025-26	NBB	CARR	UNIFACISA	2026-02-21, UFC vs PAT	24	11	1	3	3	9	0	0	8	2	10	1	1	0	1	0
273	2025-26	NBB	MELVIN	UNIFACISA	2026-02-21, UFC vs PAT	17	7	0	2	1	5	4	4	2	0	2	2	0	0	1	1
273	2025-26	NBB	GERSON	UNIFACISA	2026-02-21, UFC vs PAT	24	6	3	6	0	0	0	0	1	4	5	0	0	0	1	3
273	2025-26	NBB	JOAO PAULO	UNIFACISA	2026-02-21, UFC vs PAT	10	4	2	3	0	2	0	0	3	1	4	0	0	0	1	3
273	2025-26	NBB	LEAL	UNIFACISA	2026-02-21, UFC vs PAT	15	4	2	4	0	0	0	0	2	0	2	1	0	0	0	3
273	2025-26	NBB	ANTHONY	UNIFACISA	2026-02-21, UFC vs PAT	17	4	2	3	0	4	0	0	2	0	2	3	2	0	1	0
273	2025-26	NBB	FLORES	UNIFACISA	2026-02-21, UFC vs PAT	4	0	0	0	0	0	0	0	0	1	1	0	0	0	0	0
273	2025-26	NBB	D. PENTEADO	PATO BASQUETE	2026-02-21, UFC vs PAT	28	13	3	5	2	7	1	4	4	2	6	0	0	0	2	2
273	2025-26	NBB	HORTON	PATO BASQUETE	2026-02-21, UFC vs PAT	17	9	1	3	2	4	1	2	1	1	2	1	3	1	3	1
273	2025-26	NBB	MICHEL	PATO BASQUETE	2026-02-21, UFC vs PAT	31	9	0	1	3	7	0	0	1	1	2	2	1	0	2	4
273	2025-26	NBB	EDU MARILIA	PATO BASQUETE	2026-02-21, UFC vs PAT	28	9	1	4	2	7	1	2	9	1	10	3	0	0	2	2
273	2025-26	NBB	THOMPSON	PATO BASQUETE	2026-02-21, UFC vs PAT	19	8	4	9	0	1	0	2	2	0	2	2	0	0	3	2
273	2025-26	NBB	NAKA	PATO BASQUETE	2026-02-21, UFC vs PAT	26	7	3	4	0	5	1	3	4	0	4	5	1	0	3	1
273	2025-26	NBB	FIDELIS	PATO BASQUETE	2026-02-21, UFC vs PAT	27	7	2	4	1	2	0	0	0	4	4	1	0	0	0	0
273	2025-26	NBB	GRIGOR	PATO BASQUETE	2026-02-21, UFC vs PAT	15	5	0	0	1	3	2	2	4	0	4	1	2	0	1	1
273	2025-26	NBB	N. GOMES	PATO BASQUETE	2026-02-21, UFC vs PAT	6	0	0	0	0	0	0	0	0	1	1	1	0	0	0	0
273	2025-26	NBB	WILLKER Z.	PATO BASQUETE	2026-02-21, UFC vs PAT	4	0	0	0	0	0	0	2	2	0	2	0	0	1	0	2
274	2025-26	NBB	SERJAO	VASCO DA GAMA	2026-02-22, VAS vs FRA	31	14	5	9	1	5	1	3	5	5	10	3	1	0	1	2
274	2025-26	NBB	ELIAS	VASCO DA GAMA	2026-02-22, VAS vs FRA	21	14	2	2	3	5	1	2	0	1	1	0	1	0	0	4
274	2025-26	NBB	BEARDEN	VASCO DA GAMA	2026-02-22, VAS vs FRA	26	13	3	8	2	4	1	2	2	1	3	6	2	0	0	2
274	2025-26	NBB	ALE	VASCO DA GAMA	2026-02-22, VAS vs FRA	21	12	3	4	1	3	3	3	0	0	0	7	0	0	2	0
274	2025-26	NBB	MORGAN	VASCO DA GAMA	2026-02-22, VAS vs FRA	29	12	2	4	2	5	2	3	1	0	1	1	0	0	1	2
274	2025-26	NBB	G. BASILIO	VASCO DA GAMA	2026-02-22, VAS vs FRA	28	11	2	3	2	5	1	1	1	1	2	2	0	0	2	4
274	2025-26	NBB	MATHIAS	VASCO DA GAMA	2026-02-22, VAS vs FRA	15	4	2	6	0	1	0	2	6	1	7	1	0	0	0	4
274	2025-26	NBB	MAGNA	VASCO DA GAMA	2026-02-22, VAS vs FRA	17	0	0	1	0	1	0	0	1	0	1	1	1	0	3	1
274	2025-26	NBB	PEDRO NUNES	VASCO DA GAMA	2026-02-22, VAS vs FRA	11	0	0	1	0	2	0	0	5	1	6	0	0	0	0	2
274	2025-26	NBB	GEORGINHO	SESI FRANCA	2026-02-22, VAS vs FRA	33	22	5	6	0	6	12	13	13	0	13	11	2	1	3	2
274	2025-26	NBB	DAVID JACKSON	SESI FRANCA	2026-02-22, VAS vs FRA	31	16	1	5	4	8	2	2	4	1	5	4	0	0	1	3
274	2025-26	NBB	LUCAS DIAS	SESI FRANCA	2026-02-22, VAS vs FRA	31	12	1	2	3	7	1	2	3	1	4	2	0	0	4	0
274	2025-26	NBB	RODRIGUEZ	SESI FRANCA	2026-02-22, VAS vs FRA	18	11	4	4	1	4	0	0	4	0	4	2	0	0	1	3
274	2025-26	NBB	FELICIO	SESI FRANCA	2026-02-22, VAS vs FRA	23	6	2	3	0	1	2	2	5	3	8	0	0	0	0	2
274	2025-26	NBB	MINEIRO	SESI FRANCA	2026-02-22, VAS vs FRA	12	6	1	1	0	1	4	4	2	0	2	0	2	0	0	1
274	2025-26	NBB	BENNETT	SESI FRANCA	2026-02-22, VAS vs FRA	24	4	1	2	0	2	2	2	0	2	2	3	1	0	1	1
274	2025-26	NBB	ZU JR.	SESI FRANCA	2026-02-22, VAS vs FRA	14	4	2	3	0	2	0	0	0	0	0	1	0	0	0	0
274	2025-26	NBB	LATERZA	SESI FRANCA	2026-02-22, VAS vs FRA	13	4	2	3	0	1	0	1	0	0	0	2	1	0	1	3
276	2025-26	NBB	RAFA	CAXIAS DO SUL BASQUETE	2026-02-22, CAX vs OSA	28	18	6	9	2	4	0	0	2	2	4	4	2	0	3	3
276	2025-26	NBB	SHAMELL	CAXIAS DO SUL BASQUETE	2026-02-22, CAX vs OSA	19	15	3	3	2	5	3	4	1	0	1	2	0	0	1	1
276	2025-26	NBB	AUGUSTO	CAXIAS DO SUL BASQUETE	2026-02-22, CAX vs OSA	28	12	2	6	2	6	2	2	1	0	1	7	3	0	0	5
276	2025-26	NBB	VEZARO	CAXIAS DO SUL BASQUETE	2026-02-22, CAX vs OSA	34	12	1	1	3	5	1	1	4	0	4	2	1	0	3	1
276	2025-26	NBB	OMENA	CAXIAS DO SUL BASQUETE	2026-02-22, CAX vs OSA	30	8	2	5	1	4	1	1	3	2	5	2	2	0	2	1
276	2025-26	NBB	FABRIZZIO	CAXIAS DO SUL BASQUETE	2026-02-22, CAX vs OSA	10	7	2	3	1	2	0	0	0	0	0	1	2	0	3	1
276	2025-26	NBB	HUMBERTO	CAXIAS DO SUL BASQUETE	2026-02-22, CAX vs OSA	24	6	2	4	0	2	2	2	5	0	5	5	1	1	3	4
276	2025-26	NBB	MIGUEL	CAXIAS DO SUL BASQUETE	2026-02-22, CAX vs OSA	9	5	1	1	1	1	0	2	1	2	3	1	0	0	1	2
276	2025-26	NBB	TOM	CAXIAS DO SUL BASQUETE	2026-02-22, CAX vs OSA	16	0	0	0	0	0	0	0	2	1	3	1	0	0	1	4
276	2025-26	NBB	LUAN	CAXIAS DO SUL BASQUETE	2026-02-22, CAX vs OSA	2	0	0	0	0	0	0	0	0	0	0	0	0	0	0	0
276	2025-26	NBB	HARRIS	BASKET OSASCO	2026-02-22, CAX vs OSA	32	14	5	8	1	3	1	2	6	2	8	3	2	0	6	1
276	2025-26	NBB	GRANT	BASKET OSASCO	2026-02-22, CAX vs OSA	24	12	3	5	1	4	3	4	4	0	4	2	0	0	2	4
276	2025-26	NBB	WEBER	BASKET OSASCO	2026-02-22, CAX vs OSA	26	12	4	5	1	4	1	2	2	0	2	1	2	0	5	1
276	2025-26	NBB	MALACHIAS	BASKET OSASCO	2026-02-22, CAX vs OSA	30	7	3	9	0	0	1	2	1	6	7	4	2	2	2	1
276	2025-26	NBB	THOMAS	BASKET OSASCO	2026-02-22, CAX vs OSA	21	7	0	2	2	5	1	2	2	1	3	0	1	1	1	1
276	2025-26	NBB	PASSOS	BASKET OSASCO	2026-02-22, CAX vs OSA	17	6	2	2	0	0	2	3	3	1	4	2	3	0	2	4
276	2025-26	NBB	LEONI	BASKET OSASCO	2026-02-22, CAX vs OSA	17	3	0	3	1	1	0	0	1	0	1	3	1	0	1	1
276	2025-26	NBB	EDDY	BASKET OSASCO	2026-02-22, CAX vs OSA	18	2	1	3	0	2	0	0	0	0	0	0	0	0	0	1
276	2025-26	NBB	BRENO	BASKET OSASCO	2026-02-22, CAX vs OSA	5	2	0	0	0	0	2	4	1	0	1	0	0	0	1	1
276	2025-26	NBB	CARIBAUX	BASKET OSASCO	2026-02-22, CAX vs OSA	11	1	0	0	0	2	1	2	0	1	1	1	1	0	1	2
277	2025-26	NBB	HINKLE	MOGI BASQUETE	2026-02-22, MOG vs SJO	27	20	4	6	0	8	12	12	2	0	2	1	2	0	2	0
277	2025-26	NBB	PAULO	MOGI BASQUETE	2026-02-22, MOG vs SJO	32	15	2	4	3	6	2	2	7	3	10	1	1	0	2	1
277	2025-26	NBB	DUANE JOHNSON	MOGI BASQUETE	2026-02-22, MOG vs SJO	9	9	1	2	1	3	4	4	0	1	1	1	1	1	0	1
277	2025-26	NBB	RUIVO	MOGI BASQUETE	2026-02-22, MOG vs SJO	25	9	1	3	2	6	1	2	2	0	2	2	0	0	0	1
277	2025-26	NBB	CALDEIRA	MOGI BASQUETE	2026-02-22, MOG vs SJO	16	6	0	0	2	6	0	0	1	0	1	2	0	0	1	2
277	2025-26	NBB	GABRIEL CAMPOS	MOGI BASQUETE	2026-02-22, MOG vs SJO	30	5	1	6	1	7	0	0	2	0	2	5	0	0	3	4
277	2025-26	NBB	ANDERSON	MOGI BASQUETE	2026-02-22, MOG vs SJO	20	4	1	1	0	2	2	2	6	5	11	2	2	0	1	5
277	2025-26	NBB	VINI CHAGAS	MOGI BASQUETE	2026-02-22, MOG vs SJO	10	4	2	3	0	0	0	0	0	0	0	0	0	0	1	1
277	2025-26	NBB	DIKEMBE	MOGI BASQUETE	2026-02-22, MOG vs SJO	18	4	2	2	0	1	0	0	7	4	11	2	2	1	3	3
277	2025-26	NBB	MAICON DOUGLAS	MOGI BASQUETE	2026-02-22, MOG vs SJO	13	2	1	1	0	0	0	0	6	1	7	1	1	0	2	3
277	2025-26	NBB	ADYEL	MR. MOO SAO JOSE BASKETBALL	2026-02-22, MOG vs SJO	35	18	4	12	1	8	7	11	0	0	0	2	3	0	3	2
277	2025-26	NBB	MILLER	MR. MOO SAO JOSE BASKETBALL	2026-02-22, MOG vs SJO	32	17	3	6	3	5	2	2	2	0	2	1	1	0	0	0
277	2025-26	NBB	ANDERSON	MR. MOO SAO JOSE BASKETBALL	2026-02-22, MOG vs SJO	31	10	4	5	0	0	2	2	4	1	5	1	2	2	2	4
277	2025-26	NBB	LEO CRAVERO	MR. MOO SAO JOSE BASKETBALL	2026-02-22, MOG vs SJO	27	7	2	4	0	4	3	4	7	1	8	1	2	0	1	2
277	2025-26	NBB	LESSA	MR. MOO SAO JOSE BASKETBALL	2026-02-22, MOG vs SJO	26	7	0	3	2	4	1	2	1	1	2	4	1	1	1	3
277	2025-26	NBB	CAUE	MR. MOO SAO JOSE BASKETBALL	2026-02-22, MOG vs SJO	29	5	2	2	0	5	1	1	7	0	7	5	3	1	4	4
277	2025-26	NBB	MAIQUE	MR. MOO SAO JOSE BASKETBALL	2026-02-22, MOG vs SJO	9	2	1	1	0	0	0	0	1	0	1	0	0	0	1	2
277	2025-26	NBB	PESSOA	MR. MOO SAO JOSE BASKETBALL	2026-02-22, MOG vs SJO	9	2	1	2	0	0	0	0	0	1	1	1	0	0	0	2
277	2025-26	NBB	NICKEL	MR. MOO SAO JOSE BASKETBALL	2026-02-22, MOG vs SJO	2	0	0	0	0	0	0	0	0	0	0	0	0	0	0	1
278	2025-26	NBB	VITOR	CONTA SIMPLES RIO CLARO	2026-03-04, RCB vs BOT	38	23	5	7	3	8	4	5	7	1	8	2	0	0	3	3
278	2025-26	NBB	GEMADINHA	CONTA SIMPLES RIO CLARO	2026-03-04, RCB vs BOT	29	18	2	4	3	9	5	5	3	0	3	5	1	0	2	4
278	2025-26	NBB	BONFIM	CONTA SIMPLES RIO CLARO	2026-03-04, RCB vs BOT	34	17	5	7	0	0	7	10	8	9	17	1	2	0	7	4
278	2025-26	NBB	THYGESEN	CONTA SIMPLES RIO CLARO	2026-03-04, RCB vs BOT	35	14	2	4	2	11	4	5	1	0	1	8	2	0	1	4
278	2025-26	NBB	MURILO	CONTA SIMPLES RIO CLARO	2026-03-04, RCB vs BOT	12	5	1	2	1	1	0	0	2	0	2	0	0	0	1	2
278	2025-26	NBB	DOS ANJOS	CONTA SIMPLES RIO CLARO	2026-03-04, RCB vs BOT	29	5	0	3	1	4	2	2	1	2	3	0	0	0	1	4
278	2025-26	NBB	PASTOR	CONTA SIMPLES RIO CLARO	2026-03-04, RCB vs BOT	4	0	0	0	0	0	0	0	0	0	0	0	0	0	0	0
278	2025-26	NBB	COSTA	CONTA SIMPLES RIO CLARO	2026-03-04, RCB vs BOT	19	0	0	1	0	1	0	0	2	0	2	0	0	0	0	2
278	2025-26	NBB	AKIN	CONTA SIMPLES RIO CLARO	2026-03-04, RCB vs BOT	2	0	0	0	0	0	0	0	0	0	0	0	0	0	0	0
278	2025-26	NBB	MATHEUSINHO	BOTAFOGO	2026-03-04, RCB vs BOT	35	23	4	7	4	9	3	5	3	1	4	9	0	0	1	5
278	2025-26	NBB	SCHEUER	BOTAFOGO	2026-03-04, RCB vs BOT	33	20	6	14	0	1	8	9	2	0	2	0	2	2	2	4
278	2025-26	NBB	EMANUEL	BOTAFOGO	2026-03-04, RCB vs BOT	34	9	1	3	2	5	1	2	7	4	11	2	0	0	3	2
278	2025-26	NBB	DERICK	BOTAFOGO	2026-03-04, RCB vs BOT	18	8	1	1	2	2	0	0	2	0	2	0	0	0	2	5
278	2025-26	NBB	MACHADO	BOTAFOGO	2026-03-04, RCB vs BOT	25	7	3	4	0	4	1	2	2	1	3	2	1	0	2	1
278	2025-26	NBB	LUCAS	BOTAFOGO	2026-03-04, RCB vs BOT	19	6	0	1	2	4	0	0	0	0	0	2	0	0	0	2
278	2025-26	NBB	MACHADO JR.	BOTAFOGO	2026-03-04, RCB vs BOT	18	4	2	4	0	1	0	0	4	1	5	0	1	0	2	3
278	2025-26	NBB	NK	BOTAFOGO	2026-03-04, RCB vs BOT	9	3	0	0	0	0	3	4	1	0	1	1	0	1	1	4
278	2025-26	NBB	ABNER	BOTAFOGO	2026-03-04, RCB vs BOT	4	2	1	1	0	0	0	0	2	1	3	1	0	0	0	0
278	2025-26	NBB	PAULINO	BOTAFOGO	2026-03-04, RCB vs BOT	6	1	0	0	0	0	1	2	0	0	0	0	0	1	0	1
279	2025-26	NBB	ANDREZAO	BAURU BASKET	2026-03-05, BAU vs FOR	23	23	11	13	0	0	1	1	10	4	14	2	1	0	1	1
279	2025-26	NBB	GEMERSON	BAURU BASKET	2026-03-05, BAU vs FOR	23	19	2	3	5	5	0	0	4	1	5	3	0	0	1	1
279	2025-26	NBB	MATERAN	BAURU BASKET	2026-03-05, BAU vs FOR	16	11	0	2	3	5	2	2	1	0	1	2	0	0	1	5
279	2025-26	NBB	BRITE	BAURU BASKET	2026-03-05, BAU vs FOR	25	10	3	5	1	2	1	1	0	0	0	12	0	0	2	3
279	2025-26	NBB	ALEX	BAURU BASKET	2026-03-05, BAU vs FOR	22	9	3	3	1	4	0	0	1	0	1	5	0	0	1	4
279	2025-26	NBB	EUGENIUSZ	BAURU BASKET	2026-03-05, BAU vs FOR	23	9	3	3	0	2	3	3	3	0	3	3	1	0	1	2
279	2025-26	NBB	PEDRO	BAURU BASKET	2026-03-05, BAU vs FOR	15	8	1	1	1	3	3	4	2	0	2	1	2	0	1	2
279	2025-26	NBB	AUGUSTO	BAURU BASKET	2026-03-05, BAU vs FOR	10	7	2	3	1	2	0	0	2	0	2	1	0	0	0	0
279	2025-26	NBB	GUSTAVO	BAURU BASKET	2026-03-05, BAU vs FOR	12	6	3	3	0	0	0	0	2	0	2	1	0	0	1	0
279	2025-26	NBB	VITHINHO	BAURU BASKET	2026-03-05, BAU vs FOR	21	5	1	2	1	2	0	0	3	1	4	7	3	0	3	3
279	2025-26	NBB	MICHELINI	BAURU BASKET	2026-03-05, BAU vs FOR	4	0	0	0	0	1	0	0	0	0	0	0	0	0	2	0
279	2025-26	NBB	MOGI	BAURU BASKET	2026-03-05, BAU vs FOR	7	0	0	1	0	1	0	0	0	0	0	2	0	0	0	1
279	2025-26	NBB	DA SILVA	FORTALEZA BASQUETE CEARENSE	2026-03-05, BAU vs FOR	34	17	5	8	1	3	4	8	1	1	2	2	0	0	1	1
279	2025-26	NBB	DUPREE	FORTALEZA BASQUETE CEARENSE	2026-03-05, BAU vs FOR	30	15	5	10	1	4	2	3	3	1	4	2	1	0	0	2
279	2025-26	NBB	SALSAMENDI	FORTALEZA BASQUETE CEARENSE	2026-03-05, BAU vs FOR	27	10	1	2	1	3	5	5	1	1	2	3	4	1	2	2
279	2025-26	NBB	ALBERTON	FORTALEZA BASQUETE CEARENSE	2026-03-05, BAU vs FOR	16	9	4	7	0	0	1	4	5	3	8	1	0	1	0	2
279	2025-26	NBB	JEANZINHO	FORTALEZA BASQUETE CEARENSE	2026-03-05, BAU vs FOR	26	7	1	3	0	2	5	6	1	0	1	2	4	0	4	2
279	2025-26	NBB	GABRIEL	FORTALEZA BASQUETE CEARENSE	2026-03-05, BAU vs FOR	15	5	1	1	1	4	0	0	1	0	1	2	0	1	2	3
279	2025-26	NBB	POPOVIC	FORTALEZA BASQUETE CEARENSE	2026-03-05, BAU vs FOR	24	5	1	4	1	2	0	0	1	0	1	1	0	1	2	2
279	2025-26	NBB	SAMUEL	FORTALEZA BASQUETE CEARENSE	2026-03-05, BAU vs FOR	12	2	1	3	0	1	0	0	2	2	4	0	1	0	0	0
279	2025-26	NBB	CAUA	FORTALEZA BASQUETE CEARENSE	2026-03-05, BAU vs FOR	3	0	0	0	0	1	0	0	0	0	0	1	0	0	0	1
279	2025-26	NBB	AUGUSTO VIEIRA	FORTALEZA BASQUETE CEARENSE	2026-03-05, BAU vs FOR	14	0	0	3	0	1	0	0	0	1	1	2	0	0	0	0
280	2025-26	NBB	SHAMELL	CAXIAS DO SUL BASQUETE	2026-03-05, CAX vs UCO	26	20	4	8	1	2	9	11	1	1	2	1	0	0	0	1
280	2025-26	NBB	AUGUSTO	CAXIAS DO SUL BASQUETE	2026-03-05, CAX vs UCO	34	16	3	3	2	6	4	7	2	1	3	5	1	0	4	3
280	2025-26	NBB	FABRIZZIO	CAXIAS DO SUL BASQUETE	2026-03-05, CAX vs UCO	22	14	3	3	2	3	2	2	2	0	2	1	0	0	2	5
280	2025-26	NBB	VEZARO	CAXIAS DO SUL BASQUETE	2026-03-05, CAX vs UCO	34	11	2	3	2	6	1	3	3	0	3	2	2	0	1	2
280	2025-26	NBB	RAFA	CAXIAS DO SUL BASQUETE	2026-03-05, CAX vs UCO	23	9	3	5	1	3	0	0	2	2	4	0	1	2	1	4
280	2025-26	NBB	MIGUEL	CAXIAS DO SUL BASQUETE	2026-03-05, CAX vs UCO	14	5	1	1	1	1	0	0	1	0	1	0	0	0	0	0
280	2025-26	NBB	TOM	CAXIAS DO SUL BASQUETE	2026-03-05, CAX vs UCO	12	4	2	6	0	0	0	2	1	1	2	0	0	0	0	0
280	2025-26	NBB	OMENA	CAXIAS DO SUL BASQUETE	2026-03-05, CAX vs UCO	18	1	0	1	0	2	1	2	2	0	2	2	1	0	0	1
280	2025-26	NBB	HUMBERTO	CAXIAS DO SUL BASQUETE	2026-03-05, CAX vs UCO	18	0	0	1	0	2	0	0	3	1	4	1	1	0	3	3
280	2025-26	NBB	BARNES	CEISC/UNIAO CORINTHIANS	2026-03-05, CAX vs UCO	32	19	3	4	4	7	1	1	0	0	0	7	0	0	3	3
280	2025-26	NBB	VERISSIMO	CEISC/UNIAO CORINTHIANS	2026-03-05, CAX vs UCO	25	18	5	5	2	4	2	5	5	0	5	5	1	0	1	2
280	2025-26	NBB	SCOTT	CEISC/UNIAO CORINTHIANS	2026-03-05, CAX vs UCO	31	14	4	5	0	1	6	6	8	2	10	4	0	1	4	5
280	2025-26	NBB	HOLLOWELL	CEISC/UNIAO CORINTHIANS	2026-03-05, CAX vs UCO	22	11	3	5	1	2	2	2	1	0	1	1	3	0	1	3
280	2025-26	NBB	ISAAC	CEISC/UNIAO CORINTHIANS	2026-03-05, CAX vs UCO	21	9	1	2	1	2	4	4	2	0	2	0	1	0	0	3
280	2025-26	NBB	CARDENAS	CEISC/UNIAO CORINTHIANS	2026-03-05, CAX vs UCO	28	8	1	2	1	1	3	3	4	1	5	2	0	1	1	2
280	2025-26	NBB	JONATAN	CEISC/UNIAO CORINTHIANS	2026-03-05, CAX vs UCO	22	7	2	5	1	6	0	0	2	1	3	0	2	0	0	3
280	2025-26	NBB	HETTSHEIMEIR	CEISC/UNIAO CORINTHIANS	2026-03-05, CAX vs UCO	9	4	0	0	0	1	4	5	1	0	1	0	0	0	0	0
280	2025-26	NBB	ROSSETTO	CEISC/UNIAO CORINTHIANS	2026-03-05, CAX vs UCO	10	0	0	0	0	1	0	0	1	0	1	2	0	0	0	2
281	2025-26	NBB	DOS SANTOS	MR. MOO SAO JOSE BASKETBALL	2026-03-05, SJO vs OSA	23	23	10	13	0	2	3	3	7	0	7	3	1	1	0	3
281	2025-26	NBB	MILLER	MR. MOO SAO JOSE BASKETBALL	2026-03-05, SJO vs OSA	31	15	3	3	2	7	3	4	2	1	3	3	2	0	2	1
281	2025-26	NBB	ADYEL	MR. MOO SAO JOSE BASKETBALL	2026-03-05, SJO vs OSA	33	13	4	7	0	3	5	9	5	0	5	5	1	0	4	2
281	2025-26	NBB	MAIQUE	MR. MOO SAO JOSE BASKETBALL	2026-03-05, SJO vs OSA	13	12	3	3	2	4	0	0	1	0	1	0	1	1	2	3
281	2025-26	NBB	ANDERSON	MR. MOO SAO JOSE BASKETBALL	2026-03-05, SJO vs OSA	28	12	5	8	0	0	2	2	3	0	3	4	1	0	1	2
281	2025-26	NBB	NICKEL	MR. MOO SAO JOSE BASKETBALL	2026-03-05, SJO vs OSA	14	8	2	4	1	3	1	1	1	0	1	2	0	0	2	1
281	2025-26	NBB	CAUE	MR. MOO SAO JOSE BASKETBALL	2026-03-05, SJO vs OSA	22	6	2	2	0	1	2	2	6	1	7	11	2	0	0	1
281	2025-26	NBB	LESSA	MR. MOO SAO JOSE BASKETBALL	2026-03-05, SJO vs OSA	27	5	1	2	1	2	0	0	3	0	3	2	2	0	3	3
281	2025-26	NBB	ISAQUE	MR. MOO SAO JOSE BASKETBALL	2026-03-05, SJO vs OSA	2	4	2	2	0	0	0	0	1	1	2	0	1	0	0	0
281	2025-26	NBB	BADU	MR. MOO SAO JOSE BASKETBALL	2026-03-05, SJO vs OSA	2	0	0	0	0	0	0	2	0	0	0	0	0	0	0	2
281	2025-26	NBB	JOAO GUIMARAES	MR. MOO SAO JOSE BASKETBALL	2026-03-05, SJO vs OSA	2	0	0	0	0	0	0	0	1	0	1	0	0	0	0	0
281	2025-26	NBB	PESSOA	MR. MOO SAO JOSE BASKETBALL	2026-03-05, SJO vs OSA	4	0	0	1	0	1	0	0	0	1	1	0	0	0	0	0
281	2025-26	NBB	MALACHIAS	BASKET OSASCO	2026-03-05, SJO vs OSA	32	19	8	8	1	7	0	0	4	1	5	1	0	1	1	4
281	2025-26	NBB	HARRIS	BASKET OSASCO	2026-03-05, SJO vs OSA	33	15	4	9	1	2	4	7	9	0	9	3	0	0	3	1
281	2025-26	NBB	CARIBAUX	BASKET OSASCO	2026-03-05, SJO vs OSA	31	15	2	4	3	5	2	2	3	0	3	5	1	0	3	1
281	2025-26	NBB	EDDY	BASKET OSASCO	2026-03-05, SJO vs OSA	23	14	1	2	3	5	3	6	1	0	1	1	0	0	4	4
281	2025-26	NBB	LEONI	BASKET OSASCO	2026-03-05, SJO vs OSA	15	5	1	3	1	4	0	0	0	2	2	1	2	0	2	3
281	2025-26	NBB	WEBER	BASKET OSASCO	2026-03-05, SJO vs OSA	15	5	1	2	1	2	0	0	1	0	1	2	1	0	1	4
281	2025-26	NBB	PASSOS	BASKET OSASCO	2026-03-05, SJO vs OSA	25	4	1	4	0	0	2	2	3	2	5	1	0	0	1	3
281	2025-26	NBB	MANAUS	BASKET OSASCO	2026-03-05, SJO vs OSA	1	2	0	0	0	1	2	2	0	0	0	0	0	0	0	0
281	2025-26	NBB	GRANT	BASKET OSASCO	2026-03-05, SJO vs OSA	14	2	1	4	0	1	0	0	2	0	2	3	0	0	2	1
281	2025-26	NBB	DALAQUA	BASKET OSASCO	2026-03-05, SJO vs OSA	7	0	0	1	0	1	0	0	0	0	0	0	0	0	1	0
281	2025-26	NBB	BRENO	BASKET OSASCO	2026-03-05, SJO vs OSA	4	0	0	1	0	1	0	0	1	1	2	0	1	0	0	0
282	2025-26	NBB	RUIVO	MOGI BASQUETE	2026-03-05, MOG vs PIN	29	21	1	1	6	10	1	2	1	0	1	0	0	0	1	1
282	2025-26	NBB	HINKLE	MOGI BASQUETE	2026-03-05, MOG vs PIN	26	12	4	9	0	6	4	5	4	1	5	4	0	0	2	0
282	2025-26	NBB	PAULO	MOGI BASQUETE	2026-03-05, MOG vs PIN	29	10	3	4	0	4	4	5	5	1	6	4	0	1	2	0
282	2025-26	NBB	ANDERSON	MOGI BASQUETE	2026-03-05, MOG vs PIN	36	10	0	3	3	9	1	2	4	5	9	0	1	0	1	3
282	2025-26	NBB	DIKEMBE	MOGI BASQUETE	2026-03-05, MOG vs PIN	16	7	3	7	0	0	1	4	3	2	5	2	1	0	2	2
282	2025-26	NBB	GABRIEL CAMPOS	MOGI BASQUETE	2026-03-05, MOG vs PIN	19	5	0	0	1	5	2	2	0	2	2	4	2	0	2	2
282	2025-26	NBB	MAICON DOUGLAS	MOGI BASQUETE	2026-03-05, MOG vs PIN	21	4	2	3	0	0	0	0	5	3	8	1	0	1	0	4
282	2025-26	NBB	CALDEIRA	MOGI BASQUETE	2026-03-05, MOG vs PIN	12	2	0	0	0	0	2	2	0	0	0	1	0	0	1	5
282	2025-26	NBB	VINI CHAGAS	MOGI BASQUETE	2026-03-05, MOG vs PIN	10	2	1	1	0	0	0	0	1	0	1	0	0	0	1	0
282	2025-26	NBB	VITORIANO	MOGI BASQUETE	2026-03-05, MOG vs PIN	2	0	0	0	0	0	0	0	1	0	1	0	0	0	0	0
282	2025-26	NBB	SLOAN	PINHEIROS	2026-03-05, MOG vs PIN	30	20	3	7	4	7	2	3	6	0	6	4	1	0	2	2
282	2025-26	NBB	GREGATE	PINHEIROS	2026-03-05, MOG vs PIN	26	14	4	6	2	7	0	0	3	2	5	2	0	0	0	1
282	2025-26	NBB	DJALO	PINHEIROS	2026-03-05, MOG vs PIN	26	13	2	2	2	7	3	3	4	1	5	0	0	2	1	3
282	2025-26	NBB	PASTRE	PINHEIROS	2026-03-05, MOG vs PIN	33	9	3	6	1	5	0	0	3	3	6	2	1	0	1	3
282	2025-26	NBB	BETINHO	PINHEIROS	2026-03-05, MOG vs PIN	17	8	3	3	0	2	2	2	0	0	0	0	2	0	4	3
282	2025-26	NBB	PENHA JR.	PINHEIROS	2026-03-05, MOG vs PIN	8	6	2	2	0	0	2	2	1	1	2	1	0	0	0	0
282	2025-26	NBB	PACHECO	PINHEIROS	2026-03-05, MOG vs PIN	17	5	0	1	1	1	2	2	1	0	1	0	1	0	2	1
282	2025-26	NBB	MACIEL	PINHEIROS	2026-03-05, MOG vs PIN	22	4	2	4	0	5	0	0	2	1	3	0	1	0	0	2
282	2025-26	NBB	EDU SANTOS	PINHEIROS	2026-03-05, MOG vs PIN	10	1	0	1	0	3	1	2	1	1	2	1	0	0	0	1
282	2025-26	NBB	BRAYAN	PINHEIROS	2026-03-05, MOG vs PIN	6	0	0	0	0	0	0	0	1	1	2	0	0	0	0	0
282	2025-26	NBB	AFONSO	PINHEIROS	2026-03-05, MOG vs PIN	7	0	0	0	0	0	0	0	0	0	0	0	1	0	0	5
283	2025-26	NBB	VITINHO	PAULISTANO	2026-03-06, CAP vs UFC	31	22	3	7	4	10	4	4	5	0	5	3	0	0	4	3
283	2025-26	NBB	GUI ABREU	PAULISTANO	2026-03-06, CAP vs UFC	36	20	4	8	3	5	3	4	3	5	8	3	1	0	1	2
283	2025-26	NBB	HUNTER	PAULISTANO	2026-03-06, CAP vs UFC	31	18	5	10	2	5	2	2	2	1	3	1	2	2	3	2
283	2025-26	NBB	TOVAR	PAULISTANO	2026-03-06, CAP vs UFC	27	18	5	7	2	2	2	2	8	0	8	4	2	0	3	1
283	2025-26	NBB	SIEWERT	PAULISTANO	2026-03-06, CAP vs UFC	37	15	3	6	3	8	0	0	1	1	2	1	2	1	0	3
283	2025-26	NBB	GABRIEL	PAULISTANO	2026-03-06, CAP vs UFC	15	8	1	1	1	3	3	5	0	0	0	0	0	0	0	5
283	2025-26	NBB	DEMETRIO	PAULISTANO	2026-03-06, CAP vs UFC	9	6	0	0	2	2	0	0	3	1	4	0	0	0	0	1
283	2025-26	NBB	LEANDRO	PAULISTANO	2026-03-06, CAP vs UFC	24	2	1	2	0	1	0	0	4	1	5	0	0	1	1	5
283	2025-26	NBB	NETO	PAULISTANO	2026-03-06, CAP vs UFC	1	0	0	0	0	0	0	0	0	0	0	0	0	0	0	1
283	2025-26	NBB	SEIXAS	PAULISTANO	2026-03-06, CAP vs UFC	14	0	0	1	0	2	0	0	0	0	0	0	0	0	1	2
283	2025-26	NBB	GUI ABREU	UNIFACISA	2026-03-06, CAP vs UFC	5	7	2	2	1	1	0	0	0	0	0	1	0	0	0	0
283	2025-26	NBB	SIEWERT	UNIFACISA	2026-03-06, CAP vs UFC	4	5	1	1	1	1	0	0	0	0	0	1	0	0	0	0
283	2025-26	NBB	VITINHO	UNIFACISA	2026-03-06, CAP vs UFC	5	5	1	2	1	1	0	0	0	0	0	2	0	0	0	2
283	2025-26	NBB	LEANDRO	UNIFACISA	2026-03-06, CAP vs UFC	1	2	1	1	0	0	0	0	0	0	0	0	0	0	0	1
283	2025-26	NBB	TOVAR	UNIFACISA	2026-03-06, CAP vs UFC	5	0	0	0	0	0	0	0	0	0	0	1	1	0	0	0
283	2025-26	NBB	HUNTER	UNIFACISA	2026-03-06, CAP vs UFC	5	0	0	1	0	0	0	0	1	0	1	0	0	1	0	0
285	2025-26	NBB	CORVALAN	CAIXA/BRASILIA	2026-03-06, BRA vs BOT	32	19	2	3	2	4	9	11	6	2	8	5	1	0	5	3
285	2025-26	NBB	CRESCENZI	CAIXA/BRASILIA	2026-03-06, BRA vs BOT	24	15	0	1	5	9	0	0	3	0	3	2	1	0	1	4
285	2025-26	NBB	VON HAYDIN	CAIXA/BRASILIA	2026-03-06, BRA vs BOT	35	12	0	0	3	10	3	7	6	2	8	1	0	0	0	2
285	2025-26	NBB	BRUNAO	CAIXA/BRASILIA	2026-03-06, BRA vs BOT	25	11	3	8	0	0	5	5	5	4	9	0	0	5	5	4
285	2025-26	NBB	BUIU	CAIXA/BRASILIA	2026-03-06, BRA vs BOT	28	9	3	7	1	6	0	0	6	1	7	5	1	0	1	4
285	2025-26	NBB	PAULICHI	CAIXA/BRASILIA	2026-03-06, BRA vs BOT	34	7	1	2	1	5	2	2	5	1	6	3	1	0	2	1
285	2025-26	NBB	CARBONARI	CAIXA/BRASILIA	2026-03-06, BRA vs BOT	21	6	2	6	0	2	2	2	4	1	5	2	0	0	1	2
285	2025-26	NBB	GUSTAVO	CAIXA/BRASILIA	2026-03-06, BRA vs BOT	1	0	0	0	0	0	0	0	0	0	0	0	0	0	0	0
285	2025-26	NBB	EMANUEL	BOTAFOGO	2026-03-06, BRA vs BOT	35	14	3	5	2	13	2	2	3	6	9	2	1	1	0	2
285	2025-26	NBB	MACHADO	BOTAFOGO	2026-03-06, BRA vs BOT	26	13	3	6	1	5	4	4	4	0	4	1	2	0	3	5
285	2025-26	NBB	MATHEUSINHO	BOTAFOGO	2026-03-06, BRA vs BOT	37	11	4	11	0	7	3	3	3	2	5	5	1	0	2	2
285	2025-26	NBB	DERICK	BOTAFOGO	2026-03-06, BRA vs BOT	31	11	2	5	2	4	1	2	2	2	4	3	0	1	1	3
285	2025-26	NBB	SCHEUER	BOTAFOGO	2026-03-06, BRA vs BOT	29	10	3	9	0	0	4	4	6	2	8	2	1	0	2	1
285	2025-26	NBB	LUCAS	BOTAFOGO	2026-03-06, BRA vs BOT	13	6	0	1	1	1	3	4	1	0	1	0	0	0	0	2
285	2025-26	NBB	ABNER	BOTAFOGO	2026-03-06, BRA vs BOT	11	4	2	3	0	0	0	0	1	0	1	0	0	0	0	0
285	2025-26	NBB	MACHADO JR.	BOTAFOGO	2026-03-06, BRA vs BOT	14	2	1	1	0	1	0	0	2	1	3	0	2	0	0	3
285	2025-26	NBB	NK	BOTAFOGO	2026-03-06, BRA vs BOT	4	2	1	2	0	0	0	0	1	0	1	0	0	0	0	1
286	2025-26	NBB	HARRIS	BASKET OSASCO	2026-03-07, OSA vs CRU	35	20	8	19	0	4	4	5	4	3	7	4	2	0	3	4
286	2025-26	NBB	MALACHIAS	BASKET OSASCO	2026-03-07, OSA vs CRU	29	17	6	10	1	4	2	4	7	5	12	2	1	0	1	2
286	2025-26	NBB	GRANT	BASKET OSASCO	2026-03-07, OSA vs CRU	28	13	1	8	3	8	2	2	4	2	6	1	1	1	0	4
286	2025-26	NBB	BRENO	BASKET OSASCO	2026-03-07, OSA vs CRU	14	11	2	3	0	1	7	8	1	2	3	1	0	0	0	3
286	2025-26	NBB	EDDY	BASKET OSASCO	2026-03-07, OSA vs CRU	32	10	0	0	3	10	1	1	2	1	3	3	0	0	1	4
286	2025-26	NBB	PASSOS	BASKET OSASCO	2026-03-07, OSA vs CRU	30	9	4	7	0	0	1	3	7	4	11	3	2	0	1	2
286	2025-26	NBB	WEBER	BASKET OSASCO	2026-03-07, OSA vs CRU	4	3	0	1	1	1	0	0	1	0	1	0	1	0	0	1
286	2025-26	NBB	CARIBAUX	BASKET OSASCO	2026-03-07, OSA vs CRU	28	1	0	4	0	3	1	2	1	0	1	1	0	0	3	2
286	2025-26	NBB	DALAQUA	BASKET OSASCO	2026-03-07, OSA vs CRU	1	0	0	0	0	0	0	0	0	0	0	0	0	0	0	0
286	2025-26	NBB	DA SILVA	CRUZEIRO BASQUETE	2026-03-07, OSA vs CRU	27	22	8	14	1	1	3	4	7	1	8	2	0	0	3	3
286	2025-26	NBB	JJ	CRUZEIRO BASQUETE	2026-03-07, OSA vs CRU	22	11	2	4	1	2	4	6	3	0	3	0	1	0	3	2
286	2025-26	NBB	GITTENS	CRUZEIRO BASQUETE	2026-03-07, OSA vs CRU	19	11	3	5	1	3	2	2	7	0	7	6	1	0	0	2
286	2025-26	NBB	NIQUE COLEMAN	CRUZEIRO BASQUETE	2026-03-07, OSA vs CRU	18	10	0	4	3	3	1	1	5	0	5	2	1	0	3	1
286	2025-26	NBB	I. THORNTON	CRUZEIRO BASQUETE	2026-03-07, OSA vs CRU	28	9	1	2	0	3	7	7	2	1	3	1	1	0	1	1
286	2025-26	NBB	CLAY	CRUZEIRO BASQUETE	2026-03-07, OSA vs CRU	20	8	0	0	2	4	2	2	0	1	1	4	2	0	0	0
286	2025-26	NBB	CASSIANO	CRUZEIRO BASQUETE	2026-03-07, OSA vs CRU	21	8	2	5	1	3	1	1	4	2	6	3	0	2	2	2
286	2025-26	NBB	SENA	CRUZEIRO BASQUETE	2026-03-07, OSA vs CRU	18	7	2	3	1	2	0	0	3	0	3	6	0	1	0	1
286	2025-26	NBB	ANSALONI	CRUZEIRO BASQUETE	2026-03-07, OSA vs CRU	22	6	3	8	0	1	0	0	6	1	7	1	0	0	0	5
286	2025-26	NBB	DU SOMMER	CRUZEIRO BASQUETE	2026-03-07, OSA vs CRU	6	0	0	0	0	0	0	0	0	0	0	0	0	0	0	1
287	2025-26	NBB	D. PENTEADO	PATO BASQUETE	2026-03-07, PAT vs COR	30	14	1	5	3	9	3	6	1	5	6	0	0	0	1	2
287	2025-26	NBB	N. GOMES	PATO BASQUETE	2026-03-07, PAT vs COR	22	12	4	7	0	2	4	5	3	4	7	1	1	0	1	2
287	2025-26	NBB	THOMPSON	PATO BASQUETE	2026-03-07, PAT vs COR	24	11	4	7	1	3	0	0	1	0	1	4	0	0	2	1
287	2025-26	NBB	MICHEL	PATO BASQUETE	2026-03-07, PAT vs COR	23	11	1	2	3	10	0	1	2	1	3	1	2	0	2	5
287	2025-26	NBB	GRIGOR	PATO BASQUETE	2026-03-07, PAT vs COR	15	9	3	4	1	2	0	0	3	3	6	1	0	0	1	1
287	2025-26	NBB	NAKA	PATO BASQUETE	2026-03-07, PAT vs COR	16	8	2	3	1	4	1	1	2	0	2	2	1	0	0	5
287	2025-26	NBB	EDU MARILIA	PATO BASQUETE	2026-03-07, PAT vs COR	25	6	2	4	0	2	2	4	12	2	14	3	1	2	1	4
287	2025-26	NBB	MATEUS	PATO BASQUETE	2026-03-07, PAT vs COR	13	2	1	2	0	3	0	1	1	2	3	1	0	0	0	3
287	2025-26	NBB	HORTON	PATO BASQUETE	2026-03-07, PAT vs COR	14	2	1	3	0	3	0	0	0	0	0	1	1	0	0	2
287	2025-26	NBB	FIDELIS	PATO BASQUETE	2026-03-07, PAT vs COR	15	2	1	2	0	2	0	0	3	1	4	2	0	0	1	1
287	2025-26	NBB	WILLKER Z.	PATO BASQUETE	2026-03-07, PAT vs COR	2	2	1	1	0	0	0	0	0	0	0	0	0	0	0	0
287	2025-26	NBB	THOMAS	CORINTHIANS	2026-03-07, PAT vs COR	34	21	4	8	2	6	7	8	6	1	7	6	1	1	1	4
287	2025-26	NBB	CLARK	CORINTHIANS	2026-03-07, PAT vs COR	33	20	1	3	3	9	9	13	4	1	5	4	2	1	2	2
287	2025-26	NBB	LUCAS CAUE	CORINTHIANS	2026-03-07, PAT vs COR	26	15	7	9	0	1	1	1	6	2	8	1	1	3	1	3
287	2025-26	NBB	VICTAO	CORINTHIANS	2026-03-07, PAT vs COR	31	8	0	3	2	9	2	2	2	1	3	1	0	2	0	2
287	2025-26	NBB	C. BORGES	CORINTHIANS	2026-03-07, PAT vs COR	16	7	1	1	1	1	2	2	0	0	0	4	1	0	0	0
287	2025-26	NBB	T. FARIA	CORINTHIANS	2026-03-07, PAT vs COR	13	7	0	2	0	1	7	7	0	0	0	3	0	0	1	1
287	2025-26	NBB	NOVAES	CORINTHIANS	2026-03-07, PAT vs COR	12	7	3	3	0	0	1	2	0	0	0	0	0	0	0	4
287	2025-26	NBB	RAYMUNDO	CORINTHIANS	2026-03-07, PAT vs COR	11	4	2	3	0	0	0	0	1	0	1	1	0	0	1	3
287	2025-26	NBB	MUNFORD	CORINTHIANS	2026-03-07, PAT vs COR	23	0	0	0	0	1	0	0	7	1	8	1	0	0	0	2
288	2025-26	NBB	SLOAN	PINHEIROS	2026-03-07, PIN vs FOR	24	21	4	9	3	5	4	4	0	0	0	2	3	0	2	4
288	2025-26	NBB	GREGATE	PINHEIROS	2026-03-07, PIN vs FOR	24	15	4	6	0	3	7	8	3	2	5	4	1	0	1	0
288	2025-26	NBB	EDU SANTOS	PINHEIROS	2026-03-07, PIN vs FOR	8	10	4	4	0	2	2	4	1	2	3	1	1	0	1	0
288	2025-26	NBB	BETINHO	PINHEIROS	2026-03-07, PIN vs FOR	18	9	3	7	1	4	0	0	0	3	3	1	1	0	1	3
288	2025-26	NBB	PACHECO	PINHEIROS	2026-03-07, PIN vs FOR	14	9	1	2	1	3	4	6	1	0	1	4	3	0	3	1
288	2025-26	NBB	DJALO	PINHEIROS	2026-03-07, PIN vs FOR	32	7	2	3	1	3	0	0	5	0	5	0	1	0	1	4
288	2025-26	NBB	AFONSO	PINHEIROS	2026-03-07, PIN vs FOR	15	6	3	4	0	0	0	0	2	1	3	0	0	0	0	5
288	2025-26	NBB	MACIEL	PINHEIROS	2026-03-07, PIN vs FOR	18	4	2	2	0	0	0	0	3	1	4	1	0	0	1	1
288	2025-26	NBB	PENHA JR.	PINHEIROS	2026-03-07, PIN vs FOR	8	2	0	0	0	1	2	2	1	0	1	0	0	0	0	0
288	2025-26	NBB	PASTRE	PINHEIROS	2026-03-07, PIN vs FOR	33	0	0	1	0	3	0	0	2	0	2	3	1	1	0	3
288	2025-26	NBB	BRAYAN	PINHEIROS	2026-03-07, PIN vs FOR	4	0	0	0	0	0	0	0	0	0	0	0	0	0	0	1
288	2025-26	NBB	FARABELLO	PINHEIROS	2026-03-07, PIN vs FOR	3	0	0	1	0	1	0	0	0	0	0	0	0	0	0	0
288	2025-26	NBB	DUPREE	FORTALEZA BASQUETE CEARENSE	2026-03-07, PIN vs FOR	39	26	3	6	5	13	5	5	3	1	4	2	1	0	4	4
288	2025-26	NBB	DA SILVA	FORTALEZA BASQUETE CEARENSE	2026-03-07, PIN vs FOR	33	14	5	7	0	0	4	6	5	0	5	3	0	3	1	4
288	2025-26	NBB	POPOVIC	FORTALEZA BASQUETE CEARENSE	2026-03-07, PIN vs FOR	38	14	2	4	2	6	4	6	7	1	8	1	2	0	2	1
288	2025-26	NBB	SALSAMENDI	FORTALEZA BASQUETE CEARENSE	2026-03-07, PIN vs FOR	37	12	3	3	0	1	6	9	6	1	7	1	2	2	4	4
288	2025-26	NBB	JEANZINHO	FORTALEZA BASQUETE CEARENSE	2026-03-07, PIN vs FOR	26	7	3	4	0	2	1	3	1	1	2	4	1	0	3	5
288	2025-26	NBB	ALBERTON	FORTALEZA BASQUETE CEARENSE	2026-03-07, PIN vs FOR	10	2	1	3	0	0	0	0	0	3	3	0	0	0	4	3
288	2025-26	NBB	SAMUEL	FORTALEZA BASQUETE CEARENSE	2026-03-07, PIN vs FOR	14	2	1	2	0	1	0	0	0	2	2	0	1	0	1	3
288	2025-26	NBB	AUGUSTO VIEIRA	FORTALEZA BASQUETE CEARENSE	2026-03-07, PIN vs FOR	4	0	0	0	0	1	0	0	1	0	1	0	0	0	2	1
289	2025-26	NBB	CARDENAS	CEISC/UNIAO CORINTHIANS	2026-03-09, UCO vs VAS	22	14	3	7	1	2	5	7	2	4	6	3	1	1	2	2
289	2025-26	NBB	HOLLOWELL	CEISC/UNIAO CORINTHIANS	2026-03-09, UCO vs VAS	25	14	5	9	1	3	1	1	9	4	13	6	0	0	2	1
289	2025-26	NBB	BARNES	CEISC/UNIAO CORINTHIANS	2026-03-09, UCO vs VAS	31	12	4	7	1	5	1	1	0	0	0	2	0	0	2	1
289	2025-26	NBB	SCOTT	CEISC/UNIAO CORINTHIANS	2026-03-09, UCO vs VAS	25	12	5	8	0	1	2	3	4	2	6	5	0	1	1	3
289	2025-26	NBB	ISAAC	CEISC/UNIAO CORINTHIANS	2026-03-09, UCO vs VAS	23	11	1	2	3	4	0	0	3	1	4	0	1	0	1	0
289	2025-26	NBB	VERISSIMO	CEISC/UNIAO CORINTHIANS	2026-03-09, UCO vs VAS	16	5	1	2	1	3	0	0	3	0	3	3	1	0	3	1
289	2025-26	NBB	HETTSHEIMEIR	CEISC/UNIAO CORINTHIANS	2026-03-09, UCO vs VAS	18	3	0	3	1	2	0	0	5	1	6	1	0	0	0	2
289	2025-26	NBB	RENAN	CEISC/UNIAO CORINTHIANS	2026-03-09, UCO vs VAS	3	2	1	2	0	0	0	0	0	0	0	0	0	0	0	1
289	2025-26	NBB	JONATAN	CEISC/UNIAO CORINTHIANS	2026-03-09, UCO vs VAS	15	2	0	2	0	3	2	2	4	2	6	1	0	0	1	0
289	2025-26	NBB	BRANDAO	CEISC/UNIAO CORINTHIANS	2026-03-09, UCO vs VAS	8	2	1	6	0	1	0	0	0	1	1	0	1	1	0	3
289	2025-26	NBB	ROSSETTO	CEISC/UNIAO CORINTHIANS	2026-03-09, UCO vs VAS	10	0	0	1	0	0	0	0	1	1	2	1	1	0	2	1
289	2025-26	NBB	COELHO	CEISC/UNIAO CORINTHIANS	2026-03-09, UCO vs VAS	4	0	0	0	0	0	0	0	0	1	1	1	0	0	0	0
289	2025-26	NBB	G. BASILIO	VASCO DA GAMA	2026-03-09, UCO vs VAS	37	14	2	4	2	4	4	4	2	1	3	4	1	0	1	2
289	2025-26	NBB	ALE	VASCO DA GAMA	2026-03-09, UCO vs VAS	39	10	1	7	1	8	5	8	4	1	5	8	4	0	1	2
289	2025-26	NBB	PEDRO NUNES	VASCO DA GAMA	2026-03-09, UCO vs VAS	21	8	1	2	2	4	0	0	2	1	3	0	1	0	1	2
289	2025-26	NBB	MAGNA	VASCO DA GAMA	2026-03-09, UCO vs VAS	16	7	2	5	1	2	0	0	2	1	3	2	1	2	3	2
289	2025-26	NBB	MATHIAS	VASCO DA GAMA	2026-03-09, UCO vs VAS	20	7	3	8	0	1	1	2	5	6	11	1	0	6	4	3
289	2025-26	NBB	ELIAS	VASCO DA GAMA	2026-03-09, UCO vs VAS	19	7	2	4	1	3	0	0	2	1	3	1	1	0	3	3
289	2025-26	NBB	MORGAN	VASCO DA GAMA	2026-03-09, UCO vs VAS	17	4	2	3	0	3	0	0	5	0	5	0	0	0	1	0
289	2025-26	NBB	SERJAO	VASCO DA GAMA	2026-03-09, UCO vs VAS	28	4	1	5	0	4	2	2	6	2	8	1	0	1	0	3
289	2025-26	NBB	JUAN	VASCO DA GAMA	2026-03-09, UCO vs VAS	2	3	0	0	1	1	0	0	0	0	0	0	0	0	0	1
289	2025-26	NBB	ICARO	VASCO DA GAMA	2026-03-09, UCO vs VAS	1	2	1	1	0	0	0	0	0	0	0	0	0	0	0	0
290	2025-26	NBB	FABRIZZIO	CAXIAS DO SUL BASQUETE	2026-03-09, CAX vs MOG	23	16	1	1	2	3	8	8	1	0	1	7	0	0	4	4
290	2025-26	NBB	HUMBERTO	CAXIAS DO SUL BASQUETE	2026-03-09, CAX vs MOG	31	15	3	10	1	1	6	8	8	2	10	3	5	0	4	2
290	2025-26	NBB	TIAGO M.	CAXIAS DO SUL BASQUETE	2026-03-09, CAX vs MOG	19	10	2	3	2	5	0	1	1	0	1	0	0	0	0	2
290	2025-26	NBB	VEZARO	CAXIAS DO SUL BASQUETE	2026-03-09, CAX vs MOG	29	8	1	2	1	4	3	3	2	0	2	0	1	0	1	3
290	2025-26	NBB	SHAMELL	CAXIAS DO SUL BASQUETE	2026-03-09, CAX vs MOG	23	7	1	3	0	1	5	5	1	0	1	0	0	0	0	1
290	2025-26	NBB	RAFA	CAXIAS DO SUL BASQUETE	2026-03-09, CAX vs MOG	23	4	2	4	0	3	0	0	3	2	5	1	0	0	3	2
290	2025-26	NBB	OMENA	CAXIAS DO SUL BASQUETE	2026-03-09, CAX vs MOG	16	4	0	2	1	3	1	2	3	0	3	1	0	0	1	2
290	2025-26	NBB	MIGUEL	CAXIAS DO SUL BASQUETE	2026-03-09, CAX vs MOG	22	3	0	0	1	4	0	0	3	2	5	0	0	0	1	3
290	2025-26	NBB	TOM	CAXIAS DO SUL BASQUETE	2026-03-09, CAX vs MOG	4	0	0	4	0	0	0	0	0	2	2	0	0	0	0	0
290	2025-26	NBB	AUGUSTO	CAXIAS DO SUL BASQUETE	2026-03-09, CAX vs MOG	8	0	0	0	0	3	0	0	0	0	0	2	0	0	0	2
290	2025-26	NBB	RUIVO	MOGI BASQUETE	2026-03-09, CAX vs MOG	36	18	0	2	4	10	6	8	1	0	1	6	2	0	3	2
290	2025-26	NBB	HINKLE	MOGI BASQUETE	2026-03-09, CAX vs MOG	32	15	4	7	2	4	1	1	4	1	5	2	1	0	3	2
290	2025-26	NBB	PAULO	MOGI BASQUETE	2026-03-09, CAX vs MOG	37	10	2	3	2	3	0	4	3	0	3	1	2	0	0	3
290	2025-26	NBB	ANDERSON	MOGI BASQUETE	2026-03-09, CAX vs MOG	30	10	2	3	1	3	3	4	8	4	12	3	1	0	3	4
290	2025-26	NBB	GABRIEL CAMPOS	MOGI BASQUETE	2026-03-09, CAX vs MOG	23	9	0	1	2	5	3	4	2	0	2	1	0	0	1	3
290	2025-26	NBB	DIKEMBE	MOGI BASQUETE	2026-03-09, CAX vs MOG	19	8	4	9	0	0	0	0	4	4	8	2	2	0	4	3
290	2025-26	NBB	MAICON DOUGLAS	MOGI BASQUETE	2026-03-09, CAX vs MOG	12	2	1	1	0	0	0	2	5	0	5	0	0	2	1	4
290	2025-26	NBB	CALDEIRA	MOGI BASQUETE	2026-03-09, CAX vs MOG	4	0	0	1	0	1	0	0	0	0	0	0	0	0	1	1
290	2025-26	NBB	VINI CHAGAS	MOGI BASQUETE	2026-03-09, CAX vs MOG	3	0	0	1	0	0	0	0	0	0	0	0	0	0	0	1
290	2025-26	NBB	VITORIANO	MOGI BASQUETE	2026-03-09, CAX vs MOG	3	0	0	0	0	1	0	0	0	0	0	0	0	0	0	1
291	2025-26	NBB	CARR	UNIFACISA	2026-03-10, UFC vs RCB	31	15	3	5	2	5	3	5	5	1	6	2	0	1	3	1
291	2025-26	NBB	LEAL	UNIFACISA	2026-03-10, UFC vs RCB	20	14	6	7	0	0	2	2	5	0	5	1	0	0	2	3
291	2025-26	NBB	ANTHONY	UNIFACISA	2026-03-10, UFC vs RCB	22	14	3	7	2	4	2	3	1	1	2	5	0	0	1	2
291	2025-26	NBB	MELVIN	UNIFACISA	2026-03-10, UFC vs RCB	19	13	3	5	1	6	4	5	4	0	4	2	2	0	1	2
291	2025-26	NBB	JOAO PAULO	UNIFACISA	2026-03-10, UFC vs RCB	19	10	1	3	2	2	2	2	3	2	5	2	0	0	1	1
291	2025-26	NBB	COELHO	UNIFACISA	2026-03-10, UFC vs RCB	18	6	0	0	2	3	0	0	1	1	2	5	0	0	0	2
291	2025-26	NBB	JIMMY	UNIFACISA	2026-03-10, UFC vs RCB	33	5	1	2	1	5	0	0	2	1	3	1	1	0	0	3
291	2025-26	NBB	SIFONTES	UNIFACISA	2026-03-10, UFC vs RCB	24	5	1	3	1	5	0	0	2	2	4	2	1	0	2	4
291	2025-26	NBB	FLORES	UNIFACISA	2026-03-10, UFC vs RCB	4	0	0	0	0	0	0	0	0	1	1	0	0	0	0	2
291	2025-26	NBB	GERSON	UNIFACISA	2026-03-10, UFC vs RCB	9	0	0	1	0	0	0	0	0	0	0	0	0	0	1	0
291	2025-26	NBB	BONFIM	CONTA SIMPLES RIO CLARO	2026-03-10, UFC vs RCB	34	19	5	10	0	0	9	13	8	3	11	1	3	3	1	3
291	2025-26	NBB	GEMADINHA	CONTA SIMPLES RIO CLARO	2026-03-10, UFC vs RCB	35	18	5	9	2	7	2	2	3	0	3	9	0	0	1	1
291	2025-26	NBB	COSTA	CONTA SIMPLES RIO CLARO	2026-03-10, UFC vs RCB	30	14	1	2	3	4	3	3	2	0	2	6	0	1	0	5
291	2025-26	NBB	VITOR	CONTA SIMPLES RIO CLARO	2026-03-10, UFC vs RCB	36	10	2	5	2	3	0	0	2	0	2	1	2	1	2	3
291	2025-26	NBB	DOS ANJOS	CONTA SIMPLES RIO CLARO	2026-03-10, UFC vs RCB	28	6	3	5	0	1	0	0	1	0	1	0	1	0	1	2
291	2025-26	NBB	CAIOKA	CONTA SIMPLES RIO CLARO	2026-03-10, UFC vs RCB	5	4	1	2	0	1	2	2	1	1	2	0	0	0	0	1
291	2025-26	NBB	MURILO	CONTA SIMPLES RIO CLARO	2026-03-10, UFC vs RCB	4	4	2	2	0	1	0	0	1	1	2	0	0	0	0	2
291	2025-26	NBB	GUI	CONTA SIMPLES RIO CLARO	2026-03-10, UFC vs RCB	19	2	1	3	0	1	0	0	3	0	3	1	0	0	1	1
291	2025-26	NBB	AKIN	CONTA SIMPLES RIO CLARO	2026-03-10, UFC vs RCB	8	0	0	1	0	2	0	0	0	0	0	0	0	0	0	1
292	2025-26	NBB	GUI ABREU	PAULISTANO	2026-03-10, CAP vs CRU	31	22	6	6	3	5	1	2	6	1	7	1	4	1	1	4
292	2025-26	NBB	SIEWERT	PAULISTANO	2026-03-10, CAP vs CRU	30	20	7	9	0	7	6	6	3	4	7	1	0	0	2	2
292	2025-26	NBB	TOVAR	PAULISTANO	2026-03-10, CAP vs CRU	22	16	4	5	2	7	2	2	1	2	3	3	1	0	1	2
292	2025-26	NBB	HUNTER	PAULISTANO	2026-03-10, CAP vs CRU	29	14	3	5	1	3	5	6	1	0	1	3	0	0	0	2
292	2025-26	NBB	VITINHO	PAULISTANO	2026-03-10, CAP vs CRU	33	6	2	3	0	5	2	4	2	3	5	8	1	0	0	1
292	2025-26	NBB	LEANDRO	PAULISTANO	2026-03-10, CAP vs CRU	16	6	3	6	0	2	0	0	0	1	1	0	0	0	0	3
292	2025-26	NBB	DEMETRIO	PAULISTANO	2026-03-10, CAP vs CRU	12	4	2	3	0	3	0	0	2	0	2	0	0	0	1	2
292	2025-26	NBB	SEIXAS	PAULISTANO	2026-03-10, CAP vs CRU	9	0	0	0	0	2	0	0	0	0	0	0	0	0	2	1
292	2025-26	NBB	PIETRO	PAULISTANO	2026-03-10, CAP vs CRU	2	0	0	1	0	0	0	0	0	0	0	1	0	0	0	0
292	2025-26	NBB	GABRIEL	PAULISTANO	2026-03-10, CAP vs CRU	1	0	0	0	0	0	0	0	0	0	0	0	0	0	0	0
292	2025-26	NBB	GABRIEL	PAULISTANO	2026-03-10, CAP vs CRU	14	0	0	1	0	1	0	0	2	0	2	1	1	0	0	3
292	2025-26	NBB	JJ	CRUZEIRO BASQUETE	2026-03-10, CAP vs CRU	19	19	4	4	2	2	5	8	3	0	3	0	0	0	1	4
292	2025-26	NBB	NIQUE COLEMAN	CRUZEIRO BASQUETE	2026-03-10, CAP vs CRU	29	18	4	7	2	6	4	5	2	1	3	3	0	0	2	3
292	2025-26	NBB	I. THORNTON	CRUZEIRO BASQUETE	2026-03-10, CAP vs CRU	36	13	1	2	3	5	2	2	1	1	2	2	0	0	2	2
292	2025-26	NBB	GITTENS	CRUZEIRO BASQUETE	2026-03-10, CAP vs CRU	25	8	1	3	2	5	0	0	3	1	4	4	0	0	3	3
292	2025-26	NBB	ANSALONI	CRUZEIRO BASQUETE	2026-03-10, CAP vs CRU	24	8	4	7	0	1	0	0	6	2	8	2	0	1	2	3
292	2025-26	NBB	SENA	CRUZEIRO BASQUETE	2026-03-10, CAP vs CRU	14	7	2	2	1	1	0	0	2	0	2	0	0	1	2	1
292	2025-26	NBB	CLAY	CRUZEIRO BASQUETE	2026-03-10, CAP vs CRU	21	7	0	2	2	2	1	4	3	0	3	2	1	0	2	0
292	2025-26	NBB	DU SOMMER	CRUZEIRO BASQUETE	2026-03-10, CAP vs CRU	17	5	2	2	0	1	1	2	3	0	3	0	0	0	1	2
292	2025-26	NBB	CASSIANO	CRUZEIRO BASQUETE	2026-03-10, CAP vs CRU	15	4	2	2	0	0	0	0	2	0	2	3	0	0	2	2
293	2025-26	NBB	OMENA	CAXIAS DO SUL BASQUETE	2026-03-11, CAX vs VAS	29	13	1	1	3	7	2	2	0	1	1	2	1	0	1	2
293	2025-26	NBB	AUGUSTO	CAXIAS DO SUL BASQUETE	2026-03-11, CAX vs VAS	31	13	3	5	2	7	1	2	3	0	3	5	3	0	2	2
293	2025-26	NBB	VEZARO	CAXIAS DO SUL BASQUETE	2026-03-11, CAX vs VAS	31	12	3	4	1	4	3	3	1	3	4	2	1	0	0	0
293	2025-26	NBB	RAFA	CAXIAS DO SUL BASQUETE	2026-03-11, CAX vs VAS	18	10	2	4	2	5	0	0	2	0	2	1	0	0	1	4
293	2025-26	NBB	FABRIZZIO	CAXIAS DO SUL BASQUETE	2026-03-11, CAX vs VAS	20	9	3	4	0	2	3	4	4	0	4	3	1	1	1	2
293	2025-26	NBB	TOM	CAXIAS DO SUL BASQUETE	2026-03-11, CAX vs VAS	12	4	1	4	0	0	2	4	1	1	2	1	1	0	3	2
293	2025-26	NBB	LUAN	CAXIAS DO SUL BASQUETE	2026-03-11, CAX vs VAS	7	4	2	2	0	0	0	0	0	0	0	0	0	0	2	0
293	2025-26	NBB	HUMBERTO	CAXIAS DO SUL BASQUETE	2026-03-11, CAX vs VAS	33	3	1	6	0	1	1	2	6	1	7	8	2	0	5	3
293	2025-26	NBB	TIAGO M.	CAXIAS DO SUL BASQUETE	2026-03-11, CAX vs VAS	5	3	0	2	1	2	0	1	2	0	2	1	0	0	0	1
293	2025-26	NBB	MIGUEL	CAXIAS DO SUL BASQUETE	2026-03-11, CAX vs VAS	13	0	0	1	0	2	0	0	5	0	5	0	1	0	0	3
293	2025-26	NBB	MATHIAS	VASCO DA GAMA	2026-03-11, CAX vs VAS	28	20	9	9	0	1	2	2	6	1	7	1	0	1	2	3
293	2025-26	NBB	ALE	VASCO DA GAMA	2026-03-11, CAX vs VAS	40	13	3	9	0	5	7	9	6	1	7	9	4	0	4	0
293	2025-26	NBB	MORGAN	VASCO DA GAMA	2026-03-11, CAX vs VAS	25	12	3	5	2	4	0	2	2	1	3	0	0	1	1	3
293	2025-26	NBB	ELIAS	VASCO DA GAMA	2026-03-11, CAX vs VAS	22	8	1	3	2	4	0	0	3	0	3	2	0	0	2	4
293	2025-26	NBB	MAGNA	VASCO DA GAMA	2026-03-11, CAX vs VAS	28	7	2	3	1	1	0	0	6	1	7	3	0	1	3	4
293	2025-26	NBB	PEDRO NUNES	VASCO DA GAMA	2026-03-11, CAX vs VAS	4	3	0	0	1	1	0	0	0	0	0	0	0	0	0	1
293	2025-26	NBB	SERJAO	VASCO DA GAMA	2026-03-11, CAX vs VAS	24	3	1	7	0	0	1	3	5	3	8	3	1	0	1	3
293	2025-26	NBB	G. BASILIO	VASCO DA GAMA	2026-03-11, CAX vs VAS	27	2	0	1	0	0	2	2	3	0	3	0	0	0	3	1
293	2025-26	NBB	JUAN	VASCO DA GAMA	2026-03-11, CAX vs VAS	2	1	0	0	0	2	1	2	0	0	0	0	1	0	0	0
294	2025-26	NBB	POPOVIC	FORTALEZA BASQUETE CEARENSE	2026-03-11, FOR vs BRA	28	11	1	4	2	5	3	7	3	1	4	1	1	0	0	1
294	2025-26	NBB	SALSAMENDI	FORTALEZA BASQUETE CEARENSE	2026-03-11, FOR vs BRA	32	10	3	10	1	4	1	1	5	5	10	0	2	0	3	1
294	2025-26	NBB	JEANZINHO	FORTALEZA BASQUETE CEARENSE	2026-03-11, FOR vs BRA	27	9	1	2	1	4	4	6	2	0	2	3	2	0	3	3
294	2025-26	NBB	GABRIEL	FORTALEZA BASQUETE CEARENSE	2026-03-11, FOR vs BRA	20	9	2	4	1	5	2	4	3	0	3	1	0	0	0	1
294	2025-26	NBB	DUPREE	FORTALEZA BASQUETE CEARENSE	2026-03-11, FOR vs BRA	33	6	0	3	1	7	3	3	2	1	3	2	0	0	5	2
294	2025-26	NBB	ALBERTON	FORTALEZA BASQUETE CEARENSE	2026-03-11, FOR vs BRA	19	2	1	6	0	0	0	0	1	1	2	1	1	0	2	3
294	2025-26	NBB	AUGUSTO VIEIRA	FORTALEZA BASQUETE CEARENSE	2026-03-11, FOR vs BRA	20	2	1	2	0	1	0	0	1	0	1	2	0	0	2	3
294	2025-26	NBB	CAUA	FORTALEZA BASQUETE CEARENSE	2026-03-11, FOR vs BRA	4	0	0	0	0	0	0	0	0	0	0	0	0	0	0	0
294	2025-26	NBB	SAMUEL	FORTALEZA BASQUETE CEARENSE	2026-03-11, FOR vs BRA	18	0	0	0	0	1	0	0	2	1	3	1	0	0	1	2
294	2025-26	NBB	VON HAYDIN	CAIXA/BRASILIA	2026-03-11, FOR vs BRA	33	23	4	4	5	12	0	0	4	1	5	3	0	0	3	3
294	2025-26	NBB	CORVALAN	CAIXA/BRASILIA	2026-03-11, FOR vs BRA	32	13	2	5	1	5	6	7	4	1	5	6	1	0	1	2
294	2025-26	NBB	PAULICHI	CAIXA/BRASILIA	2026-03-11, FOR vs BRA	30	12	6	6	0	2	0	0	11	3	14	2	2	1	4	1
294	2025-26	NBB	BUIU	CAIXA/BRASILIA	2026-03-11, FOR vs BRA	22	9	0	1	3	7	0	0	1	0	1	2	0	0	1	4
294	2025-26	NBB	BRUNAO	CAIXA/BRASILIA	2026-03-11, FOR vs BRA	19	8	4	7	0	1	0	0	2	3	5	1	1	2	1	4
294	2025-26	NBB	CRESCENZI	CAIXA/BRASILIA	2026-03-11, FOR vs BRA	24	7	2	3	0	2	3	6	3	0	3	3	2	0	0	0
294	2025-26	NBB	BELLER	CAIXA/BRASILIA	2026-03-11, FOR vs BRA	11	5	1	2	1	3	0	0	1	0	1	0	0	0	1	0
294	2025-26	NBB	GUSTAVO	CAIXA/BRASILIA	2026-03-11, FOR vs BRA	5	2	1	1	0	0	0	0	0	0	0	0	3	0	0	1
294	2025-26	NBB	CARBONARI	CAIXA/BRASILIA	2026-03-11, FOR vs BRA	23	2	1	2	0	0	0	0	4	1	5	1	0	0	2	2
295	2025-26	NBB	DOS SANTOS	MR. MOO SAO JOSE BASKETBALL	2026-03-11, SJO vs BAU	26	12	5	9	0	4	2	6	8	2	10	0	0	1	5	3
295	2025-26	NBB	ANDERSON	MR. MOO SAO JOSE BASKETBALL	2026-03-11, SJO vs BAU	23	12	5	8	0	1	2	2	2	3	5	0	1	1	2	1
295	2025-26	NBB	NICKEL	MR. MOO SAO JOSE BASKETBALL	2026-03-11, SJO vs BAU	20	11	1	3	3	5	0	0	1	0	1	2	0	0	3	2
295	2025-26	NBB	LESSA	MR. MOO SAO JOSE BASKETBALL	2026-03-11, SJO vs BAU	22	10	3	4	1	2	1	1	1	0	1	3	1	0	1	1
295	2025-26	NBB	ADYEL	MR. MOO SAO JOSE BASKETBALL	2026-03-11, SJO vs BAU	28	8	0	5	1	6	5	6	3	0	3	4	1	0	2	2
295	2025-26	NBB	MAIQUE	MR. MOO SAO JOSE BASKETBALL	2026-03-11, SJO vs BAU	12	6	0	2	2	3	0	0	1	1	2	0	0	0	0	3
295	2025-26	NBB	MILLER	MR. MOO SAO JOSE BASKETBALL	2026-03-11, SJO vs BAU	16	4	0	1	1	2	1	1	0	0	0	0	0	0	1	3
295	2025-26	NBB	LEO CRAVERO	MR. MOO SAO JOSE BASKETBALL	2026-03-11, SJO vs BAU	12	3	0	1	1	3	0	0	0	0	0	0	0	0	0	0
295	2025-26	NBB	CAUE	MR. MOO SAO JOSE BASKETBALL	2026-03-11, SJO vs BAU	21	3	0	0	1	2	0	0	10	0	10	3	0	0	2	3
295	2025-26	NBB	PESSOA	MR. MOO SAO JOSE BASKETBALL	2026-03-11, SJO vs BAU	13	2	1	3	0	2	0	0	2	0	2	0	2	0	2	1
295	2025-26	NBB	ISAQUE	MR. MOO SAO JOSE BASKETBALL	2026-03-11, SJO vs BAU	5	0	0	1	0	1	0	0	0	1	1	0	0	0	1	0
295	2025-26	NBB	JOAO GUIMARAES	MR. MOO SAO JOSE BASKETBALL	2026-03-11, SJO vs BAU	2	0	0	0	0	0	0	0	0	1	1	0	0	0	0	0
295	2025-26	NBB	ANDREZAO	BAURU BASKET	2026-03-11, SJO vs BAU	30	28	12	21	0	0	4	8	8	3	11	3	1	1	0	3
295	2025-26	NBB	GEMERSON	BAURU BASKET	2026-03-11, SJO vs BAU	21	15	2	5	3	5	2	2	4	0	4	0	2	0	2	1
295	2025-26	NBB	BRITE	BAURU BASKET	2026-03-11, SJO vs BAU	25	14	2	5	3	6	1	1	5	0	5	8	2	0	0	2
295	2025-26	NBB	VITHINHO	BAURU BASKET	2026-03-11, SJO vs BAU	27	14	2	2	3	4	1	2	4	1	5	6	3	0	1	3
295	2025-26	NBB	ALEX	BAURU BASKET	2026-03-11, SJO vs BAU	23	7	2	5	1	4	0	0	2	0	2	3	0	2	2	3
295	2025-26	NBB	PEDRO	BAURU BASKET	2026-03-11, SJO vs BAU	16	6	1	2	1	1	1	2	0	0	0	2	1	0	0	3
295	2025-26	NBB	EUGENIUSZ	BAURU BASKET	2026-03-11, SJO vs BAU	21	6	3	4	0	0	0	1	2	0	2	7	2	1	1	2
295	2025-26	NBB	MATERAN	BAURU BASKET	2026-03-11, SJO vs BAU	24	3	0	1	1	3	0	0	4	1	5	1	0	1	1	2
295	2025-26	NBB	AUGUSTO	BAURU BASKET	2026-03-11, SJO vs BAU	2	3	0	0	1	1	0	0	0	0	0	0	0	0	1	1
295	2025-26	NBB	GUSTAVO	BAURU BASKET	2026-03-11, SJO vs BAU	10	0	0	0	0	1	0	0	2	0	2	0	0	0	0	1
296	2025-26	NBB	EMANUEL	BOTAFOGO	2026-03-12, BOT vs OSA	33	19	3	4	4	6	1	1	1	1	2	2	2	1	1	2
296	2025-26	NBB	SCHEUER	BOTAFOGO	2026-03-12, BOT vs OSA	23	16	8	13	0	0	0	0	7	2	9	0	0	0	4	4
296	2025-26	NBB	MACHADO	BOTAFOGO	2026-03-12, BOT vs OSA	35	15	2	5	2	7	5	7	1	1	2	8	0	0	1	2
296	2025-26	NBB	DERICK	BOTAFOGO	2026-03-12, BOT vs OSA	37	15	7	9	0	2	1	2	8	2	10	2	2	0	2	1
296	2025-26	NBB	MATHEUSINHO	BOTAFOGO	2026-03-12, BOT vs OSA	32	11	2	7	1	4	4	5	6	0	6	5	1	1	5	2
296	2025-26	NBB	ABNER	BOTAFOGO	2026-03-12, BOT vs OSA	13	4	2	4	0	0	0	0	5	1	6	0	1	0	2	1
296	2025-26	NBB	MACHADO JR.	BOTAFOGO	2026-03-12, BOT vs OSA	12	3	0	1	1	2	0	0	1	1	2	1	1	0	0	0
296	2025-26	NBB	NK	BOTAFOGO	2026-03-12, BOT vs OSA	9	2	0	0	0	0	2	8	1	1	2	0	0	0	0	2
296	2025-26	NBB	LUCAS	BOTAFOGO	2026-03-12, BOT vs OSA	5	0	0	0	0	2	0	0	0	1	1	0	0	0	0	0
296	2025-26	NBB	HARRIS	BASKET OSASCO	2026-03-12, BOT vs OSA	40	28	9	14	2	6	4	5	3	0	3	3	3	1	4	2
296	2025-26	NBB	WEBER	BASKET OSASCO	2026-03-12, BOT vs OSA	30	18	4	7	3	9	1	2	4	1	5	5	0	0	0	3
296	2025-26	NBB	MALACHIAS	BASKET OSASCO	2026-03-12, BOT vs OSA	28	13	5	10	1	2	0	0	3	3	6	2	1	1	2	1
296	2025-26	NBB	GRANT	BASKET OSASCO	2026-03-12, BOT vs OSA	22	10	0	0	3	6	1	1	3	1	4	1	0	1	1	4
296	2025-26	NBB	CARIBAUX	BASKET OSASCO	2026-03-12, BOT vs OSA	27	6	3	5	0	3	0	0	2	2	4	5	1	0	1	4
296	2025-26	NBB	PASSOS	BASKET OSASCO	2026-03-12, BOT vs OSA	24	4	1	2	0	0	2	5	5	0	5	1	2	1	1	2
296	2025-26	NBB	EDDY	BASKET OSASCO	2026-03-12, BOT vs OSA	21	0	0	0	0	4	0	0	2	0	2	1	0	0	4	1
296	2025-26	NBB	DALAQUA	BASKET OSASCO	2026-03-12, BOT vs OSA	7	0	0	0	0	2	0	0	1	0	1	1	0	1	0	2
296	2025-26	NBB	BRENO	BASKET OSASCO	2026-03-12, BOT vs OSA	2	0	0	0	0	0	0	0	0	0	0	0	0	0	0	0
297	2025-26	NBB	PACHECO	PINHEIROS	2026-03-12, PIN vs CRU	20	18	2	3	3	3	5	5	4	0	4	4	0	0	3	1
297	2025-26	NBB	GREGATE	PINHEIROS	2026-03-12, PIN vs CRU	26	17	6	8	1	3	2	2	2	0	2	5	1	0	2	2
297	2025-26	NBB	SLOAN	PINHEIROS	2026-03-12, PIN vs CRU	25	17	3	7	3	9	2	3	4	3	7	3	2	0	3	3
297	2025-26	NBB	AFONSO	PINHEIROS	2026-03-12, PIN vs CRU	24	16	7	9	0	0	2	4	5	3	8	1	1	0	2	3
297	2025-26	NBB	PASTRE	PINHEIROS	2026-03-12, PIN vs CRU	23	11	2	2	2	6	1	2	5	0	5	1	0	2	0	3
297	2025-26	NBB	DJALO	PINHEIROS	2026-03-12, PIN vs CRU	29	6	0	2	2	4	0	0	1	1	2	1	3	0	1	2
297	2025-26	NBB	BRAYAN	PINHEIROS	2026-03-12, PIN vs CRU	12	6	1	1	1	3	1	2	2	2	4	0	1	1	1	2
297	2025-26	NBB	BETINHO	PINHEIROS	2026-03-12, PIN vs CRU	12	4	2	3	0	1	0	0	0	0	0	2	0	0	1	1
297	2025-26	NBB	EDU SANTOS	PINHEIROS	2026-03-12, PIN vs CRU	13	2	1	3	0	1	0	0	1	0	1	0	1	0	0	2
297	2025-26	NBB	MACIEL	PINHEIROS	2026-03-12, PIN vs CRU	12	2	0	2	0	0	2	2	0	3	3	0	0	0	1	1
297	2025-26	NBB	BORACINA	PINHEIROS	2026-03-12, PIN vs CRU	2	2	0	0	0	1	2	2	0	0	0	0	0	0	0	0
297	2025-26	NBB	FARABELLO	PINHEIROS	2026-03-12, PIN vs CRU	4	0	0	0	0	0	0	0	0	1	1	0	0	0	0	1
297	2025-26	NBB	I. THORNTON	CRUZEIRO BASQUETE	2026-03-12, PIN vs CRU	38	20	1	3	5	10	3	3	2	1	3	1	1	0	1	1
297	2025-26	NBB	DA SILVA	CRUZEIRO BASQUETE	2026-03-12, PIN vs CRU	24	20	8	8	0	0	4	5	8	1	9	0	1	1	5	2
297	2025-26	NBB	NIQUE COLEMAN	CRUZEIRO BASQUETE	2026-03-12, PIN vs CRU	17	10	0	3	3	5	1	2	0	0	0	2	0	0	2	0
297	2025-26	NBB	JJ	CRUZEIRO BASQUETE	2026-03-12, PIN vs CRU	24	7	1	3	1	2	2	4	3	0	3	4	1	0	2	2
297	2025-26	NBB	CASSIANO	CRUZEIRO BASQUETE	2026-03-12, PIN vs CRU	18	6	2	5	0	1	2	2	1	1	2	2	1	0	2	2
297	2025-26	NBB	GITTENS	CRUZEIRO BASQUETE	2026-03-12, PIN vs CRU	22	5	2	3	0	2	1	2	3	0	3	4	2	0	2	3
297	2025-26	NBB	ANSALONI	CRUZEIRO BASQUETE	2026-03-12, PIN vs CRU	20	4	2	4	0	1	0	2	1	1	2	0	0	0	0	3
297	2025-26	NBB	CLAY	CRUZEIRO BASQUETE	2026-03-12, PIN vs CRU	23	3	0	1	1	3	0	0	2	1	3	2	1	0	2	2
297	2025-26	NBB	DU SOMMER	CRUZEIRO BASQUETE	2026-03-12, PIN vs CRU	8	2	1	1	0	0	0	0	2	1	3	0	0	0	2	2
297	2025-26	NBB	SENA	CRUZEIRO BASQUETE	2026-03-12, PIN vs CRU	6	2	1	3	0	1	0	0	0	0	0	0	0	0	1	4
299	2025-26	NBB	D. PENTEADO	PATO BASQUETE	2026-03-13, PAT vs MOG	32	17	5	7	2	5	1	2	3	3	6	0	1	0	1	4
299	2025-26	NBB	EULER	PATO BASQUETE	2026-03-13, PAT vs MOG	18	17	2	7	3	6	4	4	1	3	4	3	0	0	1	1
299	2025-26	NBB	NAKA	PATO BASQUETE	2026-03-13, PAT vs MOG	17	10	2	3	2	5	0	0	2	0	2	3	3	0	5	3
299	2025-26	NBB	N. GOMES	PATO BASQUETE	2026-03-13, PAT vs MOG	19	9	1	2	2	7	1	1	3	1	4	1	2	0	2	5
299	2025-26	NBB	GRIGOR	PATO BASQUETE	2026-03-13, PAT vs MOG	20	5	1	1	1	4	0	0	3	3	6	0	0	2	0	5
299	2025-26	NBB	EDU MARILIA	PATO BASQUETE	2026-03-13, PAT vs MOG	22	5	1	3	1	7	0	0	3	4	7	2	1	1	0	2
299	2025-26	NBB	THOMPSON	PATO BASQUETE	2026-03-13, PAT vs MOG	7	4	2	6	0	0	0	0	3	0	3	3	0	0	0	0
299	2025-26	NBB	MICHEL	PATO BASQUETE	2026-03-13, PAT vs MOG	28	3	0	1	1	6	0	0	2	5	7	1	0	0	1	1
299	2025-26	NBB	MATEUS	PATO BASQUETE	2026-03-13, PAT vs MOG	16	2	0	1	0	1	2	4	1	0	1	0	0	0	3	1
299	2025-26	NBB	FIDELIS	PATO BASQUETE	2026-03-13, PAT vs MOG	15	0	0	1	0	0	0	0	3	2	5	2	0	0	0	1
299	2025-26	NBB	WILLKER Z.	PATO BASQUETE	2026-03-13, PAT vs MOG	3	0	0	0	0	0	0	0	0	0	0	0	0	0	0	0
299	2025-26	NBB	HORTON	PATO BASQUETE	2026-03-13, PAT vs MOG	4	0	0	1	0	0	0	0	0	0	0	0	0	0	0	1
299	2025-26	NBB	HINKLE	MOGI BASQUETE	2026-03-13, PAT vs MOG	20	20	1	3	4	8	6	7	3	1	4	1	0	0	2	1
299	2025-26	NBB	PAULO	MOGI BASQUETE	2026-03-13, PAT vs MOG	31	15	2	3	3	8	2	3	1	1	2	2	1	0	0	2
299	2025-26	NBB	VINI CHAGAS	MOGI BASQUETE	2026-03-13, PAT vs MOG	19	10	2	4	2	3	0	1	4	3	7	1	0	0	2	2
299	2025-26	NBB	GABRIEL CAMPOS	MOGI BASQUETE	2026-03-13, PAT vs MOG	22	10	3	4	1	4	1	2	2	1	3	2	3	0	2	2
299	2025-26	NBB	DIKEMBE	MOGI BASQUETE	2026-03-13, PAT vs MOG	20	8	3	7	0	0	2	4	3	3	6	1	0	1	1	4
299	2025-26	NBB	CALDEIRA	MOGI BASQUETE	2026-03-13, PAT vs MOG	22	7	0	3	2	3	1	2	0	0	0	3	1	0	1	3
299	2025-26	NBB	ANDERSON	MOGI BASQUETE	2026-03-13, PAT vs MOG	26	6	3	4	0	2	0	2	6	3	9	1	2	1	0	2
299	2025-26	NBB	MAICON DOUGLAS	MOGI BASQUETE	2026-03-13, PAT vs MOG	15	4	1	2	0	0	2	4	2	2	4	0	0	0	1	4
299	2025-26	NBB	RUIVO	MOGI BASQUETE	2026-03-13, PAT vs MOG	25	0	0	1	0	7	0	0	2	1	3	5	0	0	2	1
300	2025-26	NBB	THOMAS	CORINTHIANS	2026-03-13, COR vs BAU	34	25	9	10	1	5	4	4	4	1	5	5	3	0	3	4
300	2025-26	NBB	CLARK	CORINTHIANS	2026-03-13, COR vs BAU	24	19	1	2	4	7	5	6	5	2	7	5	1	0	4	2
300	2025-26	NBB	VICTAO	CORINTHIANS	2026-03-13, COR vs BAU	30	15	1	1	3	8	4	4	3	0	3	0	0	0	1	1
300	2025-26	NBB	MUNFORD	CORINTHIANS	2026-03-13, COR vs BAU	26	15	4	5	1	4	4	4	5	1	6	3	0	0	0	4
300	2025-26	NBB	T. FARIA	CORINTHIANS	2026-03-13, COR vs BAU	15	7	1	2	1	2	2	2	1	0	1	3	0	0	1	2
300	2025-26	NBB	RAYMUNDO	CORINTHIANS	2026-03-13, COR vs BAU	10	7	2	3	0	1	3	3	1	0	1	1	0	1	0	1
300	2025-26	NBB	LUCAS CAUE	CORINTHIANS	2026-03-13, COR vs BAU	24	6	3	5	0	1	0	2	3	3	6	2	0	1	1	2
300	2025-26	NBB	NOVAES	CORINTHIANS	2026-03-13, COR vs BAU	14	5	1	2	1	1	0	0	2	0	2	2	0	0	1	3
300	2025-26	NBB	LUKINHAS	CORINTHIANS	2026-03-13, COR vs BAU	2	3	0	0	1	1	0	0	0	0	0	1	0	0	0	2
300	2025-26	NBB	C. BORGES	CORINTHIANS	2026-03-13, COR vs BAU	15	2	1	2	0	0	0	0	0	0	0	2	2	0	2	0
300	2025-26	NBB	KAIQUE	CORINTHIANS	2026-03-13, COR vs BAU	2	0	0	0	0	0	0	0	0	0	0	0	0	0	1	0
300	2025-26	NBB	M. JAMELAO	CORINTHIANS	2026-03-13, COR vs BAU	3	0	0	0	0	0	0	0	0	0	0	0	0	0	0	0
300	2025-26	NBB	ANDREZAO	BAURU BASKET	2026-03-13, COR vs BAU	31	23	8	12	0	0	7	8	6	4	10	2	1	0	4	3
300	2025-26	NBB	EUGENIUSZ	BAURU BASKET	2026-03-13, COR vs BAU	31	21	2	4	5	11	2	2	4	0	4	3	3	0	3	4
300	2025-26	NBB	MATERAN	BAURU BASKET	2026-03-13, COR vs BAU	30	11	1	2	3	7	0	2	2	0	2	1	1	0	1	3
300	2025-26	NBB	BRITE	BAURU BASKET	2026-03-13, COR vs BAU	27	7	1	5	0	3	5	6	2	0	2	12	1	0	3	3
300	2025-26	NBB	ALEX	BAURU BASKET	2026-03-13, COR vs BAU	23	6	0	2	1	4	3	4	2	1	3	1	2	0	1	4
300	2025-26	NBB	GEMERSON	BAURU BASKET	2026-03-13, COR vs BAU	14	5	0	1	1	2	2	3	0	1	1	0	0	0	0	4
300	2025-26	NBB	GUSTAVO	BAURU BASKET	2026-03-13, COR vs BAU	10	3	1	1	0	2	1	2	0	0	0	1	1	0	0	2
300	2025-26	NBB	VITHINHO	BAURU BASKET	2026-03-13, COR vs BAU	18	3	0	1	1	5	0	0	2	1	3	2	1	0	0	1
300	2025-26	NBB	AUGUSTO	BAURU BASKET	2026-03-13, COR vs BAU	4	2	0	0	0	0	2	2	0	0	0	0	1	0	0	1
300	2025-26	NBB	PEDRO	BAURU BASKET	2026-03-13, COR vs BAU	12	0	0	3	0	1	0	0	0	1	1	2	0	0	0	2
301	2025-26	NBB	MORGAN	VASCO DA GAMA	2026-03-14, VAS vs OSA	31	26	6	9	3	9	5	6	3	1	4	3	5	0	2	3
301	2025-26	NBB	MATHIAS	VASCO DA GAMA	2026-03-14, VAS vs OSA	29	15	4	5	2	3	1	2	4	3	7	1	1	0	0	3
301	2025-26	NBB	BEARDEN	VASCO DA GAMA	2026-03-14, VAS vs OSA	20	14	3	6	1	1	5	7	5	1	6	2	1	1	4	2
301	2025-26	NBB	MAGNA	VASCO DA GAMA	2026-03-14, VAS vs OSA	29	13	3	5	1	6	4	5	2	0	2	2	1	0	1	4
301	2025-26	NBB	SERJAO	VASCO DA GAMA	2026-03-14, VAS vs OSA	19	10	5	6	0	3	0	0	3	4	7	3	0	0	2	3
301	2025-26	NBB	G. BASILIO	VASCO DA GAMA	2026-03-14, VAS vs OSA	37	4	0	4	1	4	1	2	0	2	2	2	1	0	3	0
301	2025-26	NBB	ELIAS	VASCO DA GAMA	2026-03-14, VAS vs OSA	8	4	2	2	0	4	0	2	0	1	1	1	2	0	0	3
301	2025-26	NBB	ALE	VASCO DA GAMA	2026-03-14, VAS vs OSA	20	2	1	3	0	1	0	0	4	0	4	4	1	0	3	2
301	2025-26	NBB	PEDRO NUNES	VASCO DA GAMA	2026-03-14, VAS vs OSA	6	0	0	1	0	1	0	0	0	0	0	1	0	0	0	2
301	2025-26	NBB	HARRIS	BASKET OSASCO	2026-03-14, VAS vs OSA	33	22	7	13	0	1	8	10	6	0	6	1	0	0	5	5
301	2025-26	NBB	CARIBAUX	BASKET OSASCO	2026-03-14, VAS vs OSA	24	16	2	3	4	7	0	0	2	1	3	5	0	0	4	0
301	2025-26	NBB	WEBER	BASKET OSASCO	2026-03-14, VAS vs OSA	26	14	5	7	1	3	1	2	4	1	5	2	1	0	3	5
301	2025-26	NBB	GRANT	BASKET OSASCO	2026-03-14, VAS vs OSA	28	13	0	2	2	5	7	7	6	0	6	5	2	1	2	3
301	2025-26	NBB	BRENO	BASKET OSASCO	2026-03-14, VAS vs OSA	25	8	1	3	2	4	0	0	1	2	3	0	2	0	0	2
301	2025-26	NBB	PASSOS	BASKET OSASCO	2026-03-14, VAS vs OSA	35	7	2	2	0	0	3	3	10	2	12	1	3	0	0	3
301	2025-26	NBB	MALACHIAS	BASKET OSASCO	2026-03-14, VAS vs OSA	7	4	1	3	0	0	2	2	0	1	1	0	0	0	3	1
301	2025-26	NBB	DALAQUA	BASKET OSASCO	2026-03-14, VAS vs OSA	11	2	1	3	0	3	0	0	1	0	1	1	0	0	1	2
301	2025-26	NBB	LEONI	BASKET OSASCO	2026-03-14, VAS vs OSA	2	0	0	0	0	1	0	0	0	0	0	1	0	0	0	1
301	2025-26	NBB	EDDY	BASKET OSASCO	2026-03-14, VAS vs OSA	10	0	0	2	0	3	0	0	0	0	0	1	0	0	0	0
302	2025-26	NBB	SIFONTES	UNIFACISA	2026-03-14, ISA vs CAI	32	11	2	4	2	3	1	2	6	0	6	3	1	1	1	1
302	2025-26	NBB	COELHO	UNIFACISA	2026-03-14, ISA vs CAI	18	11	4	7	0	1	3	6	0	1	1	0	1	0	1	4
302	2025-26	NBB	JOAO PAULO	UNIFACISA	2026-03-14, ISA vs CAI	16	9	3	4	1	3	0	2	2	0	2	0	2	0	0	1
302	2025-26	NBB	LEAL	UNIFACISA	2026-03-14, ISA vs CAI	23	9	4	8	0	0	1	3	5	1	6	2	0	2	5	1
302	2025-26	NBB	MELVIN	UNIFACISA	2026-03-14, ISA vs CAI	26	7	1	3	1	6	2	2	0	0	0	2	0	0	2	2
302	2025-26	NBB	CARR	UNIFACISA	2026-03-14, ISA vs CAI	28	7	2	3	1	6	0	0	6	1	7	1	3	0	2	2
302	2025-26	NBB	GERSON	UNIFACISA	2026-03-14, ISA vs CAI	10	6	3	5	0	0	0	0	1	2	3	0	0	0	0	1
302	2025-26	NBB	JIMMY	UNIFACISA	2026-03-14, ISA vs CAI	28	4	2	3	0	4	0	0	4	0	4	4	1	0	3	2
302	2025-26	NBB	ANTHONY	UNIFACISA	2026-03-14, ISA vs CAI	18	0	0	2	0	2	0	0	0	0	0	4	0	0	0	1
302	2025-26	NBB	BRUNAO	CAIXA/BRASILIA	2026-03-14, ISA vs CAI	33	17	7	11	0	2	3	4	11	3	14	0	1	2	5	3
302	2025-26	NBB	CRESCENZI	CAIXA/BRASILIA	2026-03-14, ISA vs CAI	29	11	4	7	1	6	0	0	2	1	3	3	1	1	2	4
302	2025-26	NBB	BUIU	CAIXA/BRASILIA	2026-03-14, ISA vs CAI	27	9	2	10	1	5	2	2	4	0	4	4	0	0	1	1
302	2025-26	NBB	CORVALAN	CAIXA/BRASILIA	2026-03-14, ISA vs CAI	30	7	2	5	1	4	0	0	4	0	4	5	3	0	2	3
302	2025-26	NBB	PAULICHI	CAIXA/BRASILIA	2026-03-14, ISA vs CAI	32	7	3	4	0	0	1	2	6	3	9	2	1	0	3	1
302	2025-26	NBB	VON HAYDIN	CAIXA/BRASILIA	2026-03-14, ISA vs CAI	32	6	1	4	1	4	1	1	4	2	6	1	0	0	3	3
302	2025-26	NBB	CARBONARI	CAIXA/BRASILIA	2026-03-14, ISA vs CAI	15	2	1	1	0	3	0	0	2	1	3	0	0	0	1	1
302	2025-26	NBB	BELLER	CAIXA/BRASILIA	2026-03-14, ISA vs CAI	2	0	0	0	0	0	0	0	0	0	0	0	0	0	0	0
303	2025-26	NBB	MATHEUSINHO	BOTAFOGO	2026-03-16, BOT vs PIN	35	13	3	4	2	5	1	2	5	0	5	9	0	0	6	1
303	2025-26	NBB	EMANUEL	BOTAFOGO	2026-03-16, BOT vs PIN	34	12	6	8	0	4	0	0	0	1	1	0	1	0	0	3
303	2025-26	NBB	MACHADO	BOTAFOGO	2026-03-16, BOT vs PIN	32	11	2	4	1	7	4	6	8	0	8	7	4	0	1	0
303	2025-26	NBB	MACHADO JR.	BOTAFOGO	2026-03-16, BOT vs PIN	23	8	1	3	1	3	3	7	0	1	1	0	1	0	1	2
303	2025-26	NBB	NK	BOTAFOGO	2026-03-16, BOT vs PIN	21	6	3	4	0	2	0	0	3	3	6	0	0	0	4	3
303	2025-26	NBB	SCHEUER	BOTAFOGO	2026-03-16, BOT vs PIN	17	5	1	6	0	0	3	5	1	0	1	1	1	0	1	5
303	2025-26	NBB	LUCAS	BOTAFOGO	2026-03-16, BOT vs PIN	18	5	1	1	1	3	0	0	1	2	3	1	1	0	2	1
303	2025-26	NBB	PAULINO	BOTAFOGO	2026-03-16, BOT vs PIN	10	2	0	0	0	3	2	2	1	0	1	0	1	0	0	1
303	2025-26	NBB	JOAO DAVI	BOTAFOGO	2026-03-16, BOT vs PIN	1	0	0	0	0	0	0	0	0	0	0	0	0	0	0	0
303	2025-26	NBB	ABNER	BOTAFOGO	2026-03-16, BOT vs PIN	5	0	0	0	0	0	0	0	1	0	1	0	0	0	0	0
303	2025-26	NBB	KLEBINHO	BOTAFOGO	2026-03-16, BOT vs PIN	4	0	0	0	0	0	0	0	0	1	1	0	0	0	0	1
303	2025-26	NBB	EDU SANTOS	PINHEIROS	2026-03-16, BOT vs PIN	17	20	2	2	5	7	1	2	3	1	4	1	0	0	1	0
303	2025-26	NBB	PASTRE	PINHEIROS	2026-03-16, BOT vs PIN	29	14	1	3	4	7	0	0	5	0	5	1	3	0	1	2
303	2025-26	NBB	SLOAN	PINHEIROS	2026-03-16, BOT vs PIN	26	13	2	3	3	9	0	0	4	1	5	10	0	0	2	1
303	2025-26	NBB	PACHECO	PINHEIROS	2026-03-16, BOT vs PIN	19	10	0	2	3	6	1	1	0	1	1	3	1	0	1	2
303	2025-26	NBB	AFONSO	PINHEIROS	2026-03-16, BOT vs PIN	14	9	4	4	0	0	1	1	1	1	2	1	1	0	0	2
303	2025-26	NBB	DJALO	PINHEIROS	2026-03-16, BOT vs PIN	25	9	3	3	0	2	3	4	2	1	3	0	0	0	1	1
303	2025-26	NBB	GREGATE	PINHEIROS	2026-03-16, BOT vs PIN	22	9	3	3	0	2	3	4	3	0	3	5	1	0	4	5
303	2025-26	NBB	BETINHO	PINHEIROS	2026-03-16, BOT vs PIN	19	5	2	5	0	3	1	1	3	0	3	3	2	0	0	0
303	2025-26	NBB	FARABELLO	PINHEIROS	2026-03-16, BOT vs PIN	4	2	0	0	0	0	2	2	0	0	0	2	0	0	0	0
303	2025-26	NBB	AGAPY	PINHEIROS	2026-03-16, BOT vs PIN	8	2	1	1	0	0	0	0	1	1	2	0	1	1	0	1
303	2025-26	NBB	BRAYAN	PINHEIROS	2026-03-16, BOT vs PIN	9	0	0	0	0	0	0	0	2	0	2	0	0	0	1	1
303	2025-26	NBB	MACIEL	PINHEIROS	2026-03-16, BOT vs PIN	8	0	0	0	0	0	0	0	0	0	0	0	0	0	2	1
304	2025-26	NBB	SIEWERT	PAULISTANO	2026-03-17, CAP vs RCB	27	20	1	5	6	9	0	0	2	0	2	1	1	0	0	3
304	2025-26	NBB	VITINHO	PAULISTANO	2026-03-17, CAP vs RCB	34	18	1	5	4	5	4	5	5	0	5	7	1	0	0	1
304	2025-26	NBB	HUNTER	PAULISTANO	2026-03-17, CAP vs RCB	29	15	2	7	2	6	5	6	3	2	5	1	1	0	2	4
304	2025-26	NBB	GUI ABREU	PAULISTANO	2026-03-17, CAP vs RCB	28	15	5	8	0	0	5	5	5	2	7	5	3	0	0	4
304	2025-26	NBB	SEIXAS	PAULISTANO	2026-03-17, CAP vs RCB	25	11	1	4	2	6	3	4	0	1	1	2	2	0	1	2
304	2025-26	NBB	LEANDRO	PAULISTANO	2026-03-17, CAP vs RCB	26	6	3	6	0	2	0	0	3	2	5	0	0	1	1	3
304	2025-26	NBB	DEMETRIO	PAULISTANO	2026-03-17, CAP vs RCB	13	6	0	0	2	2	0	2	1	0	1	1	0	0	1	3
304	2025-26	NBB	TOVAR	PAULISTANO	2026-03-17, CAP vs RCB	7	6	2	3	0	1	2	2	1	0	1	1	1	0	1	1
304	2025-26	NBB	NETO	PAULISTANO	2026-03-17, CAP vs RCB	8	3	0	0	1	2	0	0	0	0	0	0	0	0	0	2
304	2025-26	NBB	GABRIEL	PAULISTANO	2026-03-17, CAP vs RCB	2	0	0	0	0	0	0	0	1	0	1	0	0	0	0	0
304	2025-26	NBB	PIETRO	PAULISTANO	2026-03-17, CAP vs RCB	2	0	0	0	0	0	0	0	0	0	0	0	0	0	0	0
304	2025-26	NBB	GEMADINHA	CONTA SIMPLES RIO CLARO	2026-03-17, CAP vs RCB	31	22	3	6	3	7	7	8	1	2	3	4	0	0	2	1
304	2025-26	NBB	BONFIM	CONTA SIMPLES RIO CLARO	2026-03-17, CAP vs RCB	23	14	4	6	0	1	6	7	3	4	7	1	0	1	0	2
304	2025-26	NBB	MURILO	CONTA SIMPLES RIO CLARO	2026-03-17, CAP vs RCB	7	13	1	1	2	2	5	5	4	0	4	0	2	1	2	0
304	2025-26	NBB	OWENS	CONTA SIMPLES RIO CLARO	2026-03-17, CAP vs RCB	17	10	3	4	0	0	4	5	1	1	2	2	0	0	0	1
304	2025-26	NBB	GUI	CONTA SIMPLES RIO CLARO	2026-03-17, CAP vs RCB	22	9	3	7	1	3	0	0	1	3	4	0	0	0	1	2
304	2025-26	NBB	VITOR	CONTA SIMPLES RIO CLARO	2026-03-17, CAP vs RCB	32	8	3	4	0	3	2	3	7	0	7	2	0	0	3	2
304	2025-26	NBB	THYGESEN	CONTA SIMPLES RIO CLARO	2026-03-17, CAP vs RCB	25	4	1	5	0	2	2	2	2	1	3	6	0	0	5	5
304	2025-26	NBB	DOS ANJOS	CONTA SIMPLES RIO CLARO	2026-03-17, CAP vs RCB	19	4	2	3	0	3	0	0	2	0	2	0	0	1	1	2
304	2025-26	NBB	SCOTT	CONTA SIMPLES RIO CLARO	2026-03-17, CAP vs RCB	15	3	1	1	0	1	1	2	4	0	4	3	1	0	4	2
304	2025-26	NBB	CAIOKA	CONTA SIMPLES RIO CLARO	2026-03-17, CAP vs RCB	3	0	0	0	0	0	0	0	0	0	0	0	1	0	0	1
304	2025-26	NBB	PASTOR	CONTA SIMPLES RIO CLARO	2026-03-17, CAP vs RCB	5	0	0	0	0	0	0	0	0	1	1	0	1	0	0	1
305	2025-26	NBB	HARRIS	BASKET OSASCO	2026-03-17, OSA vs FOR	38	32	8	18	2	6	10	12	4	3	7	8	1	0	2	4
305	2025-26	NBB	DALAQUA	BASKET OSASCO	2026-03-17, OSA vs FOR	25	11	1	4	2	6	3	6	1	2	3	1	2	0	1	1
305	2025-26	NBB	PASSOS	BASKET OSASCO	2026-03-17, OSA vs FOR	34	9	2	3	0	0	5	6	7	4	11	0	0	0	3	3
305	2025-26	NBB	EDDY	BASKET OSASCO	2026-03-17, OSA vs FOR	12	7	0	0	2	7	1	2	4	0	4	1	0	0	1	0
305	2025-26	NBB	BRENO	BASKET OSASCO	2026-03-17, OSA vs FOR	30	7	2	5	0	1	3	4	4	6	10	1	1	0	3	1
305	2025-26	NBB	GRANT	BASKET OSASCO	2026-03-17, OSA vs FOR	15	7	3	7	0	3	1	1	1	3	4	0	2	1	1	4
305	2025-26	NBB	WEBER	BASKET OSASCO	2026-03-17, OSA vs FOR	24	6	3	7	0	5	0	0	1	0	1	1	2	1	1	5
305	2025-26	NBB	MALACHIAS	BASKET OSASCO	2026-03-17, OSA vs FOR	36	6	3	4	0	3	0	0	5	4	9	3	0	3	3	2
305	2025-26	NBB	CARIBAUX	BASKET OSASCO	2026-03-17, OSA vs FOR	11	5	0	0	1	1	2	2	1	1	2	0	1	0	1	0
305	2025-26	NBB	DALAQUA	FORTALEZA BASQUETE CEARENSE	2026-03-17, OSA vs FOR	5	6	0	1	2	2	0	2	0	1	1	0	0	0	0	0
305	2025-26	NBB	EDDY	FORTALEZA BASQUETE CEARENSE	2026-03-17, OSA vs FOR	5	4	0	0	1	2	1	2	2	0	2	0	0	0	1	0
305	2025-26	NBB	HARRIS	FORTALEZA BASQUETE CEARENSE	2026-03-17, OSA vs FOR	5	3	1	3	0	0	1	2	1	0	1	1	0	0	0	0
305	2025-26	NBB	MALACHIAS	FORTALEZA BASQUETE CEARENSE	2026-03-17, OSA vs FOR	3	0	0	0	0	0	0	0	1	1	2	1	0	0	0	0
305	2025-26	NBB	WEBER	FORTALEZA BASQUETE CEARENSE	2026-03-17, OSA vs FOR	4	0	0	0	0	2	0	0	0	0	0	0	0	0	0	1
305	2025-26	NBB	BRENO	FORTALEZA BASQUETE CEARENSE	2026-03-17, OSA vs FOR	3	0	0	1	0	0	0	0	1	3	4	0	0	0	1	0
306	2025-26	NBB	JJ	CRUZEIRO BASQUETE	2026-03-17, CRU vs CAX	28	16	3	7	3	5	1	2	1	0	1	0	0	0	1	4
306	2025-26	NBB	I. THORNTON	CRUZEIRO BASQUETE	2026-03-17, CRU vs CAX	38	14	2	5	2	6	4	4	4	0	4	3	2	0	1	3
306	2025-26	NBB	DA SILVA	CRUZEIRO BASQUETE	2026-03-17, CRU vs CAX	20	13	5	10	0	0	3	3	3	6	9	0	1	0	2	3
306	2025-26	NBB	CASSIANO	CRUZEIRO BASQUETE	2026-03-17, CRU vs CAX	18	11	3	4	1	2	2	2	1	0	1	3	1	0	2	0
306	2025-26	NBB	ANSALONI	CRUZEIRO BASQUETE	2026-03-17, CRU vs CAX	22	9	4	5	0	0	1	1	4	1	5	0	0	2	1	1
306	2025-26	NBB	GITTENS	CRUZEIRO BASQUETE	2026-03-17, CRU vs CAX	18	5	1	2	1	4	0	0	1	2	3	2	0	0	4	1
306	2025-26	NBB	CLAY	CRUZEIRO BASQUETE	2026-03-17, CRU vs CAX	23	5	1	2	1	4	0	0	1	0	1	4	2	0	1	2
306	2025-26	NBB	LEO ABREU	CRUZEIRO BASQUETE	2026-03-17, CRU vs CAX	16	2	0	1	0	2	2	2	2	2	4	3	1	0	1	1
306	2025-26	NBB	NIQUE COLEMAN	CRUZEIRO BASQUETE	2026-03-17, CRU vs CAX	9	1	0	1	0	2	1	2	0	0	0	1	0	0	0	0
306	2025-26	NBB	SENA	CRUZEIRO BASQUETE	2026-03-17, CRU vs CAX	9	0	0	1	0	1	0	0	0	0	0	1	0	0	1	2
306	2025-26	NBB	AUGUSTO	CAXIAS DO SUL BASQUETE	2026-03-17, CRU vs CAX	35	16	3	6	3	7	1	2	5	0	5	4	3	0	3	3
306	2025-26	NBB	FABRIZZIO	CAXIAS DO SUL BASQUETE	2026-03-17, CRU vs CAX	22	15	3	4	3	3	0	0	2	0	2	2	0	0	1	4
306	2025-26	NBB	SHAMELL	CAXIAS DO SUL BASQUETE	2026-03-17, CRU vs CAX	24	13	4	6	0	2	5	5	5	0	5	4	1	1	1	2
306	2025-26	NBB	HUMBERTO	CAXIAS DO SUL BASQUETE	2026-03-17, CRU vs CAX	33	12	5	8	0	0	2	2	4	2	6	3	2	1	3	3
306	2025-26	NBB	VEZARO	CAXIAS DO SUL BASQUETE	2026-03-17, CRU vs CAX	36	12	2	4	2	6	2	2	2	1	3	5	1	0	0	2
306	2025-26	NBB	RAFA	CAXIAS DO SUL BASQUETE	2026-03-17, CRU vs CAX	21	9	3	5	1	1	0	0	2	3	5	1	2	0	1	3
306	2025-26	NBB	OMENA	CAXIAS DO SUL BASQUETE	2026-03-17, CRU vs CAX	18	7	3	3	0	4	1	1	1	0	1	0	0	0	0	2
306	2025-26	NBB	TIAGO M.	CAXIAS DO SUL BASQUETE	2026-03-17, CRU vs CAX	3	1	0	1	0	0	1	2	0	0	0	0	1	0	1	0
306	2025-26	NBB	TOM	CAXIAS DO SUL BASQUETE	2026-03-17, CRU vs CAX	4	0	0	0	0	0	0	2	0	0	0	0	0	0	0	0
306	2025-26	NBB	MIGUEL	CAXIAS DO SUL BASQUETE	2026-03-17, CRU vs CAX	6	0	0	0	0	0	0	0	0	0	0	0	0	0	2	0
307	2025-26	NBB	WINI SILVA	KTO MINAS	2026-03-17, MIN vs UCO	22	19	5	9	1	1	6	8	5	1	6	2	2	1	1	3
307	2025-26	NBB	PARANHOS	KTO MINAS	2026-03-17, MIN vs UCO	18	15	6	9	0	1	3	11	5	1	6	0	2	0	3	3
307	2025-26	NBB	ARENGO	KTO MINAS	2026-03-17, MIN vs UCO	19	13	4	4	1	2	2	2	1	0	1	1	0	0	3	0
307	2025-26	NBB	WILLIAMS	KTO MINAS	2026-03-17, MIN vs UCO	22	11	2	3	1	4	4	4	4	2	6	1	0	1	0	0
307	2025-26	NBB	MCCREE	KTO MINAS	2026-03-17, MIN vs UCO	22	9	0	2	2	5	3	3	3	0	3	3	0	0	1	2
307	2025-26	NBB	R. RACHEL	KTO MINAS	2026-03-17, MIN vs UCO	18	8	2	3	1	2	1	2	0	1	1	1	1	0	0	3
307	2025-26	NBB	FRAZIER	KTO MINAS	2026-03-17, MIN vs UCO	15	8	1	1	2	3	0	0	2	0	2	6	1	0	2	4
307	2025-26	NBB	FUZARO	KTO MINAS	2026-03-17, MIN vs UCO	19	6	1	2	1	3	1	1	1	1	2	2	1	0	1	0
307	2025-26	NBB	YURI	KTO MINAS	2026-03-17, MIN vs UCO	17	3	0	0	1	2	0	0	3	4	7	0	0	0	0	2
307	2025-26	NBB	CESAR	KTO MINAS	2026-03-17, MIN vs UCO	2	0	0	0	0	1	0	0	0	0	0	0	1	0	1	1
307	2025-26	NBB	RODRIGUEZ	KTO MINAS	2026-03-17, MIN vs UCO	25	0	0	3	0	3	0	0	2	0	2	7	0	0	0	2
307	2025-26	NBB	KUEHNE	KTO MINAS	2026-03-17, MIN vs UCO	1	0	0	0	0	0	0	0	0	0	0	0	0	0	0	0
307	2025-26	NBB	HOLLOWELL	CEISC/UNIAO CORINTHIANS	2026-03-17, MIN vs UCO	31	15	5	7	1	5	2	4	8	2	10	3	1	0	1	4
307	2025-26	NBB	BARNES	CEISC/UNIAO CORINTHIANS	2026-03-17, MIN vs UCO	27	12	5	9	0	4	2	2	0	0	0	3	0	0	3	3
307	2025-26	NBB	SCOTT	CEISC/UNIAO CORINTHIANS	2026-03-17, MIN vs UCO	21	11	5	7	0	0	1	2	1	0	1	2	0	0	2	2
307	2025-26	NBB	ISAAC	CEISC/UNIAO CORINTHIANS	2026-03-17, MIN vs UCO	26	9	0	2	3	5	0	0	1	3	4	0	1	0	0	2
307	2025-26	NBB	ROSSETTO	CEISC/UNIAO CORINTHIANS	2026-03-17, MIN vs UCO	15	9	0	1	2	2	3	5	1	0	1	3	0	0	1	3
307	2025-26	NBB	VERISSIMO	CEISC/UNIAO CORINTHIANS	2026-03-17, MIN vs UCO	17	8	3	4	0	2	2	5	3	0	3	2	0	0	1	0
307	2025-26	NBB	JONATAN	CEISC/UNIAO CORINTHIANS	2026-03-17, MIN vs UCO	15	7	3	5	0	2	1	2	0	1	1	2	3	0	3	3
307	2025-26	NBB	HETTSHEIMEIR	CEISC/UNIAO CORINTHIANS	2026-03-17, MIN vs UCO	19	6	0	1	2	5	0	0	3	1	4	1	0	0	1	1
307	2025-26	NBB	CARDENAS	CEISC/UNIAO CORINTHIANS	2026-03-17, MIN vs UCO	20	3	1	2	0	1	1	2	2	2	4	1	0	0	3	3
307	2025-26	NBB	RENAN	CEISC/UNIAO CORINTHIANS	2026-03-17, MIN vs UCO	4	2	1	3	0	0	0	0	1	1	2	0	0	0	0	0
307	2025-26	NBB	BRANDAO	CEISC/UNIAO CORINTHIANS	2026-03-17, MIN vs UCO	5	0	0	1	0	0	0	0	1	1	2	1	0	0	0	1
308	2025-26	NBB	GRIGOR	PATO BASQUETE	2026-03-18, PAT vs SJO	22	12	2	2	2	4	2	3	5	1	6	2	1	0	2	3
308	2025-26	NBB	D. PENTEADO	PATO BASQUETE	2026-03-18, PAT vs SJO	30	12	1	2	3	6	1	1	5	1	6	2	1	0	2	3
308	2025-26	NBB	FIDELIS	PATO BASQUETE	2026-03-18, PAT vs SJO	22	11	3	6	1	3	2	2	2	3	5	2	0	0	2	2
308	2025-26	NBB	MICHEL	PATO BASQUETE	2026-03-18, PAT vs SJO	30	8	1	2	2	4	0	0	0	1	1	2	4	0	0	2
308	2025-26	NBB	EULER	PATO BASQUETE	2026-03-18, PAT vs SJO	17	8	1	4	0	6	6	6	1	0	1	2	0	0	3	1
308	2025-26	NBB	EDU MARILIA	PATO BASQUETE	2026-03-18, PAT vs SJO	18	7	2	7	0	0	3	4	7	4	11	2	0	0	0	2
308	2025-26	NBB	N. GOMES	PATO BASQUETE	2026-03-18, PAT vs SJO	18	6	2	3	0	3	2	2	3	0	3	0	0	0	0	1
308	2025-26	NBB	MATEUS	PATO BASQUETE	2026-03-18, PAT vs SJO	20	6	0	0	2	4	0	0	0	0	0	0	1	0	2	2
308	2025-26	NBB	NAKA	PATO BASQUETE	2026-03-18, PAT vs SJO	23	2	1	7	0	3	0	0	3	1	4	4	2	0	5	1
308	2025-26	NBB	ADYEL	MR. MOO SAO JOSE BASKETBALL	2026-03-18, PAT vs SJO	36	31	3	7	7	17	4	6	5	2	7	5	4	1	4	2
308	2025-26	NBB	MILLER	MR. MOO SAO JOSE BASKETBALL	2026-03-18, PAT vs SJO	35	16	2	3	3	9	3	3	4	1	5	0	1	2	5	2
308	2025-26	NBB	DOS SANTOS	MR. MOO SAO JOSE BASKETBALL	2026-03-18, PAT vs SJO	26	13	4	5	1	2	2	3	9	0	9	3	0	2	3	4
308	2025-26	NBB	LESSA	MR. MOO SAO JOSE BASKETBALL	2026-03-18, PAT vs SJO	29	9	0	2	2	4	3	4	2	1	3	2	5	0	2	0
308	2025-26	NBB	ANDERSON	MR. MOO SAO JOSE BASKETBALL	2026-03-18, PAT vs SJO	25	8	3	6	0	0	2	2	3	2	5	0	1	0	3	3
308	2025-26	NBB	LEO CRAVERO	MR. MOO SAO JOSE BASKETBALL	2026-03-18, PAT vs SJO	20	4	1	2	0	2	2	2	5	0	5	1	0	0	0	2
308	2025-26	NBB	NICKEL	MR. MOO SAO JOSE BASKETBALL	2026-03-18, PAT vs SJO	10	0	0	0	0	1	0	0	0	0	0	1	0	0	0	0
308	2025-26	NBB	BADU	MR. MOO SAO JOSE BASKETBALL	2026-03-18, PAT vs SJO	4	0	0	0	0	0	0	0	0	0	0	1	0	0	0	1
308	2025-26	NBB	CAUE	MR. MOO SAO JOSE BASKETBALL	2026-03-18, PAT vs SJO	14	0	0	0	0	2	0	0	2	1	3	2	0	0	0	0
308	2025-26	NBB	PESSOA	MR. MOO SAO JOSE BASKETBALL	2026-03-18, PAT vs SJO	1	0	0	0	0	0	0	0	0	0	0	0	0	0	0	0
309	2025-26	NBB	JOHNSON SR.	FLAMENGO	2026-03-19, FLA vs PIN	32	23	2	5	3	8	10	11	3	1	4	7	1	0	1	3
309	2025-26	NBB	NEGRETE	FLAMENGO	2026-03-19, FLA vs PIN	18	22	2	6	3	6	9	10	5	0	5	1	0	0	5	3
309	2025-26	NBB	GUI	FLAMENGO	2026-03-19, FLA vs PIN	31	16	0	2	5	12	1	2	2	1	3	2	0	2	1	2
309	2025-26	NBB	MANEL	FLAMENGO	2026-03-19, FLA vs PIN	23	8	4	7	0	0	0	0	2	5	7	1	0	0	1	0
309	2025-26	NBB	WESLEY	FLAMENGO	2026-03-19, FLA vs PIN	7	6	2	3	0	0	2	2	2	2	4	0	0	1	2	3
309	2025-26	NBB	GUEIROS	FLAMENGO	2026-03-19, FLA vs PIN	8	2	1	2	0	0	0	0	0	0	0	2	1	0	0	1
309	2025-26	NBB	CUMMINGS	FLAMENGO	2026-03-19, FLA vs PIN	19	2	1	4	0	1	0	0	2	2	4	2	0	1	0	2
309	2025-26	NBB	JHONATAN	FLAMENGO	2026-03-19, FLA vs PIN	21	1	0	2	0	1	1	2	5	6	11	1	0	0	1	2
309	2025-26	NBB	KAYO	FLAMENGO	2026-03-19, FLA vs PIN	9	0	0	1	0	0	0	0	2	1	3	0	0	0	0	1
309	2025-26	NBB	BARALLE	FLAMENGO	2026-03-19, FLA vs PIN	24	0	0	3	0	2	0	0	1	0	1	2	1	0	1	3
309	2025-26	NBB	DORIA	FLAMENGO	2026-03-19, FLA vs PIN	8	0	0	1	0	0	0	0	0	0	0	0	0	0	0	1
309	2025-26	NBB	SLOAN	PINHEIROS	2026-03-19, FLA vs PIN	26	14	3	11	2	7	2	3	2	1	3	5	0	0	1	0
309	2025-26	NBB	DJALO	PINHEIROS	2026-03-19, FLA vs PIN	24	12	1	1	2	2	4	5	2	0	2	1	1	0	3	2
309	2025-26	NBB	PACHECO	PINHEIROS	2026-03-19, FLA vs PIN	20	11	2	6	1	5	4	5	3	0	3	0	0	0	1	2
309	2025-26	NBB	AGAPY	PINHEIROS	2026-03-19, FLA vs PIN	17	8	4	6	0	0	0	2	4	3	7	0	0	4	1	3
309	2025-26	NBB	PASTRE	PINHEIROS	2026-03-19, FLA vs PIN	31	7	2	4	1	3	0	0	3	4	7	3	0	1	0	3
309	2025-26	NBB	EDU SANTOS	PINHEIROS	2026-03-19, FLA vs PIN	14	7	1	1	1	1	2	3	1	0	1	0	1	0	1	4
309	2025-26	NBB	AFONSO	PINHEIROS	2026-03-19, FLA vs PIN	14	6	2	2	0	0	2	2	3	1	4	0	1	0	1	5
309	2025-26	NBB	GREGATE	PINHEIROS	2026-03-19, FLA vs PIN	27	4	2	6	0	3	0	0	3	2	5	6	3	1	1	2
309	2025-26	NBB	BETINHO	PINHEIROS	2026-03-19, FLA vs PIN	13	3	0	3	1	2	0	0	0	0	0	1	1	0	0	1
309	2025-26	NBB	BRAYAN	PINHEIROS	2026-03-19, FLA vs PIN	9	3	0	0	1	2	0	0	0	0	0	0	0	1	0	2
309	2025-26	NBB	FARABELLO	PINHEIROS	2026-03-19, FLA vs PIN	5	0	0	0	0	3	0	0	3	0	3	0	0	0	0	0
311	2025-26	NBB	LUCAS DIAS	SESI FRANCA	2026-03-19, FRA vs UFC	29	31	6	10	4	7	7	9	3	0	3	4	1	0	1	2
311	2025-26	NBB	GEORGINHO	SESI FRANCA	2026-03-19, FRA vs UFC	31	22	1	3	3	5	11	13	6	0	6	10	2	1	0	1
311	2025-26	NBB	RODRIGUEZ	SESI FRANCA	2026-03-19, FRA vs UFC	26	21	2	6	5	9	2	2	6	5	11	2	0	0	0	2
311	2025-26	NBB	DAVID JACKSON	SESI FRANCA	2026-03-19, FRA vs UFC	28	16	3	4	3	3	1	2	1	0	1	2	2	0	1	2
311	2025-26	NBB	ZU JR.	SESI FRANCA	2026-03-19, FRA vs UFC	23	13	3	5	2	3	1	1	1	1	2	2	0	0	0	0
311	2025-26	NBB	MINEIRO	SESI FRANCA	2026-03-19, FRA vs UFC	18	6	3	3	0	2	0	2	1	1	2	0	3	0	0	1
311	2025-26	NBB	LATERZA	SESI FRANCA	2026-03-19, FRA vs UFC	17	3	0	0	1	2	0	0	1	0	1	8	3	0	2	2
311	2025-26	NBB	KELWIN	SESI FRANCA	2026-03-19, FRA vs UFC	2	2	1	1	0	0	0	0	0	0	0	0	0	0	0	0
311	2025-26	NBB	BENNETT	SESI FRANCA	2026-03-19, FRA vs UFC	21	0	0	0	0	4	0	2	2	0	2	3	0	0	0	1
311	2025-26	NBB	VINI	SESI FRANCA	2026-03-19, FRA vs UFC	2	0	0	0	0	0	0	0	0	0	0	0	0	0	1	0
311	2025-26	NBB	PIA	SESI FRANCA	2026-03-19, FRA vs UFC	1	0	0	0	0	0	0	0	0	0	0	0	0	0	0	0
311	2025-26	NBB	NICOLINI	SESI FRANCA	2026-03-19, FRA vs UFC	1	0	0	0	0	0	0	0	0	0	0	1	0	0	0	0
311	2025-26	NBB	MELVIN	UNIFACISA	2026-03-19, FRA vs UFC	24	22	4	8	2	8	8	8	0	1	1	2	0	0	0	1
311	2025-26	NBB	ANTHONY	UNIFACISA	2026-03-19, FRA vs UFC	28	16	4	7	2	5	2	3	0	0	0	4	0	0	1	2
311	2025-26	NBB	SIFONTES	UNIFACISA	2026-03-19, FRA vs UFC	33	16	8	11	0	3	0	0	4	2	6	2	1	0	2	3
311	2025-26	NBB	CARR	UNIFACISA	2026-03-19, FRA vs UFC	24	10	2	5	2	3	0	0	1	1	2	0	1	0	3	1
311	2025-26	NBB	LEAL	UNIFACISA	2026-03-19, FRA vs UFC	16	8	3	4	0	0	2	4	6	3	9	1	0	1	1	5
311	2025-26	NBB	JIMMY	UNIFACISA	2026-03-19, FRA vs UFC	28	7	2	3	1	2	0	0	4	1	5	3	0	0	0	3
311	2025-26	NBB	COELHO	UNIFACISA	2026-03-19, FRA vs UFC	14	6	3	5	0	1	0	0	1	1	2	2	0	0	4	4
311	2025-26	NBB	JOAO PAULO	UNIFACISA	2026-03-19, FRA vs UFC	16	5	1	1	1	1	0	0	2	1	3	1	0	2	1	2
311	2025-26	NBB	FLORES	UNIFACISA	2026-03-19, FRA vs UFC	7	3	0	0	1	1	0	0	1	0	1	0	0	0	1	1
311	2025-26	NBB	GERSON	UNIFACISA	2026-03-19, FRA vs UFC	8	2	1	3	0	0	0	0	3	0	3	0	0	0	0	1
311	2025-26	NBB	ANTONIO	UNIFACISA	2026-03-19, FRA vs UFC	4	0	0	0	0	1	0	0	0	0	0	0	1	0	0	0
312	2025-26	NBB	GUI ABREU	PAULISTANO	2026-03-19, CAP vs FOR	30	25	6	8	3	5	4	4	8	2	10	2	3	0	0	2
312	2025-26	NBB	VITINHO	PAULISTANO	2026-03-19, CAP vs FOR	29	19	6	7	1	2	4	5	2	0	2	3	2	0	2	0
312	2025-26	NBB	HUNTER	PAULISTANO	2026-03-19, CAP vs FOR	23	16	6	11	1	3	1	1	1	0	1	3	1	1	0	2
312	2025-26	NBB	SIEWERT	PAULISTANO	2026-03-19, CAP vs FOR	34	11	1	2	2	7	3	3	9	1	10	0	0	1	1	1
312	2025-26	NBB	SEIXAS	PAULISTANO	2026-03-19, CAP vs FOR	14	5	2	3	0	3	1	1	1	0	1	1	1	0	1	1
312	2025-26	NBB	LEANDRO	PAULISTANO	2026-03-19, CAP vs FOR	23	4	1	1	0	1	2	2	2	2	4	1	1	1	2	3
312	2025-26	NBB	GABRIEL	PAULISTANO	2026-03-19, CAP vs FOR	15	4	2	2	0	3	0	0	0	0	0	0	0	0	1	2
312	2025-26	NBB	PIETRO	PAULISTANO	2026-03-19, CAP vs FOR	8	4	2	2	0	0	0	0	0	0	0	0	1	0	2	2
312	2025-26	NBB	TOVAR	PAULISTANO	2026-03-19, CAP vs FOR	5	3	1	1	0	0	1	2	0	0	0	1	0	0	1	1
312	2025-26	NBB	DEMETRIO	PAULISTANO	2026-03-19, CAP vs FOR	6	0	0	3	0	2	0	0	2	0	2	0	0	0	0	2
312	2025-26	NBB	NETO	PAULISTANO	2026-03-19, CAP vs FOR	2	0	0	0	0	0	0	0	0	0	0	0	0	0	0	1
312	2025-26	NBB	GABRIEL	PAULISTANO	2026-03-19, CAP vs FOR	11	0	0	1	0	0	0	0	2	0	2	2	0	1	0	2
312	2025-26	NBB	DUPREE	FORTALEZA BASQUETE CEARENSE	2026-03-19, CAP vs FOR	36	22	6	8	2	5	4	4	3	0	3	5	1	0	4	1
312	2025-26	NBB	DA SILVA	FORTALEZA BASQUETE CEARENSE	2026-03-19, CAP vs FOR	32	11	4	8	0	1	3	5	6	2	8	1	0	0	0	1
312	2025-26	NBB	ALBERTON	FORTALEZA BASQUETE CEARENSE	2026-03-19, CAP vs FOR	20	10	4	8	0	0	2	4	6	3	9	0	0	2	3	4
312	2025-26	NBB	POPOVIC	FORTALEZA BASQUETE CEARENSE	2026-03-19, CAP vs FOR	26	10	2	5	2	4	0	0	4	0	4	2	1	0	2	1
312	2025-26	NBB	SALSAMENDI	FORTALEZA BASQUETE CEARENSE	2026-03-19, CAP vs FOR	29	8	3	6	0	3	2	2	3	0	3	3	2	0	3	3
312	2025-26	NBB	GABRIEL	FORTALEZA BASQUETE CEARENSE	2026-03-19, CAP vs FOR	25	8	1	2	2	8	0	0	2	0	2	2	1	0	1	3
312	2025-26	NBB	AUGUSTO VIEIRA	FORTALEZA BASQUETE CEARENSE	2026-03-19, CAP vs FOR	21	6	3	4	0	1	0	4	2	0	2	2	0	0	2	2
312	2025-26	NBB	SAMUEL	FORTALEZA BASQUETE CEARENSE	2026-03-19, CAP vs FOR	6	2	1	2	0	0	0	0	0	1	1	0	0	0	0	1
312	2025-26	NBB	JEANZINHO	FORTALEZA BASQUETE CEARENSE	2026-03-19, CAP vs FOR	5	0	0	0	0	0	0	0	1	0	1	2	0	0	0	1
312	2025-26	NBB	CAUA	FORTALEZA BASQUETE CEARENSE	2026-03-19, CAP vs FOR	1	0	0	1	0	0	0	0	0	0	0	0	0	0	0	0
313	2025-26	NBB	ANSALONI	CRUZEIRO BASQUETE	2026-03-19, CRU vs UCO	24	17	4	7	1	2	6	7	4	5	9	0	1	0	1	3
313	2025-26	NBB	SENA	CRUZEIRO BASQUETE	2026-03-19, CRU vs UCO	17	13	5	8	1	2	0	0	0	2	2	0	0	0	1	1
313	2025-26	NBB	GITTENS	CRUZEIRO BASQUETE	2026-03-19, CRU vs UCO	28	10	3	8	0	4	4	4	3	1	4	5	1	0	2	2
313	2025-26	NBB	NIQUE COLEMAN	CRUZEIRO BASQUETE	2026-03-19, CRU vs UCO	24	9	1	6	2	6	1	2	2	1	3	0	0	0	3	2
313	2025-26	NBB	CLAY	CRUZEIRO BASQUETE	2026-03-19, CRU vs UCO	19	8	4	5	0	3	0	0	2	0	2	2	0	0	1	1
313	2025-26	NBB	I. THORNTON	CRUZEIRO BASQUETE	2026-03-19, CRU vs UCO	31	7	0	2	2	5	1	1	2	0	2	1	0	1	1	3
313	2025-26	NBB	LEO ABREU	CRUZEIRO BASQUETE	2026-03-19, CRU vs UCO	8	2	1	1	0	1	0	0	5	0	5	2	0	0	1	1
313	2025-26	NBB	CASSIANO	CRUZEIRO BASQUETE	2026-03-19, CRU vs UCO	10	0	0	2	0	0	0	0	3	0	3	1	0	0	1	0
313	2025-26	NBB	JJ	CRUZEIRO BASQUETE	2026-03-19, CRU vs UCO	26	0	0	3	0	2	0	0	4	0	4	2	1	0	1	1
313	2025-26	NBB	DU SOMMER	CRUZEIRO BASQUETE	2026-03-19, CRU vs UCO	13	0	0	1	0	2	0	0	5	2	7	0	0	0	0	3
313	2025-26	NBB	SCOTT	CEISC/UNIAO CORINTHIANS	2026-03-19, CRU vs UCO	33	18	5	12	1	2	5	7	8	5	13	2	1	0	3	3
313	2025-26	NBB	BARNES	CEISC/UNIAO CORINTHIANS	2026-03-19, CRU vs UCO	34	16	8	13	0	2	0	0	2	0	2	6	1	0	3	3
313	2025-26	NBB	VERISSIMO	CEISC/UNIAO CORINTHIANS	2026-03-19, CRU vs UCO	29	13	6	7	0	2	1	3	4	1	5	0	0	0	1	3
313	2025-26	NBB	HOLLOWELL	CEISC/UNIAO CORINTHIANS	2026-03-19, CRU vs UCO	35	13	5	10	0	7	3	4	10	2	12	3	0	0	1	4
313	2025-26	NBB	CARDENAS	CEISC/UNIAO CORINTHIANS	2026-03-19, CRU vs UCO	17	4	0	3	1	1	1	2	4	3	7	0	0	0	0	0
313	2025-26	NBB	HETTSHEIMEIR	CEISC/UNIAO CORINTHIANS	2026-03-19, CRU vs UCO	14	3	0	3	1	4	0	0	1	0	1	0	0	0	0	0
313	2025-26	NBB	ISAAC	CEISC/UNIAO CORINTHIANS	2026-03-19, CRU vs UCO	20	0	0	1	0	1	0	0	1	0	1	2	0	0	0	2
313	2025-26	NBB	JONATAN	CEISC/UNIAO CORINTHIANS	2026-03-19, CRU vs UCO	12	0	0	1	0	2	0	0	1	0	1	0	1	0	1	0
313	2025-26	NBB	ROSSETTO	CEISC/UNIAO CORINTHIANS	2026-03-19, CRU vs UCO	6	0	0	1	0	1	0	0	1	0	1	0	0	0	0	0
314	2025-26	NBB	SCOTT	CONTA SIMPLES RIO CLARO	2026-03-20, RCB vs MOG	29	24	4	7	4	9	4	7	5	1	6	4	4	0	3	1
314	2025-26	NBB	OWENS	CONTA SIMPLES RIO CLARO	2026-03-20, RCB vs MOG	20	12	3	5	1	1	3	5	3	1	4	0	0	0	2	3
314	2025-26	NBB	THYGESEN	CONTA SIMPLES RIO CLARO	2026-03-20, RCB vs MOG	34	10	3	8	1	4	1	1	3	1	4	4	1	0	2	2
314	2025-26	NBB	VITOR	CONTA SIMPLES RIO CLARO	2026-03-20, RCB vs MOG	25	9	0	2	3	4	0	0	4	3	7	1	0	0	3	3
314	2025-26	NBB	BONFIM	CONTA SIMPLES RIO CLARO	2026-03-20, RCB vs MOG	18	9	4	6	0	1	1	2	5	5	10	0	0	0	0	4
314	2025-26	NBB	GUI	CONTA SIMPLES RIO CLARO	2026-03-20, RCB vs MOG	20	8	1	3	1	2	3	6	1	3	4	0	0	0	0	3
314	2025-26	NBB	GEMADINHA	CONTA SIMPLES RIO CLARO	2026-03-20, RCB vs MOG	36	5	1	6	1	10	0	1	3	0	3	3	0	0	1	3
314	2025-26	NBB	COSTA	CONTA SIMPLES RIO CLARO	2026-03-20, RCB vs MOG	11	0	0	0	0	3	0	0	0	0	0	0	0	0	0	0
314	2025-26	NBB	DOS ANJOS	CONTA SIMPLES RIO CLARO	2026-03-20, RCB vs MOG	9	0	0	0	0	1	0	0	0	0	0	0	0	0	0	1
314	2025-26	NBB	HINKLE	MOGI BASQUETE	2026-03-20, RCB vs MOG	33	21	2	7	3	8	8	8	4	0	4	2	1	1	3	4
314	2025-26	NBB	RUIVO	MOGI BASQUETE	2026-03-20, RCB vs MOG	35	21	2	3	5	10	2	2	2	0	2	8	1	0	2	0
314	2025-26	NBB	PAULO	MOGI BASQUETE	2026-03-20, RCB vs MOG	30	16	3	3	2	6	4	5	3	2	5	0	0	0	4	2
314	2025-26	NBB	GABRIEL CAMPOS	MOGI BASQUETE	2026-03-20, RCB vs MOG	23	10	1	3	2	5	2	4	1	2	3	4	0	1	2	2
314	2025-26	NBB	DIKEMBE	MOGI BASQUETE	2026-03-20, RCB vs MOG	23	8	3	8	0	0	2	3	8	2	10	0	0	1	0	2
314	2025-26	NBB	VINI CHAGAS	MOGI BASQUETE	2026-03-20, RCB vs MOG	19	5	1	4	1	2	0	0	3	3	6	0	0	0	0	4
314	2025-26	NBB	ANDERSON	MOGI BASQUETE	2026-03-20, RCB vs MOG	24	2	1	2	0	1	0	0	7	1	8	0	1	0	0	2
314	2025-26	NBB	VITORIANO	MOGI BASQUETE	2026-03-20, RCB vs MOG	1	0	0	0	0	0	0	0	0	0	0	0	0	0	0	1
314	2025-26	NBB	MAICON DOUGLAS	MOGI BASQUETE	2026-03-20, RCB vs MOG	6	0	0	1	0	0	0	0	1	0	1	0	0	1	1	1
314	2025-26	NBB	CALDEIRA	MOGI BASQUETE	2026-03-20, RCB vs MOG	6	0	0	0	0	1	0	0	0	0	0	0	0	0	0	2
316	2025-26	NBB	BUIU	CAIXA/BRASILIA	2026-03-20, BRA vs COR	29	20	5	8	2	9	4	4	3	2	5	2	1	0	0	3
316	2025-26	NBB	PAULICHI	CAIXA/BRASILIA	2026-03-20, BRA vs COR	31	19	6	9	2	6	1	1	3	3	6	4	4	0	3	3
316	2025-26	NBB	VON HAYDIN	CAIXA/BRASILIA	2026-03-20, BRA vs COR	34	18	1	4	5	7	1	1	5	1	6	3	1	0	0	2
316	2025-26	NBB	CORVALAN	CAIXA/BRASILIA	2026-03-20, BRA vs COR	35	18	5	8	1	6	5	6	5	0	5	7	0	0	1	3
316	2025-26	NBB	BRUNAO	CAIXA/BRASILIA	2026-03-20, BRA vs COR	34	14	5	11	0	0	4	7	3	8	11	5	2	0	1	2
316	2025-26	NBB	CRESCENZI	CAIXA/BRASILIA	2026-03-20, BRA vs COR	17	0	0	2	0	3	0	0	1	3	4	2	1	0	3	1
316	2025-26	NBB	BELLER	CAIXA/BRASILIA	2026-03-20, BRA vs COR	5	0	0	0	0	1	0	0	0	0	0	0	0	0	0	1
316	2025-26	NBB	PEDRO	CAIXA/BRASILIA	2026-03-20, BRA vs COR	6	0	0	1	0	1	0	0	0	0	0	0	0	0	0	1
316	2025-26	NBB	CARBONARI	CAIXA/BRASILIA	2026-03-20, BRA vs COR	9	0	0	2	0	0	0	0	1	0	1	0	0	0	1	4
316	2025-26	NBB	LUCAS CAUE	CORINTHIANS	2026-03-20, BRA vs COR	24	16	6	7	1	1	1	3	4	4	8	1	0	1	0	2
316	2025-26	NBB	THOMAS	CORINTHIANS	2026-03-20, BRA vs COR	36	15	2	5	1	4	8	9	1	1	2	3	0	0	6	4
316	2025-26	NBB	NOVAES	CORINTHIANS	2026-03-20, BRA vs COR	16	12	3	4	1	1	3	3	1	0	1	1	0	0	0	2
316	2025-26	NBB	VICTAO	CORINTHIANS	2026-03-20, BRA vs COR	32	11	1	3	3	9	0	0	1	1	2	2	1	0	7	2
316	2025-26	NBB	CLARK	CORINTHIANS	2026-03-20, BRA vs COR	36	10	1	3	2	8	2	2	5	1	6	3	2	0	2	2
316	2025-26	NBB	ELINHO	CORINTHIANS	2026-03-20, BRA vs COR	36	6	0	1	2	5	0	0	7	0	7	6	1	0	5	3
316	2025-26	NBB	RAYMUNDO	CORINTHIANS	2026-03-20, BRA vs COR	3	4	1	1	0	0	2	2	1	0	1	0	0	1	1	0
316	2025-26	NBB	MUNFORD	CORINTHIANS	2026-03-20, BRA vs COR	15	0	0	2	0	2	0	0	2	1	3	0	0	0	0	2
316	2025-26	NBB	T. FARIA	CORINTHIANS	2026-03-20, BRA vs COR	2	0	0	0	0	1	0	0	2	0	2	0	0	0	0	1
317	2025-26	NBB	MAGNA	VASCO DA GAMA	2026-03-21, VAS vs PIN	25	14	3	8	2	5	2	2	2	2	4	2	0	0	0	2
317	2025-26	NBB	SERJAO	VASCO DA GAMA	2026-03-21, VAS vs PIN	29	14	4	4	1	2	3	4	5	3	8	0	0	2	1	1
317	2025-26	NBB	BEARDEN	VASCO DA GAMA	2026-03-21, VAS vs PIN	26	11	3	10	1	3	2	2	4	1	5	5	2	0	3	4
317	2025-26	NBB	JUAN	VASCO DA GAMA	2026-03-21, VAS vs PIN	11	9	0	0	3	6	0	0	0	0	0	0	0	0	0	2
317	2025-26	NBB	MATHIAS	VASCO DA GAMA	2026-03-21, VAS vs PIN	24	7	3	6	0	1	1	2	4	1	5	2	0	1	1	2
317	2025-26	NBB	PEDRO NUNES	VASCO DA GAMA	2026-03-21, VAS vs PIN	36	4	2	5	0	3	0	0	3	1	4	4	1	0	1	1
317	2025-26	NBB	MORGAN	VASCO DA GAMA	2026-03-21, VAS vs PIN	19	2	1	2	0	5	0	0	3	0	3	2	1	0	1	2
317	2025-26	NBB	ELIAS	VASCO DA GAMA	2026-03-21, VAS vs PIN	16	2	1	2	0	3	0	0	0	0	0	0	0	0	3	3
317	2025-26	NBB	ALE	VASCO DA GAMA	2026-03-21, VAS vs PIN	14	0	0	2	0	1	0	2	2	0	2	1	1	0	1	2
317	2025-26	NBB	SLOAN	PINHEIROS	2026-03-21, VAS vs PIN	14	13	2	2	3	5	0	0	2	0	2	2	1	0	2	0
317	2025-26	NBB	MACIEL	PINHEIROS	2026-03-21, VAS vs PIN	14	10	5	7	0	1	0	0	4	2	6	0	0	1	2	1
317	2025-26	NBB	EDU SANTOS	PINHEIROS	2026-03-21, VAS vs PIN	15	8	1	3	2	3	0	0	3	0	3	0	0	0	0	0
317	2025-26	NBB	PACHECO	PINHEIROS	2026-03-21, VAS vs PIN	21	8	1	1	1	4	3	4	1	2	3	5	0	0	1	2
317	2025-26	NBB	AFONSO	PINHEIROS	2026-03-21, VAS vs PIN	15	8	4	5	0	0	0	0	0	3	3	1	0	0	3	3
317	2025-26	NBB	PASTRE	PINHEIROS	2026-03-21, VAS vs PIN	24	6	3	5	0	4	0	0	4	2	6	1	3	1	2	1
317	2025-26	NBB	FARABELLO	PINHEIROS	2026-03-21, VAS vs PIN	15	6	0	2	2	4	0	0	2	0	2	5	0	0	1	1
317	2025-26	NBB	AGAPY	PINHEIROS	2026-03-21, VAS vs PIN	14	5	1	3	0	0	3	6	3	1	4	0	0	1	0	2
317	2025-26	NBB	BETINHO	PINHEIROS	2026-03-21, VAS vs PIN	15	5	1	1	1	2	0	0	0	0	0	0	0	0	1	1
317	2025-26	NBB	DJALO	PINHEIROS	2026-03-21, VAS vs PIN	17	4	0	1	1	5	1	2	5	0	5	1	0	0	0	2
317	2025-26	NBB	GREGATE	PINHEIROS	2026-03-21, VAS vs PIN	23	4	2	5	0	0	0	0	3	0	3	5	3	0	2	2
317	2025-26	NBB	BRAYAN	PINHEIROS	2026-03-21, VAS vs PIN	14	4	2	3	0	0	0	0	5	1	6	0	0	0	0	0
318	2025-26	NBB	ANDREZAO	BAURU BASKET	2026-03-21, BAU vs UFC	25	25	9	13	0	0	7	9	4	2	6	3	2	0	4	5
318	2025-26	NBB	MATERAN	BAURU BASKET	2026-03-21, BAU vs UFC	28	23	1	2	6	7	3	3	4	0	4	2	2	0	0	0
318	2025-26	NBB	BRITE	BAURU BASKET	2026-03-21, BAU vs UFC	37	20	6	10	2	5	2	2	4	0	4	5	2	0	1	1
318	2025-26	NBB	ALEX	BAURU BASKET	2026-03-21, BAU vs UFC	35	17	5	8	1	5	4	4	4	1	5	7	3	0	5	3
318	2025-26	NBB	EUGENIUSZ	BAURU BASKET	2026-03-21, BAU vs UFC	22	5	2	5	0	1	1	2	5	0	5	3	2	0	1	4
318	2025-26	NBB	VITHINHO	BAURU BASKET	2026-03-21, BAU vs UFC	14	4	1	1	0	2	2	2	0	0	0	2	0	0	0	2
318	2025-26	NBB	GEMERSON	BAURU BASKET	2026-03-21, BAU vs UFC	19	2	1	2	0	2	0	0	3	0	3	1	0	0	2	4
318	2025-26	NBB	PEDRO	BAURU BASKET	2026-03-21, BAU vs UFC	8	0	0	1	0	0	0	2	0	0	0	0	0	0	0	1
318	2025-26	NBB	GUSTAVO	BAURU BASKET	2026-03-21, BAU vs UFC	11	0	0	0	0	0	0	0	1	0	1	0	0	0	1	1
318	2025-26	NBB	COELHO	UNIFACISA	2026-03-21, BAU vs UFC	25	20	5	7	2	5	4	5	1	1	2	6	0	0	2	1
318	2025-26	NBB	SIFONTES	UNIFACISA	2026-03-21, BAU vs UFC	30	16	4	7	2	4	2	2	2	1	3	2	3	1	3	1
318	2025-26	NBB	JOAO PAULO	UNIFACISA	2026-03-21, BAU vs UFC	22	14	7	8	0	2	0	0	4	5	9	1	2	1	3	1
318	2025-26	NBB	ANTHONY	UNIFACISA	2026-03-21, BAU vs UFC	25	10	2	6	1	3	3	3	0	0	0	4	0	0	3	3
318	2025-26	NBB	JIMMY	UNIFACISA	2026-03-21, BAU vs UFC	31	10	2	3	2	6	0	0	4	0	4	2	1	0	3	4
318	2025-26	NBB	CARR	UNIFACISA	2026-03-21, BAU vs UFC	24	8	4	4	0	4	0	0	4	1	5	0	0	0	0	3
318	2025-26	NBB	ANTONIO	UNIFACISA	2026-03-21, BAU vs UFC	8	3	1	1	0	1	1	1	0	1	1	0	0	0	0	1
318	2025-26	NBB	LEAL	UNIFACISA	2026-03-21, BAU vs UFC	12	2	0	4	0	0	2	4	3	1	4	0	1	1	1	2
318	2025-26	NBB	MELVIN	UNIFACISA	2026-03-21, BAU vs UFC	19	1	0	4	0	1	1	2	5	0	5	3	1	0	0	0
318	2025-26	NBB	GERSON	UNIFACISA	2026-03-21, BAU vs UFC	4	0	0	0	0	0	0	0	0	0	0	0	0	0	1	0
319	2025-26	NBB	RAFA	CAXIAS DO SUL BASQUETE	2026-03-22, CAX vs BOT	36	21	4	5	3	6	4	4	3	0	3	2	0	0	1	2
319	2025-26	NBB	SHAMELL	CAXIAS DO SUL BASQUETE	2026-03-22, CAX vs BOT	34	14	1	4	4	8	0	0	2	0	2	9	1	0	3	1
319	2025-26	NBB	OMENA	CAXIAS DO SUL BASQUETE	2026-03-22, CAX vs BOT	29	10	0	4	2	7	4	4	4	0	4	3	1	0	0	3
319	2025-26	NBB	HUMBERTO	CAXIAS DO SUL BASQUETE	2026-03-22, CAX vs BOT	30	5	1	3	0	0	3	4	7	0	7	5	0	1	2	1
319	2025-26	NBB	MIGUEL	CAXIAS DO SUL BASQUETE	2026-03-22, CAX vs BOT	17	4	1	1	0	1	2	2	3	1	4	0	0	0	1	1
319	2025-26	NBB	LUAN	CAXIAS DO SUL BASQUETE	2026-03-22, CAX vs BOT	10	4	2	2	0	0	0	0	4	0	4	0	0	0	0	2
319	2025-26	NBB	VEZARO	CAXIAS DO SUL BASQUETE	2026-03-22, CAX vs BOT	17	4	2	4	0	3	0	0	2	0	2	1	0	0	0	1
319	2025-26	NBB	TIAGO M.	CAXIAS DO SUL BASQUETE	2026-03-22, CAX vs BOT	7	3	0	1	1	2	0	0	0	0	0	3	0	0	0	1
319	2025-26	NBB	FABRIZZIO	CAXIAS DO SUL BASQUETE	2026-03-22, CAX vs BOT	17	2	0	2	0	1	2	2	1	0	1	2	1	0	2	0
319	2025-26	NBB	TOM	CAXIAS DO SUL BASQUETE	2026-03-22, CAX vs BOT	4	0	0	0	0	0	0	0	0	0	0	0	0	0	1	2
319	2025-26	NBB	MATHEUSINHO	BOTAFOGO	2026-03-22, CAX vs BOT	38	20	5	8	2	8	4	4	5	0	5	6	2	0	0	4
319	2025-26	NBB	NK	BOTAFOGO	2026-03-22, CAX vs BOT	29	16	6	10	0	0	4	5	3	3	6	1	0	0	2	2
319	2025-26	NBB	MACHADO	BOTAFOGO	2026-03-22, CAX vs BOT	34	13	4	7	1	4	2	2	3	0	3	4	1	0	3	0
319	2025-26	NBB	EMANUEL	BOTAFOGO	2026-03-22, CAX vs BOT	39	7	2	3	1	5	0	0	7	1	8	2	3	1	1	3
319	2025-26	NBB	DERICK	BOTAFOGO	2026-03-22, CAX vs BOT	33	6	3	10	0	3	0	0	6	5	11	3	1	1	1	3
319	2025-26	NBB	MACHADO JR.	BOTAFOGO	2026-03-22, CAX vs BOT	7	4	0	0	1	2	1	2	1	0	1	0	0	0	0	2
319	2025-26	NBB	ABNER	BOTAFOGO	2026-03-22, CAX vs BOT	12	2	1	2	0	0	0	0	1	0	1	0	0	0	0	0
319	2025-26	NBB	LUCAS	BOTAFOGO	2026-03-22, CAX vs BOT	7	0	0	1	0	1	0	0	0	0	0	1	0	0	0	0
320	2025-26	NBB	LUCAS DIAS	SESI FRANCA	2026-03-22, FRA vs FOR	26	25	4	4	5	8	2	2	9	0	9	2	2	0	2	2
320	2025-26	NBB	DAVID JACKSON	SESI FRANCA	2026-03-22, FRA vs FOR	21	22	2	2	5	7	3	3	1	1	2	4	0	0	0	2
320	2025-26	NBB	GEORGINHO	SESI FRANCA	2026-03-22, FRA vs FOR	27	16	2	3	2	4	6	6	6	0	6	5	1	1	1	1
320	2025-26	NBB	BENNETT	SESI FRANCA	2026-03-22, FRA vs FOR	22	11	4	7	0	1	3	4	1	0	1	1	0	0	1	3
320	2025-26	NBB	VINI	SESI FRANCA	2026-03-22, FRA vs FOR	19	10	1	2	2	3	2	4	2	0	2	2	2	1	0	3
320	2025-26	NBB	LATERZA	SESI FRANCA	2026-03-22, FRA vs FOR	19	8	0	1	2	5	2	2	1	1	2	3	4	0	3	4
320	2025-26	NBB	ZU JR.	SESI FRANCA	2026-03-22, FRA vs FOR	17	8	2	3	1	4	1	1	3	0	3	1	1	0	2	2
320	2025-26	NBB	KELWIN	SESI FRANCA	2026-03-22, FRA vs FOR	6	6	3	4	0	0	0	0	1	0	1	0	0	0	1	2
320	2025-26	NBB	RODRIGUEZ	SESI FRANCA	2026-03-22, FRA vs FOR	20	5	1	4	1	2	0	0	2	1	3	3	0	1	0	1
320	2025-26	NBB	MINEIRO	SESI FRANCA	2026-03-22, FRA vs FOR	15	3	1	1	0	0	1	2	3	0	3	1	0	0	2	1
320	2025-26	NBB	NICOLINI	SESI FRANCA	2026-03-22, FRA vs FOR	3	2	1	1	0	0	0	0	0	0	0	1	0	0	0	0
320	2025-26	NBB	PIA	SESI FRANCA	2026-03-22, FRA vs FOR	5	0	0	0	0	0	0	0	0	0	0	0	0	0	0	2
320	2025-26	NBB	SALSAMENDI	FORTALEZA BASQUETE CEARENSE	2026-03-22, FRA vs FOR	30	20	4	8	2	6	6	8	4	2	6	3	1	0	3	4
320	2025-26	NBB	DA SILVA	FORTALEZA BASQUETE CEARENSE	2026-03-22, FRA vs FOR	29	12	3	10	0	0	6	8	1	4	5	1	0	0	0	3
320	2025-26	NBB	GABRIEL	FORTALEZA BASQUETE CEARENSE	2026-03-22, FRA vs FOR	26	9	1	2	1	3	4	6	2	0	2	0	1	0	4	1
320	2025-26	NBB	ALBERTON	FORTALEZA BASQUETE CEARENSE	2026-03-22, FRA vs FOR	18	9	3	5	0	0	3	5	3	2	5	2	1	0	2	4
320	2025-26	NBB	AUGUSTO VIEIRA	FORTALEZA BASQUETE CEARENSE	2026-03-22, FRA vs FOR	18	6	1	3	1	1	1	2	1	0	1	1	3	0	2	1
320	2025-26	NBB	DUPREE	FORTALEZA BASQUETE CEARENSE	2026-03-22, FRA vs FOR	29	5	2	11	0	5	1	2	3	0	3	2	2	0	2	2
320	2025-26	NBB	CAUA	FORTALEZA BASQUETE CEARENSE	2026-03-22, FRA vs FOR	12	4	2	3	0	0	0	0	1	4	5	1	0	0	1	3
320	2025-26	NBB	POPOVIC	FORTALEZA BASQUETE CEARENSE	2026-03-22, FRA vs FOR	20	4	2	5	0	1	0	0	2	0	2	2	1	0	1	1
320	2025-26	NBB	SAMUEL	FORTALEZA BASQUETE CEARENSE	2026-03-22, FRA vs FOR	19	2	1	6	0	0	0	0	3	4	7	1	0	1	1	4
321	2025-26	NBB	EDDY	BASKET OSASCO	2026-03-22, OSA vs MIN	37	22	1	2	6	15	2	2	5	1	6	3	2	0	1	1
321	2025-26	NBB	GRANT	BASKET OSASCO	2026-03-22, OSA vs MIN	25	11	2	5	2	6	1	2	2	1	3	0	0	0	4	4
321	2025-26	NBB	MALACHIAS	BASKET OSASCO	2026-03-22, OSA vs MIN	29	10	3	7	0	4	4	4	1	2	3	3	1	1	2	1
321	2025-26	NBB	LEONI	BASKET OSASCO	2026-03-22, OSA vs MIN	27	9	3	5	1	2	0	0	2	1	3	5	2	0	1	3
321	2025-26	NBB	BRENO	BASKET OSASCO	2026-03-22, OSA vs MIN	17	7	2	5	1	3	0	0	2	2	4	0	2	0	1	4
321	2025-26	NBB	CARIBAUX	BASKET OSASCO	2026-03-22, OSA vs MIN	33	5	1	3	1	8	0	2	8	1	9	6	2	0	1	2
321	2025-26	NBB	PASSOS	BASKET OSASCO	2026-03-22, OSA vs MIN	26	2	1	5	0	0	0	0	6	2	8	0	1	1	0	0
321	2025-26	NBB	DALAQUA	BASKET OSASCO	2026-03-22, OSA vs MIN	5	0	0	0	0	2	0	0	0	0	0	1	0	0	3	1
321	2025-26	NBB	FRAZIER	KTO MINAS	2026-03-22, OSA vs MIN	17	14	1	2	4	6	0	0	1	1	2	1	1	0	4	2
321	2025-26	NBB	ARENGO	KTO MINAS	2026-03-22, OSA vs MIN	21	13	2	3	3	6	0	0	2	1	3	1	1	0	1	1
321	2025-26	NBB	PARANHOS	KTO MINAS	2026-03-22, OSA vs MIN	21	12	5	8	0	0	2	3	10	0	10	1	1	0	2	0
321	2025-26	NBB	FUZARO	KTO MINAS	2026-03-22, OSA vs MIN	21	10	1	5	2	5	2	2	1	1	2	1	0	0	2	2
321	2025-26	NBB	WILLIAMS	KTO MINAS	2026-03-22, OSA vs MIN	22	9	2	4	1	3	2	2	1	0	1	3	0	0	1	2
321	2025-26	NBB	R. RACHEL	KTO MINAS	2026-03-22, OSA vs MIN	23	6	0	2	2	4	0	0	4	3	7	1	2	0	2	3
321	2025-26	NBB	YURI	KTO MINAS	2026-03-22, OSA vs MIN	17	6	3	4	0	3	0	0	1	1	2	0	2	0	0	3
321	2025-26	NBB	FISCHER	KTO MINAS	2026-03-22, OSA vs MIN	21	5	1	3	1	2	0	0	3	0	3	6	2	0	1	2
321	2025-26	NBB	RODRIGUEZ	KTO MINAS	2026-03-22, OSA vs MIN	18	2	1	2	0	0	0	0	2	1	3	2	0	0	1	0
321	2025-26	NBB	WINI SILVA	KTO MINAS	2026-03-22, OSA vs MIN	19	1	0	4	0	1	1	2	6	1	7	1	0	1	0	1
322	2025-26	NBB	OWENS	CONTA SIMPLES RIO CLARO	2026-03-23, RCB vs SJO	20	21	10	13	0	1	1	2	2	2	4	1	0	0	1	1
322	2025-26	NBB	GEMADINHA	CONTA SIMPLES RIO CLARO	2026-03-23, RCB vs SJO	31	14	4	10	1	6	3	5	0	1	1	4	3	0	1	3
322	2025-26	NBB	VITOR	CONTA SIMPLES RIO CLARO	2026-03-23, RCB vs SJO	33	10	0	2	3	7	1	2	2	2	4	2	2	0	0	2
322	2025-26	NBB	DOS ANJOS	CONTA SIMPLES RIO CLARO	2026-03-23, RCB vs SJO	22	8	2	3	0	5	4	4	4	1	5	0	1	1	2	4
322	2025-26	NBB	THYGESEN	CONTA SIMPLES RIO CLARO	2026-03-23, RCB vs SJO	31	7	2	4	0	3	3	3	3	0	3	6	1	0	2	5
322	2025-26	NBB	GUI	CONTA SIMPLES RIO CLARO	2026-03-23, RCB vs SJO	20	7	2	2	0	4	3	5	5	1	6	0	0	0	0	4
322	2025-26	NBB	BONFIM	CONTA SIMPLES RIO CLARO	2026-03-23, RCB vs SJO	19	6	3	6	0	0	0	0	5	2	7	0	0	2	0	3
322	2025-26	NBB	SCOTT	CONTA SIMPLES RIO CLARO	2026-03-23, RCB vs SJO	20	3	0	3	0	3	3	5	1	1	2	5	0	0	2	3
322	2025-26	NBB	AKIN	CONTA SIMPLES RIO CLARO	2026-03-23, RCB vs SJO	4	0	0	1	0	2	0	0	1	2	3	0	0	0	0	2
322	2025-26	NBB	ADYEL	MR. MOO SAO JOSE BASKETBALL	2026-03-23, RCB vs SJO	34	25	7	15	1	7	8	9	9	1	10	6	1	2	2	3
322	2025-26	NBB	DOS SANTOS	MR. MOO SAO JOSE BASKETBALL	2026-03-23, RCB vs SJO	24	13	3	7	1	2	4	5	3	1	4	1	0	0	5	5
322	2025-26	NBB	NICKEL	MR. MOO SAO JOSE BASKETBALL	2026-03-23, RCB vs SJO	19	12	2	4	2	2	2	2	2	0	2	1	1	0	1	3
322	2025-26	NBB	ANDERSON	MR. MOO SAO JOSE BASKETBALL	2026-03-23, RCB vs SJO	30	11	5	8	0	0	1	2	6	2	8	1	1	0	0	3
322	2025-26	NBB	LESSA	MR. MOO SAO JOSE BASKETBALL	2026-03-23, RCB vs SJO	14	7	2	2	1	2	0	0	0	0	0	0	0	0	1	4
322	2025-26	NBB	MILLER	MR. MOO SAO JOSE BASKETBALL	2026-03-23, RCB vs SJO	31	7	2	2	1	3	0	0	5	0	5	2	1	0	2	2
322	2025-26	NBB	CAUE	MR. MOO SAO JOSE BASKETBALL	2026-03-23, RCB vs SJO	22	5	2	2	0	1	1	1	1	0	1	3	0	1	0	2
322	2025-26	NBB	LEO CRAVERO	MR. MOO SAO JOSE BASKETBALL	2026-03-23, RCB vs SJO	25	2	0	3	0	2	2	4	5	1	6	0	0	0	0	2
322	2025-26	NBB	PESSOA	MR. MOO SAO JOSE BASKETBALL	2026-03-23, RCB vs SJO	1	0	0	0	0	0	0	0	0	0	0	0	0	0	0	0
323	2025-26	NBB	GUI	FLAMENGO	2026-03-23, FLA vs CAP	28	17	2	5	3	7	4	4	3	0	3	3	2	0	0	1
323	2025-26	NBB	JOHNSON SR.	FLAMENGO	2026-03-23, FLA vs CAP	30	16	2	4	2	6	6	7	1	0	1	5	1	0	2	3
323	2025-26	NBB	KAYO	FLAMENGO	2026-03-23, FLA vs CAP	19	10	0	0	3	5	1	1	1	0	1	0	0	0	0	2
323	2025-26	NBB	NEGRETE	FLAMENGO	2026-03-23, FLA vs CAP	24	8	3	7	0	1	2	2	2	0	2	3	0	0	2	0
323	2025-26	NBB	WESLEY	FLAMENGO	2026-03-23, FLA vs CAP	12	8	3	4	0	0	2	2	1	1	2	1	1	0	2	3
323	2025-26	NBB	JHONATAN	FLAMENGO	2026-03-23, FLA vs CAP	16	8	1	1	2	3	0	0	2	1	3	1	1	0	0	2
323	2025-26	NBB	MANEL	FLAMENGO	2026-03-23, FLA vs CAP	16	4	2	3	0	0	0	0	7	1	8	0	0	0	2	4
323	2025-26	NBB	GUEIROS	FLAMENGO	2026-03-23, FLA vs CAP	10	4	0	0	1	1	1	2	0	0	0	1	0	0	0	2
323	2025-26	NBB	DORIA	FLAMENGO	2026-03-23, FLA vs CAP	9	3	0	0	0	0	3	4	1	1	2	0	0	0	1	2
323	2025-26	NBB	CUMMINGS	FLAMENGO	2026-03-23, FLA vs CAP	10	3	0	2	1	2	0	0	0	0	0	1	0	0	0	0
323	2025-26	NBB	BARALLE	FLAMENGO	2026-03-23, FLA vs CAP	26	3	0	3	1	6	0	0	4	2	6	4	1	0	2	2
323	2025-26	NBB	GUI ABREU	PAULISTANO	2026-03-23, FLA vs CAP	33	21	4	6	3	5	4	5	6	2	8	1	1	0	3	3
323	2025-26	NBB	SIEWERT	PAULISTANO	2026-03-23, FLA vs CAP	31	19	4	8	3	7	2	2	4	1	5	2	1	1	2	2
323	2025-26	NBB	VITINHO	PAULISTANO	2026-03-23, FLA vs CAP	33	18	6	7	2	5	0	0	5	0	5	2	0	0	3	2
323	2025-26	NBB	LEANDRO	PAULISTANO	2026-03-23, FLA vs CAP	27	6	2	3	0	0	2	2	0	1	1	0	1	1	0	3
323	2025-26	NBB	HUNTER	PAULISTANO	2026-03-23, FLA vs CAP	28	5	1	4	0	3	3	4	3	0	3	2	0	0	1	4
323	2025-26	NBB	SEIXAS	PAULISTANO	2026-03-23, FLA vs CAP	9	5	1	1	0	0	3	4	0	0	0	0	0	0	0	0
323	2025-26	NBB	TOVAR	PAULISTANO	2026-03-23, FLA vs CAP	15	3	1	3	0	5	1	2	4	0	4	1	0	0	2	1
323	2025-26	NBB	GABRIEL	PAULISTANO	2026-03-23, FLA vs CAP	12	2	1	1	0	0	0	0	0	3	3	0	0	0	2	3
323	2025-26	NBB	DEMETRIO	PAULISTANO	2026-03-23, FLA vs CAP	7	0	0	0	0	1	0	0	2	0	2	0	0	0	0	0
323	2025-26	NBB	GABRIEL	PAULISTANO	2026-03-23, FLA vs CAP	4	0	0	0	0	0	0	0	0	0	0	0	0	0	0	2
324	2025-26	NBB	CORVALAN	CAIXA/BRASILIA	2026-03-23, BRA vs MOG	40	22	5	6	3	11	3	5	5	0	5	5	0	0	5	1
324	2025-26	NBB	BUIU	CAIXA/BRASILIA	2026-03-23, BRA vs MOG	39	10	2	7	2	5	0	4	5	1	6	5	2	0	2	4
324	2025-26	NBB	VON HAYDIN	CAIXA/BRASILIA	2026-03-23, BRA vs MOG	43	9	3	4	1	8	0	0	4	0	4	4	0	0	1	2
324	2025-26	NBB	CARBONARI	CAIXA/BRASILIA	2026-03-23, BRA vs MOG	10	9	3	3	0	0	3	5	3	1	4	0	0	0	1	1
324	2025-26	NBB	PAULICHI	CAIXA/BRASILIA	2026-03-23, BRA vs MOG	29	9	3	3	1	3	0	1	9	1	10	2	0	0	0	4
324	2025-26	NBB	BELLER	CAIXA/BRASILIA	2026-03-23, BRA vs MOG	19	8	1	2	2	4	0	0	3	2	5	0	0	0	1	2
324	2025-26	NBB	BRUNAO	CAIXA/BRASILIA	2026-03-23, BRA vs MOG	33	4	1	4	0	1	2	4	4	0	4	0	0	2	2	4
324	2025-26	NBB	PEDRO	CAIXA/BRASILIA	2026-03-23, BRA vs MOG	12	1	0	0	0	3	1	2	1	0	1	1	0	0	0	0
324	2025-26	NBB	GUSTAVO	CAIXA/BRASILIA	2026-03-23, BRA vs MOG	2	0	0	1	0	0	0	0	0	0	0	0	0	0	0	1
324	2025-26	NBB	VON HAYDIN	MOGI BASQUETE	2026-03-23, BRA vs MOG	5	5	1	1	1	2	0	0	0	0	0	0	0	0	0	1
324	2025-26	NBB	PAULICHI	MOGI BASQUETE	2026-03-23, BRA vs MOG	5	3	0	0	1	1	0	0	2	0	2	0	0	0	0	0
324	2025-26	NBB	BRUNAO	MOGI BASQUETE	2026-03-23, BRA vs MOG	5	1	0	0	0	0	1	2	1	0	1	0	0	0	0	1
324	2025-26	NBB	CORVALAN	MOGI BASQUETE	2026-03-23, BRA vs MOG	5	1	0	1	0	1	1	2	1	0	1	1	0	0	0	0
324	2025-26	NBB	BUIU	MOGI BASQUETE	2026-03-23, BRA vs MOG	5	0	0	0	0	1	0	0	1	0	1	1	0	0	0	0
325	2025-26	NBB	HOLLOWELL	CEISC/UNIAO CORINTHIANS	2026-03-24, UCO vs BOT	36	19	8	11	1	1	0	0	4	3	7	3	0	1	5	1
325	2025-26	NBB	VERISSIMO	CEISC/UNIAO CORINTHIANS	2026-03-24, UCO vs BOT	28	18	5	8	1	4	5	9	5	0	5	1	5	0	3	3
325	2025-26	NBB	BARNES	CEISC/UNIAO CORINTHIANS	2026-03-24, UCO vs BOT	38	13	2	9	2	8	3	3	0	0	0	5	1	0	2	3
325	2025-26	NBB	SCOTT	CEISC/UNIAO CORINTHIANS	2026-03-24, UCO vs BOT	28	10	4	7	0	3	2	3	3	4	7	5	1	1	3	4
325	2025-26	NBB	ISAAC	CEISC/UNIAO CORINTHIANS	2026-03-24, UCO vs BOT	20	5	1	2	1	1	0	0	4	2	6	1	0	1	0	2
325	2025-26	NBB	JONATAN	CEISC/UNIAO CORINTHIANS	2026-03-24, UCO vs BOT	22	4	0	2	1	4	1	2	5	2	7	0	0	0	0	1
325	2025-26	NBB	HETTSHEIMEIR	CEISC/UNIAO CORINTHIANS	2026-03-24, UCO vs BOT	11	2	1	1	0	1	0	0	0	1	1	0	0	0	0	0
325	2025-26	NBB	ROSSETTO	CEISC/UNIAO CORINTHIANS	2026-03-24, UCO vs BOT	3	0	0	0	0	1	0	0	0	0	0	0	0	0	0	1
325	2025-26	NBB	GOES	CEISC/UNIAO CORINTHIANS	2026-03-24, UCO vs BOT	4	0	0	0	0	2	0	0	1	0	1	0	0	0	1	0
325	2025-26	NBB	BRANDAO	CEISC/UNIAO CORINTHIANS	2026-03-24, UCO vs BOT	2	0	0	0	0	1	0	0	0	0	0	0	0	0	0	1
325	2025-26	NBB	CARDENAS	CEISC/UNIAO CORINTHIANS	2026-03-24, UCO vs BOT	8	0	0	0	0	0	0	0	0	0	0	1	0	1	0	0
325	2025-26	NBB	MATHEUSINHO	BOTAFOGO	2026-03-24, UCO vs BOT	34	18	4	9	3	5	1	2	4	0	4	13	1	0	4	2
325	2025-26	NBB	SCHEUER	BOTAFOGO	2026-03-24, UCO vs BOT	18	15	6	9	0	0	3	3	2	0	2	0	0	1	0	1
325	2025-26	NBB	DERICK	BOTAFOGO	2026-03-24, UCO vs BOT	38	12	6	11	0	1	0	0	10	1	11	2	4	0	1	0
325	2025-26	NBB	MACHADO	BOTAFOGO	2026-03-24, UCO vs BOT	31	9	4	5	0	4	1	2	4	1	5	6	2	0	2	3
325	2025-26	NBB	NK	BOTAFOGO	2026-03-24, UCO vs BOT	22	7	2	3	0	0	3	6	2	3	5	0	0	0	1	2
325	2025-26	NBB	MACHADO JR.	BOTAFOGO	2026-03-24, UCO vs BOT	17	5	1	6	1	2	0	0	1	1	2	1	0	0	2	2
325	2025-26	NBB	EMANUEL	BOTAFOGO	2026-03-24, UCO vs BOT	25	4	2	2	0	1	0	0	1	0	1	2	0	0	1	2
325	2025-26	NBB	ABNER	BOTAFOGO	2026-03-24, UCO vs BOT	5	3	1	1	0	0	1	2	3	0	3	0	1	0	0	0
325	2025-26	NBB	PAULINO	BOTAFOGO	2026-03-24, UCO vs BOT	2	3	0	0	1	1	0	0	0	0	0	0	0	0	0	0
325	2025-26	NBB	LUCAS	BOTAFOGO	2026-03-24, UCO vs BOT	7	2	1	2	0	1	0	0	0	2	2	0	0	0	0	1
326	2025-26	NBB	BRITE	BAURU BASKET	2026-03-24, BAU vs PAT	30	24	6	10	2	5	6	7	1	1	2	4	2	0	2	1
326	2025-26	NBB	EUGENIUSZ	BAURU BASKET	2026-03-24, BAU vs PAT	34	24	3	3	3	3	9	9	2	0	2	2	1	0	3	3
326	2025-26	NBB	GEMERSON	BAURU BASKET	2026-03-24, BAU vs PAT	22	17	2	2	3	8	4	4	4	2	6	3	0	0	1	1
326	2025-26	NBB	ANDREZAO	BAURU BASKET	2026-03-24, BAU vs PAT	26	12	3	11	0	0	6	8	6	1	7	0	2	0	4	4
326	2025-26	NBB	AUGUSTO	BAURU BASKET	2026-03-24, BAU vs PAT	11	7	2	4	1	2	0	0	2	1	3	0	1	0	0	0
326	2025-26	NBB	ALEX	BAURU BASKET	2026-03-24, BAU vs PAT	24	5	1	3	0	3	3	3	7	1	8	8	0	0	1	4
326	2025-26	NBB	VITHINHO	BAURU BASKET	2026-03-24, BAU vs PAT	18	3	0	0	1	2	0	0	3	0	3	3	1	0	2	1
326	2025-26	NBB	PEDRO	BAURU BASKET	2026-03-24, BAU vs PAT	9	2	1	1	0	1	0	0	1	0	1	0	0	0	1	0
326	2025-26	NBB	GUSTAVO	BAURU BASKET	2026-03-24, BAU vs PAT	6	0	0	0	0	0	0	0	1	0	1	0	0	0	0	2
326	2025-26	NBB	MOGI	BAURU BASKET	2026-03-24, BAU vs PAT	4	0	0	1	0	0	0	0	1	1	2	0	0	0	0	0
326	2025-26	NBB	MATERAN	BAURU BASKET	2026-03-24, BAU vs PAT	15	0	0	0	0	1	0	0	0	1	1	0	1	0	0	3
326	2025-26	NBB	GRIGOR	PATO BASQUETE	2026-03-24, BAU vs PAT	20	15	5	5	1	2	2	2	2	2	4	1	1	1	3	5
326	2025-26	NBB	NAKA	PATO BASQUETE	2026-03-24, BAU vs PAT	29	14	4	7	2	5	0	2	3	0	3	3	1	0	1	5
326	2025-26	NBB	MICHEL	PATO BASQUETE	2026-03-24, BAU vs PAT	32	10	0	1	3	9	1	2	2	2	4	2	3	0	4	2
326	2025-26	NBB	FIDELIS	PATO BASQUETE	2026-03-24, BAU vs PAT	23	9	4	6	0	0	1	1	4	1	5	1	1	0	2	2
326	2025-26	NBB	EULER	PATO BASQUETE	2026-03-24, BAU vs PAT	12	7	2	4	1	5	0	0	1	0	1	3	1	0	3	5
326	2025-26	NBB	WILLKER Z.	PATO BASQUETE	2026-03-24, BAU vs PAT	13	6	2	2	0	0	2	4	1	2	3	0	0	0	1	5
326	2025-26	NBB	D. PENTEADO	PATO BASQUETE	2026-03-24, BAU vs PAT	32	5	1	4	0	7	3	4	5	1	6	1	0	0	0	0
326	2025-26	NBB	N. GOMES	PATO BASQUETE	2026-03-24, BAU vs PAT	20	4	1	4	0	1	2	4	4	4	8	2	0	0	1	4
326	2025-26	NBB	MATEUS	PATO BASQUETE	2026-03-24, BAU vs PAT	16	0	0	1	0	4	0	0	1	1	2	1	0	0	1	0
326	2025-26	NBB	NYCOLAS	PATO BASQUETE	2026-03-24, BAU vs PAT	2	0	0	0	0	2	0	0	0	0	0	0	0	0	0	0
326	2025-26	NBB	GUSTAVO	PATO BASQUETE	2026-03-24, BAU vs PAT	2	0	0	0	0	0	0	0	0	0	0	0	0	0	0	0
327	2025-26	NBB	CLARK	CORINTHIANS	2026-03-24, COR vs FRA	34	28	3	6	6	12	4	4	2	0	2	5	4	0	3	2
327	2025-26	NBB	RAYMUNDO	CORINTHIANS	2026-03-24, COR vs FRA	22	16	7	10	0	0	2	3	6	2	8	0	0	2	3	1
327	2025-26	NBB	ELINHO	CORINTHIANS	2026-03-24, COR vs FRA	40	13	2	4	3	10	0	0	2	0	2	8	0	0	2	3
327	2025-26	NBB	VICTAO	CORINTHIANS	2026-03-24, COR vs FRA	32	12	0	0	4	8	0	0	2	1	3	0	0	0	2	2
327	2025-26	NBB	MUNFORD	CORINTHIANS	2026-03-24, COR vs FRA	25	9	1	2	1	4	4	5	3	2	5	0	2	2	1	3
327	2025-26	NBB	THOMAS	CORINTHIANS	2026-03-24, COR vs FRA	28	9	2	6	1	2	2	2	3	0	3	3	0	0	0	5
327	2025-26	NBB	LUCAS CAUE	CORINTHIANS	2026-03-24, COR vs FRA	12	3	1	3	0	0	1	2	4	1	5	2	0	1	1	3
327	2025-26	NBB	NOVAES	CORINTHIANS	2026-03-24, COR vs FRA	8	3	1	1	0	1	1	2	1	2	3	1	0	0	0	1
327	2025-26	NBB	GEORGINHO	SESI FRANCA	2026-03-24, COR vs FRA	38	31	2	3	6	9	9	10	7	1	8	7	1	0	3	4
327	2025-26	NBB	LUCAS DIAS	SESI FRANCA	2026-03-24, COR vs FRA	33	22	3	3	3	8	7	7	9	0	9	3	0	1	2	1
327	2025-26	NBB	RODRIGUEZ	SESI FRANCA	2026-03-24, COR vs FRA	28	17	5	7	2	7	1	1	2	1	3	3	2	0	0	3
327	2025-26	NBB	DAVID JACKSON	SESI FRANCA	2026-03-24, COR vs FRA	30	13	1	2	2	6	5	5	0	1	1	3	0	2	0	4
327	2025-26	NBB	BENNETT	SESI FRANCA	2026-03-24, COR vs FRA	31	11	4	9	1	3	0	0	2	2	4	2	1	0	4	3
327	2025-26	NBB	MINEIRO	SESI FRANCA	2026-03-24, COR vs FRA	22	2	1	2	0	0	0	0	2	5	7	0	1	1	0	2
327	2025-26	NBB	LATERZA	SESI FRANCA	2026-03-24, COR vs FRA	15	0	0	3	0	0	0	0	1	0	1	4	1	0	2	1
327	2025-26	NBB	ZU JR.	SESI FRANCA	2026-03-24, COR vs FRA	4	0	0	1	0	1	0	0	1	0	1	0	0	0	0	1
329	2025-26	NBB	VON HAYDIN	CAIXA/BRASILIA	2026-03-25, BRA vs FLA	32	32	5	9	4	6	10	12	3	2	5	4	1	0	0	4
329	2025-26	NBB	CORVALAN	CAIXA/BRASILIA	2026-03-25, BRA vs FLA	37	21	3	8	4	6	3	4	7	1	8	5	2	0	3	1
329	2025-26	NBB	BUIU	CAIXA/BRASILIA	2026-03-25, BRA vs FLA	37	10	2	6	2	3	0	0	5	0	5	3	1	3	3	4
329	2025-26	NBB	BRUNAO	CAIXA/BRASILIA	2026-03-25, BRA vs FLA	19	8	2	6	1	2	1	2	1	4	5	2	1	0	3	3
329	2025-26	NBB	BELLER	CAIXA/BRASILIA	2026-03-25, BRA vs FLA	19	6	3	4	0	2	0	0	3	2	5	1	0	0	0	2
329	2025-26	NBB	CARBONARI	CAIXA/BRASILIA	2026-03-25, BRA vs FLA	16	5	1	3	1	1	0	0	2	2	4	0	0	1	1	0
329	2025-26	NBB	PEDRO	CAIXA/BRASILIA	2026-03-25, BRA vs FLA	15	5	1	2	1	5	0	0	1	0	1	2	1	0	2	3
329	2025-26	NBB	PAULICHI	CAIXA/BRASILIA	2026-03-25, BRA vs FLA	25	2	1	1	0	0	0	0	3	1	4	1	1	0	4	4
329	2025-26	NBB	BARALLE	FLAMENGO	2026-03-25, BRA vs FLA	27	21	2	4	5	8	2	2	3	0	3	9	5	0	3	2
329	2025-26	NBB	GUI	FLAMENGO	2026-03-25, BRA vs FLA	27	17	0	4	5	12	2	2	1	1	2	1	0	1	1	3
329	2025-26	NBB	CUMMINGS	FLAMENGO	2026-03-25, BRA vs FLA	25	16	5	5	1	2	3	3	3	0	3	3	0	0	1	3
329	2025-26	NBB	JOHNSON SR.	FLAMENGO	2026-03-25, BRA vs FLA	30	15	1	2	2	7	7	9	1	3	4	4	2	0	2	3
329	2025-26	NBB	KAYO	FLAMENGO	2026-03-25, BRA vs FLA	15	11	1	1	3	7	0	0	3	2	5	0	0	0	1	0
329	2025-26	NBB	NEGRETE	FLAMENGO	2026-03-25, BRA vs FLA	19	3	0	2	1	3	0	0	1	0	1	1	0	0	3	0
329	2025-26	NBB	JHONATAN	FLAMENGO	2026-03-25, BRA vs FLA	21	2	1	1	0	1	0	0	3	1	4	1	0	0	1	4
329	2025-26	NBB	WESLEY	FLAMENGO	2026-03-25, BRA vs FLA	20	2	1	3	0	1	0	0	4	0	4	1	2	0	1	5
329	2025-26	NBB	DORIA	FLAMENGO	2026-03-25, BRA vs FLA	11	0	0	1	0	0	0	0	0	0	0	0	0	0	1	2
329	2025-26	NBB	MANEL	FLAMENGO	2026-03-25, BRA vs FLA	5	0	0	0	0	0	0	0	0	1	1	0	0	0	0	1
330	2025-26	NBB	SCOTT	CEISC/UNIAO CORINTHIANS	2026-03-31, UCO vs FLA	27	18	5	9	1	2	5	6	2	2	4	2	1	0	5	3
330	2025-26	NBB	HOLLOWELL	CEISC/UNIAO CORINTHIANS	2026-03-31, UCO vs FLA	37	18	4	9	2	6	4	6	11	1	12	5	0	1	2	2
330	2025-26	NBB	BARNES	CEISC/UNIAO CORINTHIANS	2026-03-31, UCO vs FLA	36	17	4	5	3	6	0	0	2	1	3	5	2	0	2	2
330	2025-26	NBB	HETTSHEIMEIR	CEISC/UNIAO CORINTHIANS	2026-03-31, UCO vs FLA	15	16	2	2	4	5	0	1	1	0	1	1	0	0	0	3
330	2025-26	NBB	GOES	CEISC/UNIAO CORINTHIANS	2026-03-31, UCO vs FLA	23	12	0	1	3	6	3	4	4	0	4	7	0	1	0	2
330	2025-26	NBB	VERISSIMO	CEISC/UNIAO CORINTHIANS	2026-03-31, UCO vs FLA	17	7	3	5	0	0	1	4	1	1	2	1	1	0	0	2
330	2025-26	NBB	CARDENAS	CEISC/UNIAO CORINTHIANS	2026-03-31, UCO vs FLA	23	4	2	2	0	2	0	0	2	1	3	0	2	2	0	1
330	2025-26	NBB	JONATAN	CEISC/UNIAO CORINTHIANS	2026-03-31, UCO vs FLA	13	4	0	1	1	1	1	2	0	0	0	0	2	0	1	1
330	2025-26	NBB	ROSSETTO	CEISC/UNIAO CORINTHIANS	2026-03-31, UCO vs FLA	4	0	0	0	0	0	0	0	0	0	0	1	0	0	0	0
330	2025-26	NBB	ISAAC	CEISC/UNIAO CORINTHIANS	2026-03-31, UCO vs FLA	5	0	0	0	0	0	0	0	0	0	0	1	0	0	1	1
330	2025-26	NBB	NEGRETE	FLAMENGO	2026-03-31, UCO vs FLA	32	26	8	14	2	5	4	5	2	0	2	0	2	0	0	2
330	2025-26	NBB	JOHNSON SR.	FLAMENGO	2026-03-31, UCO vs FLA	31	16	1	2	3	9	5	5	4	1	5	8	0	1	2	3
330	2025-26	NBB	WESLEY	FLAMENGO	2026-03-31, UCO vs FLA	17	13	6	8	0	1	1	4	4	2	6	0	1	0	2	3
330	2025-26	NBB	CUMMINGS	FLAMENGO	2026-03-31, UCO vs FLA	28	12	0	3	4	6	0	0	3	1	4	3	0	0	2	4
330	2025-26	NBB	BARALLE	FLAMENGO	2026-03-31, UCO vs FLA	28	7	1	2	1	4	2	5	1	1	2	9	0	0	1	0
330	2025-26	NBB	DORIA	FLAMENGO	2026-03-31, UCO vs FLA	12	6	3	3	0	0	0	0	3	1	4	0	0	0	1	3
330	2025-26	NBB	KAYO	FLAMENGO	2026-03-31, UCO vs FLA	15	6	0	0	2	4	0	0	2	0	2	1	0	0	0	2
330	2025-26	NBB	JHONATAN	FLAMENGO	2026-03-31, UCO vs FLA	18	3	0	0	1	2	0	0	1	0	1	1	0	0	0	0
330	2025-26	NBB	MANEL	FLAMENGO	2026-03-31, UCO vs FLA	10	2	1	1	0	0	0	0	2	0	2	0	1	0	2	3
330	2025-26	NBB	GUEIROS	FLAMENGO	2026-03-31, UCO vs FLA	9	0	0	0	0	2	0	0	2	1	3	1	1	0	1	1
331	2025-26	NBB	PARANHOS	KTO MINAS	2026-04-01, MIN vs CRU	21	16	7	12	0	0	2	2	5	2	7	0	2	0	1	0
331	2025-26	NBB	WILLIAMS	KTO MINAS	2026-04-01, MIN vs CRU	23	14	4	5	2	5	0	0	4	0	4	1	1	0	1	1
331	2025-26	NBB	R. RACHEL	KTO MINAS	2026-04-01, MIN vs CRU	20	14	1	2	4	6	0	0	2	2	4	0	0	1	1	3
331	2025-26	NBB	FRAZIER	KTO MINAS	2026-04-01, MIN vs CRU	15	13	2	3	3	4	0	0	1	0	1	8	2	0	0	2
331	2025-26	NBB	MCCREE	KTO MINAS	2026-04-01, MIN vs CRU	20	13	5	6	1	4	0	0	9	1	10	2	0	1	0	1
331	2025-26	NBB	FISCHER	KTO MINAS	2026-04-01, MIN vs CRU	22	12	1	2	2	5	4	5	0	0	0	6	0	0	0	4
331	2025-26	NBB	ARENGO	KTO MINAS	2026-04-01, MIN vs CRU	26	7	2	5	1	2	0	0	3	0	3	3	3	0	2	2
331	2025-26	NBB	WINI SILVA	KTO MINAS	2026-04-01, MIN vs CRU	19	7	1	5	0	0	5	6	6	1	7	2	0	1	2	2
331	2025-26	NBB	YURI	KTO MINAS	2026-04-01, MIN vs CRU	21	5	2	4	0	3	1	2	3	4	7	0	1	1	0	1
331	2025-26	NBB	RODRIGUEZ	KTO MINAS	2026-04-01, MIN vs CRU	13	0	0	2	0	0	0	0	0	0	0	0	0	0	0	4
331	2025-26	NBB	DA SILVA	CRUZEIRO BASQUETE	2026-04-01, MIN vs CRU	23	18	5	11	0	0	8	13	9	1	10	0	0	0	3	2
331	2025-26	NBB	NIQUE COLEMAN	CRUZEIRO BASQUETE	2026-04-01, MIN vs CRU	23	13	1	3	3	5	2	5	0	2	2	1	2	0	0	1
331	2025-26	NBB	CLAY	CRUZEIRO BASQUETE	2026-04-01, MIN vs CRU	21	12	3	7	2	5	0	0	2	0	2	4	1	0	1	1
331	2025-26	NBB	I. THORNTON	CRUZEIRO BASQUETE	2026-04-01, MIN vs CRU	39	11	2	5	1	6	4	4	2	1	3	3	1	0	1	1
331	2025-26	NBB	ANSALONI	CRUZEIRO BASQUETE	2026-04-01, MIN vs CRU	19	10	2	3	2	2	0	0	3	1	4	2	1	1	3	4
331	2025-26	NBB	SENA	CRUZEIRO BASQUETE	2026-04-01, MIN vs CRU	17	8	4	6	0	1	0	0	1	1	2	0	0	0	0	1
331	2025-26	NBB	JJ	CRUZEIRO BASQUETE	2026-04-01, MIN vs CRU	18	6	3	4	0	1	0	1	2	0	2	1	0	0	1	1
331	2025-26	NBB	CASSIANO	CRUZEIRO BASQUETE	2026-04-01, MIN vs CRU	15	6	3	4	0	1	0	0	0	1	1	6	0	0	1	2
331	2025-26	NBB	LEO ABREU	CRUZEIRO BASQUETE	2026-04-01, MIN vs CRU	17	2	1	1	0	2	0	2	2	0	2	5	0	0	1	0
331	2025-26	NBB	GITTENS	CRUZEIRO BASQUETE	2026-04-01, MIN vs CRU	5	2	1	2	0	2	0	0	2	0	2	0	0	0	0	1
331	2025-26	NBB	DU SOMMER	CRUZEIRO BASQUETE	2026-04-01, MIN vs CRU	3	0	0	0	0	0	0	0	0	0	0	0	0	0	0	1
332	2025-26	NBB	ADYEL	MR. MOO SAO JOSE BASKETBALL	2026-04-01, SJO vs FRA	30	19	3	9	2	10	7	10	6	0	6	6	1	0	6	5
332	2025-26	NBB	ANDERSON	MR. MOO SAO JOSE BASKETBALL	2026-04-01, SJO vs FRA	28	16	7	8	0	0	2	2	2	4	6	1	0	0	0	3
332	2025-26	NBB	DOS SANTOS	MR. MOO SAO JOSE BASKETBALL	2026-04-01, SJO vs FRA	28	13	5	7	0	1	3	3	1	1	2	3	0	2	4	3
332	2025-26	NBB	MAIQUE	MR. MOO SAO JOSE BASKETBALL	2026-04-01, SJO vs FRA	12	12	4	4	1	1	1	2	2	2	4	0	0	0	0	4
332	2025-26	NBB	LESSA	MR. MOO SAO JOSE BASKETBALL	2026-04-01, SJO vs FRA	31	11	1	3	3	7	0	0	1	0	1	0	1	0	1	1
332	2025-26	NBB	MILLER	MR. MOO SAO JOSE BASKETBALL	2026-04-01, SJO vs FRA	30	8	1	2	2	6	0	0	5	0	5	2	2	0	4	2
332	2025-26	NBB	CAUE	MR. MOO SAO JOSE BASKETBALL	2026-04-01, SJO vs FRA	23	7	0	3	2	4	1	2	7	0	7	5	0	0	0	3
332	2025-26	NBB	LEO CRAVERO	MR. MOO SAO JOSE BASKETBALL	2026-04-01, SJO vs FRA	14	5	1	3	0	0	3	5	2	2	4	1	0	0	0	1
332	2025-26	NBB	NICKEL	MR. MOO SAO JOSE BASKETBALL	2026-04-01, SJO vs FRA	3	0	0	0	0	0	0	0	1	0	1	1	1	0	2	0
332	2025-26	NBB	GEORGINHO	SESI FRANCA	2026-04-01, SJO vs FRA	38	26	4	7	4	9	6	6	8	1	9	5	3	0	2	3
332	2025-26	NBB	LUCAS DIAS	SESI FRANCA	2026-04-01, SJO vs FRA	31	22	7	18	2	5	2	3	6	4	10	1	0	0	1	4
332	2025-26	NBB	DAVID JACKSON	SESI FRANCA	2026-04-01, SJO vs FRA	34	16	2	5	2	3	6	6	3	2	5	5	0	0	3	2
332	2025-26	NBB	RODRIGUEZ	SESI FRANCA	2026-04-01, SJO vs FRA	24	14	2	4	3	6	1	2	3	2	5	1	4	0	1	3
332	2025-26	NBB	MINEIRO	SESI FRANCA	2026-04-01, SJO vs FRA	30	10	3	6	1	1	1	2	4	3	7	3	1	1	1	3
332	2025-26	NBB	BENNETT	SESI FRANCA	2026-04-01, SJO vs FRA	21	2	1	4	0	2	0	0	2	0	2	0	1	0	1	4
332	2025-26	NBB	VINI	SESI FRANCA	2026-04-01, SJO vs FRA	4	2	1	2	0	1	0	0	0	0	0	0	0	0	0	0
332	2025-26	NBB	LATERZA	SESI FRANCA	2026-04-01, SJO vs FRA	18	1	0	1	0	3	1	1	4	0	4	3	0	0	2	2
333	2025-26	NBB	MAGNA	VASCO DA GAMA	2026-04-01, VAS vs CAP	32	17	5	7	1	5	4	5	2	2	4	2	1	0	1	3
333	2025-26	NBB	G. BASILIO	VASCO DA GAMA	2026-04-01, VAS vs CAP	37	13	2	5	2	4	3	4	3	1	4	4	2	0	2	3
333	2025-26	NBB	SERJAO	VASCO DA GAMA	2026-04-01, VAS vs CAP	23	8	4	6	0	2	0	0	1	3	4	4	1	0	1	2
333	2025-26	NBB	PEDRO NUNES	VASCO DA GAMA	2026-04-01, VAS vs CAP	16	6	0	0	2	5	0	0	1	0	1	0	0	0	0	2
333	2025-26	NBB	BEARDEN	VASCO DA GAMA	2026-04-01, VAS vs CAP	20	6	0	4	0	1	6	9	0	0	0	4	2	0	2	1
333	2025-26	NBB	MORGAN	VASCO DA GAMA	2026-04-01, VAS vs CAP	18	6	3	6	0	2	0	0	2	1	3	1	0	0	3	1
333	2025-26	NBB	MATHIAS	VASCO DA GAMA	2026-04-01, VAS vs CAP	22	6	3	5	0	0	0	0	4	0	4	0	1	1	2	4
333	2025-26	NBB	ALE	VASCO DA GAMA	2026-04-01, VAS vs CAP	20	5	1	3	0	4	3	4	1	0	1	3	0	0	2	4
333	2025-26	NBB	ELIAS	VASCO DA GAMA	2026-04-01, VAS vs CAP	12	2	1	1	0	0	0	0	2	0	2	2	0	1	1	2
333	2025-26	NBB	HUNTER	PAULISTANO	2026-04-01, VAS vs CAP	22	20	6	6	2	4	2	2	4	0	4	3	0	0	3	3
333	2025-26	NBB	VITINHO	PAULISTANO	2026-04-01, VAS vs CAP	27	19	7	9	1	2	2	2	3	0	3	2	1	0	3	1
333	2025-26	NBB	GUI ABREU	PAULISTANO	2026-04-01, VAS vs CAP	23	11	3	4	1	3	2	2	6	3	9	5	0	0	1	2
333	2025-26	NBB	LEANDRO	PAULISTANO	2026-04-01, VAS vs CAP	17	9	2	3	0	0	5	6	1	2	3	1	0	0	2	2
333	2025-26	NBB	SEIXAS	PAULISTANO	2026-04-01, VAS vs CAP	21	8	1	3	1	6	3	4	1	0	1	0	0	0	1	2
333	2025-26	NBB	DEMETRIO	PAULISTANO	2026-04-01, VAS vs CAP	17	7	2	3	1	2	0	0	3	0	3	1	1	1	0	1
333	2025-26	NBB	GABRIEL	PAULISTANO	2026-04-01, VAS vs CAP	14	7	3	4	0	0	1	3	2	2	4	0	0	1	0	1
333	2025-26	NBB	SIEWERT	PAULISTANO	2026-04-01, VAS vs CAP	23	5	1	4	1	2	0	0	1	0	1	1	0	0	0	1
333	2025-26	NBB	NETO	PAULISTANO	2026-04-01, VAS vs CAP	8	4	0	0	1	2	1	2	3	1	4	0	0	0	1	3
333	2025-26	NBB	LUIZ GUILHERME	PAULISTANO	2026-04-01, VAS vs CAP	5	4	1	1	0	0	2	2	1	0	1	1	1	0	0	0
333	2025-26	NBB	GABRIEL	PAULISTANO	2026-04-01, VAS vs CAP	8	2	1	2	0	0	0	0	0	1	1	2	1	0	0	2
333	2025-26	NBB	TOVAR	PAULISTANO	2026-04-01, VAS vs CAP	15	0	0	1	0	1	0	0	2	0	2	2	1	0	2	2
334	2025-26	NBB	GREGATE	PINHEIROS	2026-04-01, PIN vs UFC	27	18	2	5	3	6	5	8	2	1	3	3	0	0	1	4
334	2025-26	NBB	BETINHO	PINHEIROS	2026-04-01, PIN vs UFC	19	17	1	3	5	5	0	0	2	1	3	1	0	0	1	1
334	2025-26	NBB	AGAPY	PINHEIROS	2026-04-01, PIN vs UFC	20	13	5	6	0	0	3	5	4	4	8	1	2	0	3	4
334	2025-26	NBB	DJALO	PINHEIROS	2026-04-01, PIN vs UFC	33	9	0	0	3	11	0	0	3	1	4	0	2	0	0	0
334	2025-26	NBB	SLOAN	PINHEIROS	2026-04-01, PIN vs UFC	25	8	1	5	1	3	3	4	3	0	3	11	1	0	3	0
334	2025-26	NBB	PASTRE	PINHEIROS	2026-04-01, PIN vs UFC	30	6	0	0	1	6	3	5	2	1	3	1	0	1	1	5
334	2025-26	NBB	AFONSO	PINHEIROS	2026-04-01, PIN vs UFC	10	5	2	3	0	0	1	2	3	3	6	0	0	0	2	4
334	2025-26	NBB	PENHA JR.	PINHEIROS	2026-04-01, PIN vs UFC	10	4	2	2	0	1	0	1	1	1	2	0	0	1	1	0
334	2025-26	NBB	PACHECO	PINHEIROS	2026-04-01, PIN vs UFC	16	3	0	1	0	2	3	6	2	0	2	2	1	0	0	3
334	2025-26	NBB	MACIEL	PINHEIROS	2026-04-01, PIN vs UFC	8	0	0	0	0	0	0	0	0	0	0	0	0	0	0	2
334	2025-26	NBB	BRAYAN	PINHEIROS	2026-04-01, PIN vs UFC	2	0	0	0	0	0	0	0	1	0	1	0	0	0	1	2
334	2025-26	NBB	JIMMY	UNIFACISA	2026-04-01, PIN vs UFC	31	15	1	4	3	6	4	4	4	2	6	1	2	0	0	4
334	2025-26	NBB	MELVIN	UNIFACISA	2026-04-01, PIN vs UFC	27	13	4	9	1	2	2	2	1	0	1	2	0	0	0	4
334	2025-26	NBB	SIFONTES	UNIFACISA	2026-04-01, PIN vs UFC	24	12	3	5	1	4	3	9	7	2	9	2	1	0	2	4
334	2025-26	NBB	LEAL	UNIFACISA	2026-04-01, PIN vs UFC	24	11	5	9	0	0	1	3	4	1	5	0	1	1	4	4
334	2025-26	NBB	ANTHONY	UNIFACISA	2026-04-01, PIN vs UFC	20	10	3	4	1	2	1	1	1	0	1	4	0	0	2	4
334	2025-26	NBB	COELHO	UNIFACISA	2026-04-01, PIN vs UFC	21	9	3	4	1	2	0	0	1	1	2	6	0	0	2	0
334	2025-26	NBB	ANTONIO	UNIFACISA	2026-04-01, PIN vs UFC	21	3	0	2	1	3	0	0	2	0	2	0	2	0	1	2
334	2025-26	NBB	GERSON	UNIFACISA	2026-04-01, PIN vs UFC	8	3	0	1	0	0	3	4	1	4	5	2	2	0	0	1
334	2025-26	NBB	CARR	UNIFACISA	2026-04-01, PIN vs UFC	16	3	0	1	1	1	0	0	2	0	2	0	0	0	1	0
334	2025-26	NBB	JOAO PAULO	UNIFACISA	2026-04-01, PIN vs UFC	8	2	0	2	0	1	2	2	0	1	1	0	0	0	1	2
334	2025-26	NBB	FLORES	UNIFACISA	2026-04-01, PIN vs UFC	1	0	0	0	0	0	0	0	0	0	0	0	0	0	0	0
336	2025-26	NBB	SHAMELL	CAXIAS DO SUL BASQUETE	2026-04-02, CAX vs FLA	23	19	5	9	3	6	0	0	1	0	1	0	1	0	0	0
336	2025-26	NBB	HUMBERTO	CAXIAS DO SUL BASQUETE	2026-04-02, CAX vs FLA	35	16	5	13	0	0	6	9	4	3	7	1	1	3	2	3
336	2025-26	NBB	FABRIZZIO	CAXIAS DO SUL BASQUETE	2026-04-02, CAX vs FLA	26	14	5	5	0	3	4	5	6	1	7	5	0	1	2	4
336	2025-26	NBB	RAFA	CAXIAS DO SUL BASQUETE	2026-04-02, CAX vs FLA	26	7	3	4	0	2	1	2	2	4	6	2	0	0	0	3
336	2025-26	NBB	OMENA	CAXIAS DO SUL BASQUETE	2026-04-02, CAX vs FLA	32	6	0	2	2	5	0	0	2	1	3	5	2	0	3	1
336	2025-26	NBB	VEZARO	CAXIAS DO SUL BASQUETE	2026-04-02, CAX vs FLA	25	5	1	1	1	6	0	0	5	1	6	2	1	0	2	1
336	2025-26	NBB	TOM	CAXIAS DO SUL BASQUETE	2026-04-02, CAX vs FLA	14	4	2	4	0	0	0	0	0	4	4	0	0	0	1	1
336	2025-26	NBB	MIGUEL	CAXIAS DO SUL BASQUETE	2026-04-02, CAX vs FLA	11	3	0	0	1	1	0	0	0	2	2	1	0	0	1	1
336	2025-26	NBB	AUGUSTO	CAXIAS DO SUL BASQUETE	2026-04-02, CAX vs FLA	4	2	1	2	0	1	0	0	0	1	1	1	0	0	0	0
336	2025-26	NBB	TIAGO M.	CAXIAS DO SUL BASQUETE	2026-04-02, CAX vs FLA	4	0	0	0	0	2	0	0	0	1	1	0	0	0	0	0
336	2025-26	NBB	CUMMINGS	FLAMENGO	2026-04-02, CAX vs FLA	30	14	1	6	3	4	3	3	2	2	4	0	5	0	3	3
336	2025-26	NBB	JOHNSON SR.	FLAMENGO	2026-04-02, CAX vs FLA	32	12	1	1	2	4	4	4	4	1	5	5	0	0	0	3
336	2025-26	NBB	BARALLE	FLAMENGO	2026-04-02, CAX vs FLA	23	11	1	4	3	9	0	0	1	0	1	3	0	0	0	2
336	2025-26	NBB	NEGRETE	FLAMENGO	2026-04-02, CAX vs FLA	30	10	5	10	0	0	0	0	3	2	5	5	0	0	0	1
336	2025-26	NBB	GUEIROS	FLAMENGO	2026-04-02, CAX vs FLA	16	7	0	3	2	4	1	2	0	0	0	2	0	0	0	1
336	2025-26	NBB	WESLEY	FLAMENGO	2026-04-02, CAX vs FLA	20	6	3	4	0	1	0	0	2	1	3	1	0	0	0	2
336	2025-26	NBB	KAYO	FLAMENGO	2026-04-02, CAX vs FLA	14	6	0	0	2	3	0	0	2	0	2	0	0	1	1	3
336	2025-26	NBB	JHONATAN	FLAMENGO	2026-04-02, CAX vs FLA	21	4	2	2	0	3	0	0	3	1	4	1	0	0	3	2
336	2025-26	NBB	DORIA	FLAMENGO	2026-04-02, CAX vs FLA	3	2	0	1	0	0	2	2	0	1	1	0	0	0	0	0
336	2025-26	NBB	MANEL	FLAMENGO	2026-04-02, CAX vs FLA	12	2	1	1	0	1	0	0	2	0	2	1	1	0	1	1
337	2025-26	NBB	D. PENTEADO	PATO BASQUETE	2026-04-02, PAT vs BRA	36	17	4	5	3	13	0	0	4	0	4	2	3	0	3	4
337	2025-26	NBB	GRIGOR	PATO BASQUETE	2026-04-02, PAT vs BRA	31	12	4	6	1	3	1	2	4	2	6	0	0	3	3	4
337	2025-26	NBB	MICHEL	PATO BASQUETE	2026-04-02, PAT vs BRA	32	11	1	1	3	10	0	0	2	3	5	4	1	0	3	3
337	2025-26	NBB	N. GOMES	PATO BASQUETE	2026-04-02, PAT vs BRA	16	7	3	5	0	1	1	1	3	4	7	0	0	0	1	1
337	2025-26	NBB	NAKA	PATO BASQUETE	2026-04-02, PAT vs BRA	29	7	2	6	1	6	0	0	7	3	10	3	0	0	3	4
337	2025-26	NBB	FIDELIS	PATO BASQUETE	2026-04-02, PAT vs BRA	27	2	1	2	0	2	0	0	4	1	5	1	1	0	2	3
337	2025-26	NBB	EULER	PATO BASQUETE	2026-04-02, PAT vs BRA	16	2	1	1	0	3	0	0	4	0	4	2	2	0	4	1
337	2025-26	NBB	NYCOLAS	PATO BASQUETE	2026-04-02, PAT vs BRA	1	0	0	0	0	0	0	0	0	0	0	0	0	0	0	0
337	2025-26	NBB	GUSTAVO	PATO BASQUETE	2026-04-02, PAT vs BRA	1	0	0	0	0	1	0	0	0	0	0	0	0	0	0	0
337	2025-26	NBB	WILLKER Z.	PATO BASQUETE	2026-04-02, PAT vs BRA	6	0	0	0	0	0	0	0	2	0	2	1	1	0	3	5
337	2025-26	NBB	MATEUS	PATO BASQUETE	2026-04-02, PAT vs BRA	6	0	0	0	0	1	0	0	0	0	0	0	0	0	0	1
337	2025-26	NBB	CORVALAN	CAIXA/BRASILIA	2026-04-02, PAT vs BRA	32	22	3	6	4	8	4	7	2	0	2	5	3	0	3	4
337	2025-26	NBB	BRUNAO	CAIXA/BRASILIA	2026-04-02, PAT vs BRA	31	13	5	8	0	2	3	10	5	3	8	2	1	0	2	3
337	2025-26	NBB	BUIU	CAIXA/BRASILIA	2026-04-02, PAT vs BRA	34	10	2	3	2	6	0	0	2	0	2	1	2	0	3	1
337	2025-26	NBB	PAULICHI	CAIXA/BRASILIA	2026-04-02, PAT vs BRA	32	9	1	5	1	2	4	6	4	3	7	3	3	0	0	1
337	2025-26	NBB	VON HAYDIN	CAIXA/BRASILIA	2026-04-02, PAT vs BRA	37	7	0	3	2	9	1	3	3	2	5	0	1	0	3	2
337	2025-26	NBB	PEDRO	CAIXA/BRASILIA	2026-04-02, PAT vs BRA	15	3	1	2	0	1	1	2	3	0	3	0	3	0	0	0
337	2025-26	NBB	CARBONARI	CAIXA/BRASILIA	2026-04-02, PAT vs BRA	11	2	1	3	0	0	0	0	1	0	1	0	0	0	2	3
337	2025-26	NBB	BELLER	CAIXA/BRASILIA	2026-04-02, PAT vs BRA	7	1	0	0	0	0	1	2	2	0	2	0	0	0	1	1
339	2025-26	NBB	HARRIS	BASKET OSASCO	2026-04-03, OSA vs UFC	31	14	2	5	0	4	10	12	3	0	3	2	3	0	6	1
339	2025-26	NBB	DALAQUA	BASKET OSASCO	2026-04-03, OSA vs UFC	20	10	1	2	2	6	2	2	1	0	1	1	1	0	2	3
339	2025-26	NBB	WEBER	BASKET OSASCO	2026-04-03, OSA vs UFC	21	10	1	3	2	5	2	2	2	0	2	2	1	0	3	2
339	2025-26	NBB	EDDY	BASKET OSASCO	2026-04-03, OSA vs UFC	29	9	0	1	3	9	0	2	3	0	3	3	1	0	0	4
339	2025-26	NBB	MALACHIAS	BASKET OSASCO	2026-04-03, OSA vs UFC	24	8	3	7	0	2	2	2	2	1	3	0	0	0	2	2
339	2025-26	NBB	PASSOS	BASKET OSASCO	2026-04-03, OSA vs UFC	27	6	2	2	0	0	2	2	11	3	14	2	0	0	0	3
339	2025-26	NBB	JULIO	BASKET OSASCO	2026-04-03, OSA vs UFC	16	6	0	1	2	5	0	2	0	1	1	3	1	0	0	2
339	2025-26	NBB	BRENO	BASKET OSASCO	2026-04-03, OSA vs UFC	18	2	0	0	0	2	2	4	4	3	7	0	1	0	0	1
339	2025-26	NBB	GRANT	BASKET OSASCO	2026-04-03, OSA vs UFC	5	0	0	1	0	0	0	0	1	0	1	0	0	0	2	3
339	2025-26	NBB	CARIBAUX	BASKET OSASCO	2026-04-03, OSA vs UFC	9	0	0	2	0	2	0	0	1	1	2	2	0	0	2	0
339	2025-26	NBB	MELVIN	UNIFACISA	2026-04-03, OSA vs UFC	21	17	2	4	4	6	1	1	1	0	1	1	0	0	1	2
339	2025-26	NBB	CARR	UNIFACISA	2026-04-03, OSA vs UFC	22	16	4	6	2	6	2	2	7	2	9	2	2	0	1	0
339	2025-26	NBB	JOAO PAULO	UNIFACISA	2026-04-03, OSA vs UFC	20	14	4	6	1	2	3	8	4	2	6	0	1	0	2	2
339	2025-26	NBB	LEAL	UNIFACISA	2026-04-03, OSA vs UFC	19	11	5	9	0	0	1	1	4	1	5	5	1	0	3	3
339	2025-26	NBB	ANTONIO	UNIFACISA	2026-04-03, OSA vs UFC	18	11	3	6	1	2	2	2	1	2	3	3	0	0	1	3
339	2025-26	NBB	SIFONTES	UNIFACISA	2026-04-03, OSA vs UFC	20	10	1	1	2	3	2	2	6	0	6	4	4	1	1	1
339	2025-26	NBB	ANTHONY	UNIFACISA	2026-04-03, OSA vs UFC	18	10	1	2	1	2	5	5	1	0	1	4	1	0	1	3
339	2025-26	NBB	GERSON	UNIFACISA	2026-04-03, OSA vs UFC	16	4	1	2	0	0	2	2	5	0	5	0	1	0	1	2
339	2025-26	NBB	JIMMY	UNIFACISA	2026-04-03, OSA vs UFC	18	3	0	0	1	6	0	0	1	0	1	0	1	0	0	2
339	2025-26	NBB	FLORES	UNIFACISA	2026-04-03, OSA vs UFC	10	3	0	2	1	2	0	0	2	0	2	1	0	0	2	2
339	2025-26	NBB	COELHO	UNIFACISA	2026-04-03, OSA vs UFC	18	2	0	1	0	0	2	2	0	0	0	6	0	0	0	1
340	2025-26	NBB	MATHEUSINHO	BOTAFOGO	2026-04-03, BOT vs CAP	34	22	5	9	3	7	3	7	3	1	4	5	2	0	3	2
340	2025-26	NBB	MACHADO JR.	BOTAFOGO	2026-04-03, BOT vs CAP	23	15	6	10	1	4	0	1	1	1	2	0	2	0	0	2
340	2025-26	NBB	EMANUEL	BOTAFOGO	2026-04-03, BOT vs CAP	34	10	2	4	1	5	3	3	7	1	8	2	1	0	1	2
340	2025-26	NBB	SCHEUER	BOTAFOGO	2026-04-03, BOT vs CAP	28	9	3	7	0	0	3	4	2	2	4	2	0	1	2	1
340	2025-26	NBB	MACHADO	BOTAFOGO	2026-04-03, BOT vs CAP	30	8	1	4	2	5	0	0	3	2	5	5	2	0	5	1
340	2025-26	NBB	DERICK	BOTAFOGO	2026-04-03, BOT vs CAP	16	5	2	4	0	2	1	2	3	0	3	0	1	0	1	3
340	2025-26	NBB	NK	BOTAFOGO	2026-04-03, BOT vs CAP	12	3	0	1	1	1	0	0	3	1	4	0	0	0	0	0
340	2025-26	NBB	ABNER	BOTAFOGO	2026-04-03, BOT vs CAP	6	0	0	2	0	0	0	0	1	1	2	0	0	1	0	0
340	2025-26	NBB	PAULINO	BOTAFOGO	2026-04-03, BOT vs CAP	3	0	0	0	0	0	0	0	0	0	0	0	0	0	0	0
340	2025-26	NBB	LUCAS	BOTAFOGO	2026-04-03, BOT vs CAP	15	0	0	2	0	0	0	0	0	0	0	1	0	0	0	3
340	2025-26	NBB	HUNTER	PAULISTANO	2026-04-03, BOT vs CAP	28	18	6	8	2	6	0	1	5	2	7	3	1	1	0	3
340	2025-26	NBB	SIEWERT	PAULISTANO	2026-04-03, BOT vs CAP	24	14	0	1	4	8	2	2	3	1	4	0	0	0	2	1
340	2025-26	NBB	VITINHO	PAULISTANO	2026-04-03, BOT vs CAP	30	11	3	5	1	3	2	2	2	0	2	9	2	0	5	1
340	2025-26	NBB	SEIXAS	PAULISTANO	2026-04-03, BOT vs CAP	15	11	1	1	3	5	0	0	0	0	0	1	0	0	2	3
340	2025-26	NBB	GABRIEL	PAULISTANO	2026-04-03, BOT vs CAP	25	10	2	3	0	0	6	6	4	3	7	1	1	2	2	2
340	2025-26	NBB	DEMETRIO	PAULISTANO	2026-04-03, BOT vs CAP	16	6	3	4	0	2	0	2	4	1	5	1	0	1	1	0
340	2025-26	NBB	TOVAR	PAULISTANO	2026-04-03, BOT vs CAP	20	6	2	4	0	3	2	2	2	1	3	1	3	0	1	0
340	2025-26	NBB	GUI ABREU	PAULISTANO	2026-04-03, BOT vs CAP	24	6	0	3	2	6	0	0	7	3	10	4	1	0	1	1
340	2025-26	NBB	LEANDRO	PAULISTANO	2026-04-03, BOT vs CAP	14	4	1	1	0	0	2	2	2	1	3	0	0	0	2	3
340	2025-26	NBB	GABRIEL	PAULISTANO	2026-04-03, BOT vs CAP	5	0	0	0	0	1	0	0	1	0	1	0	0	0	1	1
341	2025-26	NBB	MENCA	MOGI BASQUETE	2026-04-03, MOG vs FRA	24	16	5	8	2	5	0	0	1	0	1	0	1	0	1	3
341	2025-26	NBB	HINKLE	MOGI BASQUETE	2026-04-03, MOG vs FRA	29	15	2	6	2	6	5	5	0	0	0	2	0	0	1	2
341	2025-26	NBB	RUIVO	MOGI BASQUETE	2026-04-03, MOG vs FRA	29	13	2	4	3	7	0	0	1	0	1	6	1	0	0	0
341	2025-26	NBB	PAULO	MOGI BASQUETE	2026-04-03, MOG vs FRA	34	11	4	5	1	3	0	0	4	4	8	0	0	1	2	2
341	2025-26	NBB	DIKEMBE	MOGI BASQUETE	2026-04-03, MOG vs FRA	22	10	4	7	0	0	2	2	5	3	8	6	0	0	3	4
341	2025-26	NBB	ANDERSON	MOGI BASQUETE	2026-04-03, MOG vs FRA	20	8	1	1	2	2	0	0	8	1	9	0	1	0	0	0
341	2025-26	NBB	DUANE JOHNSON	MOGI BASQUETE	2026-04-03, MOG vs FRA	16	2	0	1	0	3	2	2	4	1	5	1	0	0	0	0
341	2025-26	NBB	GABRIEL CAMPOS	MOGI BASQUETE	2026-04-03, MOG vs FRA	11	0	0	3	0	3	0	0	1	0	1	3	0	0	0	1
341	2025-26	NBB	MAICON DOUGLAS	MOGI BASQUETE	2026-04-03, MOG vs FRA	5	0	0	0	0	0	0	0	1	0	1	0	0	0	1	1
341	2025-26	NBB	VINI CHAGAS	MOGI BASQUETE	2026-04-03, MOG vs FRA	11	0	0	1	0	0	0	0	2	1	3	0	0	0	0	1
341	2025-26	NBB	DAVID JACKSON	SESI FRANCA	2026-04-03, MOG vs FRA	34	19	4	7	3	4	2	3	1	1	2	1	0	0	1	4
341	2025-26	NBB	GEORGINHO	SESI FRANCA	2026-04-03, MOG vs FRA	38	14	1	2	4	8	0	0	10	3	13	4	0	0	0	0
341	2025-26	NBB	LUCAS DIAS	SESI FRANCA	2026-04-03, MOG vs FRA	31	11	3	4	1	8	2	2	2	0	2	2	0	0	1	2
341	2025-26	NBB	BENNETT	SESI FRANCA	2026-04-03, MOG vs FRA	21	9	3	4	1	4	0	0	1	0	1	0	0	0	2	2
341	2025-26	NBB	RODRIGUEZ	SESI FRANCA	2026-04-03, MOG vs FRA	26	8	1	5	2	7	0	0	3	2	5	2	1	0	0	3
341	2025-26	NBB	LATERZA	SESI FRANCA	2026-04-03, MOG vs FRA	20	7	2	3	1	3	0	0	3	1	4	6	2	0	0	2
341	2025-26	NBB	MINEIRO	SESI FRANCA	2026-04-03, MOG vs FRA	23	6	3	4	0	3	0	0	5	1	6	1	0	0	0	2
341	2025-26	NBB	VINI	SESI FRANCA	2026-04-03, MOG vs FRA	6	5	2	3	0	0	1	2	0	0	0	0	0	0	0	0
342	2025-26	NBB	MAGNA	VASCO DA GAMA	2026-04-04, VAS vs MIN	24	16	6	6	1	3	1	1	3	3	6	1	0	0	1	2
342	2025-26	NBB	ALE	VASCO DA GAMA	2026-04-04, VAS vs MIN	24	16	1	3	2	4	8	9	0	1	1	4	1	0	0	2
342	2025-26	NBB	MORGAN	VASCO DA GAMA	2026-04-04, VAS vs MIN	20	14	2	5	3	5	1	1	3	1	4	2	1	0	4	1
342	2025-26	NBB	MATHIAS	VASCO DA GAMA	2026-04-04, VAS vs MIN	16	12	3	5	0	0	6	7	4	2	6	0	0	0	3	4
342	2025-26	NBB	PEDRO NUNES	VASCO DA GAMA	2026-04-04, VAS vs MIN	27	10	2	2	2	8	0	0	5	0	5	3	0	0	1	2
342	2025-26	NBB	ELIAS	VASCO DA GAMA	2026-04-04, VAS vs MIN	21	7	2	5	0	3	3	4	3	2	5	1	1	1	2	1
342	2025-26	NBB	G. BASILIO	VASCO DA GAMA	2026-04-04, VAS vs MIN	33	4	2	4	0	4	0	0	1	1	2	7	2	0	1	2
342	2025-26	NBB	SERJAO	VASCO DA GAMA	2026-04-04, VAS vs MIN	26	4	2	7	0	1	0	0	1	2	3	2	1	0	3	4
342	2025-26	NBB	JUAN	VASCO DA GAMA	2026-04-04, VAS vs MIN	6	3	0	0	1	2	0	0	0	0	0	0	0	0	0	0
342	2025-26	NBB	ICARO	VASCO DA GAMA	2026-04-04, VAS vs MIN	2	2	1	1	0	0	0	0	0	0	0	0	0	0	1	0
342	2025-26	NBB	WILLIAMS	KTO MINAS	2026-04-04, VAS vs MIN	19	24	2	2	5	9	5	6	3	0	3	1	2	0	0	1
342	2025-26	NBB	PARANHOS	KTO MINAS	2026-04-04, VAS vs MIN	20	20	9	12	0	0	2	3	1	2	3	4	2	1	0	1
342	2025-26	NBB	MCCREE	KTO MINAS	2026-04-04, VAS vs MIN	18	13	2	2	2	4	3	4	4	0	4	1	0	1	1	1
342	2025-26	NBB	ARENGO	KTO MINAS	2026-04-04, VAS vs MIN	19	11	1	3	3	5	0	0	3	0	3	1	0	0	0	3
342	2025-26	NBB	R. RACHEL	KTO MINAS	2026-04-04, VAS vs MIN	22	10	4	4	0	2	2	3	2	6	8	3	3	1	0	3
342	2025-26	NBB	YURI	KTO MINAS	2026-04-04, VAS vs MIN	20	10	5	7	0	3	0	0	3	1	4	3	2	0	1	3
342	2025-26	NBB	FISCHER	KTO MINAS	2026-04-04, VAS vs MIN	19	8	1	2	1	3	3	3	3	0	3	5	0	0	3	2
342	2025-26	NBB	WINI SILVA	KTO MINAS	2026-04-04, VAS vs MIN	16	6	3	8	0	2	0	2	2	3	5	1	1	3	1	2
342	2025-26	NBB	CESAR	KTO MINAS	2026-04-04, VAS vs MIN	7	4	1	2	0	2	2	2	0	0	0	1	0	0	0	0
342	2025-26	NBB	FRAZIER	KTO MINAS	2026-04-04, VAS vs MIN	20	3	0	0	1	4	0	0	0	1	1	9	1	0	1	2
342	2025-26	NBB	RODRIGUEZ	KTO MINAS	2026-04-04, VAS vs MIN	21	0	0	0	0	1	0	0	1	1	2	4	2	0	0	1
343	2025-26	NBB	THOMAS	CORINTHIANS	2026-04-04, COR vs PIN	35	26	7	13	1	5	9	10	1	0	1	1	1	0	1	4
343	2025-26	NBB	ELINHO	CORINTHIANS	2026-04-04, COR vs PIN	37	13	1	4	3	6	2	2	7	0	7	10	0	0	2	2
343	2025-26	NBB	MUNFORD	CORINTHIANS	2026-04-04, COR vs PIN	26	13	1	3	2	5	5	5	7	0	7	2	1	0	0	0
343	2025-26	NBB	RAYMUNDO	CORINTHIANS	2026-04-04, COR vs PIN	26	10	3	7	0	0	4	8	5	2	7	0	0	1	3	4
343	2025-26	NBB	CLARK	CORINTHIANS	2026-04-04, COR vs PIN	34	9	2	8	1	3	2	3	6	2	8	3	1	0	5	3
343	2025-26	NBB	LUCAS CAUE	CORINTHIANS	2026-04-04, COR vs PIN	14	3	1	1	0	0	1	2	5	3	8	0	1	0	2	3
343	2025-26	NBB	C. BORGES	CORINTHIANS	2026-04-04, COR vs PIN	4	0	0	1	0	2	0	0	0	1	1	0	0	0	0	1
343	2025-26	NBB	VICTAO	CORINTHIANS	2026-04-04, COR vs PIN	20	0	0	0	0	3	0	0	1	3	4	0	0	0	1	2
343	2025-26	NBB	T. FARIA	CORINTHIANS	2026-04-04, COR vs PIN	4	0	0	0	0	0	0	0	0	0	0	1	0	0	0	0
343	2025-26	NBB	SLOAN	PINHEIROS	2026-04-04, COR vs PIN	24	17	3	6	3	6	2	2	1	1	2	8	2	0	3	3
343	2025-26	NBB	AGAPY	PINHEIROS	2026-04-04, COR vs PIN	34	15	5	9	0	0	5	6	10	4	14	1	2	3	3	3
343	2025-26	NBB	PACHECO	PINHEIROS	2026-04-04, COR vs PIN	19	10	3	6	1	5	1	2	4	1	5	2	1	0	1	1
343	2025-26	NBB	BETINHO	PINHEIROS	2026-04-04, COR vs PIN	14	10	1	2	2	4	2	2	0	1	1	1	0	0	1	5
343	2025-26	NBB	GREGATE	PINHEIROS	2026-04-04, COR vs PIN	31	6	1	3	1	5	1	2	1	1	2	0	1	0	1	4
343	2025-26	NBB	DJALO	PINHEIROS	2026-04-04, COR vs PIN	33	6	1	5	1	5	1	3	13	1	14	1	0	0	1	2
343	2025-26	NBB	PASTRE	PINHEIROS	2026-04-04, COR vs PIN	28	3	0	1	1	8	0	0	2	1	3	3	0	0	1	4
343	2025-26	NBB	AFONSO	PINHEIROS	2026-04-04, COR vs PIN	5	2	1	2	0	0	0	0	0	0	0	0	0	0	0	3
343	2025-26	NBB	PENHA JR.	PINHEIROS	2026-04-04, COR vs PIN	7	0	0	0	0	1	0	0	0	0	0	0	1	0	0	3
343	2025-26	NBB	MACIEL	PINHEIROS	2026-04-04, COR vs PIN	4	0	0	0	0	0	0	0	1	0	1	0	0	0	0	1
343	2025-26	NBB	BRAYAN	PINHEIROS	2026-04-04, COR vs PIN	1	0	0	0	0	0	0	0	0	0	0	0	0	0	0	0
344	2025-26	NBB	GABRIEL	FORTALEZA BASQUETE CEARENSE	2026-04-04, FOR vs UCO	35	24	2	3	4	7	8	10	4	1	5	2	0	0	1	2
344	2025-26	NBB	DA SILVA	FORTALEZA BASQUETE CEARENSE	2026-04-04, FOR vs UCO	39	20	6	9	2	6	2	4	8	1	9	7	1	1	1	1
344	2025-26	NBB	AUGUSTO VIEIRA	FORTALEZA BASQUETE CEARENSE	2026-04-04, FOR vs UCO	30	16	1	5	3	5	5	6	2	1	3	1	2	0	2	4
344	2025-26	NBB	DUPREE	FORTALEZA BASQUETE CEARENSE	2026-04-04, FOR vs UCO	34	16	6	8	1	6	1	3	1	0	1	4	0	0	3	4
344	2025-26	NBB	ALBERTON	FORTALEZA BASQUETE CEARENSE	2026-04-04, FOR vs UCO	16	9	3	7	1	1	0	0	1	1	2	0	0	1	2	3
344	2025-26	NBB	POPOVIC	FORTALEZA BASQUETE CEARENSE	2026-04-04, FOR vs UCO	30	6	0	4	2	3	0	0	9	0	9	1	1	0	1	2
344	2025-26	NBB	JEANZINHO	FORTALEZA BASQUETE CEARENSE	2026-04-04, FOR vs UCO	9	3	0	0	1	2	0	0	0	0	0	1	0	0	3	0
344	2025-26	NBB	SAMUEL	FORTALEZA BASQUETE CEARENSE	2026-04-04, FOR vs UCO	7	0	0	1	0	0	0	0	0	2	2	0	1	0	0	1
344	2025-26	NBB	SCOTT	CEISC/UNIAO CORINTHIANS	2026-04-04, FOR vs UCO	36	25	8	16	1	2	6	8	5	7	12	1	0	2	3	2
344	2025-26	NBB	BARNES	CEISC/UNIAO CORINTHIANS	2026-04-04, FOR vs UCO	30	23	4	8	5	11	0	0	1	1	2	5	0	0	1	2
344	2025-26	NBB	CARDENAS	CEISC/UNIAO CORINTHIANS	2026-04-04, FOR vs UCO	33	18	4	7	3	3	1	1	6	2	8	3	2	2	0	4
344	2025-26	NBB	VERISSIMO	CEISC/UNIAO CORINTHIANS	2026-04-04, FOR vs UCO	28	12	4	7	0	1	4	5	3	1	4	2	2	0	1	4
344	2025-26	NBB	HETTSHEIMEIR	CEISC/UNIAO CORINTHIANS	2026-04-04, FOR vs UCO	17	7	2	2	1	5	0	0	1	0	1	0	0	1	0	0
344	2025-26	NBB	JONATAN	CEISC/UNIAO CORINTHIANS	2026-04-04, FOR vs UCO	19	6	3	3	0	3	0	0	3	2	5	1	1	0	3	0
344	2025-26	NBB	GOES	CEISC/UNIAO CORINTHIANS	2026-04-04, FOR vs UCO	24	2	1	3	0	4	0	0	4	0	4	5	0	0	3	1
344	2025-26	NBB	ROSSETTO	CEISC/UNIAO CORINTHIANS	2026-04-04, FOR vs UCO	12	0	0	0	0	3	0	0	0	0	0	1	0	0	0	3
345	2025-26	NBB	BRITE	BAURU BASKET	2026-04-06, BAU vs FRA	38	22	1	6	6	8	2	5	4	1	5	6	1	0	3	2
345	2025-26	NBB	EUGENIUSZ	BAURU BASKET	2026-04-06, BAU vs FRA	38	22	7	12	1	3	5	5	6	0	6	5	3	0	2	5
345	2025-26	NBB	ANDREZAO	BAURU BASKET	2026-04-06, BAU vs FRA	36	20	9	16	0	0	2	2	6	5	11	2	0	1	1	4
345	2025-26	NBB	ALEX	BAURU BASKET	2026-04-06, BAU vs FRA	36	14	1	5	3	7	3	4	2	1	3	8	1	0	1	3
345	2025-26	NBB	MATERAN	BAURU BASKET	2026-04-06, BAU vs FRA	22	6	0	0	1	6	3	5	2	0	2	3	0	0	0	4
345	2025-26	NBB	GUSTAVO	BAURU BASKET	2026-04-06, BAU vs FRA	12	3	0	0	1	1	0	0	2	0	2	1	0	0	2	5
345	2025-26	NBB	AUGUSTO	BAURU BASKET	2026-04-06, BAU vs FRA	4	0	0	1	0	0	0	0	0	0	0	0	0	0	0	1
345	2025-26	NBB	MOGI	BAURU BASKET	2026-04-06, BAU vs FRA	1	0	0	1	0	0	0	0	0	0	0	0	0	0	0	0
345	2025-26	NBB	VITHINHO	BAURU BASKET	2026-04-06, BAU vs FRA	4	0	0	0	0	0	0	0	0	0	0	0	0	0	0	0
345	2025-26	NBB	PEDRO	BAURU BASKET	2026-04-06, BAU vs FRA	9	0	0	1	0	0	0	0	1	0	1	0	0	0	0	1
345	2025-26	NBB	LUCAS DIAS	SESI FRANCA	2026-04-06, BAU vs FRA	29	17	4	7	2	5	3	4	5	1	6	2	2	0	1	3
345	2025-26	NBB	GEORGINHO	SESI FRANCA	2026-04-06, BAU vs FRA	39	16	2	6	1	8	9	9	3	0	3	10	2	1	0	0
345	2025-26	NBB	RODRIGUEZ	SESI FRANCA	2026-04-06, BAU vs FRA	20	14	1	2	4	6	0	0	3	2	5	0	1	0	0	3
345	2025-26	NBB	BENNETT	SESI FRANCA	2026-04-06, BAU vs FRA	29	13	3	4	2	3	1	2	4	2	6	2	1	0	1	2
345	2025-26	NBB	DAVID JACKSON	SESI FRANCA	2026-04-06, BAU vs FRA	30	11	3	5	0	5	5	5	7	0	7	4	1	1	1	2
345	2025-26	NBB	MINEIRO	SESI FRANCA	2026-04-06, BAU vs FRA	26	9	1	1	1	4	4	4	4	3	7	1	0	0	1	2
345	2025-26	NBB	VINI	SESI FRANCA	2026-04-06, BAU vs FRA	8	7	3	4	0	1	1	1	0	0	0	0	0	0	3	3
345	2025-26	NBB	LATERZA	SESI FRANCA	2026-04-06, BAU vs FRA	20	4	2	3	0	3	0	0	1	0	1	3	0	0	2	3
346	2025-26	NBB	GABRIEL	FORTALEZA BASQUETE CEARENSE	2026-04-06, FOR vs CAX	38	21	2	4	2	6	11	12	1	0	1	2	1	0	1	2
346	2025-26	NBB	DA SILVA	FORTALEZA BASQUETE CEARENSE	2026-04-06, FOR vs CAX	39	19	6	12	1	3	4	5	4	3	7	4	3	1	3	0
346	2025-26	NBB	DUPREE	FORTALEZA BASQUETE CEARENSE	2026-04-06, FOR vs CAX	24	17	3	4	3	3	2	2	3	1	4	2	1	1	5	0
346	2025-26	NBB	ALBERTON	FORTALEZA BASQUETE CEARENSE	2026-04-06, FOR vs CAX	7	10	3	5	1	1	1	2	0	0	0	0	0	1	2	3
346	2025-26	NBB	SAMUEL	FORTALEZA BASQUETE CEARENSE	2026-04-06, FOR vs CAX	33	8	4	7	0	1	0	0	10	2	12	0	0	2	1	2
346	2025-26	NBB	AUGUSTO VIEIRA	FORTALEZA BASQUETE CEARENSE	2026-04-06, FOR vs CAX	34	6	2	5	0	3	2	6	1	0	1	4	2	1	3	3
346	2025-26	NBB	CAUA	FORTALEZA BASQUETE CEARENSE	2026-04-06, FOR vs CAX	17	2	0	0	0	2	2	2	1	0	1	2	0	0	1	5
346	2025-26	NBB	JEANZINHO	FORTALEZA BASQUETE CEARENSE	2026-04-06, FOR vs CAX	8	0	0	1	0	0	0	0	1	0	1	3	0	0	0	0
346	2025-26	NBB	SHAMELL	CAXIAS DO SUL BASQUETE	2026-04-06, FOR vs CAX	23	23	4	5	5	7	0	0	3	1	4	3	2	0	2	1
346	2025-26	NBB	TIAGO M.	CAXIAS DO SUL BASQUETE	2026-04-06, FOR vs CAX	20	18	2	3	4	6	2	3	1	0	1	1	3	0	1	4
346	2025-26	NBB	VEZARO	CAXIAS DO SUL BASQUETE	2026-04-06, FOR vs CAX	17	14	0	1	4	5	2	2	1	0	1	5	1	0	1	2
346	2025-26	NBB	FABRIZZIO	CAXIAS DO SUL BASQUETE	2026-04-06, FOR vs CAX	16	13	3	6	2	2	1	3	0	0	0	1	1	0	1	1
346	2025-26	NBB	RAFA	CAXIAS DO SUL BASQUETE	2026-04-06, FOR vs CAX	16	9	3	4	1	2	0	0	2	0	2	0	0	0	0	3
346	2025-26	NBB	HUMBERTO	CAXIAS DO SUL BASQUETE	2026-04-06, FOR vs CAX	19	7	1	4	0	0	5	6	4	1	5	1	2	1	1	0
346	2025-26	NBB	AUGUSTO	CAXIAS DO SUL BASQUETE	2026-04-06, FOR vs CAX	23	6	3	4	0	4	0	0	1	1	2	8	1	0	2	4
346	2025-26	NBB	OMENA	CAXIAS DO SUL BASQUETE	2026-04-06, FOR vs CAX	21	6	0	2	2	3	0	0	2	3	5	5	2	0	2	2
346	2025-26	NBB	TOM	CAXIAS DO SUL BASQUETE	2026-04-06, FOR vs CAX	16	4	2	4	0	0	0	0	0	1	1	0	1	0	3	4
346	2025-26	NBB	LUAN	CAXIAS DO SUL BASQUETE	2026-04-06, FOR vs CAX	8	4	2	2	0	0	0	0	3	0	3	1	0	0	0	2
346	2025-26	NBB	MIGUEL	CAXIAS DO SUL BASQUETE	2026-04-06, FOR vs CAX	22	3	0	0	1	3	0	0	3	0	3	1	0	0	0	2
347	2025-26	NBB	FIDELIS	PATO BASQUETE	2026-04-06, PAT vs RCB	28	14	5	8	0	3	4	5	5	4	9	1	1	0	2	2
347	2025-26	NBB	MICHEL	PATO BASQUETE	2026-04-06, PAT vs RCB	33	14	1	3	3	9	3	3	6	0	6	2	2	0	2	2
347	2025-26	NBB	NAKA	PATO BASQUETE	2026-04-06, PAT vs RCB	27	11	1	3	2	4	3	4	3	1	4	6	2	0	2	5
347	2025-26	NBB	EULER	PATO BASQUETE	2026-04-06, PAT vs RCB	17	7	2	2	1	5	0	0	1	0	1	1	1	0	5	2
347	2025-26	NBB	GRIGOR	PATO BASQUETE	2026-04-06, PAT vs RCB	15	7	3	3	0	0	1	2	2	1	3	1	0	2	1	4
347	2025-26	NBB	D. PENTEADO	PATO BASQUETE	2026-04-06, PAT vs RCB	28	6	0	4	1	10	3	5	5	1	6	1	1	1	0	3
347	2025-26	NBB	MATEUS	PATO BASQUETE	2026-04-06, PAT vs RCB	11	5	1	1	1	3	0	0	2	1	3	0	0	0	1	1
347	2025-26	NBB	N. GOMES	PATO BASQUETE	2026-04-06, PAT vs RCB	20	4	1	2	0	2	2	2	4	1	5	2	0	1	3	3
347	2025-26	NBB	WILLKER Z.	PATO BASQUETE	2026-04-06, PAT vs RCB	16	2	1	5	0	0	0	2	3	2	5	1	0	0	1	4
347	2025-26	NBB	NYCOLAS	PATO BASQUETE	2026-04-06, PAT vs RCB	2	0	0	0	0	0	0	0	0	0	0	0	0	0	0	1
347	2025-26	NBB	SCOTT	CONTA SIMPLES RIO CLARO	2026-04-06, PAT vs RCB	25	19	4	11	3	4	2	4	3	0	3	2	3	1	0	1
347	2025-26	NBB	GEMADINHA	CONTA SIMPLES RIO CLARO	2026-04-06, PAT vs RCB	26	18	3	7	1	4	9	11	2	0	2	1	1	0	3	3
347	2025-26	NBB	OWENS	CONTA SIMPLES RIO CLARO	2026-04-06, PAT vs RCB	30	11	4	9	0	0	3	3	8	3	11	1	1	1	2	0
347	2025-26	NBB	VITOR	CONTA SIMPLES RIO CLARO	2026-04-06, PAT vs RCB	22	9	1	3	1	2	4	6	2	3	5	1	1	0	1	3
347	2025-26	NBB	GUI	CONTA SIMPLES RIO CLARO	2026-04-06, PAT vs RCB	30	9	3	6	0	2	3	3	5	1	6	1	0	0	2	2
347	2025-26	NBB	COSTA	CONTA SIMPLES RIO CLARO	2026-04-06, PAT vs RCB	12	5	1	1	1	2	0	1	1	0	1	1	1	0	2	4
347	2025-26	NBB	THYGESEN	CONTA SIMPLES RIO CLARO	2026-04-06, PAT vs RCB	24	4	0	4	1	6	1	1	4	0	4	3	0	0	3	4
347	2025-26	NBB	MURILO	CONTA SIMPLES RIO CLARO	2026-04-06, PAT vs RCB	11	3	0	0	1	3	0	0	1	2	3	0	0	1	0	3
347	2025-26	NBB	BONFIM	CONTA SIMPLES RIO CLARO	2026-04-06, PAT vs RCB	10	0	0	0	0	0	0	0	2	0	2	0	0	1	1	3
347	2025-26	NBB	DOS ANJOS	CONTA SIMPLES RIO CLARO	2026-04-06, PAT vs RCB	12	0	0	0	0	2	0	0	2	0	2	0	0	1	0	1
348	2025-26	NBB	NEGRETE	FLAMENGO	2026-04-06, FLA vs MIN	32	24	9	14	2	7	0	0	7	1	8	2	1	0	2	3
348	2025-26	NBB	BARALLE	FLAMENGO	2026-04-06, FLA vs MIN	24	19	4	8	3	6	2	2	0	0	0	3	0	0	2	2
348	2025-26	NBB	JOHNSON SR.	FLAMENGO	2026-04-06, FLA vs MIN	29	18	3	7	2	6	6	7	4	0	4	3	1	0	0	3
348	2025-26	NBB	CUMMINGS	FLAMENGO	2026-04-06, FLA vs MIN	33	7	2	3	1	3	0	0	2	0	2	4	1	0	1	4
348	2025-26	NBB	WESLEY	FLAMENGO	2026-04-06, FLA vs MIN	16	6	2	3	0	1	2	4	2	2	4	2	0	1	0	5
348	2025-26	NBB	IGOR	FLAMENGO	2026-04-06, FLA vs MIN	7	5	0	1	1	1	2	4	0	0	0	0	0	0	0	2
348	2025-26	NBB	JHONATAN	FLAMENGO	2026-04-06, FLA vs MIN	18	4	0	1	1	2	1	3	2	2	4	0	0	0	1	2
348	2025-26	NBB	GUEIROS	FLAMENGO	2026-04-06, FLA vs MIN	16	2	1	4	0	4	0	0	2	0	2	1	0	0	0	1
348	2025-26	NBB	DORIA	FLAMENGO	2026-04-06, FLA vs MIN	13	1	0	1	0	0	1	2	2	1	3	1	0	2	0	3
348	2025-26	NBB	KAYO	FLAMENGO	2026-04-06, FLA vs MIN	8	0	0	0	0	0	0	0	3	0	3	0	1	0	0	2
348	2025-26	NBB	MANEL	FLAMENGO	2026-04-06, FLA vs MIN	4	0	0	0	0	0	0	0	1	1	2	0	0	0	0	3
348	2025-26	NBB	ARENGO	KTO MINAS	2026-04-06, FLA vs MIN	28	16	2	3	3	6	3	4	3	1	4	2	0	1	0	2
348	2025-26	NBB	FISCHER	KTO MINAS	2026-04-06, FLA vs MIN	21	15	2	6	3	3	2	3	1	1	2	8	1	0	1	3
348	2025-26	NBB	PARANHOS	KTO MINAS	2026-04-06, FLA vs MIN	22	13	4	9	0	0	5	12	5	2	7	0	1	1	0	4
348	2025-26	NBB	FRAZIER	KTO MINAS	2026-04-06, FLA vs MIN	28	13	4	5	0	6	5	6	5	0	5	7	1	0	1	2
348	2025-26	NBB	MCCREE	KTO MINAS	2026-04-06, FLA vs MIN	23	12	4	6	1	3	1	2	4	0	4	0	0	0	1	3
348	2025-26	NBB	R. RACHEL	KTO MINAS	2026-04-06, FLA vs MIN	26	10	2	4	0	3	6	8	3	3	6	1	0	0	1	3
348	2025-26	NBB	WILLIAMS	KTO MINAS	2026-04-06, FLA vs MIN	19	6	1	1	0	3	4	4	2	1	3	0	1	0	2	3
348	2025-26	NBB	YURI	KTO MINAS	2026-04-06, FLA vs MIN	16	4	2	2	0	0	0	0	5	2	7	0	0	0	0	2
348	2025-26	NBB	WINI SILVA	KTO MINAS	2026-04-06, FLA vs MIN	17	4	1	3	0	1	2	2	4	1	5	1	0	1	3	2
349	2025-26	NBB	MACHADO	BOTAFOGO	2026-04-06, BOT vs CRU	33	19	3	4	4	12	1	4	3	0	3	8	5	0	4	2
349	2025-26	NBB	EMANUEL	BOTAFOGO	2026-04-06, BOT vs CRU	31	15	2	2	3	6	2	2	5	1	6	1	3	0	0	3
349	2025-26	NBB	MATHEUSINHO	BOTAFOGO	2026-04-06, BOT vs CRU	32	15	6	8	1	12	0	1	2	1	3	3	2	2	4	1
349	2025-26	NBB	SCHEUER	BOTAFOGO	2026-04-06, BOT vs CRU	19	13	5	13	0	0	3	3	2	3	5	3	1	0	0	3
349	2025-26	NBB	DERICK	BOTAFOGO	2026-04-06, BOT vs CRU	33	12	4	9	1	3	1	1	6	1	7	1	1	1	0	4
349	2025-26	NBB	PAULINO	BOTAFOGO	2026-04-06, BOT vs CRU	9	3	0	0	1	1	0	0	0	0	0	1	1	0	1	0
349	2025-26	NBB	MACHADO JR.	BOTAFOGO	2026-04-06, BOT vs CRU	13	3	0	3	1	2	0	2	1	2	3	1	0	0	1	2
349	2025-26	NBB	ABNER	BOTAFOGO	2026-04-06, BOT vs CRU	9	0	0	1	0	0	0	2	2	3	5	0	1	0	1	2
349	2025-26	NBB	LUCAS	BOTAFOGO	2026-04-06, BOT vs CRU	5	0	0	0	0	1	0	0	0	2	2	0	0	0	0	2
349	2025-26	NBB	NK	BOTAFOGO	2026-04-06, BOT vs CRU	16	0	0	1	0	0	0	0	3	1	4	0	0	0	0	1
349	2025-26	NBB	DA SILVA	CRUZEIRO BASQUETE	2026-04-06, BOT vs CRU	37	16	6	9	0	0	4	4	5	2	7	1	0	0	4	0
349	2025-26	NBB	SENA	CRUZEIRO BASQUETE	2026-04-06, BOT vs CRU	14	12	2	4	1	2	5	5	2	2	4	0	1	1	1	1
349	2025-26	NBB	NIQUE COLEMAN	CRUZEIRO BASQUETE	2026-04-06, BOT vs CRU	15	10	2	4	2	4	0	0	4	0	4	0	0	0	4	1
349	2025-26	NBB	ANSALONI	CRUZEIRO BASQUETE	2026-04-06, BOT vs CRU	26	8	2	2	1	2	1	4	3	1	4	0	0	1	2	2
349	2025-26	NBB	JJ	CRUZEIRO BASQUETE	2026-04-06, BOT vs CRU	27	8	0	2	2	4	2	2	9	2	11	2	2	0	1	2
349	2025-26	NBB	I. THORNTON	CRUZEIRO BASQUETE	2026-04-06, BOT vs CRU	24	7	1	4	1	4	2	2	3	0	3	1	0	0	1	3
349	2025-26	NBB	CASSIANO	CRUZEIRO BASQUETE	2026-04-06, BOT vs CRU	17	5	2	3	0	3	1	1	1	1	2	3	2	0	3	5
349	2025-26	NBB	GITTENS	CRUZEIRO BASQUETE	2026-04-06, BOT vs CRU	20	4	0	2	1	3	1	2	3	1	4	6	0	1	3	1
349	2025-26	NBB	LEO ABREU	CRUZEIRO BASQUETE	2026-04-06, BOT vs CRU	4	0	0	0	0	0	0	0	0	0	0	2	1	0	0	0
349	2025-26	NBB	CLAY	CRUZEIRO BASQUETE	2026-04-06, BOT vs CRU	16	0	0	2	0	4	0	0	2	0	2	1	1	1	3	1
350	2025-26	NBB	ANTHONY	UNIFACISA	2026-04-07, UFC vs UCO	28	19	5	9	3	5	0	0	0	0	0	2	2	0	1	1
350	2025-26	NBB	SIFONTES	UNIFACISA	2026-04-07, UFC vs UCO	24	13	5	7	1	4	0	1	5	1	6	4	3	0	1	3
350	2025-26	NBB	COELHO	UNIFACISA	2026-04-07, UFC vs UCO	27	12	2	6	2	9	2	2	2	0	2	5	2	0	0	2
350	2025-26	NBB	CARR	UNIFACISA	2026-04-07, UFC vs UCO	30	10	3	8	1	2	1	2	4	6	10	0	1	2	1	2
350	2025-26	NBB	GERSON	UNIFACISA	2026-04-07, UFC vs UCO	14	8	4	6	0	0	0	0	2	4	6	1	1	0	0	0
350	2025-26	NBB	LEAL	UNIFACISA	2026-04-07, UFC vs UCO	16	8	4	7	0	0	0	1	6	1	7	0	0	1	3	4
350	2025-26	NBB	JIMMY	UNIFACISA	2026-04-07, UFC vs UCO	35	5	1	1	1	3	0	0	5	2	7	2	2	0	2	4
350	2025-26	NBB	ANTONIO	UNIFACISA	2026-04-07, UFC vs UCO	16	2	1	5	0	2	0	0	1	0	1	0	1	0	0	0
350	2025-26	NBB	JOAO PAULO	UNIFACISA	2026-04-07, UFC vs UCO	9	2	1	2	0	2	0	0	1	0	1	0	0	1	0	2
350	2025-26	NBB	SCOTT	CEISC/UNIAO CORINTHIANS	2026-04-07, UFC vs UCO	33	22	6	10	1	2	7	7	6	3	9	3	0	2	2	3
350	2025-26	NBB	CARDENAS	CEISC/UNIAO CORINTHIANS	2026-04-07, UFC vs UCO	36	16	4	5	2	4	2	2	3	1	4	1	1	0	0	1
350	2025-26	NBB	BARNES	CEISC/UNIAO CORINTHIANS	2026-04-07, UFC vs UCO	38	11	2	9	2	5	1	1	2	0	2	4	1	1	4	2
350	2025-26	NBB	JONATAN	CEISC/UNIAO CORINTHIANS	2026-04-07, UFC vs UCO	22	6	3	5	0	1	0	1	1	1	2	1	0	0	1	4
350	2025-26	NBB	VERISSIMO	CEISC/UNIAO CORINTHIANS	2026-04-07, UFC vs UCO	26	5	2	4	0	0	1	4	5	0	5	2	0	2	1	1
350	2025-26	NBB	GOES	CEISC/UNIAO CORINTHIANS	2026-04-07, UFC vs UCO	19	3	0	1	1	5	0	0	1	0	1	1	1	0	1	2
350	2025-26	NBB	HOLLOWELL	CEISC/UNIAO CORINTHIANS	2026-04-07, UFC vs UCO	15	3	0	1	1	3	0	0	6	1	7	1	0	0	5	1
350	2025-26	NBB	HETTSHEIMEIR	CEISC/UNIAO CORINTHIANS	2026-04-07, UFC vs UCO	7	2	0	0	0	1	2	2	1	0	1	0	0	0	0	0
350	2025-26	NBB	ROSSETTO	CEISC/UNIAO CORINTHIANS	2026-04-07, UFC vs UCO	3	0	0	0	0	1	0	0	0	0	0	0	0	0	0	1
351	2025-26	NBB	BUIU	CAIXA/BRASILIA	2026-04-07, BRA vs SJO	36	20	4	7	3	6	3	4	0	2	2	7	2	0	1	4
351	2025-26	NBB	CORVALAN	CAIXA/BRASILIA	2026-04-07, BRA vs SJO	30	15	2	7	2	7	5	5	6	0	6	4	0	0	6	2
351	2025-26	NBB	BRUNAO	CAIXA/BRASILIA	2026-04-07, BRA vs SJO	26	14	6	10	0	0	2	3	6	1	7	0	0	1	1	5
351	2025-26	NBB	PAULICHI	CAIXA/BRASILIA	2026-04-07, BRA vs SJO	34	14	5	9	1	2	1	2	2	2	4	2	3	0	4	4
351	2025-26	NBB	VON HAYDIN	CAIXA/BRASILIA	2026-04-07, BRA vs SJO	38	13	1	3	3	5	2	2	7	0	7	8	6	0	2	3
351	2025-26	NBB	PEDRO	CAIXA/BRASILIA	2026-04-07, BRA vs SJO	21	11	2	3	1	1	4	5	4	0	4	2	0	0	0	2
351	2025-26	NBB	BELLER	CAIXA/BRASILIA	2026-04-07, BRA vs SJO	10	2	1	2	0	1	0	0	2	1	3	0	0	0	1	2
351	2025-26	NBB	GUSTAVO	CAIXA/BRASILIA	2026-04-07, BRA vs SJO	3	1	0	0	0	0	1	2	0	0	0	0	0	0	0	0
351	2025-26	NBB	ZAGO	CAIXA/BRASILIA	2026-04-07, BRA vs SJO	1	0	0	0	0	0	0	0	1	0	1	0	0	0	0	1
351	2025-26	NBB	MOSQUITO	CAIXA/BRASILIA	2026-04-07, BRA vs SJO	1	0	0	0	0	0	0	0	0	0	0	0	0	0	0	0
351	2025-26	NBB	ADYEL	MR. MOO SAO JOSE BASKETBALL	2026-04-07, BRA vs SJO	32	20	4	6	3	9	3	5	5	0	5	6	2	0	3	1
351	2025-26	NBB	MILLER	MR. MOO SAO JOSE BASKETBALL	2026-04-07, BRA vs SJO	36	16	3	4	3	5	1	2	2	2	4	1	4	0	2	3
351	2025-26	NBB	DOS SANTOS	MR. MOO SAO JOSE BASKETBALL	2026-04-07, BRA vs SJO	28	14	3	8	0	2	8	8	7	1	8	2	0	0	2	4
351	2025-26	NBB	LESSA	MR. MOO SAO JOSE BASKETBALL	2026-04-07, BRA vs SJO	28	9	1	2	2	4	1	2	2	0	2	2	4	0	3	5
351	2025-26	NBB	ANDERSON	MR. MOO SAO JOSE BASKETBALL	2026-04-07, BRA vs SJO	13	7	3	4	0	0	1	3	1	0	1	0	0	0	1	1
351	2025-26	NBB	NICKEL	MR. MOO SAO JOSE BASKETBALL	2026-04-07, BRA vs SJO	14	7	1	5	1	1	2	4	2	2	4	3	1	0	1	2
351	2025-26	NBB	MAIQUE	MR. MOO SAO JOSE BASKETBALL	2026-04-07, BRA vs SJO	26	5	1	3	1	2	0	0	2	1	3	2	0	0	2	0
351	2025-26	NBB	LEO CRAVERO	MR. MOO SAO JOSE BASKETBALL	2026-04-07, BRA vs SJO	14	0	0	3	0	3	0	0	2	1	3	0	1	0	2	0
351	2025-26	NBB	PESSOA	MR. MOO SAO JOSE BASKETBALL	2026-04-07, BRA vs SJO	1	0	0	0	0	0	0	0	0	0	0	0	0	0	0	0
351	2025-26	NBB	CAUE	MR. MOO SAO JOSE BASKETBALL	2026-04-07, BRA vs SJO	7	0	0	0	0	1	0	0	2	0	2	0	0	0	2	3
351	2025-26	NBB	ISAQUE	MR. MOO SAO JOSE BASKETBALL	2026-04-07, BRA vs SJO	1	0	0	0	0	0	0	2	0	0	0	0	0	0	0	0
352	2025-26	NBB	MUNFORD	CORINTHIANS	2026-04-07, COR vs OSA	28	31	5	6	7	8	0	0	3	2	5	1	1	0	2	4
352	2025-26	NBB	THOMAS	CORINTHIANS	2026-04-07, COR vs OSA	19	18	6	10	1	3	3	3	3	0	3	3	0	1	1	0
352	2025-26	NBB	VICTAO	CORINTHIANS	2026-04-07, COR vs OSA	35	14	4	6	2	7	0	0	7	2	9	6	1	0	1	3
352	2025-26	NBB	T. FARIA	CORINTHIANS	2026-04-07, COR vs OSA	22	12	1	3	2	3	4	4	5	1	6	5	0	0	1	0
352	2025-26	NBB	C. BORGES	CORINTHIANS	2026-04-07, COR vs OSA	19	11	1	2	3	4	0	0	1	0	1	3	0	0	1	0
352	2025-26	NBB	LUCAS CAUE	CORINTHIANS	2026-04-07, COR vs OSA	24	8	4	5	0	2	0	1	5	2	7	6	0	0	0	1
352	2025-26	NBB	ELINHO	CORINTHIANS	2026-04-07, COR vs OSA	28	6	0	1	2	6	0	0	2	0	2	8	4	0	4	1
352	2025-26	NBB	RAYMUNDO	CORINTHIANS	2026-04-07, COR vs OSA	17	6	3	4	0	1	0	0	1	2	3	0	0	2	1	0
352	2025-26	NBB	LUKINHAS	CORINTHIANS	2026-04-07, COR vs OSA	2	3	0	0	1	1	0	0	1	0	1	0	0	0	0	0
352	2025-26	NBB	KAIQUE	CORINTHIANS	2026-04-07, COR vs OSA	4	2	1	2	0	0	0	0	0	0	0	0	0	0	0	1
352	2025-26	NBB	M. JAMELAO	CORINTHIANS	2026-04-07, COR vs OSA	3	0	0	0	0	2	0	0	0	0	0	0	0	0	1	0
352	2025-26	NBB	EDDY	BASKET OSASCO	2026-04-07, COR vs OSA	34	38	4	5	10	18	0	0	4	1	5	5	2	0	0	3
352	2025-26	NBB	HARRIS	BASKET OSASCO	2026-04-07, COR vs OSA	37	25	5	9	3	6	6	7	7	2	9	10	2	0	4	1
352	2025-26	NBB	WEBER	BASKET OSASCO	2026-04-07, COR vs OSA	24	13	2	5	3	4	0	0	0	1	1	2	3	0	0	1
352	2025-26	NBB	PASSOS	BASKET OSASCO	2026-04-07, COR vs OSA	34	10	4	5	0	0	2	4	5	2	7	1	2	0	1	1
352	2025-26	NBB	BRENO	BASKET OSASCO	2026-04-07, COR vs OSA	20	4	2	4	0	0	0	0	1	0	1	1	1	0	2	1
352	2025-26	NBB	GRANT	BASKET OSASCO	2026-04-07, COR vs OSA	6	2	1	3	0	0	0	0	1	0	1	1	0	1	1	0
352	2025-26	NBB	JULIO	BASKET OSASCO	2026-04-07, COR vs OSA	9	2	1	2	0	2	0	0	1	0	1	0	1	0	0	0
352	2025-26	NBB	CARIBAUX	BASKET OSASCO	2026-04-07, COR vs OSA	19	2	1	3	0	2	0	0	1	0	1	2	0	0	1	2
352	2025-26	NBB	DALAQUA	BASKET OSASCO	2026-04-07, COR vs OSA	4	0	0	2	0	1	0	0	0	0	0	0	0	0	0	0
352	2025-26	NBB	MALACHIAS	BASKET OSASCO	2026-04-07, COR vs OSA	14	0	0	2	0	1	0	0	0	1	1	0	0	0	1	1
354	2025-26	NBB	DERICK	BOTAFOGO	2026-04-09, BOT vs MIN	25	11	4	4	1	6	0	0	2	0	2	3	0	2	2	0
354	2025-26	NBB	LUCAS	BOTAFOGO	2026-04-09, BOT vs MIN	19	11	2	4	2	3	1	2	0	2	2	1	0	1	0	3
354	2025-26	NBB	SCHEUER	BOTAFOGO	2026-04-09, BOT vs MIN	23	11	4	5	1	1	0	0	0	2	2	1	0	0	2	2
354	2025-26	NBB	MACHADO	BOTAFOGO	2026-04-09, BOT vs MIN	20	10	2	4	2	3	0	0	2	0	2	5	0	0	1	0
354	2025-26	NBB	MACHADO JR.	BOTAFOGO	2026-04-09, BOT vs MIN	20	9	3	5	1	4	0	0	4	0	4	0	0	0	1	1
354	2025-26	NBB	KLEBINHO	BOTAFOGO	2026-04-09, BOT vs MIN	15	5	1	1	1	4	0	0	2	0	2	0	0	0	2	1
354	2025-26	NBB	ABNER	BOTAFOGO	2026-04-09, BOT vs MIN	16	4	2	3	0	0	0	0	2	1	3	0	0	0	2	1
354	2025-26	NBB	EMANUEL	BOTAFOGO	2026-04-09, BOT vs MIN	23	4	1	1	0	5	2	3	4	1	5	1	1	1	2	2
354	2025-26	NBB	MATHEUSINHO	BOTAFOGO	2026-04-09, BOT vs MIN	21	4	0	1	1	7	1	1	1	0	1	4	3	0	1	1
354	2025-26	NBB	NK	BOTAFOGO	2026-04-09, BOT vs MIN	11	2	1	2	0	2	0	0	1	1	2	0	1	0	0	2
354	2025-26	NBB	PAULINO	BOTAFOGO	2026-04-09, BOT vs MIN	4	0	0	0	0	1	0	0	0	0	0	0	0	0	0	0
354	2025-26	NBB	JOAO DAVI	BOTAFOGO	2026-04-09, BOT vs MIN	5	0	0	0	0	2	0	2	0	0	0	0	0	0	0	1
354	2025-26	NBB	FISCHER	KTO MINAS	2026-04-09, BOT vs MIN	16	19	2	2	4	4	3	3	6	0	6	5	0	0	2	1
354	2025-26	NBB	YURI	KTO MINAS	2026-04-09, BOT vs MIN	25	17	4	5	3	6	0	1	3	1	4	2	0	0	1	3
354	2025-26	NBB	MCCREE	KTO MINAS	2026-04-09, BOT vs MIN	18	14	2	4	2	4	4	4	6	1	7	1	1	0	0	3
354	2025-26	NBB	R. RACHEL	KTO MINAS	2026-04-09, BOT vs MIN	24	11	0	3	3	4	2	2	5	1	6	3	0	0	3	2
354	2025-26	NBB	ARENGO	KTO MINAS	2026-04-09, BOT vs MIN	22	10	0	0	3	5	1	2	0	0	0	6	0	0	0	0
354	2025-26	NBB	FRAZIER	KTO MINAS	2026-04-09, BOT vs MIN	10	10	0	1	2	4	4	4	0	0	0	2	0	0	1	1
354	2025-26	NBB	CESAR	KTO MINAS	2026-04-09, BOT vs MIN	25	8	4	4	0	1	0	0	2	3	5	1	3	0	0	2
354	2025-26	NBB	PARANHOS	KTO MINAS	2026-04-09, BOT vs MIN	20	8	4	7	0	0	0	0	4	0	4	1	1	0	6	1
354	2025-26	NBB	WINI SILVA	KTO MINAS	2026-04-09, BOT vs MIN	18	6	3	7	0	1	0	1	4	1	5	0	1	0	3	0
354	2025-26	NBB	RODRIGUEZ	KTO MINAS	2026-04-09, BOT vs MIN	21	3	0	0	1	2	0	0	0	0	0	2	0	0	0	2
355	2025-26	NBB	LUCAS DIAS	SESI FRANCA	2026-04-09, FRA vs PAT	24	23	1	2	7	14	0	0	1	0	1	3	1	0	1	0
355	2025-26	NBB	RODRIGUEZ	SESI FRANCA	2026-04-09, FRA vs PAT	26	16	1	4	4	8	2	2	4	1	5	2	2	0	0	2
355	2025-26	NBB	DAVID JACKSON	SESI FRANCA	2026-04-09, FRA vs PAT	20	15	1	1	4	5	1	2	3	2	5	3	2	0	1	1
355	2025-26	NBB	FELICIO	SESI FRANCA	2026-04-09, FRA vs PAT	23	11	4	6	0	0	3	4	3	5	8	0	0	0	1	1
355	2025-26	NBB	GEORGINHO	SESI FRANCA	2026-04-09, FRA vs PAT	20	10	3	4	1	4	1	1	6	3	9	7	1	0	1	2
355	2025-26	NBB	MINEIRO	SESI FRANCA	2026-04-09, FRA vs PAT	19	8	1	2	2	2	0	0	3	1	4	0	0	1	0	1
355	2025-26	NBB	BENNETT	SESI FRANCA	2026-04-09, FRA vs PAT	16	5	2	2	0	0	1	1	1	1	2	2	2	1	3	0
355	2025-26	NBB	PIA	SESI FRANCA	2026-04-09, FRA vs PAT	5	4	2	3	0	0	0	0	1	0	1	0	0	0	0	1
355	2025-26	NBB	VINI	SESI FRANCA	2026-04-09, FRA vs PAT	16	3	0	5	1	3	0	0	1	2	3	1	0	0	0	0
355	2025-26	NBB	LATERZA	SESI FRANCA	2026-04-09, FRA vs PAT	22	3	0	1	1	9	0	0	3	0	3	3	2	0	3	0
355	2025-26	NBB	NICOLINI	SESI FRANCA	2026-04-09, FRA vs PAT	10	2	0	2	0	2	2	2	1	1	2	5	2	0	0	3
355	2025-26	NBB	GRIGOR	PATO BASQUETE	2026-04-09, FRA vs PAT	27	19	5	7	3	3	0	0	7	0	7	3	1	0	1	0
355	2025-26	NBB	MICHEL	PATO BASQUETE	2026-04-09, FRA vs PAT	28	11	1	2	3	5	0	0	5	0	5	3	1	0	4	0
355	2025-26	NBB	D. PENTEADO	PATO BASQUETE	2026-04-09, FRA vs PAT	21	10	2	5	2	5	0	0	0	1	1	1	1	0	1	2
355	2025-26	NBB	FIDELIS	PATO BASQUETE	2026-04-09, FRA vs PAT	23	9	4	5	0	1	1	1	2	1	3	2	0	0	2	0
355	2025-26	NBB	N. GOMES	PATO BASQUETE	2026-04-09, FRA vs PAT	16	5	2	3	0	1	1	4	2	1	3	0	0	0	1	4
355	2025-26	NBB	NAKA	PATO BASQUETE	2026-04-09, FRA vs PAT	28	5	1	6	1	3	0	2	3	1	4	5	3	0	5	1
355	2025-26	NBB	EULER	PATO BASQUETE	2026-04-09, FRA vs PAT	15	3	0	2	1	4	0	0	1	1	2	3	0	1	3	3
355	2025-26	NBB	WILLKER Z.	PATO BASQUETE	2026-04-09, FRA vs PAT	15	2	0	3	0	0	2	4	3	0	3	0	0	0	1	2
355	2025-26	NBB	NYCOLAS	PATO BASQUETE	2026-04-09, FRA vs PAT	10	0	0	0	0	0	0	0	0	0	0	1	0	0	0	0
355	2025-26	NBB	GUSTAVO	PATO BASQUETE	2026-04-09, FRA vs PAT	5	0	0	1	0	0	0	0	0	0	0	0	0	0	1	1
355	2025-26	NBB	MATEUS	PATO BASQUETE	2026-04-09, FRA vs PAT	14	0	0	0	0	2	0	0	0	0	0	1	0	0	0	2
356	2025-26	NBB	MELVIN	UNIFACISA	2026-04-09, UFC vs CAX	25	15	0	0	4	5	3	4	2	0	2	2	0	0	1	2
356	2025-26	NBB	COELHO	UNIFACISA	2026-04-09, UFC vs CAX	25	15	1	1	3	5	4	4	1	1	2	3	0	0	1	1
356	2025-26	NBB	LEAL	UNIFACISA	2026-04-09, UFC vs CAX	24	12	5	8	0	0	2	2	7	2	9	2	1	1	6	3
356	2025-26	NBB	JIMMY	UNIFACISA	2026-04-09, UFC vs CAX	32	8	1	2	2	5	0	0	4	0	4	2	0	0	1	3
356	2025-26	NBB	SIFONTES	UNIFACISA	2026-04-09, UFC vs CAX	28	7	2	3	0	2	3	5	3	0	3	5	0	0	3	0
356	2025-26	NBB	ANTHONY	UNIFACISA	2026-04-09, UFC vs CAX	15	7	2	4	0	2	3	3	1	0	1	2	0	0	0	1
356	2025-26	NBB	ANTONIO	UNIFACISA	2026-04-09, UFC vs CAX	20	6	3	5	0	2	0	0	2	1	3	0	0	0	1	1
356	2025-26	NBB	CARR	UNIFACISA	2026-04-09, UFC vs CAX	23	0	0	3	0	3	0	0	1	1	2	1	0	1	0	3
356	2025-26	NBB	GERSON	UNIFACISA	2026-04-09, UFC vs CAX	3	0	0	0	0	0	0	0	0	0	0	0	0	0	0	0
356	2025-26	NBB	JOAO PAULO	UNIFACISA	2026-04-09, UFC vs CAX	4	0	0	0	0	1	0	0	3	0	3	0	1	0	0	1
356	2025-26	NBB	SHAMELL	CAXIAS DO SUL BASQUETE	2026-04-09, UFC vs CAX	28	22	4	7	4	6	2	3	2	0	2	3	2	0	0	2
356	2025-26	NBB	AUGUSTO	CAXIAS DO SUL BASQUETE	2026-04-09, UFC vs CAX	28	13	2	4	3	7	0	2	2	0	2	4	5	0	2	2
356	2025-26	NBB	RAFA	CAXIAS DO SUL BASQUETE	2026-04-09, UFC vs CAX	23	13	4	5	1	2	2	2	4	1	5	0	0	1	0	4
356	2025-26	NBB	HUMBERTO	CAXIAS DO SUL BASQUETE	2026-04-09, UFC vs CAX	29	10	4	7	0	0	2	4	2	1	3	3	1	1	2	0
356	2025-26	NBB	FABRIZZIO	CAXIAS DO SUL BASQUETE	2026-04-09, UFC vs CAX	19	9	1	3	1	3	4	4	2	0	2	3	2	0	1	2
356	2025-26	NBB	VEZARO	CAXIAS DO SUL BASQUETE	2026-04-09, UFC vs CAX	16	5	1	2	1	2	0	0	3	0	3	0	1	0	0	4
356	2025-26	NBB	OMENA	CAXIAS DO SUL BASQUETE	2026-04-09, UFC vs CAX	28	4	2	3	0	4	0	0	4	0	4	4	0	0	1	3
356	2025-26	NBB	TOM	CAXIAS DO SUL BASQUETE	2026-04-09, UFC vs CAX	16	4	2	3	0	0	0	0	1	3	4	0	1	0	1	1
356	2025-26	NBB	TIAGO M.	CAXIAS DO SUL BASQUETE	2026-04-09, UFC vs CAX	3	0	0	0	0	2	0	0	0	0	0	0	0	0	0	0
356	2025-26	NBB	MIGUEL	CAXIAS DO SUL BASQUETE	2026-04-09, UFC vs CAX	9	0	0	0	0	2	0	0	1	0	1	0	0	0	0	0
357	2025-26	NBB	VICTAO	CORINTHIANS	2026-04-09, COR vs CAP	34	22	2	6	5	7	3	3	4	2	6	0	0	0	1	2
357	2025-26	NBB	MUNFORD	CORINTHIANS	2026-04-09, COR vs CAP	28	15	2	5	3	5	2	2	6	0	6	1	0	0	1	4
357	2025-26	NBB	ELINHO	CORINTHIANS	2026-04-09, COR vs CAP	40	12	2	4	2	4	2	2	2	0	2	15	2	0	2	2
357	2025-26	NBB	LUCAS CAUE	CORINTHIANS	2026-04-09, COR vs CAP	20	10	4	7	0	0	2	3	4	1	5	0	0	2	1	0
357	2025-26	NBB	CLARK	CORINTHIANS	2026-04-09, COR vs CAP	28	6	1	2	1	6	1	1	3	0	3	5	2	1	3	3
357	2025-26	NBB	RAYMUNDO	CORINTHIANS	2026-04-09, COR vs CAP	17	5	2	4	0	0	1	2	3	1	4	0	0	0	1	1
357	2025-26	NBB	C. BORGES	CORINTHIANS	2026-04-09, COR vs CAP	17	5	1	3	1	2	0	0	1	0	1	0	0	0	3	1
357	2025-26	NBB	THOMAS	CORINTHIANS	2026-04-09, COR vs CAP	16	5	1	3	1	1	0	2	3	0	3	1	0	0	1	4
357	2025-26	NBB	HUNTER	PAULISTANO	2026-04-09, COR vs CAP	32	21	6	11	2	6	3	4	3	1	4	2	0	0	2	2
357	2025-26	NBB	SEIXAS	PAULISTANO	2026-04-09, COR vs CAP	17	14	1	1	4	6	0	0	0	0	0	0	1	0	0	3
357	2025-26	NBB	SIEWERT	PAULISTANO	2026-04-09, COR vs CAP	28	12	4	8	0	0	4	7	4	0	4	2	2	1	1	2
357	2025-26	NBB	VITINHO	PAULISTANO	2026-04-09, COR vs CAP	26	8	0	7	2	6	2	2	4	1	5	3	0	0	1	1
357	2025-26	NBB	LEANDRO	PAULISTANO	2026-04-09, COR vs CAP	24	7	2	5	0	1	3	8	3	5	8	1	1	0	1	4
357	2025-26	NBB	TOVAR	PAULISTANO	2026-04-09, COR vs CAP	16	6	0	1	2	2	0	0	2	1	3	4	2	0	1	0
357	2025-26	NBB	GUI ABREU	PAULISTANO	2026-04-09, COR vs CAP	26	5	1	2	1	4	0	2	3	1	4	2	1	0	1	2
357	2025-26	NBB	DEMETRIO	PAULISTANO	2026-04-09, COR vs CAP	12	4	2	3	0	0	0	1	3	1	4	0	0	0	1	4
357	2025-26	NBB	GABRIEL	PAULISTANO	2026-04-09, COR vs CAP	15	4	2	6	0	0	0	0	3	4	7	1	2	0	0	0
357	2025-26	NBB	GABRIEL	PAULISTANO	2026-04-09, COR vs CAP	3	3	0	0	1	2	0	0	0	0	0	0	0	0	0	1
358	2025-26	NBB	ADYEL	MR. MOO SAO JOSE BASKETBALL	2026-04-10, SJO vs PIN	34	35	7	14	4	12	9	16	6	1	7	6	2	0	6	2
358	2025-26	NBB	DOS SANTOS	MR. MOO SAO JOSE BASKETBALL	2026-04-10, SJO vs PIN	33	13	2	11	1	2	6	8	3	0	3	0	1	0	4	2
358	2025-26	NBB	LEO CRAVERO	MR. MOO SAO JOSE BASKETBALL	2026-04-10, SJO vs PIN	20	9	1	1	1	1	4	6	2	4	6	2	1	1	1	2
358	2025-26	NBB	LESSA	MR. MOO SAO JOSE BASKETBALL	2026-04-10, SJO vs PIN	27	8	0	2	2	6	2	2	3	1	4	3	2	1	1	2
358	2025-26	NBB	ANDERSON	MR. MOO SAO JOSE BASKETBALL	2026-04-10, SJO vs PIN	21	6	3	4	0	0	0	0	1	2	3	2	0	1	1	3
358	2025-26	NBB	CAUE	MR. MOO SAO JOSE BASKETBALL	2026-04-10, SJO vs PIN	22	3	0	1	1	3	0	0	3	1	4	2	4	0	1	3
358	2025-26	NBB	MILLER	MR. MOO SAO JOSE BASKETBALL	2026-04-10, SJO vs PIN	22	2	0	1	0	4	2	4	1	2	3	0	2	0	1	2
358	2025-26	NBB	NICKEL	MR. MOO SAO JOSE BASKETBALL	2026-04-10, SJO vs PIN	6	0	0	0	0	1	0	0	0	0	0	0	0	0	0	1
358	2025-26	NBB	MAIQUE	MR. MOO SAO JOSE BASKETBALL	2026-04-10, SJO vs PIN	12	0	0	0	0	2	0	0	6	1	7	0	0	0	1	3
358	2025-26	NBB	PESSOA	MR. MOO SAO JOSE BASKETBALL	2026-04-10, SJO vs PIN	3	0	0	0	0	1	0	0	0	0	0	0	0	0	0	2
358	2025-26	NBB	PENHA JR.	PINHEIROS	2026-04-10, SJO vs PIN	23	14	1	2	4	5	0	1	2	0	2	0	1	1	1	0
358	2025-26	NBB	BETINHO	PINHEIROS	2026-04-10, SJO vs PIN	17	12	3	3	1	2	3	6	3	0	3	0	0	0	2	3
358	2025-26	NBB	SLOAN	PINHEIROS	2026-04-10, SJO vs PIN	27	11	2	3	2	10	1	1	3	1	4	9	3	0	8	1
358	2025-26	NBB	DJALO	PINHEIROS	2026-04-10, SJO vs PIN	29	10	3	5	1	2	1	1	4	0	4	2	0	0	3	2
358	2025-26	NBB	GREGATE	PINHEIROS	2026-04-10, SJO vs PIN	20	7	2	5	1	4	0	0	4	1	5	5	1	0	3	5
358	2025-26	NBB	PACHECO	PINHEIROS	2026-04-10, SJO vs PIN	16	7	0	2	2	5	1	2	3	1	4	2	2	0	0	1
358	2025-26	NBB	AGAPY	PINHEIROS	2026-04-10, SJO vs PIN	16	6	3	3	0	0	0	2	6	1	7	1	1	1	1	3
358	2025-26	NBB	PASTRE	PINHEIROS	2026-04-10, SJO vs PIN	26	5	1	5	1	5	0	0	2	0	2	0	0	0	3	3
358	2025-26	NBB	AFONSO	PINHEIROS	2026-04-10, SJO vs PIN	17	3	1	1	0	0	1	4	1	3	4	0	0	1	0	4
358	2025-26	NBB	MACIEL	PINHEIROS	2026-04-10, SJO vs PIN	4	0	0	0	0	0	0	0	0	1	1	0	0	0	1	1
358	2025-26	NBB	BRAYAN	PINHEIROS	2026-04-10, SJO vs PIN	5	0	0	0	0	1	0	2	1	0	1	0	0	0	0	2
360	2025-26	NBB	G. BASILIO	VASCO DA GAMA	2026-04-11, VAS vs CRU	35	16	6	9	0	4	4	4	2	2	4	7	0	0	3	4
360	2025-26	NBB	ALE	VASCO DA GAMA	2026-04-11, VAS vs CRU	38	13	2	5	3	6	0	1	3	1	4	7	2	0	6	1
360	2025-26	NBB	MATHIAS	VASCO DA GAMA	2026-04-11, VAS vs CRU	23	10	5	7	0	1	0	0	5	1	6	3	3	0	2	3
360	2025-26	NBB	SERJAO	VASCO DA GAMA	2026-04-11, VAS vs CRU	27	10	2	3	1	2	3	4	5	1	6	2	2	0	1	2
360	2025-26	NBB	ELIAS	VASCO DA GAMA	2026-04-11, VAS vs CRU	33	9	4	6	0	2	1	4	4	0	4	3	1	0	2	2
360	2025-26	NBB	MAGNA	VASCO DA GAMA	2026-04-11, VAS vs CRU	19	8	1	2	2	4	0	0	1	1	2	0	0	0	3	3
360	2025-26	NBB	MORGAN	VASCO DA GAMA	2026-04-11, VAS vs CRU	12	6	0	2	2	4	0	0	1	0	1	2	0	0	2	2
360	2025-26	NBB	PEDRO NUNES	VASCO DA GAMA	2026-04-11, VAS vs CRU	11	0	0	1	0	0	0	0	1	0	1	1	0	0	0	1
360	2025-26	NBB	JUAN	VASCO DA GAMA	2026-04-11, VAS vs CRU	2	0	0	0	0	0	0	0	0	0	0	0	0	0	0	0
360	2025-26	NBB	NIQUE COLEMAN	CRUZEIRO BASQUETE	2026-04-11, VAS vs CRU	32	23	4	6	5	8	0	0	1	1	2	1	2	0	4	5
360	2025-26	NBB	I. THORNTON	CRUZEIRO BASQUETE	2026-04-11, VAS vs CRU	33	18	2	3	4	9	2	2	2	2	4	5	0	0	0	4
360	2025-26	NBB	DA SILVA	CRUZEIRO BASQUETE	2026-04-11, VAS vs CRU	28	14	5	8	0	0	4	4	7	1	8	0	2	0	4	1
360	2025-26	NBB	ANSALONI	CRUZEIRO BASQUETE	2026-04-11, VAS vs CRU	23	12	3	5	1	1	3	4	4	2	6	0	0	0	1	3
360	2025-26	NBB	CASSIANO	CRUZEIRO BASQUETE	2026-04-11, VAS vs CRU	21	9	3	5	1	2	0	0	1	1	2	5	3	0	3	0
360	2025-26	NBB	CLAY	CRUZEIRO BASQUETE	2026-04-11, VAS vs CRU	10	5	1	3	1	2	0	0	2	0	2	1	0	0	1	2
360	2025-26	NBB	GITTENS	CRUZEIRO BASQUETE	2026-04-11, VAS vs CRU	13	4	2	3	0	2	0	2	2	0	2	2	1	0	3	1
360	2025-26	NBB	LEO ABREU	CRUZEIRO BASQUETE	2026-04-11, VAS vs CRU	7	2	1	1	0	1	0	0	0	0	0	3	2	0	0	1
360	2025-26	NBB	SENA	CRUZEIRO BASQUETE	2026-04-11, VAS vs CRU	13	2	1	1	0	1	0	0	1	0	1	0	1	0	0	0
360	2025-26	NBB	JJ	CRUZEIRO BASQUETE	2026-04-11, VAS vs CRU	16	0	0	1	0	2	0	0	2	0	2	1	0	1	0	0
360	2025-26	NBB	DU SOMMER	CRUZEIRO BASQUETE	2026-04-11, VAS vs CRU	4	0	0	0	0	0	0	0	1	0	1	0	0	1	0	0
361	2025-26	NBB	HARRIS	BASKET OSASCO	2026-04-11, OSA vs PAT	38	36	9	14	2	5	12	14	2	0	2	4	6	0	3	0
361	2025-26	NBB	EDDY	BASKET OSASCO	2026-04-11, OSA vs PAT	36	17	4	5	2	16	3	3	3	3	6	0	1	0	0	0
361	2025-26	NBB	BRENO	BASKET OSASCO	2026-04-11, OSA vs PAT	22	9	1	5	2	2	1	1	2	1	3	0	1	0	0	3
361	2025-26	NBB	WEBER	BASKET OSASCO	2026-04-11, OSA vs PAT	24	6	3	7	0	2	0	0	2	0	2	1	1	0	0	3
361	2025-26	NBB	JULIO	BASKET OSASCO	2026-04-11, OSA vs PAT	6	3	0	0	1	3	0	0	0	1	1	0	0	0	0	2
361	2025-26	NBB	MALACHIAS	BASKET OSASCO	2026-04-11, OSA vs PAT	8	2	0	1	0	0	2	4	1	2	3	0	1	0	0	1
361	2025-26	NBB	PASSOS	BASKET OSASCO	2026-04-11, OSA vs PAT	26	2	1	2	0	0	0	2	2	3	5	0	3	1	1	5
361	2025-26	NBB	CARIBAUX	BASKET OSASCO	2026-04-11, OSA vs PAT	25	2	1	3	0	3	0	0	0	1	1	6	1	0	1	1
361	2025-26	NBB	MANAUS	BASKET OSASCO	2026-04-11, OSA vs PAT	3	0	0	0	0	0	0	0	1	0	1	0	0	0	1	0
361	2025-26	NBB	DALAQUA	BASKET OSASCO	2026-04-11, OSA vs PAT	12	0	0	1	0	1	0	0	0	0	0	1	1	0	1	3
361	2025-26	NBB	GRIGOR	PATO BASQUETE	2026-04-11, OSA vs PAT	28	14	4	6	2	4	0	0	6	3	9	0	0	2	4	3
361	2025-26	NBB	NAKA	PATO BASQUETE	2026-04-11, OSA vs PAT	25	11	4	6	1	1	0	0	3	1	4	5	0	0	4	2
361	2025-26	NBB	D. PENTEADO	PATO BASQUETE	2026-04-11, OSA vs PAT	29	11	2	4	2	6	1	2	9	1	10	1	0	0	4	2
361	2025-26	NBB	FIDELIS	PATO BASQUETE	2026-04-11, OSA vs PAT	27	8	3	4	0	1	2	2	2	1	3	1	0	1	3	3
361	2025-26	NBB	MICHEL	PATO BASQUETE	2026-04-11, OSA vs PAT	31	6	0	0	2	12	0	0	1	0	1	7	2	0	1	2
361	2025-26	NBB	MATEUS	PATO BASQUETE	2026-04-11, OSA vs PAT	18	6	0	1	2	3	0	0	1	2	3	1	0	0	0	2
361	2025-26	NBB	EDU MARILIA	PATO BASQUETE	2026-04-11, OSA vs PAT	11	5	2	3	0	2	1	1	2	0	2	1	0	0	2	3
361	2025-26	NBB	EULER	PATO BASQUETE	2026-04-11, OSA vs PAT	20	5	2	3	0	3	1	2	4	1	5	3	1	0	1	3
361	2025-26	NBB	N. GOMES	PATO BASQUETE	2026-04-11, OSA vs PAT	5	2	1	1	0	0	0	0	1	0	1	0	0	1	2	2
361	2025-26	NBB	WILLKER Z.	PATO BASQUETE	2026-04-11, OSA vs PAT	5	0	0	0	0	0	0	0	1	0	1	0	0	0	0	0
362	2025-26	NBB	MATHEUSINHO	BOTAFOGO	2026-04-11, BOT vs FLA	37	50	8	9	6	10	16	21	5	0	5	8	2	0	8	4
362	2025-26	NBB	DERICK	BOTAFOGO	2026-04-11, BOT vs FLA	38	16	8	13	0	1	0	0	5	3	8	2	1	0	2	2
362	2025-26	NBB	SCHEUER	BOTAFOGO	2026-04-11, BOT vs FLA	26	10	3	10	0	0	4	4	1	0	1	1	2	1	2	3
362	2025-26	NBB	EMANUEL	BOTAFOGO	2026-04-11, BOT vs FLA	23	3	0	0	1	3	0	0	1	0	1	0	1	0	1	3
362	2025-26	NBB	MACHADO	BOTAFOGO	2026-04-11, BOT vs FLA	32	2	1	1	0	4	0	0	1	1	2	5	0	0	2	3
362	2025-26	NBB	NK	BOTAFOGO	2026-04-11, BOT vs FLA	16	2	1	1	0	1	0	0	2	1	3	0	1	0	1	4
362	2025-26	NBB	ABNER	BOTAFOGO	2026-04-11, BOT vs FLA	9	2	1	1	0	0	0	0	3	1	4	0	0	0	1	1
362	2025-26	NBB	LUCAS	BOTAFOGO	2026-04-11, BOT vs FLA	7	2	1	1	0	0	0	0	0	0	0	0	0	0	0	1
362	2025-26	NBB	MACHADO JR.	BOTAFOGO	2026-04-11, BOT vs FLA	12	2	1	3	0	0	0	0	1	0	1	1	0	0	1	0
362	2025-26	NBB	PAULINO	BOTAFOGO	2026-04-11, BOT vs FLA	1	0	0	0	0	0	0	0	0	0	0	0	0	0	0	1
362	2025-26	NBB	NEGRETE	FLAMENGO	2026-04-11, BOT vs FLA	35	23	10	11	0	5	3	3	3	1	4	7	2	0	3	1
362	2025-26	NBB	JOHNSON SR.	FLAMENGO	2026-04-11, BOT vs FLA	28	20	4	5	2	5	6	7	2	2	4	7	1	1	4	2
362	2025-26	NBB	CUMMINGS	FLAMENGO	2026-04-11, BOT vs FLA	25	13	3	5	1	2	4	6	2	1	3	1	2	0	2	1
362	2025-26	NBB	WESLEY	FLAMENGO	2026-04-11, BOT vs FLA	28	13	5	8	0	2	3	4	7	2	9	0	4	0	0	3
362	2025-26	NBB	BARALLE	FLAMENGO	2026-04-11, BOT vs FLA	24	12	1	1	3	6	1	1	3	0	3	4	0	0	2	4
362	2025-26	NBB	GUI	FLAMENGO	2026-04-11, BOT vs FLA	16	8	0	0	2	6	2	3	0	0	0	0	1	0	1	0
362	2025-26	NBB	JHONATAN	FLAMENGO	2026-04-11, BOT vs FLA	11	7	1	2	1	2	2	2	0	1	1	0	0	0	0	1
362	2025-26	NBB	KAYO	FLAMENGO	2026-04-11, BOT vs FLA	8	6	0	1	2	2	0	0	0	2	2	0	1	0	0	0
362	2025-26	NBB	GUEIROS	FLAMENGO	2026-04-11, BOT vs FLA	12	0	0	2	0	2	0	0	0	0	0	2	2	0	1	3
362	2025-26	NBB	DORIA	FLAMENGO	2026-04-11, BOT vs FLA	5	0	0	0	0	0	0	0	0	0	0	0	0	0	0	0
362	2025-26	NBB	MANEL	FLAMENGO	2026-04-11, BOT vs FLA	7	0	0	1	0	0	0	0	0	1	1	0	0	1	0	1
363	2025-26	NBB	THYGESEN	CONTA SIMPLES RIO CLARO	2026-04-12, RCB vs FRA	29	22	5	9	3	9	3	4	2	0	2	4	1	0	0	3
363	2025-26	NBB	GEMADINHA	CONTA SIMPLES RIO CLARO	2026-04-12, RCB vs FRA	38	20	3	10	4	7	2	3	3	1	4	0	1	0	1	5
363	2025-26	NBB	SCOTT	CONTA SIMPLES RIO CLARO	2026-04-12, RCB vs FRA	26	13	2	8	1	4	6	6	5	1	6	2	1	0	3	5
363	2025-26	NBB	VITOR	CONTA SIMPLES RIO CLARO	2026-04-12, RCB vs FRA	34	8	1	2	2	5	0	1	5	4	9	0	1	0	2	0
363	2025-26	NBB	GUI	CONTA SIMPLES RIO CLARO	2026-04-12, RCB vs FRA	27	8	0	1	1	2	5	6	4	0	4	0	1	0	1	3
363	2025-26	NBB	OWENS	CONTA SIMPLES RIO CLARO	2026-04-12, RCB vs FRA	11	7	3	4	0	0	1	2	2	0	2	0	0	0	1	3
363	2025-26	NBB	BONFIM	CONTA SIMPLES RIO CLARO	2026-04-12, RCB vs FRA	17	4	1	2	0	0	2	2	0	1	1	1	1	1	0	4
363	2025-26	NBB	MURILO	CONTA SIMPLES RIO CLARO	2026-04-12, RCB vs FRA	12	0	0	0	0	2	0	0	0	1	1	2	0	0	0	1
363	2025-26	NBB	COSTA	CONTA SIMPLES RIO CLARO	2026-04-12, RCB vs FRA	6	0	0	0	0	2	0	0	0	0	0	0	0	0	0	2
363	2025-26	NBB	GEORGINHO	SESI FRANCA	2026-04-12, RCB vs FRA	31	26	4	5	2	3	12	13	9	1	10	4	0	0	2	1
363	2025-26	NBB	LUCAS DIAS	SESI FRANCA	2026-04-12, RCB vs FRA	29	14	2	5	2	7	4	4	1	1	2	2	0	0	3	3
363	2025-26	NBB	MINEIRO	SESI FRANCA	2026-04-12, RCB vs FRA	20	13	3	4	2	2	1	1	2	2	4	0	1	0	0	2
363	2025-26	NBB	DAVID JACKSON	SESI FRANCA	2026-04-12, RCB vs FRA	21	11	2	5	2	4	1	3	2	0	2	5	0	1	1	2
363	2025-26	NBB	LATERZA	SESI FRANCA	2026-04-12, RCB vs FRA	23	11	0	2	2	6	5	5	3	0	3	2	0	0	1	4
363	2025-26	NBB	RODRIGUEZ	SESI FRANCA	2026-04-12, RCB vs FRA	26	8	1	4	2	4	0	0	5	2	7	2	2	0	2	3
363	2025-26	NBB	FELICIO	SESI FRANCA	2026-04-12, RCB vs FRA	13	5	2	3	0	0	1	2	1	0	1	0	0	0	2	4
363	2025-26	NBB	VINI	SESI FRANCA	2026-04-12, RCB vs FRA	9	2	1	1	0	0	0	0	3	1	4	0	0	0	1	2
363	2025-26	NBB	BENNETT	SESI FRANCA	2026-04-12, RCB vs FRA	26	2	1	4	0	0	0	1	3	0	3	4	1	0	1	3
363	2025-26	NBB	PIA	SESI FRANCA	2026-04-12, RCB vs FRA	2	0	0	0	0	0	0	0	0	0	0	0	0	0	0	0
364	2025-26	NBB	WINI SILVA	KTO MINAS	2026-04-12, MIN vs UFC	26	26	6	8	3	5	5	7	7	5	12	1	1	1	2	1
364	2025-26	NBB	MCCREE	KTO MINAS	2026-04-12, MIN vs UFC	29	13	3	6	2	9	1	2	5	1	6	3	0	0	2	2
364	2025-26	NBB	WILLIAMS	KTO MINAS	2026-04-12, MIN vs UFC	33	12	1	7	2	6	4	4	3	2	5	1	0	0	1	1
364	2025-26	NBB	FISCHER	KTO MINAS	2026-04-12, MIN vs UFC	24	11	1	5	1	3	6	6	3	0	3	6	0	0	1	5
364	2025-26	NBB	YURI	KTO MINAS	2026-04-12, MIN vs UFC	19	5	2	3	0	1	1	2	3	2	5	1	1	0	0	2
364	2025-26	NBB	ARENGO	KTO MINAS	2026-04-12, MIN vs UFC	21	5	1	5	1	4	0	0	1	2	3	2	2	0	3	2
364	2025-26	NBB	FRAZIER	KTO MINAS	2026-04-12, MIN vs UFC	16	3	0	3	0	2	3	3	1	0	1	5	0	0	0	2
364	2025-26	NBB	PARANHOS	KTO MINAS	2026-04-12, MIN vs UFC	14	2	1	3	0	0	0	0	3	3	6	0	1	0	1	2
364	2025-26	NBB	R. RACHEL	KTO MINAS	2026-04-12, MIN vs UFC	14	0	0	2	0	2	0	0	1	3	4	0	0	0	1	3
364	2025-26	NBB	CESAR	KTO MINAS	2026-04-12, MIN vs UFC	2	0	0	0	0	0	0	0	0	0	0	0	0	0	0	1
364	2025-26	NBB	RODRIGUEZ	KTO MINAS	2026-04-12, MIN vs UFC	2	0	0	0	0	0	0	0	0	0	0	0	0	0	0	0
364	2025-26	NBB	MELVIN	UNIFACISA	2026-04-12, MIN vs UFC	24	22	3	7	3	5	7	8	2	0	2	0	0	0	0	2
364	2025-26	NBB	ANTONIO	UNIFACISA	2026-04-12, MIN vs UFC	29	18	3	7	4	4	0	0	3	1	4	2	0	0	1	4
364	2025-26	NBB	COELHO	UNIFACISA	2026-04-12, MIN vs UFC	27	14	4	10	1	3	3	3	4	1	5	8	2	0	3	3
364	2025-26	NBB	GERSON	UNIFACISA	2026-04-12, MIN vs UFC	24	6	3	6	0	0	0	0	2	1	3	4	1	1	1	2
364	2025-26	NBB	JIMMY	UNIFACISA	2026-04-12, MIN vs UFC	36	6	2	3	0	1	2	2	10	1	11	1	0	1	2	3
364	2025-26	NBB	ANTHONY	UNIFACISA	2026-04-12, MIN vs UFC	13	5	1	3	0	3	3	4	0	1	1	1	0	0	1	1
364	2025-26	NBB	SIFONTES	UNIFACISA	2026-04-12, MIN vs UFC	16	4	0	0	1	2	1	2	2	0	2	1	0	0	0	2
364	2025-26	NBB	CARR	UNIFACISA	2026-04-12, MIN vs UFC	11	3	0	0	1	2	0	0	1	0	1	0	1	1	1	2
364	2025-26	NBB	LEAL	UNIFACISA	2026-04-12, MIN vs UFC	14	2	1	4	0	0	0	0	0	0	0	0	0	0	3	1
364	2025-26	NBB	JOAO PAULO	UNIFACISA	2026-04-12, MIN vs UFC	5	0	0	0	0	0	0	0	0	0	0	0	0	0	1	4
365	2025-26	NBB	WESLEY	FLAMENGO	2026-04-14, FLA vs VAS	17	20	6	6	1	1	5	5	0	1	1	0	0	0	2	4
365	2025-26	NBB	GUI	FLAMENGO	2026-04-14, FLA vs VAS	26	15	2	4	2	5	5	11	5	1	6	5	2	1	2	0
365	2025-26	NBB	KAYO	FLAMENGO	2026-04-14, FLA vs VAS	18	12	1	3	3	4	1	1	2	1	3	2	0	0	1	2
365	2025-26	NBB	JHONATAN	FLAMENGO	2026-04-14, FLA vs VAS	18	11	1	1	3	4	0	0	4	2	6	1	0	1	0	1
365	2025-26	NBB	JOHNSON SR.	FLAMENGO	2026-04-14, FLA vs VAS	13	10	2	2	1	2	3	5	1	0	1	1	2	0	2	2
365	2025-26	NBB	BARALLE	FLAMENGO	2026-04-14, FLA vs VAS	24	8	2	4	1	5	1	1	3	4	7	5	0	0	2	2
365	2025-26	NBB	CUMMINGS	FLAMENGO	2026-04-14, FLA vs VAS	25	5	2	3	0	1	1	2	3	1	4	2	1	0	3	2
365	2025-26	NBB	DORIA	FLAMENGO	2026-04-14, FLA vs VAS	13	4	2	3	0	0	0	2	2	1	3	1	0	0	0	4
365	2025-26	NBB	IGOR	FLAMENGO	2026-04-14, FLA vs VAS	4	4	2	2	0	0	0	0	0	0	0	1	0	0	0	0
365	2025-26	NBB	NEGRETE	FLAMENGO	2026-04-14, FLA vs VAS	28	3	1	5	0	4	1	2	10	0	10	5	0	0	3	2
365	2025-26	NBB	MANEL	FLAMENGO	2026-04-14, FLA vs VAS	7	3	0	0	1	1	0	0	0	0	0	0	0	0	1	2
365	2025-26	NBB	GUEIROS	FLAMENGO	2026-04-14, FLA vs VAS	8	0	0	1	0	2	0	0	0	0	0	1	0	0	3	1
365	2025-26	NBB	MAGNA	VASCO DA GAMA	2026-04-14, FLA vs VAS	27	17	3	3	2	8	5	5	2	1	3	1	3	0	1	4
365	2025-26	NBB	MORGAN	VASCO DA GAMA	2026-04-14, FLA vs VAS	35	15	1	2	3	8	4	4	4	2	6	2	1	0	1	3
365	2025-26	NBB	MATHIAS	VASCO DA GAMA	2026-04-14, FLA vs VAS	17	11	4	9	0	0	3	6	4	5	9	0	0	0	3	3
365	2025-26	NBB	ALE	VASCO DA GAMA	2026-04-14, FLA vs VAS	37	10	3	6	0	2	4	8	1	1	2	6	2	0	2	1
365	2025-26	NBB	G. BASILIO	VASCO DA GAMA	2026-04-14, FLA vs VAS	27	6	1	4	1	4	1	2	1	0	1	7	1	0	4	4
365	2025-26	NBB	SERJAO	VASCO DA GAMA	2026-04-14, FLA vs VAS	23	5	2	3	0	2	1	2	3	0	3	1	3	0	1	3
365	2025-26	NBB	ELIAS	VASCO DA GAMA	2026-04-14, FLA vs VAS	15	4	2	2	0	2	0	2	2	0	2	2	0	0	1	3
365	2025-26	NBB	JUAN	VASCO DA GAMA	2026-04-14, FLA vs VAS	8	4	2	2	0	3	0	0	0	0	0	0	1	0	3	2
365	2025-26	NBB	PEDRO NUNES	VASCO DA GAMA	2026-04-14, FLA vs VAS	10	3	0	0	1	5	0	0	2	0	2	0	1	0	0	2
365	2025-26	NBB	ICARO	VASCO DA GAMA	2026-04-14, FLA vs VAS	1	0	0	0	0	0	0	0	0	0	0	0	0	0	0	0
366	2025-26	NBB	ARENGO	KTO MINAS	2026-04-14, MIN vs FOR	20	15	4	5	2	5	1	2	2	0	2	4	2	0	1	2
366	2025-26	NBB	MCCREE	KTO MINAS	2026-04-14, MIN vs FOR	18	15	3	5	2	6	3	3	2	4	6	0	0	0	1	1
366	2025-26	NBB	R. RACHEL	KTO MINAS	2026-04-14, MIN vs FOR	21	12	0	0	4	6	0	0	3	1	4	2	2	0	0	2
366	2025-26	NBB	CESAR	KTO MINAS	2026-04-14, MIN vs FOR	18	9	3	3	0	0	3	6	6	1	7	2	2	0	1	2
366	2025-26	NBB	FISCHER	KTO MINAS	2026-04-14, MIN vs FOR	18	7	0	0	2	4	1	2	2	0	2	7	0	0	3	2
366	2025-26	NBB	WILLIAMS	KTO MINAS	2026-04-14, MIN vs FOR	6	6	0	1	2	3	0	0	3	0	3	0	0	0	0	0
366	2025-26	NBB	PARANHOS	KTO MINAS	2026-04-14, MIN vs FOR	20	6	3	8	0	0	0	1	5	1	6	1	1	1	5	3
366	2025-26	NBB	KUEHNE	KTO MINAS	2026-04-14, MIN vs FOR	12	5	1	2	1	3	0	0	0	0	0	0	0	0	1	1
366	2025-26	NBB	FRAZIER	KTO MINAS	2026-04-14, MIN vs FOR	9	5	1	1	1	1	0	0	0	0	0	3	0	0	0	0
366	2025-26	NBB	VINCI	KTO MINAS	2026-04-14, MIN vs FOR	13	4	0	0	0	0	4	6	6	0	6	0	1	1	0	2
366	2025-26	NBB	YURI	KTO MINAS	2026-04-14, MIN vs FOR	25	3	0	3	0	1	3	4	4	4	8	4	2	0	0	3
366	2025-26	NBB	RODRIGUEZ	KTO MINAS	2026-04-14, MIN vs FOR	22	0	0	2	0	3	0	0	0	1	1	3	0	0	4	2
366	2025-26	NBB	ALBERTON	FORTALEZA BASQUETE CEARENSE	2026-04-14, MIN vs FOR	26	16	5	7	2	2	0	2	7	1	8	0	1	0	4	4
366	2025-26	NBB	DA SILVA	FORTALEZA BASQUETE CEARENSE	2026-04-14, MIN vs FOR	37	12	5	12	0	2	2	7	4	3	7	2	1	0	3	4
366	2025-26	NBB	GABRIEL	FORTALEZA BASQUETE CEARENSE	2026-04-14, MIN vs FOR	38	12	5	8	0	7	2	2	4	0	4	2	2	0	2	2
366	2025-26	NBB	SAMUEL	FORTALEZA BASQUETE CEARENSE	2026-04-14, MIN vs FOR	21	5	2	5	0	0	1	1	3	3	6	1	1	0	1	3
366	2025-26	NBB	AUGUSTO VIEIRA	FORTALEZA BASQUETE CEARENSE	2026-04-14, MIN vs FOR	36	5	2	7	0	6	1	2	4	1	5	5	1	0	1	1
366	2025-26	NBB	JEANZINHO	FORTALEZA BASQUETE CEARENSE	2026-04-14, MIN vs FOR	32	3	0	1	1	4	0	0	2	0	2	5	1	0	4	3
366	2025-26	NBB	CAUA	FORTALEZA BASQUETE CEARENSE	2026-04-14, MIN vs FOR	9	3	0	0	1	4	0	0	1	0	1	1	1	0	0	2
367	2025-26	NBB	CLAY	CRUZEIRO BASQUETE	2026-04-14, CRU vs UFC	26	21	3	7	4	6	3	3	2	0	2	4	0	0	1	0
367	2025-26	NBB	DA SILVA	CRUZEIRO BASQUETE	2026-04-14, CRU vs UFC	37	17	7	13	0	0	3	5	5	3	8	3	0	0	1	2
367	2025-26	NBB	ANSALONI	CRUZEIRO BASQUETE	2026-04-14, CRU vs UFC	21	16	3	6	2	3	4	5	1	2	3	2	0	0	2	4
367	2025-26	NBB	I. THORNTON	CRUZEIRO BASQUETE	2026-04-14, CRU vs UFC	33	15	3	5	3	6	0	1	1	0	1	3	0	0	2	1
367	2025-26	NBB	SENA	CRUZEIRO BASQUETE	2026-04-14, CRU vs UFC	12	6	3	6	0	0	0	0	0	0	0	0	0	0	0	1
367	2025-26	NBB	CASSIANO	CRUZEIRO BASQUETE	2026-04-14, CRU vs UFC	23	6	3	5	0	0	0	0	1	0	1	5	2	0	1	3
367	2025-26	NBB	NIQUE COLEMAN	CRUZEIRO BASQUETE	2026-04-14, CRU vs UFC	14	5	1	2	1	2	0	0	1	0	1	1	1	0	1	1
367	2025-26	NBB	JJ	CRUZEIRO BASQUETE	2026-04-14, CRU vs UFC	17	4	0	2	1	2	1	2	1	0	1	2	1	0	0	0
367	2025-26	NBB	LEO ABREU	CRUZEIRO BASQUETE	2026-04-14, CRU vs UFC	10	1	0	0	0	0	1	4	2	0	2	0	0	0	0	2
367	2025-26	NBB	GITTENS	CRUZEIRO BASQUETE	2026-04-14, CRU vs UFC	7	0	0	1	0	1	0	2	2	0	2	2	0	0	1	2
367	2025-26	NBB	SIFONTES	UNIFACISA	2026-04-14, CRU vs UFC	26	18	5	7	1	4	5	5	9	0	9	8	1	1	2	2
367	2025-26	NBB	COELHO	UNIFACISA	2026-04-14, CRU vs UFC	21	13	2	2	3	4	0	0	3	0	3	5	1	0	1	2
367	2025-26	NBB	ANTHONY	UNIFACISA	2026-04-14, CRU vs UFC	24	13	4	6	1	2	2	2	0	0	0	4	0	0	0	2
367	2025-26	NBB	GERSON	UNIFACISA	2026-04-14, CRU vs UFC	15	13	5	5	0	0	3	5	0	2	2	1	0	0	1	3
367	2025-26	NBB	LEAL	UNIFACISA	2026-04-14, CRU vs UFC	21	12	5	10	0	0	2	3	6	3	9	3	0	1	2	3
367	2025-26	NBB	ANTONIO	UNIFACISA	2026-04-14, CRU vs UFC	22	12	3	4	2	5	0	0	1	0	1	0	0	0	1	4
367	2025-26	NBB	JIMMY	UNIFACISA	2026-04-14, CRU vs UFC	34	10	2	4	2	4	0	0	2	1	3	1	3	0	1	1
367	2025-26	NBB	CARR	UNIFACISA	2026-04-14, CRU vs UFC	20	7	2	2	1	3	0	0	5	0	5	0	1	0	1	3
367	2025-26	NBB	MELVIN	UNIFACISA	2026-04-14, CRU vs UFC	5	3	0	0	1	1	0	0	0	0	0	3	0	0	0	3
367	2025-26	NBB	FLORES	UNIFACISA	2026-04-14, CRU vs UFC	6	0	0	0	0	1	0	0	2	0	2	0	0	0	0	1
367	2025-26	NBB	JOAO PAULO	UNIFACISA	2026-04-14, CRU vs UFC	7	0	0	0	0	1	0	0	3	0	3	0	0	0	1	0
368	2025-26	NBB	CORVALAN	CAIXA/BRASILIA	2026-04-14, BRA vs FRA	38	17	3	11	2	10	5	7	3	3	6	7	2	0	2	3
368	2025-26	NBB	PAULICHI	CAIXA/BRASILIA	2026-04-14, BRA vs FRA	40	17	5	8	2	3	1	1	10	1	11	6	2	0	0	2
368	2025-26	NBB	BRUNAO	CAIXA/BRASILIA	2026-04-14, BRA vs FRA	31	17	8	11	0	0	1	3	6	2	8	0	2	2	1	3
368	2025-26	NBB	VON HAYDIN	CAIXA/BRASILIA	2026-04-14, BRA vs FRA	42	16	2	4	4	8	0	0	6	2	8	3	3	1	5	1
368	2025-26	NBB	BUIU	CAIXA/BRASILIA	2026-04-14, BRA vs FRA	33	9	2	5	1	8	2	2	3	1	4	2	2	1	3	4
368	2025-26	NBB	PEDRO	CAIXA/BRASILIA	2026-04-14, BRA vs FRA	17	2	1	2	0	1	0	0	3	0	3	0	1	0	1	3
368	2025-26	NBB	CRESCENZI	CAIXA/BRASILIA	2026-04-14, BRA vs FRA	14	0	0	2	0	3	0	0	2	2	4	0	0	0	0	3
368	2025-26	NBB	BELLER	CAIXA/BRASILIA	2026-04-14, BRA vs FRA	10	0	0	0	0	2	0	0	0	0	0	0	0	0	3	3
368	2025-26	NBB	BRUNAO	SESI FRANCA	2026-04-14, BRA vs FRA	5	3	1	1	0	0	1	3	0	0	0	0	1	0	0	0
368	2025-26	NBB	CORVALAN	SESI FRANCA	2026-04-14, BRA vs FRA	5	3	0	2	1	2	0	0	0	1	1	0	1	0	0	1
368	2025-26	NBB	VON HAYDIN	SESI FRANCA	2026-04-14, BRA vs FRA	5	0	0	0	0	0	0	0	1	1	2	1	0	0	1	1
368	2025-26	NBB	PAULICHI	SESI FRANCA	2026-04-14, BRA vs FRA	5	0	0	0	0	0	0	0	0	0	0	1	0	0	0	0
368	2025-26	NBB	BUIU	SESI FRANCA	2026-04-14, BRA vs FRA	5	0	0	0	0	2	0	0	1	0	1	0	0	0	1	1
369	2025-26	NBB	VERISSIMO	CEISC/UNIAO CORINTHIANS	2026-04-15, UCO vs COR	32	21	9	14	0	3	3	3	3	3	6	5	1	0	1	4
369	2025-26	NBB	HOLLOWELL	CEISC/UNIAO CORINTHIANS	2026-04-15, UCO vs COR	38	21	7	11	1	6	4	4	8	5	13	4	3	1	2	1
369	2025-26	NBB	BARNES	CEISC/UNIAO CORINTHIANS	2026-04-15, UCO vs COR	37	19	5	14	3	5	0	0	5	1	6	4	0	0	4	4
369	2025-26	NBB	GOES	CEISC/UNIAO CORINTHIANS	2026-04-15, UCO vs COR	17	6	0	0	2	5	0	0	2	2	4	0	1	0	1	1
369	2025-26	NBB	SCOTT	CEISC/UNIAO CORINTHIANS	2026-04-15, UCO vs COR	20	6	2	6	0	0	2	2	4	2	6	2	0	0	3	4
369	2025-26	NBB	CARDENAS	CEISC/UNIAO CORINTHIANS	2026-04-15, UCO vs COR	36	6	1	4	0	2	4	8	6	4	10	2	3	3	1	4
369	2025-26	NBB	HETTSHEIMEIR	CEISC/UNIAO CORINTHIANS	2026-04-15, UCO vs COR	13	5	1	3	1	3	0	0	1	0	1	0	0	0	2	0
369	2025-26	NBB	ROSSETTO	CEISC/UNIAO CORINTHIANS	2026-04-15, UCO vs COR	6	2	1	1	0	1	0	0	0	0	0	1	0	0	0	0
369	2025-26	NBB	BRANDAO	CEISC/UNIAO CORINTHIANS	2026-04-15, UCO vs COR	2	0	0	0	0	0	0	0	0	0	0	0	0	0	0	2
369	2025-26	NBB	CLARK	CORINTHIANS	2026-04-15, UCO vs COR	32	28	1	5	7	13	5	5	3	0	3	4	1	1	3	2
369	2025-26	NBB	VICTAO	CORINTHIANS	2026-04-15, UCO vs COR	37	18	1	5	5	15	1	2	8	5	13	1	0	0	6	4
369	2025-26	NBB	MUNFORD	CORINTHIANS	2026-04-15, UCO vs COR	29	12	1	4	3	6	1	2	6	2	8	3	2	0	0	2
369	2025-26	NBB	LUCAS CAUE	CORINTHIANS	2026-04-15, UCO vs COR	27	12	6	7	0	0	0	0	1	0	1	0	1	0	1	4
369	2025-26	NBB	ELINHO	CORINTHIANS	2026-04-15, UCO vs COR	36	7	1	2	1	6	2	2	2	0	2	11	3	0	2	0
369	2025-26	NBB	C. BORGES	CORINTHIANS	2026-04-15, UCO vs COR	10	7	2	2	0	1	3	3	0	0	0	2	1	0	0	0
369	2025-26	NBB	T. FARIA	CORINTHIANS	2026-04-15, UCO vs COR	12	6	0	0	2	3	0	0	0	1	1	2	1	0	1	0
369	2025-26	NBB	RAYMUNDO	CORINTHIANS	2026-04-15, UCO vs COR	15	2	1	3	0	1	0	0	4	1	5	0	1	2	1	3
370	2025-26	NBB	FABRIZZIO	CAXIAS DO SUL BASQUETE	2026-04-15, CAX vs SJO	28	18	2	6	4	6	2	5	5	1	6	3	2	0	1	3
370	2025-26	NBB	SHAMELL	CAXIAS DO SUL BASQUETE	2026-04-15, CAX vs SJO	28	14	3	6	1	4	5	7	4	0	4	4	1	0	1	0
370	2025-26	NBB	VEZARO	CAXIAS DO SUL BASQUETE	2026-04-15, CAX vs SJO	29	13	1	3	3	9	2	2	2	0	2	2	3	0	5	4
370	2025-26	NBB	HUMBERTO	CAXIAS DO SUL BASQUETE	2026-04-15, CAX vs SJO	33	11	4	11	0	0	3	7	5	3	8	5	1	2	5	3
370	2025-26	NBB	LUAN	CAXIAS DO SUL BASQUETE	2026-04-15, CAX vs SJO	3	4	2	3	0	0	0	0	1	0	1	0	0	0	1	3
370	2025-26	NBB	AUGUSTO	CAXIAS DO SUL BASQUETE	2026-04-15, CAX vs SJO	17	3	0	0	1	3	0	0	1	0	1	1	1	0	3	2
370	2025-26	NBB	TOM	CAXIAS DO SUL BASQUETE	2026-04-15, CAX vs SJO	15	2	1	1	0	0	0	0	3	3	6	0	0	1	2	3
370	2025-26	NBB	MIGUEL	CAXIAS DO SUL BASQUETE	2026-04-15, CAX vs SJO	11	0	0	0	0	3	0	0	1	1	2	0	1	0	0	1
370	2025-26	NBB	OMENA	CAXIAS DO SUL BASQUETE	2026-04-15, CAX vs SJO	33	0	0	0	0	3	0	0	3	2	5	2	1	0	0	5
370	2025-26	NBB	TIAGO M.	CAXIAS DO SUL BASQUETE	2026-04-15, CAX vs SJO	4	0	0	0	0	0	0	0	1	0	1	0	0	0	0	0
370	2025-26	NBB	LESSA	MR. MOO SAO JOSE BASKETBALL	2026-04-15, CAX vs SJO	22	10	4	4	0	4	2	4	0	1	1	3	1	0	1	2
370	2025-26	NBB	MAIQUE	MR. MOO SAO JOSE BASKETBALL	2026-04-15, CAX vs SJO	23	10	4	5	0	2	2	2	3	1	4	0	1	1	0	0
370	2025-26	NBB	LEO CRAVERO	MR. MOO SAO JOSE BASKETBALL	2026-04-15, CAX vs SJO	30	10	4	4	0	3	2	2	5	1	6	0	0	0	1	4
370	2025-26	NBB	MILLER	MR. MOO SAO JOSE BASKETBALL	2026-04-15, CAX vs SJO	26	9	1	4	2	4	1	1	4	1	5	2	1	0	1	2
370	2025-26	NBB	CAUE	MR. MOO SAO JOSE BASKETBALL	2026-04-15, CAX vs SJO	23	8	1	2	2	4	0	0	6	1	7	4	1	0	0	1
370	2025-26	NBB	DOS SANTOS	MR. MOO SAO JOSE BASKETBALL	2026-04-15, CAX vs SJO	23	7	2	4	1	2	0	2	6	0	6	2	0	0	4	3
370	2025-26	NBB	ADYEL	MR. MOO SAO JOSE BASKETBALL	2026-04-15, CAX vs SJO	27	6	1	8	0	4	4	4	4	2	6	2	1	2	5	2
370	2025-26	NBB	NICKEL	MR. MOO SAO JOSE BASKETBALL	2026-04-15, CAX vs SJO	11	5	0	1	1	3	2	2	0	0	0	1	0	0	0	0
370	2025-26	NBB	ANDERSON	MR. MOO SAO JOSE BASKETBALL	2026-04-15, CAX vs SJO	14	3	0	1	0	0	3	4	0	1	1	1	2	1	1	4
370	2025-26	NBB	PESSOA	MR. MOO SAO JOSE BASKETBALL	2026-04-15, CAX vs SJO	1	0	0	0	0	0	0	0	0	0	0	0	0	0	0	3
371	2025-26	NBB	DIKEMBE	MOGI BASQUETE	2026-04-15, MOG vs CAP	24	20	9	10	0	0	2	2	11	4	15	1	0	1	4	3
371	2025-26	NBB	HINKLE	MOGI BASQUETE	2026-04-15, MOG vs CAP	21	17	3	3	3	6	2	2	2	0	2	3	0	0	1	4
371	2025-26	NBB	GABRIEL CAMPOS	MOGI BASQUETE	2026-04-15, MOG vs CAP	24	15	0	1	5	6	0	0	2	1	3	5	0	0	2	1
371	2025-26	NBB	MENCA	MOGI BASQUETE	2026-04-15, MOG vs CAP	20	10	1	3	2	2	2	2	2	0	2	1	0	0	1	0
371	2025-26	NBB	VINI CHAGAS	MOGI BASQUETE	2026-04-15, MOG vs CAP	15	7	2	4	1	2	0	0	3	0	3	0	1	0	2	3
371	2025-26	NBB	PAULO	MOGI BASQUETE	2026-04-15, MOG vs CAP	29	6	3	5	0	3	0	0	2	0	2	2	0	0	0	1
371	2025-26	NBB	RUIVO	MOGI BASQUETE	2026-04-15, MOG vs CAP	28	4	0	2	1	4	1	2	2	0	2	8	0	0	2	1
371	2025-26	NBB	VITORIANO	MOGI BASQUETE	2026-04-15, MOG vs CAP	10	3	0	0	1	3	0	0	2	1	3	0	0	0	0	2
371	2025-26	NBB	BAVOSO	MOGI BASQUETE	2026-04-15, MOG vs CAP	12	2	1	2	0	2	0	0	2	0	2	0	0	0	0	2
371	2025-26	NBB	RAUL	MOGI BASQUETE	2026-04-15, MOG vs CAP	2	0	0	1	0	0	0	0	0	0	0	0	0	0	0	0
371	2025-26	NBB	DUANE JOHNSON	MOGI BASQUETE	2026-04-15, MOG vs CAP	13	0	0	1	0	2	0	0	0	0	0	1	1	2	0	2
371	2025-26	NBB	MAICON DOUGLAS	MOGI BASQUETE	2026-04-15, MOG vs CAP	2	0	0	0	0	0	0	0	0	1	1	0	0	0	0	1
371	2025-26	NBB	SIEWERT	PAULISTANO	2026-04-15, MOG vs CAP	21	13	2	4	3	4	0	0	3	2	5	0	0	0	1	3
371	2025-26	NBB	GABRIEL	PAULISTANO	2026-04-15, MOG vs CAP	18	9	3	5	0	0	3	6	3	5	8	1	2	0	0	1
371	2025-26	NBB	GUI ABREU	PAULISTANO	2026-04-15, MOG vs CAP	20	9	2	7	1	2	2	2	3	1	4	0	2	0	1	2
371	2025-26	NBB	VITINHO	PAULISTANO	2026-04-15, MOG vs CAP	26	7	3	8	0	5	1	2	2	0	2	6	0	0	2	1
371	2025-26	NBB	LEANDRO	PAULISTANO	2026-04-15, MOG vs CAP	22	7	2	4	1	1	0	0	2	1	3	1	1	0	0	1
371	2025-26	NBB	HUNTER	PAULISTANO	2026-04-15, MOG vs CAP	29	7	3	9	0	1	1	1	3	0	3	2	2	0	1	1
371	2025-26	NBB	TOVAR	PAULISTANO	2026-04-15, MOG vs CAP	18	6	3	4	0	4	0	0	1	1	2	3	2	0	0	1
371	2025-26	NBB	SEIXAS	PAULISTANO	2026-04-15, MOG vs CAP	16	4	2	5	0	2	0	0	0	0	0	0	1	0	1	1
371	2025-26	NBB	DEMETRIO	PAULISTANO	2026-04-15, MOG vs CAP	16	3	0	3	1	1	0	0	2	2	4	1	0	0	1	1
371	2025-26	NBB	NETO	PAULISTANO	2026-04-15, MOG vs CAP	6	3	1	1	0	1	1	2	0	1	1	0	0	0	0	1
371	2025-26	NBB	GABRIEL	PAULISTANO	2026-04-15, MOG vs CAP	6	2	1	2	0	2	0	0	0	0	0	0	0	0	0	1
371	2025-26	NBB	LUIZ GUILHERME	PAULISTANO	2026-04-15, MOG vs CAP	3	0	0	0	0	0	0	0	0	0	0	0	0	0	0	1
372	2025-26	NBB	GUI	CONTA SIMPLES RIO CLARO	2026-04-16, RCB vs BAU	26	19	7	9	0	0	5	5	7	1	8	1	1	0	2	0
372	2025-26	NBB	MURILO	CONTA SIMPLES RIO CLARO	2026-04-16, RCB vs BAU	18	15	2	2	3	3	2	2	1	0	1	1	0	0	0	0
372	2025-26	NBB	BONFIM	CONTA SIMPLES RIO CLARO	2026-04-16, RCB vs BAU	22	13	4	5	0	0	5	6	7	3	10	2	3	0	3	0
372	2025-26	NBB	SCOTT	CONTA SIMPLES RIO CLARO	2026-04-16, RCB vs BAU	17	10	1	3	2	5	2	2	3	0	3	1	2	2	3	1
372	2025-26	NBB	THYGESEN	CONTA SIMPLES RIO CLARO	2026-04-16, RCB vs BAU	28	10	1	2	2	6	2	2	4	0	4	4	1	0	1	2
372	2025-26	NBB	OWENS	CONTA SIMPLES RIO CLARO	2026-04-16, RCB vs BAU	16	10	3	3	0	0	4	4	6	0	6	1	0	0	3	4
372	2025-26	NBB	VITOR	CONTA SIMPLES RIO CLARO	2026-04-16, RCB vs BAU	24	7	0	0	1	3	4	4	4	0	4	2	0	0	1	2
372	2025-26	NBB	GEMADINHA	CONTA SIMPLES RIO CLARO	2026-04-16, RCB vs BAU	27	6	3	8	0	7	0	0	1	1	2	5	1	0	0	2
372	2025-26	NBB	COSTA	CONTA SIMPLES RIO CLARO	2026-04-16, RCB vs BAU	13	3	0	0	1	1	0	0	1	0	1	0	0	0	3	1
372	2025-26	NBB	AKIN	CONTA SIMPLES RIO CLARO	2026-04-16, RCB vs BAU	3	2	1	2	0	0	0	0	0	0	0	0	0	0	0	2
372	2025-26	NBB	ENZO	CONTA SIMPLES RIO CLARO	2026-04-16, RCB vs BAU	3	0	0	1	0	1	0	0	0	1	1	0	0	0	0	1
372	2025-26	NBB	PASTOR	CONTA SIMPLES RIO CLARO	2026-04-16, RCB vs BAU	3	0	0	0	0	0	0	0	0	0	0	0	0	0	0	0
372	2025-26	NBB	BRITE	BAURU BASKET	2026-04-16, RCB vs BAU	23	16	2	4	3	8	3	4	3	0	3	0	0	0	1	2
372	2025-26	NBB	VITHINHO	BAURU BASKET	2026-04-16, RCB vs BAU	19	9	2	3	0	2	5	5	0	0	0	2	0	0	0	3
372	2025-26	NBB	ANDREZAO	BAURU BASKET	2026-04-16, RCB vs BAU	25	8	3	10	0	0	2	3	3	1	4	2	0	0	3	3
372	2025-26	NBB	PEDRO	BAURU BASKET	2026-04-16, RCB vs BAU	23	8	1	2	2	3	0	0	2	1	3	3	1	0	1	2
372	2025-26	NBB	EUGENIUSZ	BAURU BASKET	2026-04-16, RCB vs BAU	22	7	2	3	0	2	3	4	2	1	3	2	2	0	3	4
372	2025-26	NBB	MATERAN	BAURU BASKET	2026-04-16, RCB vs BAU	21	5	1	2	1	3	0	0	2	1	3	0	0	0	0	2
372	2025-26	NBB	AUGUSTO	BAURU BASKET	2026-04-16, RCB vs BAU	10	4	2	3	0	2	0	0	1	1	2	0	0	0	3	3
372	2025-26	NBB	GUSTAVO	BAURU BASKET	2026-04-16, RCB vs BAU	17	4	2	2	0	2	0	0	3	1	4	1	0	0	0	1
372	2025-26	NBB	MOGI	BAURU BASKET	2026-04-16, RCB vs BAU	16	2	1	8	0	2	0	0	3	3	6	1	0	0	0	0
372	2025-26	NBB	ALEX	BAURU BASKET	2026-04-16, RCB vs BAU	24	0	0	2	0	3	0	0	1	1	2	4	1	0	5	3
373	2025-26	NBB	DA SILVA	CRUZEIRO BASQUETE	2026-04-16, CRU vs FOR	31	23	9	14	0	1	5	7	10	1	11	1	3	1	5	0
373	2025-26	NBB	NIQUE COLEMAN	CRUZEIRO BASQUETE	2026-04-16, CRU vs FOR	30	20	4	6	2	8	6	6	3	1	4	3	1	0	1	2
373	2025-26	NBB	ANSALONI	CRUZEIRO BASQUETE	2026-04-16, CRU vs FOR	31	17	7	9	1	2	0	0	7	2	9	1	0	1	1	4
373	2025-26	NBB	JJ	CRUZEIRO BASQUETE	2026-04-16, CRU vs FOR	11	14	0	0	4	7	2	2	2	0	2	3	0	0	1	2
373	2025-26	NBB	LEO ABREU	CRUZEIRO BASQUETE	2026-04-16, CRU vs FOR	20	5	1	2	1	3	0	0	4	1	5	5	1	1	3	1
373	2025-26	NBB	CASSIANO	CRUZEIRO BASQUETE	2026-04-16, CRU vs FOR	20	4	1	4	0	1	2	3	0	1	1	7	2	0	1	2
373	2025-26	NBB	I. THORNTON	CRUZEIRO BASQUETE	2026-04-16, CRU vs FOR	25	2	1	2	0	5	0	0	2	2	4	3	0	0	0	2
373	2025-26	NBB	SENA	CRUZEIRO BASQUETE	2026-04-16, CRU vs FOR	4	1	0	0	0	0	1	2	0	0	0	0	0	1	0	0
373	2025-26	NBB	CLAY	CRUZEIRO BASQUETE	2026-04-16, CRU vs FOR	17	0	0	5	0	2	0	0	3	0	3	2	0	0	1	2
373	2025-26	NBB	DU SOMMER	CRUZEIRO BASQUETE	2026-04-16, CRU vs FOR	4	0	0	0	0	0	0	0	1	1	2	1	0	0	0	2
373	2025-26	NBB	DUPREE	FORTALEZA BASQUETE CEARENSE	2026-04-16, CRU vs FOR	40	28	4	10	4	11	8	9	5	1	6	6	1	1	3	1
373	2025-26	NBB	ALBERTON	FORTALEZA BASQUETE CEARENSE	2026-04-16, CRU vs FOR	39	15	6	14	0	2	3	7	7	7	14	1	2	0	2	4
373	2025-26	NBB	AUGUSTO VIEIRA	FORTALEZA BASQUETE CEARENSE	2026-04-16, CRU vs FOR	37	12	2	6	1	3	5	6	5	0	5	3	2	0	1	4
373	2025-26	NBB	SAMUEL	FORTALEZA BASQUETE CEARENSE	2026-04-16, CRU vs FOR	29	11	4	8	1	2	0	1	4	3	7	0	1	0	0	5
373	2025-26	NBB	JEANZINHO	FORTALEZA BASQUETE CEARENSE	2026-04-16, CRU vs FOR	28	7	1	7	1	4	2	2	3	1	4	5	1	0	3	4
373	2025-26	NBB	CAUA	FORTALEZA BASQUETE CEARENSE	2026-04-16, CRU vs FOR	26	4	2	2	0	4	0	0	0	2	2	1	1	2	1	1
374	2025-26	NBB	PENHA JR.	PINHEIROS	2026-04-16, PIN vs PAT	27	17	1	1	4	9	3	3	4	1	5	2	1	0	0	0
374	2025-26	NBB	SLOAN	PINHEIROS	2026-04-16, PIN vs PAT	20	16	3	5	2	3	4	6	2	0	2	2	1	0	3	2
374	2025-26	NBB	BORACINA	PINHEIROS	2026-04-16, PIN vs PAT	24	13	2	4	3	6	0	0	1	0	1	1	1	0	2	2
374	2025-26	NBB	DJALO	PINHEIROS	2026-04-16, PIN vs PAT	21	13	2	5	3	7	0	0	5	1	6	0	5	0	2	0
374	2025-26	NBB	GREGATE	PINHEIROS	2026-04-16, PIN vs PAT	17	9	2	3	1	2	2	4	1	0	1	10	1	0	2	1
374	2025-26	NBB	AGAPY	PINHEIROS	2026-04-16, PIN vs PAT	13	6	3	4	0	0	0	0	0	0	0	2	2	0	0	1
374	2025-26	NBB	MACIEL	PINHEIROS	2026-04-16, PIN vs PAT	17	5	1	2	1	4	0	0	4	1	5	1	1	0	1	3
374	2025-26	NBB	BUFFAT	PINHEIROS	2026-04-16, PIN vs PAT	11	4	1	3	0	0	2	2	2	2	4	0	1	0	1	0
374	2025-26	NBB	AFONSO	PINHEIROS	2026-04-16, PIN vs PAT	15	3	1	1	0	0	1	2	2	3	5	0	1	0	1	1
374	2025-26	NBB	BRAYAN	PINHEIROS	2026-04-16, PIN vs PAT	12	2	1	2	0	1	0	0	2	2	4	0	0	1	0	1
374	2025-26	NBB	PASTRE	PINHEIROS	2026-04-16, PIN vs PAT	9	0	0	1	0	0	0	0	2	0	2	2	0	0	1	2
374	2025-26	NBB	NASCIMENTO	PINHEIROS	2026-04-16, PIN vs PAT	14	0	0	0	0	2	0	0	0	1	1	2	2	0	0	2
374	2025-26	NBB	GRIGOR	PATO BASQUETE	2026-04-16, PIN vs PAT	29	16	4	5	2	4	2	2	5	3	8	2	1	0	6	0
374	2025-26	NBB	N. GOMES	PATO BASQUETE	2026-04-16, PIN vs PAT	27	14	5	8	1	3	1	2	2	4	6	3	2	1	2	1
374	2025-26	NBB	NAKA	PATO BASQUETE	2026-04-16, PIN vs PAT	31	6	1	6	1	3	1	2	3	2	5	3	2	0	2	3
374	2025-26	NBB	FIDELIS	PATO BASQUETE	2026-04-16, PIN vs PAT	14	5	1	3	0	1	3	5	2	1	3	0	0	0	3	2
374	2025-26	NBB	GUSTAVO	PATO BASQUETE	2026-04-16, PIN vs PAT	7	5	1	1	1	1	0	0	1	0	1	0	0	1	2	0
374	2025-26	NBB	WILLKER Z.	PATO BASQUETE	2026-04-16, PIN vs PAT	10	4	2	3	0	0	0	0	1	0	1	0	1	0	1	1
374	2025-26	NBB	EULER	PATO BASQUETE	2026-04-16, PIN vs PAT	24	3	1	4	0	3	1	2	5	0	5	7	0	0	3	3
374	2025-26	NBB	NYCOLAS	PATO BASQUETE	2026-04-16, PIN vs PAT	11	2	1	1	0	2	0	0	0	0	0	0	0	0	0	0
374	2025-26	NBB	MATEUS	PATO BASQUETE	2026-04-16, PIN vs PAT	24	0	0	0	0	2	0	0	1	0	1	1	2	0	2	4
374	2025-26	NBB	D. PENTEADO	PATO BASQUETE	2026-04-16, PIN vs PAT	20	0	0	5	0	3	0	0	1	3	4	1	0	0	2	5
374	2025-26	NBB	LUCAS	PATO BASQUETE	2026-04-16, PIN vs PAT	2	0	0	0	0	0	0	0	0	0	0	0	0	0	0	0
375	2025-26	NBB	HUMBERTO	CAXIAS DO SUL BASQUETE	2026-04-17, CAX vs COR	32	18	5	9	1	3	5	6	3	2	5	7	1	1	3	3
375	2025-26	NBB	RAFA	CAXIAS DO SUL BASQUETE	2026-04-17, CAX vs COR	25	13	1	3	3	4	2	2	2	0	2	2	0	0	0	3
375	2025-26	NBB	AUGUSTO	CAXIAS DO SUL BASQUETE	2026-04-17, CAX vs COR	24	12	1	3	3	6	1	2	3	0	3	3	1	0	0	5
375	2025-26	NBB	SHAMELL	CAXIAS DO SUL BASQUETE	2026-04-17, CAX vs COR	28	11	1	8	3	5	0	0	0	1	1	2	0	0	0	1
375	2025-26	NBB	FABRIZZIO	CAXIAS DO SUL BASQUETE	2026-04-17, CAX vs COR	19	9	0	0	3	5	0	0	2	0	2	4	0	1	2	3
375	2025-26	NBB	OMENA	CAXIAS DO SUL BASQUETE	2026-04-17, CAX vs COR	32	8	0	0	2	4	2	2	2	2	4	4	1	0	0	1
375	2025-26	NBB	MIGUEL	CAXIAS DO SUL BASQUETE	2026-04-17, CAX vs COR	15	5	1	1	1	4	0	0	0	1	1	1	0	0	0	3
375	2025-26	NBB	VEZARO	CAXIAS DO SUL BASQUETE	2026-04-17, CAX vs COR	20	3	1	1	0	3	1	1	3	1	4	1	1	0	1	0
375	2025-26	NBB	TOM	CAXIAS DO SUL BASQUETE	2026-04-17, CAX vs COR	5	0	0	0	0	0	0	0	1	1	2	0	0	0	1	1
375	2025-26	NBB	C. BORGES	CORINTHIANS	2026-04-17, CAX vs COR	21	19	2	3	4	4	3	4	4	0	4	2	1	0	0	3
375	2025-26	NBB	MUNFORD	CORINTHIANS	2026-04-17, CAX vs COR	32	15	3	5	3	8	0	0	3	4	7	2	0	0	0	2
375	2025-26	NBB	ELINHO	CORINTHIANS	2026-04-17, CAX vs COR	28	14	1	1	4	4	0	0	3	0	3	11	0	0	5	2
375	2025-26	NBB	VICTAO	CORINTHIANS	2026-04-17, CAX vs COR	30	12	3	5	1	3	3	4	5	2	7	3	2	2	1	3
375	2025-26	NBB	RAYMUNDO	CORINTHIANS	2026-04-17, CAX vs COR	20	11	5	5	0	1	1	3	3	1	4	2	0	1	3	2
375	2025-26	NBB	LUCAS CAUE	CORINTHIANS	2026-04-17, CAX vs COR	21	8	3	4	0	1	2	3	4	2	6	2	0	0	1	3
375	2025-26	NBB	T. FARIA	CORINTHIANS	2026-04-17, CAX vs COR	21	8	1	3	2	4	0	0	0	0	0	2	0	0	0	1
375	2025-26	NBB	KAIQUE	CORINTHIANS	2026-04-17, CAX vs COR	10	5	1	3	1	2	0	0	0	1	1	1	0	0	0	0
375	2025-26	NBB	CLARK	CORINTHIANS	2026-04-17, CAX vs COR	16	0	0	2	0	2	0	0	3	0	3	4	1	0	0	1
376	2025-26	NBB	HOLLOWELL	CEISC/UNIAO CORINTHIANS	2026-04-17, UCO vs SJO	35	28	12	15	1	4	1	1	3	2	5	3	2	0	5	3
376	2025-26	NBB	BARNES	CEISC/UNIAO CORINTHIANS	2026-04-17, UCO vs SJO	33	23	1	4	6	12	3	3	1	0	1	3	0	0	1	4
376	2025-26	NBB	SCOTT	CEISC/UNIAO CORINTHIANS	2026-04-17, UCO vs SJO	35	16	5	10	0	2	6	7	13	1	14	4	1	1	2	4
376	2025-26	NBB	HETTSHEIMEIR	CEISC/UNIAO CORINTHIANS	2026-04-17, UCO vs SJO	13	11	1	1	3	7	0	0	2	0	2	1	0	0	0	1
376	2025-26	NBB	CARDENAS	CEISC/UNIAO CORINTHIANS	2026-04-17, UCO vs SJO	34	7	1	2	0	0	5	5	4	3	7	2	2	0	0	4
376	2025-26	NBB	GOES	CEISC/UNIAO CORINTHIANS	2026-04-17, UCO vs SJO	20	7	2	2	1	5	0	0	4	0	4	6	0	1	2	1
376	2025-26	NBB	VERISSIMO	CEISC/UNIAO CORINTHIANS	2026-04-17, UCO vs SJO	14	3	1	3	0	1	1	2	1	1	2	2	1	0	1	4
376	2025-26	NBB	ROSSETTO	CEISC/UNIAO CORINTHIANS	2026-04-17, UCO vs SJO	15	2	1	1	0	0	0	0	3	0	3	3	0	0	1	3
376	2025-26	NBB	ADYEL	MR. MOO SAO JOSE BASKETBALL	2026-04-17, UCO vs SJO	28	19	1	6	2	7	11	13	0	0	0	3	0	0	0	3
376	2025-26	NBB	LESSA	MR. MOO SAO JOSE BASKETBALL	2026-04-17, UCO vs SJO	20	13	4	5	1	4	2	2	1	0	1	1	3	0	2	0
376	2025-26	NBB	ANDERSON	MR. MOO SAO JOSE BASKETBALL	2026-04-17, UCO vs SJO	19	13	6	8	0	0	1	2	2	0	2	0	0	0	0	2
376	2025-26	NBB	DOS SANTOS	MR. MOO SAO JOSE BASKETBALL	2026-04-17, UCO vs SJO	26	10	2	4	1	4	3	4	6	1	7	2	0	0	1	3
376	2025-26	NBB	NICKEL	MR. MOO SAO JOSE BASKETBALL	2026-04-17, UCO vs SJO	20	10	3	7	0	3	4	4	2	0	2	6	3	0	2	1
376	2025-26	NBB	LEO CRAVERO	MR. MOO SAO JOSE BASKETBALL	2026-04-17, UCO vs SJO	26	8	2	4	1	1	1	4	2	3	5	2	0	1	3	2
376	2025-26	NBB	MAIQUE	MR. MOO SAO JOSE BASKETBALL	2026-04-17, UCO vs SJO	21	7	1	2	1	1	2	2	2	2	4	2	2	0	0	4
376	2025-26	NBB	MILLER	MR. MOO SAO JOSE BASKETBALL	2026-04-17, UCO vs SJO	22	6	1	2	1	3	1	1	1	0	1	1	2	0	0	1
376	2025-26	NBB	CAUE	MR. MOO SAO JOSE BASKETBALL	2026-04-17, UCO vs SJO	18	2	1	1	0	3	0	0	3	2	5	4	0	1	1	2
377	2025-26	NBB	VINI CHAGAS	MOGI BASQUETE	2026-04-17, MOG vs OSA	30	18	6	8	2	4	0	0	7	2	9	1	1	0	0	1
377	2025-26	NBB	MAICON DOUGLAS	MOGI BASQUETE	2026-04-17, MOG vs OSA	32	16	8	9	0	1	0	0	9	9	18	0	1	0	0	1
377	2025-26	NBB	MENCA	MOGI BASQUETE	2026-04-17, MOG vs OSA	25	14	4	11	2	7	0	0	3	1	4	3	2	0	3	4
377	2025-26	NBB	IGOR	MOGI BASQUETE	2026-04-17, MOG vs OSA	12	7	1	2	1	3	2	2	0	1	1	1	1	0	0	1
377	2025-26	NBB	BAVOSO	MOGI BASQUETE	2026-04-17, MOG vs OSA	22	6	3	6	0	5	0	0	2	0	2	2	1	0	1	1
377	2025-26	NBB	RAUL	MOGI BASQUETE	2026-04-17, MOG vs OSA	10	4	2	3	0	3	0	0	0	0	0	1	0	0	1	0
377	2025-26	NBB	GABRIEL CAMPOS	MOGI BASQUETE	2026-04-17, MOG vs OSA	24	3	0	4	1	4	0	0	3	0	3	8	0	1	3	1
377	2025-26	NBB	VITORIANO	MOGI BASQUETE	2026-04-17, MOG vs OSA	18	3	1	3	0	4	1	2	0	4	4	1	0	0	0	0
377	2025-26	NBB	BARRY	MOGI BASQUETE	2026-04-17, MOG vs OSA	22	2	1	3	0	2	0	0	0	0	0	1	0	0	0	1
377	2025-26	NBB	PEDROSO	MOGI BASQUETE	2026-04-17, MOG vs OSA	5	0	0	0	0	0	0	0	0	0	0	0	0	0	0	1
377	2025-26	NBB	MANAUS	BASKET OSASCO	2026-04-17, MOG vs OSA	33	17	5	7	2	4	1	5	5	3	8	2	2	3	1	3
377	2025-26	NBB	CARIBAUX	BASKET OSASCO	2026-04-17, MOG vs OSA	28	14	5	7	1	5	1	1	1	0	1	3	1	0	1	2
377	2025-26	NBB	DALAQUA	BASKET OSASCO	2026-04-17, MOG vs OSA	20	13	2	4	2	6	3	4	1	0	1	0	0	0	0	0
377	2025-26	NBB	LEONI	BASKET OSASCO	2026-04-17, MOG vs OSA	17	12	2	4	2	2	2	2	5	0	5	2	1	0	0	2
377	2025-26	NBB	EDDY	BASKET OSASCO	2026-04-17, MOG vs OSA	25	8	0	0	2	8	2	3	0	0	0	1	0	1	2	0
377	2025-26	NBB	WEBER	BASKET OSASCO	2026-04-17, MOG vs OSA	22	7	2	5	1	3	0	0	3	0	3	1	1	0	2	1
377	2025-26	NBB	JULIO	BASKET OSASCO	2026-04-17, MOG vs OSA	13	3	0	0	1	2	0	0	2	0	2	2	0	0	1	1
377	2025-26	NBB	BRENO	BASKET OSASCO	2026-04-17, MOG vs OSA	5	2	1	1	0	1	0	0	0	1	1	0	0	0	1	0
377	2025-26	NBB	PASSOS	BASKET OSASCO	2026-04-17, MOG vs OSA	37	0	0	2	0	0	0	0	9	1	10	4	0	3	0	0
378	2025-26	NBB	ALE	VASCO DA GAMA	2026-04-18, VAS vs BOT	34	40	10	13	5	10	5	5	4	2	6	12	6	0	1	3
378	2025-26	NBB	MORGAN	VASCO DA GAMA	2026-04-18, VAS vs BOT	23	19	0	0	5	8	4	6	1	0	1	0	0	0	1	2
378	2025-26	NBB	ELIAS	VASCO DA GAMA	2026-04-18, VAS vs BOT	22	11	2	3	2	5	1	2	3	1	4	4	1	0	2	2
378	2025-26	NBB	G. BASILIO	VASCO DA GAMA	2026-04-18, VAS vs BOT	38	9	1	2	2	8	1	1	1	0	1	7	0	0	3	3
378	2025-26	NBB	MATHIAS	VASCO DA GAMA	2026-04-18, VAS vs BOT	27	9	3	4	0	0	3	3	6	2	8	3	1	0	2	4
378	2025-26	NBB	MAGNA	VASCO DA GAMA	2026-04-18, VAS vs BOT	18	9	1	4	2	6	1	2	3	1	4	1	0	0	0	4
378	2025-26	NBB	SERJAO	VASCO DA GAMA	2026-04-18, VAS vs BOT	12	4	1	1	0	1	2	2	3	1	4	1	0	1	2	2
378	2025-26	NBB	PEDRO NUNES	VASCO DA GAMA	2026-04-18, VAS vs BOT	21	3	0	2	1	4	0	0	3	1	4	4	1	0	0	2
378	2025-26	NBB	HONORATO	VASCO DA GAMA	2026-04-18, VAS vs BOT	1	0	0	0	0	0	0	0	0	0	0	0	0	0	0	0
378	2025-26	NBB	ICARO	VASCO DA GAMA	2026-04-18, VAS vs BOT	2	0	0	0	0	0	0	0	0	0	0	0	0	0	1	1
378	2025-26	NBB	JUAN	VASCO DA GAMA	2026-04-18, VAS vs BOT	1	0	0	0	0	0	0	0	1	0	1	0	0	0	0	0
378	2025-26	NBB	EMANUEL	BOTAFOGO	2026-04-18, VAS vs BOT	26	17	2	3	4	7	1	2	2	1	3	2	1	1	4	3
378	2025-26	NBB	MATHEUSINHO	BOTAFOGO	2026-04-18, VAS vs BOT	27	16	4	10	2	6	2	2	5	0	5	6	2	0	4	4
378	2025-26	NBB	MACHADO JR.	BOTAFOGO	2026-04-18, VAS vs BOT	24	14	3	6	1	2	5	10	1	1	2	3	1	0	1	0
378	2025-26	NBB	DERICK	BOTAFOGO	2026-04-18, VAS vs BOT	31	13	4	11	1	1	2	4	8	3	11	3	1	0	2	2
378	2025-26	NBB	KLEBINHO	BOTAFOGO	2026-04-18, VAS vs BOT	13	11	1	2	2	5	3	3	1	0	1	1	0	0	3	2
378	2025-26	NBB	SCHEUER	BOTAFOGO	2026-04-18, VAS vs BOT	14	6	1	1	0	0	4	4	2	2	4	0	0	1	0	2
378	2025-26	NBB	ABNER	BOTAFOGO	2026-04-18, VAS vs BOT	14	4	2	6	0	0	0	0	5	1	6	2	0	0	1	1
378	2025-26	NBB	LUCAS	BOTAFOGO	2026-04-18, VAS vs BOT	17	3	0	1	1	2	0	0	1	1	2	1	0	0	0	2
378	2025-26	NBB	PAULINO	BOTAFOGO	2026-04-18, VAS vs BOT	8	2	1	3	0	0	0	0	1	0	1	1	0	0	0	1
378	2025-26	NBB	JOAO DAVI	BOTAFOGO	2026-04-18, VAS vs BOT	2	0	0	0	0	0	0	0	0	0	0	0	0	0	0	0
378	2025-26	NBB	NK	BOTAFOGO	2026-04-18, VAS vs BOT	12	0	0	0	0	0	0	0	1	1	2	0	0	0	0	3
378	2025-26	NBB	LELE	BOTAFOGO	2026-04-18, VAS vs BOT	11	0	0	0	0	1	0	0	0	0	0	0	1	0	1	1
379	2025-26	NBB	VON HAYDIN	CAIXA/BRASILIA	2026-04-18, BRA vs BAU	32	24	4	6	4	8	4	5	13	1	14	1	0	0	2	1
379	2025-26	NBB	CRESCENZI	CAIXA/BRASILIA	2026-04-18, BRA vs BAU	24	15	2	6	3	10	2	2	1	2	3	1	0	0	1	2
379	2025-26	NBB	BRUNAO	CAIXA/BRASILIA	2026-04-18, BRA vs BAU	30	15	5	7	1	2	2	3	4	6	10	1	1	3	0	3
379	2025-26	NBB	PAULICHI	CAIXA/BRASILIA	2026-04-18, BRA vs BAU	21	11	3	4	1	1	2	2	2	1	3	1	3	0	1	4
379	2025-26	NBB	BUIU	CAIXA/BRASILIA	2026-04-18, BRA vs BAU	28	8	3	7	0	6	2	2	0	0	0	5	3	1	0	2
379	2025-26	NBB	CORVALAN	CAIXA/BRASILIA	2026-04-18, BRA vs BAU	27	7	1	6	0	3	5	6	2	0	2	7	3	1	0	2
379	2025-26	NBB	PEDRO	CAIXA/BRASILIA	2026-04-18, BRA vs BAU	21	6	3	4	0	1	0	0	1	1	2	3	0	1	2	0
379	2025-26	NBB	BELLER	CAIXA/BRASILIA	2026-04-18, BRA vs BAU	9	3	1	1	0	1	1	2	1	1	2	1	1	0	0	1
379	2025-26	NBB	ZAGO	CAIXA/BRASILIA	2026-04-18, BRA vs BAU	3	3	0	0	1	1	0	0	0	0	0	0	0	0	0	1
379	2025-26	NBB	GUSTAVO	CAIXA/BRASILIA	2026-04-18, BRA vs BAU	3	2	1	1	0	0	0	0	0	0	0	1	0	0	0	0
379	2025-26	NBB	MOSQUITO	CAIXA/BRASILIA	2026-04-18, BRA vs BAU	3	0	0	0	0	0	0	0	1	0	1	1	0	0	0	1
379	2025-26	NBB	MOGI	BAURU BASKET	2026-04-18, BRA vs BAU	17	12	5	9	0	1	2	2	8	4	12	2	0	0	2	4
379	2025-26	NBB	ANDREZAO	BAURU BASKET	2026-04-18, BRA vs BAU	20	12	6	10	0	0	0	0	4	2	6	1	0	1	1	0
379	2025-26	NBB	AUGUSTO	BAURU BASKET	2026-04-18, BRA vs BAU	23	12	3	6	1	3	3	4	1	5	6	1	0	0	0	2
379	2025-26	NBB	GUSTAVO	BAURU BASKET	2026-04-18, BRA vs BAU	23	10	3	6	1	5	1	2	1	1	2	1	0	0	1	3
379	2025-26	NBB	BRITE	BAURU BASKET	2026-04-18, BRA vs BAU	29	8	2	3	0	4	4	4	4	2	6	4	1	0	3	3
379	2025-26	NBB	MATERAN	BAURU BASKET	2026-04-18, BRA vs BAU	21	6	0	0	2	5	0	0	0	0	0	0	0	1	2	3
379	2025-26	NBB	PEDRO	BAURU BASKET	2026-04-18, BRA vs BAU	19	5	1	3	1	3	0	0	0	3	3	1	0	0	2	2
379	2025-26	NBB	ALEX	BAURU BASKET	2026-04-18, BRA vs BAU	22	0	0	2	0	2	0	0	0	0	0	1	1	0	6	4
379	2025-26	NBB	VITHINHO	BAURU BASKET	2026-04-18, BRA vs BAU	27	0	0	3	0	3	0	4	8	1	9	4	1	0	1	1
380	2025-26	NBB	SEIXAS	PAULISTANO	2026-04-18, CAP vs PAT	29	24	2	4	6	12	2	4	4	0	4	4	0	0	1	1
380	2025-26	NBB	SIEWERT	PAULISTANO	2026-04-18, CAP vs PAT	18	17	2	6	4	7	1	1	3	0	3	2	0	1	0	0
380	2025-26	NBB	NETO	PAULISTANO	2026-04-18, CAP vs PAT	28	17	1	3	4	9	3	3	2	2	4	1	0	1	2	1
380	2025-26	NBB	TOVAR	PAULISTANO	2026-04-18, CAP vs PAT	29	13	3	4	2	4	1	1	9	1	10	11	4	0	4	1
380	2025-26	NBB	ARAGAO	PAULISTANO	2026-04-18, CAP vs PAT	22	7	0	2	2	5	1	2	4	1	5	1	1	1	1	3
380	2025-26	NBB	GABRIEL	PAULISTANO	2026-04-18, CAP vs PAT	15	5	0	3	0	1	5	6	1	1	2	0	0	0	2	1
380	2025-26	NBB	GABRIEL	PAULISTANO	2026-04-18, CAP vs PAT	19	4	2	2	0	0	0	0	7	3	10	0	1	0	3	3
380	2025-26	NBB	DEMETRIO	PAULISTANO	2026-04-18, CAP vs PAT	5	3	0	1	1	1	0	0	1	0	1	3	1	0	1	0
380	2025-26	NBB	PIETRO	PAULISTANO	2026-04-18, CAP vs PAT	14	2	1	3	0	1	0	0	2	1	3	1	0	0	1	2
380	2025-26	NBB	LEANDRO	PAULISTANO	2026-04-18, CAP vs PAT	21	0	0	0	0	0	0	0	1	0	1	1	0	2	0	2
380	2025-26	NBB	EULER	PATO BASQUETE	2026-04-18, CAP vs PAT	29	19	8	14	1	5	0	0	2	1	3	5	2	0	1	2
380	2025-26	NBB	D. PENTEADO	PATO BASQUETE	2026-04-18, CAP vs PAT	15	9	1	4	1	5	4	4	2	1	3	0	0	0	3	1
380	2025-26	NBB	NAKA	PATO BASQUETE	2026-04-18, CAP vs PAT	13	9	2	3	1	3	2	2	1	0	1	3	2	0	1	4
380	2025-26	NBB	NYCOLAS	PATO BASQUETE	2026-04-18, CAP vs PAT	26	9	3	3	1	5	0	0	2	0	2	3	1	0	0	1
380	2025-26	NBB	GUSTAVO	PATO BASQUETE	2026-04-18, CAP vs PAT	25	9	4	6	0	4	1	2	4	1	5	1	0	1	1	1
380	2025-26	NBB	N. GOMES	PATO BASQUETE	2026-04-18, CAP vs PAT	28	8	2	7	1	3	1	3	6	6	12	2	4	0	1	2
380	2025-26	NBB	GRIGOR	PATO BASQUETE	2026-04-18, CAP vs PAT	29	6	2	6	0	1	2	4	8	1	9	1	1	2	2	1
380	2025-26	NBB	MATEUS	PATO BASQUETE	2026-04-18, CAP vs PAT	10	2	0	0	0	2	2	2	0	0	0	0	0	0	0	0
380	2025-26	NBB	LUCAS	PATO BASQUETE	2026-04-18, CAP vs PAT	1	0	0	0	0	1	0	0	0	0	0	0	0	0	0	0
380	2025-26	NBB	WILLKER Z.	PATO BASQUETE	2026-04-18, CAP vs PAT	21	0	0	3	0	0	0	0	2	2	4	1	1	0	1	2
382	2025-26	NBB	AGAPY	PINHEIROS	2026-04-21, PIN vs RCB	24	22	11	14	0	0	0	2	2	6	8	1	2	2	1	0
382	2025-26	NBB	SLOAN	PINHEIROS	2026-04-21, PIN vs RCB	20	20	4	5	4	5	0	0	2	0	2	5	0	0	3	4
382	2025-26	NBB	BETINHO	PINHEIROS	2026-04-21, PIN vs RCB	23	15	1	2	3	4	4	4	0	0	0	2	1	1	0	4
382	2025-26	NBB	PACHECO	PINHEIROS	2026-04-21, PIN vs RCB	15	10	1	4	1	1	5	7	1	1	2	0	0	1	4	4
382	2025-26	NBB	PASTRE	PINHEIROS	2026-04-21, PIN vs RCB	28	8	2	5	1	5	1	1	5	2	7	3	2	0	2	1
382	2025-26	NBB	GREGATE	PINHEIROS	2026-04-21, PIN vs RCB	21	6	3	11	0	2	0	0	3	4	7	0	3	0	3	3
382	2025-26	NBB	AFONSO	PINHEIROS	2026-04-21, PIN vs RCB	14	5	2	5	0	0	1	1	0	3	3	0	0	0	1	1
382	2025-26	NBB	DJALO	PINHEIROS	2026-04-21, PIN vs RCB	30	5	1	4	1	3	0	2	4	5	9	3	2	0	2	2
382	2025-26	NBB	PENHA JR.	PINHEIROS	2026-04-21, PIN vs RCB	17	4	1	2	0	2	2	3	3	2	5	0	1	0	0	1
382	2025-26	NBB	NASCIMENTO	PINHEIROS	2026-04-21, PIN vs RCB	1	0	0	0	0	0	0	0	0	0	0	0	0	0	0	0
382	2025-26	NBB	MACIEL	PINHEIROS	2026-04-21, PIN vs RCB	2	0	0	0	0	1	0	0	0	0	0	0	0	0	1	1
382	2025-26	NBB	BRAYAN	PINHEIROS	2026-04-21, PIN vs RCB	5	0	0	1	0	1	0	0	1	1	2	0	1	0	0	0
382	2025-26	NBB	SCOTT	CONTA SIMPLES RIO CLARO	2026-04-21, PIN vs RCB	21	23	5	8	1	3	10	10	2	1	3	0	2	0	3	5
382	2025-26	NBB	GEMADINHA	CONTA SIMPLES RIO CLARO	2026-04-21, PIN vs RCB	32	17	2	5	3	5	4	4	3	0	3	0	0	1	5	2
382	2025-26	NBB	BONFIM	CONTA SIMPLES RIO CLARO	2026-04-21, PIN vs RCB	24	11	4	6	0	0	3	4	0	3	3	1	0	6	2	3
382	2025-26	NBB	THYGESEN	CONTA SIMPLES RIO CLARO	2026-04-21, PIN vs RCB	32	10	2	7	1	4	3	4	4	1	5	4	1	0	4	2
382	2025-26	NBB	GUI	CONTA SIMPLES RIO CLARO	2026-04-21, PIN vs RCB	22	7	1	4	1	2	2	2	4	1	5	1	2	0	1	4
382	2025-26	NBB	OWENS	CONTA SIMPLES RIO CLARO	2026-04-21, PIN vs RCB	11	5	2	3	0	0	1	1	1	0	1	0	2	1	1	1
382	2025-26	NBB	VITOR	CONTA SIMPLES RIO CLARO	2026-04-21, PIN vs RCB	40	4	2	4	0	3	0	0	1	1	2	1	1	0	1	2
382	2025-26	NBB	COSTA	CONTA SIMPLES RIO CLARO	2026-04-21, PIN vs RCB	14	3	0	0	1	2	0	0	0	0	0	1	1	0	0	2
382	2025-26	NBB	MURILO	CONTA SIMPLES RIO CLARO	2026-04-21, PIN vs RCB	5	0	0	0	0	0	0	0	0	0	0	0	2	0	0	0
383	2025-26	NBB	FISCHER	KTO MINAS	2026-04-21, MIN vs CRU	27	23	8	11	2	6	1	1	2	0	2	5	0	0	0	2
383	2025-26	NBB	PARANHOS	KTO MINAS	2026-04-21, MIN vs CRU	24	20	7	9	0	0	6	8	4	2	6	0	2	1	2	4
383	2025-26	NBB	ARENGO	KTO MINAS	2026-04-21, MIN vs CRU	32	18	6	12	2	4	0	0	4	1	5	2	0	0	0	2
383	2025-26	NBB	WINI SILVA	KTO MINAS	2026-04-21, MIN vs CRU	16	11	5	9	0	0	1	1	3	2	5	1	0	1	0	2
383	2025-26	NBB	WILLIAMS	KTO MINAS	2026-04-21, MIN vs CRU	26	8	1	4	2	4	0	0	5	0	5	4	0	2	0	2
383	2025-26	NBB	R. RACHEL	KTO MINAS	2026-04-21, MIN vs CRU	29	8	3	3	0	3	2	3	2	2	4	1	3	2	2	3
383	2025-26	NBB	MCCREE	KTO MINAS	2026-04-21, MIN vs CRU	14	5	2	3	0	3	1	1	0	2	2	0	0	0	1	3
383	2025-26	NBB	FRAZIER	KTO MINAS	2026-04-21, MIN vs CRU	15	4	2	3	0	3	0	3	5	0	5	5	1	0	0	1
383	2025-26	NBB	YURI	KTO MINAS	2026-04-21, MIN vs CRU	15	2	1	3	0	2	0	0	0	3	3	1	0	0	0	3
383	2025-26	NBB	RODRIGUEZ	KTO MINAS	2026-04-21, MIN vs CRU	2	0	0	0	0	0	0	0	0	0	0	1	0	0	0	0
383	2025-26	NBB	I. THORNTON	CRUZEIRO BASQUETE	2026-04-21, MIN vs CRU	37	25	3	8	4	7	7	8	5	3	8	6	0	0	1	2
383	2025-26	NBB	ANSALONI	CRUZEIRO BASQUETE	2026-04-21, MIN vs CRU	22	16	4	8	0	2	8	9	6	1	7	2	0	0	1	4
383	2025-26	NBB	DA SILVA	CRUZEIRO BASQUETE	2026-04-21, MIN vs CRU	29	13	3	11	0	0	7	8	4	3	7	2	0	2	4	3
383	2025-26	NBB	JJ	CRUZEIRO BASQUETE	2026-04-21, MIN vs CRU	24	11	2	3	2	5	1	2	4	0	4	3	0	0	1	3
383	2025-26	NBB	LEO ABREU	CRUZEIRO BASQUETE	2026-04-21, MIN vs CRU	30	10	2	2	2	2	0	0	1	2	3	10	2	1	1	4
383	2025-26	NBB	NIQUE COLEMAN	CRUZEIRO BASQUETE	2026-04-21, MIN vs CRU	23	8	1	4	2	3	0	0	1	0	1	1	0	0	1	2
383	2025-26	NBB	CLAY	CRUZEIRO BASQUETE	2026-04-21, MIN vs CRU	20	7	2	4	1	4	0	0	4	0	4	2	0	1	1	1
383	2025-26	NBB	CASSIANO	CRUZEIRO BASQUETE	2026-04-21, MIN vs CRU	10	4	2	4	0	2	0	0	2	0	2	1	0	0	0	1
383	2025-26	NBB	SENA	CRUZEIRO BASQUETE	2026-04-21, MIN vs CRU	5	0	0	1	0	1	0	0	0	1	1	0	0	0	0	0
384	2025-26	NBB	VITINHO	PAULISTANO	2026-04-21, CAP vs BAU	37	23	1	2	6	10	3	4	1	0	1	1	1	0	2	1
384	2025-26	NBB	HUNTER	PAULISTANO	2026-04-21, CAP vs BAU	30	16	3	5	1	6	7	8	2	2	4	1	2	0	1	3
384	2025-26	NBB	SIEWERT	PAULISTANO	2026-04-21, CAP vs BAU	34	16	2	3	3	4	3	4	7	4	11	3	1	1	2	2
384	2025-26	NBB	SEIXAS	PAULISTANO	2026-04-21, CAP vs BAU	22	8	2	5	1	5	1	2	2	0	2	0	0	0	1	1
384	2025-26	NBB	GABRIEL	PAULISTANO	2026-04-21, CAP vs BAU	11	7	2	4	1	1	0	1	3	2	5	0	0	0	0	2
384	2025-26	NBB	TOVAR	PAULISTANO	2026-04-21, CAP vs BAU	17	4	2	2	0	4	0	0	1	1	2	2	2	0	1	0
384	2025-26	NBB	GUI ABREU	PAULISTANO	2026-04-21, CAP vs BAU	29	4	1	5	0	3	2	4	5	2	7	2	1	1	3	3
384	2025-26	NBB	LEANDRO	PAULISTANO	2026-04-21, CAP vs BAU	15	2	1	2	0	1	0	0	1	1	2	0	3	0	0	2
384	2025-26	NBB	DEMETRIO	PAULISTANO	2026-04-21, CAP vs BAU	6	0	0	1	0	1	0	0	0	0	0	0	0	1	0	1
384	2025-26	NBB	EUGENIUSZ	BAURU BASKET	2026-04-21, CAP vs BAU	27	21	5	7	3	6	2	3	0	1	1	3	1	0	4	4
384	2025-26	NBB	ANDREZAO	BAURU BASKET	2026-04-21, CAP vs BAU	33	14	7	9	0	1	0	0	14	4	18	3	0	0	1	1
384	2025-26	NBB	PEDRO	BAURU BASKET	2026-04-21, CAP vs BAU	22	14	2	2	3	4	1	2	1	2	3	3	1	1	1	2
384	2025-26	NBB	BRITE	BAURU BASKET	2026-04-21, CAP vs BAU	38	7	3	10	0	3	1	2	3	2	5	7	3	0	1	4
384	2025-26	NBB	ALEX	BAURU BASKET	2026-04-21, CAP vs BAU	21	7	3	6	0	3	1	1	2	1	3	3	0	0	2	2
384	2025-26	NBB	VITHINHO	BAURU BASKET	2026-04-21, CAP vs BAU	15	6	0	0	2	7	0	0	0	0	0	0	0	0	1	1
384	2025-26	NBB	MATERAN	BAURU BASKET	2026-04-21, CAP vs BAU	17	3	0	2	0	1	3	3	3	0	3	0	0	0	1	2
384	2025-26	NBB	GUSTAVO	BAURU BASKET	2026-04-21, CAP vs BAU	20	3	0	1	1	4	0	0	5	0	5	1	1	1	2	4
384	2025-26	NBB	AUGUSTO	BAURU BASKET	2026-04-21, CAP vs BAU	1	1	0	0	0	0	1	2	0	0	0	0	0	0	0	2
384	2025-26	NBB	MOGI	BAURU BASKET	2026-04-21, CAP vs BAU	5	1	0	1	0	0	1	2	0	2	2	0	0	0	0	2
385	2025-26	NBB	NEGRETE	FLAMENGO	2026-04-22, FLA vs UCO	32	30	12	16	1	4	3	3	9	2	11	4	2	0	6	2
385	2025-26	NBB	WESLEY	FLAMENGO	2026-04-22, FLA vs UCO	22	19	7	8	1	1	2	2	4	1	5	1	0	0	1	1
385	2025-26	NBB	CUMMINGS	FLAMENGO	2026-04-22, FLA vs UCO	23	12	4	6	1	2	1	1	1	0	1	3	2	1	0	3
385	2025-26	NBB	BARALLE	FLAMENGO	2026-04-22, FLA vs UCO	22	11	1	6	3	6	0	0	0	1	1	6	0	0	2	2
385	2025-26	NBB	JHONATAN	FLAMENGO	2026-04-22, FLA vs UCO	25	11	0	1	3	6	2	2	0	1	1	0	0	0	0	2
385	2025-26	NBB	GUI	FLAMENGO	2026-04-22, FLA vs UCO	27	10	3	3	1	4	1	2	4	0	4	5	2	1	2	1
385	2025-26	NBB	DORIA	FLAMENGO	2026-04-22, FLA vs UCO	16	6	3	6	0	0	0	0	6	3	9	1	1	1	1	4
385	2025-26	NBB	KAYO	FLAMENGO	2026-04-22, FLA vs UCO	23	3	0	1	1	4	0	0	7	2	9	2	1	0	0	1
385	2025-26	NBB	GUEIROS	FLAMENGO	2026-04-22, FLA vs UCO	5	0	0	0	0	1	0	0	0	0	0	1	1	0	0	1
385	2025-26	NBB	MANEL	FLAMENGO	2026-04-22, FLA vs UCO	2	0	0	0	0	0	0	0	0	0	0	0	0	0	1	0
385	2025-26	NBB	IGOR	FLAMENGO	2026-04-22, FLA vs UCO	1	0	0	1	0	1	0	0	0	1	1	0	0	0	0	0
385	2025-26	NBB	VERISSIMO	CEISC/UNIAO CORINTHIANS	2026-04-22, FLA vs UCO	28	15	5	8	1	5	2	3	5	4	9	2	4	0	4	3
385	2025-26	NBB	BARNES	CEISC/UNIAO CORINTHIANS	2026-04-22, FLA vs UCO	34	14	4	6	2	7	0	0	2	0	2	1	0	0	2	4
385	2025-26	NBB	HOLLOWELL	CEISC/UNIAO CORINTHIANS	2026-04-22, FLA vs UCO	28	11	4	11	0	5	3	5	6	3	9	2	0	2	2	3
385	2025-26	NBB	SCOTT	CEISC/UNIAO CORINTHIANS	2026-04-22, FLA vs UCO	27	9	2	5	1	3	2	4	3	1	4	3	3	1	2	4
385	2025-26	NBB	GOES	CEISC/UNIAO CORINTHIANS	2026-04-22, FLA vs UCO	24	9	2	3	1	4	2	2	1	2	3	3	3	0	2	0
385	2025-26	NBB	HETTSHEIMEIR	CEISC/UNIAO CORINTHIANS	2026-04-22, FLA vs UCO	12	7	1	3	1	4	2	2	2	1	3	0	0	0	1	0
385	2025-26	NBB	CARDENAS	CEISC/UNIAO CORINTHIANS	2026-04-22, FLA vs UCO	23	5	1	2	1	2	0	0	3	1	4	1	1	1	2	1
385	2025-26	NBB	JONATAN	CEISC/UNIAO CORINTHIANS	2026-04-22, FLA vs UCO	9	2	1	2	0	1	0	0	0	2	2	2	0	0	1	1
385	2025-26	NBB	BRANDAO	CEISC/UNIAO CORINTHIANS	2026-04-22, FLA vs UCO	4	0	0	1	0	0	0	0	0	0	0	0	0	0	1	1
385	2025-26	NBB	ROSSETTO	CEISC/UNIAO CORINTHIANS	2026-04-22, FLA vs UCO	9	0	0	0	0	1	0	0	0	1	1	0	0	0	0	2
386	2025-26	NBB	LUCAS DIAS	SESI FRANCA	2026-04-22, FRA vs BOT	29	24	6	8	3	6	3	3	9	5	14	4	2	0	1	1
386	2025-26	NBB	DAVID JACKSON	SESI FRANCA	2026-04-22, FRA vs BOT	22	23	6	9	2	3	5	5	2	0	2	0	1	0	0	1
386	2025-26	NBB	LATERZA	SESI FRANCA	2026-04-22, FRA vs BOT	28	14	1	3	2	9	6	6	8	0	8	6	1	0	3	4
386	2025-26	NBB	BENNETT	SESI FRANCA	2026-04-22, FRA vs BOT	19	12	4	5	1	2	1	1	1	0	1	2	0	0	0	4
386	2025-26	NBB	MINEIRO	SESI FRANCA	2026-04-22, FRA vs BOT	31	9	2	5	1	3	2	2	3	0	3	2	0	1	1	1
386	2025-26	NBB	PIA	SESI FRANCA	2026-04-22, FRA vs BOT	9	5	1	1	1	4	0	0	0	0	0	0	1	0	0	1
386	2025-26	NBB	RODRIGUEZ	SESI FRANCA	2026-04-22, FRA vs BOT	27	4	1	3	0	1	2	4	6	0	6	2	2	1	0	1
386	2025-26	NBB	VINI	SESI FRANCA	2026-04-22, FRA vs BOT	21	2	1	3	0	2	0	0	0	3	3	4	1	0	0	3
386	2025-26	NBB	NICOLINI	SESI FRANCA	2026-04-22, FRA vs BOT	5	1	0	3	0	2	1	2	2	1	3	0	0	0	0	0
386	2025-26	NBB	LUCAS	SESI FRANCA	2026-04-22, FRA vs BOT	6	0	0	1	0	1	0	0	0	0	0	0	0	0	0	2
386	2025-26	NBB	KELWIN	SESI FRANCA	2026-04-22, FRA vs BOT	2	0	0	0	0	0	0	0	0	0	0	0	0	0	0	2
386	2025-26	NBB	MATHEUSINHO	BOTAFOGO	2026-04-22, FRA vs BOT	29	21	4	8	2	5	7	10	4	0	4	3	0	0	1	2
386	2025-26	NBB	DERICK	BOTAFOGO	2026-04-22, FRA vs BOT	26	15	4	6	1	3	4	5	5	0	5	2	1	0	1	2
386	2025-26	NBB	SCHEUER	BOTAFOGO	2026-04-22, FRA vs BOT	21	11	2	5	2	4	1	2	4	1	5	3	0	1	1	2
386	2025-26	NBB	EMANUEL	BOTAFOGO	2026-04-22, FRA vs BOT	26	10	2	3	2	8	0	0	2	0	2	1	0	1	1	3
386	2025-26	NBB	ABNER	BOTAFOGO	2026-04-22, FRA vs BOT	12	5	1	1	0	0	3	4	5	1	6	0	0	0	2	2
386	2025-26	NBB	LELE	BOTAFOGO	2026-04-22, FRA vs BOT	12	4	0	1	1	4	1	2	2	0	2	2	0	0	1	3
386	2025-26	NBB	MACHADO	BOTAFOGO	2026-04-22, FRA vs BOT	26	2	1	4	0	1	0	0	2	2	4	2	0	0	3	3
386	2025-26	NBB	NK	BOTAFOGO	2026-04-22, FRA vs BOT	17	0	0	0	0	0	0	0	2	0	2	0	0	0	1	1
386	2025-26	NBB	PAULINO	BOTAFOGO	2026-04-22, FRA vs BOT	8	0	0	0	0	0	0	0	1	0	1	0	0	0	0	0
386	2025-26	NBB	KLEBINHO	BOTAFOGO	2026-04-22, FRA vs BOT	2	0	0	0	0	0	0	0	0	0	0	0	0	0	0	0
386	2025-26	NBB	LUCAS	BOTAFOGO	2026-04-22, FRA vs BOT	16	0	0	3	0	3	0	0	0	0	0	1	0	1	0	3
386	2025-26	NBB	MACHADO JR.	BOTAFOGO	2026-04-22, FRA vs BOT	8	0	0	2	0	0	0	0	1	2	3	1	1	0	0	0
387	2025-26	NBB	ADYEL	MR. MOO SAO JOSE BASKETBALL	2026-04-22, SJO vs MOG	34	16	4	13	2	14	2	3	3	1	4	6	1	0	2	1
387	2025-26	NBB	DOS SANTOS	MR. MOO SAO JOSE BASKETBALL	2026-04-22, SJO vs MOG	30	16	4	9	1	2	5	6	10	2	12	0	0	1	0	4
387	2025-26	NBB	MAIQUE	MR. MOO SAO JOSE BASKETBALL	2026-04-22, SJO vs MOG	17	9	3	5	1	3	0	0	1	2	3	0	1	1	0	4
387	2025-26	NBB	MILLER	MR. MOO SAO JOSE BASKETBALL	2026-04-22, SJO vs MOG	30	9	0	2	2	5	3	3	1	2	3	2	1	0	3	3
387	2025-26	NBB	CAUE	MR. MOO SAO JOSE BASKETBALL	2026-04-22, SJO vs MOG	16	6	0	1	2	4	0	0	3	1	4	1	0	1	1	4
387	2025-26	NBB	LEO CRAVERO	MR. MOO SAO JOSE BASKETBALL	2026-04-22, SJO vs MOG	20	5	1	1	1	3	0	0	3	0	3	0	0	0	0	1
387	2025-26	NBB	LESSA	MR. MOO SAO JOSE BASKETBALL	2026-04-22, SJO vs MOG	26	5	1	3	1	3	0	0	2	0	2	2	2	0	0	1
387	2025-26	NBB	ANDERSON	MR. MOO SAO JOSE BASKETBALL	2026-04-22, SJO vs MOG	23	4	1	4	0	0	2	2	3	4	7	3	1	0	0	0
387	2025-26	NBB	PESSOA	MR. MOO SAO JOSE BASKETBALL	2026-04-22, SJO vs MOG	2	0	0	0	0	0	0	0	0	0	0	0	0	0	0	2
387	2025-26	NBB	NICKEL	MR. MOO SAO JOSE BASKETBALL	2026-04-22, SJO vs MOG	2	0	0	0	0	2	0	0	0	0	0	0	0	0	0	1
387	2025-26	NBB	DUANE JOHNSON	MOGI BASQUETE	2026-04-22, SJO vs MOG	24	23	7	11	0	1	9	10	1	1	2	1	0	0	1	1
387	2025-26	NBB	RUIVO	MOGI BASQUETE	2026-04-22, SJO vs MOG	32	15	3	6	2	10	3	5	1	0	1	5	0	0	0	1
387	2025-26	NBB	HINKLE	MOGI BASQUETE	2026-04-22, SJO vs MOG	33	12	2	5	2	7	2	2	3	2	5	1	1	0	2	1
387	2025-26	NBB	DIKEMBE	MOGI BASQUETE	2026-04-22, SJO vs MOG	20	9	3	8	0	0	3	4	8	1	9	1	1	0	0	2
387	2025-26	NBB	PAULO	MOGI BASQUETE	2026-04-22, SJO vs MOG	18	4	2	4	0	2	0	0	3	1	4	2	0	0	1	2
387	2025-26	NBB	GABRIEL CAMPOS	MOGI BASQUETE	2026-04-22, SJO vs MOG	17	3	0	0	1	3	0	0	2	0	2	1	0	0	2	1
387	2025-26	NBB	ANDERSON	MOGI BASQUETE	2026-04-22, SJO vs MOG	22	3	1	2	0	0	1	2	2	3	5	0	0	0	0	5
387	2025-26	NBB	MAICON DOUGLAS	MOGI BASQUETE	2026-04-22, SJO vs MOG	14	2	1	2	0	0	0	2	2	3	5	1	1	2	0	2
387	2025-26	NBB	VINI CHAGAS	MOGI BASQUETE	2026-04-22, SJO vs MOG	5	2	1	1	0	0	0	0	0	1	1	0	0	0	0	1
387	2025-26	NBB	MENCA	MOGI BASQUETE	2026-04-22, SJO vs MOG	15	2	1	4	0	0	0	0	5	1	6	0	0	0	2	1
389	2025-26	NBB	JIMMY	UNIFACISA	2026-04-24, UFC vs COR	32	13	2	3	3	9	0	0	8	1	9	0	1	0	1	2
389	2025-26	NBB	CARR	UNIFACISA	2026-04-24, UFC vs COR	24	10	4	4	0	1	2	4	3	5	8	1	0	0	1	2
389	2025-26	NBB	ANTONIO	UNIFACISA	2026-04-24, UFC vs COR	27	10	2	6	2	5	0	0	5	2	7	3	0	0	1	2
389	2025-26	NBB	SIFONTES	UNIFACISA	2026-04-24, UFC vs COR	26	10	1	3	2	5	2	3	3	0	3	3	5	0	1	4
389	2025-26	NBB	LEAL	UNIFACISA	2026-04-24, UFC vs COR	15	10	4	11	0	0	2	2	8	1	9	0	1	0	3	2
389	2025-26	NBB	COELHO	UNIFACISA	2026-04-24, UFC vs COR	26	10	1	3	2	4	2	3	1	0	1	8	1	0	4	2
389	2025-26	NBB	ANTHONY	UNIFACISA	2026-04-24, UFC vs COR	15	8	3	6	0	0	2	3	0	0	0	1	0	0	0	2
389	2025-26	NBB	MELVIN	UNIFACISA	2026-04-24, UFC vs COR	18	8	2	5	1	4	1	1	1	0	1	1	0	0	1	1
389	2025-26	NBB	GERSON	UNIFACISA	2026-04-24, UFC vs COR	16	0	0	3	0	0	0	0	4	0	4	1	0	1	1	2
389	2025-26	NBB	JOAO PAULO	UNIFACISA	2026-04-24, UFC vs COR	1	0	0	0	0	0	0	0	0	0	0	1	0	0	0	0
389	2025-26	NBB	THOMAS	CORINTHIANS	2026-04-24, UFC vs COR	31	16	4	10	2	6	2	3	2	1	3	4	2	0	2	4
389	2025-26	NBB	VICTAO	CORINTHIANS	2026-04-24, UFC vs COR	33	11	4	5	1	5	0	0	4	0	4	0	2	0	2	0
389	2025-26	NBB	RAYMUNDO	CORINTHIANS	2026-04-24, UFC vs COR	18	10	4	5	0	0	2	2	7	0	7	1	0	1	1	4
389	2025-26	NBB	LUCAS CAUE	CORINTHIANS	2026-04-24, UFC vs COR	22	9	3	4	0	0	3	4	4	0	4	1	0	0	2	2
389	2025-26	NBB	C. BORGES	CORINTHIANS	2026-04-24, UFC vs COR	14	6	0	4	2	2	0	0	0	2	2	2	1	0	0	4
389	2025-26	NBB	ELINHO	CORINTHIANS	2026-04-24, UFC vs COR	36	6	0	4	2	7	0	0	3	0	3	8	2	0	1	0
389	2025-26	NBB	CLARK	CORINTHIANS	2026-04-24, UFC vs COR	31	6	0	2	1	5	3	3	7	0	7	2	4	0	4	1
389	2025-26	NBB	MUNFORD	CORINTHIANS	2026-04-24, UFC vs COR	11	3	0	0	1	2	0	0	0	0	0	1	0	0	1	1
389	2025-26	NBB	T. FARIA	CORINTHIANS	2026-04-24, UFC vs COR	4	2	1	1	0	0	0	0	0	0	0	0	0	0	0	0
390	2025-26	NBB	ANDREZAO	BAURU BASKET	2026-04-24, BAU vs CAP	34	18	7	12	0	0	4	5	7	1	8	2	0	0	0	2
390	2025-26	NBB	BRITE	BAURU BASKET	2026-04-24, BAU vs CAP	38	14	3	6	0	7	8	9	2	0	2	6	3	1	3	3
390	2025-26	NBB	PEDRO	BAURU BASKET	2026-04-24, BAU vs CAP	22	12	1	1	3	5	1	3	1	2	3	3	1	0	1	3
390	2025-26	NBB	MATERAN	BAURU BASKET	2026-04-24, BAU vs CAP	27	10	2	2	2	7	0	0	1	0	1	1	2	0	0	3
390	2025-26	NBB	EUGENIUSZ	BAURU BASKET	2026-04-24, BAU vs CAP	27	7	1	4	1	2	2	3	0	0	0	4	2	0	3	2
390	2025-26	NBB	VITHINHO	BAURU BASKET	2026-04-24, BAU vs CAP	18	6	3	4	0	1	0	0	2	0	2	5	1	0	1	3
390	2025-26	NBB	GUSTAVO	BAURU BASKET	2026-04-24, BAU vs CAP	20	6	3	7	0	3	0	1	2	1	3	1	0	0	2	0
390	2025-26	NBB	MOGI	BAURU BASKET	2026-04-24, BAU vs CAP	7	4	2	2	0	0	0	1	1	0	1	0	0	0	0	0
390	2025-26	NBB	AUGUSTO	BAURU BASKET	2026-04-24, BAU vs CAP	6	3	0	0	1	1	0	2	1	0	1	0	0	0	0	0
390	2025-26	NBB	SIEWERT	PAULISTANO	2026-04-24, BAU vs CAP	29	17	4	5	3	5	0	0	4	1	5	5	1	2	3	2
390	2025-26	NBB	VITINHO	PAULISTANO	2026-04-24, BAU vs CAP	28	16	4	5	2	4	2	2	4	1	5	7	0	0	0	2
390	2025-26	NBB	HUNTER	PAULISTANO	2026-04-24, BAU vs CAP	30	15	2	5	3	5	2	4	4	0	4	2	0	0	3	2
390	2025-26	NBB	SEIXAS	PAULISTANO	2026-04-24, BAU vs CAP	21	12	3	3	2	6	0	0	2	1	3	1	1	0	1	4
390	2025-26	NBB	GUI ABREU	PAULISTANO	2026-04-24, BAU vs CAP	24	10	2	2	2	5	0	0	10	0	10	4	0	0	4	2
390	2025-26	NBB	TOVAR	PAULISTANO	2026-04-24, BAU vs CAP	19	9	1	1	1	2	4	4	0	0	0	3	0	0	2	2
390	2025-26	NBB	GABRIEL	PAULISTANO	2026-04-24, BAU vs CAP	14	7	3	5	0	0	1	4	4	1	5	3	2	0	0	1
390	2025-26	NBB	LEANDRO	PAULISTANO	2026-04-24, BAU vs CAP	23	6	1	1	1	2	1	2	2	1	3	3	0	1	2	4
390	2025-26	NBB	DEMETRIO	PAULISTANO	2026-04-24, BAU vs CAP	8	2	1	1	0	1	0	0	2	0	2	1	1	0	0	4
390	2025-26	NBB	NETO	PAULISTANO	2026-04-24, BAU vs CAP	2	1	0	0	0	0	1	2	0	1	1	0	0	0	0	0
390	2025-26	NBB	GABRIEL	PAULISTANO	2026-04-24, BAU vs CAP	2	0	0	0	0	0	0	0	0	0	0	0	0	0	0	0
392	2025-26	NBB	GUI	CONTA SIMPLES RIO CLARO	2026-04-24, RCB vs PIN	38	15	2	6	3	5	2	2	5	1	6	1	0	0	2	0
392	2025-26	NBB	GEMADINHA	CONTA SIMPLES RIO CLARO	2026-04-24, RCB vs PIN	36	13	2	5	3	6	0	0	1	0	1	6	3	0	4	3
392	2025-26	NBB	THYGESEN	CONTA SIMPLES RIO CLARO	2026-04-24, RCB vs PIN	24	12	0	4	3	3	3	4	1	2	3	6	0	0	3	4
392	2025-26	NBB	VITOR	CONTA SIMPLES RIO CLARO	2026-04-24, RCB vs PIN	34	11	2	4	2	6	1	1	3	3	6	0	0	0	0	1
392	2025-26	NBB	BONFIM	CONTA SIMPLES RIO CLARO	2026-04-24, RCB vs PIN	23	10	5	6	0	1	0	0	3	1	4	0	0	3	2	4
392	2025-26	NBB	SCOTT	CONTA SIMPLES RIO CLARO	2026-04-24, RCB vs PIN	21	8	3	7	0	2	2	2	3	1	4	1	0	0	3	1
392	2025-26	NBB	DOS ANJOS	CONTA SIMPLES RIO CLARO	2026-04-24, RCB vs PIN	13	6	2	2	0	0	2	2	0	0	0	1	0	2	0	3
392	2025-26	NBB	AKIN	CONTA SIMPLES RIO CLARO	2026-04-24, RCB vs PIN	3	2	1	1	0	1	0	0	0	0	0	0	0	0	0	1
392	2025-26	NBB	OWENS	CONTA SIMPLES RIO CLARO	2026-04-24, RCB vs PIN	8	2	1	2	0	1	0	0	0	0	0	1	0	0	1	1
392	2025-26	NBB	PACHECO	PINHEIROS	2026-04-24, RCB vs PIN	26	24	4	8	4	8	4	4	3	2	5	5	3	0	3	4
392	2025-26	NBB	AGAPY	PINHEIROS	2026-04-24, RCB vs PIN	27	16	8	10	0	0	0	0	0	5	5	4	3	2	0	1
392	2025-26	NBB	SLOAN	PINHEIROS	2026-04-24, RCB vs PIN	23	12	4	10	0	3	4	5	1	0	1	3	1	0	2	3
392	2025-26	NBB	EDU SANTOS	PINHEIROS	2026-04-24, RCB vs PIN	17	10	2	3	2	2	0	0	5	1	6	0	1	0	0	1
392	2025-26	NBB	DJALO	PINHEIROS	2026-04-24, RCB vs PIN	29	10	0	2	2	4	4	4	4	1	5	1	2	0	0	3
392	2025-26	NBB	GREGATE	PINHEIROS	2026-04-24, RCB vs PIN	22	6	0	3	2	3	0	0	1	0	1	2	0	0	3	3
392	2025-26	NBB	BETINHO	PINHEIROS	2026-04-24, RCB vs PIN	12	5	1	2	1	2	0	0	0	0	0	2	0	1	0	1
392	2025-26	NBB	PASTRE	PINHEIROS	2026-04-24, RCB vs PIN	25	3	0	2	1	4	0	0	3	1	4	2	0	0	0	3
392	2025-26	NBB	AFONSO	PINHEIROS	2026-04-24, RCB vs PIN	13	2	1	2	0	0	0	0	0	4	4	0	0	0	1	0
392	2025-26	NBB	PENHA JR.	PINHEIROS	2026-04-24, RCB vs PIN	6	0	0	0	0	1	0	0	0	0	0	0	0	0	0	0
393	2025-26	NBB	FABRIZZIO	CAXIAS DO SUL BASQUETE	2026-04-25, CAX vs BRA	29	15	3	5	3	7	0	0	6	1	7	0	0	0	2	3
393	2025-26	NBB	SHAMELL	CAXIAS DO SUL BASQUETE	2026-04-25, CAX vs BRA	32	13	4	5	0	4	5	6	2	0	2	1	2	0	3	1
393	2025-26	NBB	RAFA	CAXIAS DO SUL BASQUETE	2026-04-25, CAX vs BRA	18	10	5	6	0	1	0	0	0	2	2	1	1	0	2	3
393	2025-26	NBB	AUGUSTO	CAXIAS DO SUL BASQUETE	2026-04-25, CAX vs BRA	18	7	1	2	1	3	2	3	3	0	3	4	1	1	1	3
393	2025-26	NBB	VEZARO	CAXIAS DO SUL BASQUETE	2026-04-25, CAX vs BRA	20	7	1	1	1	4	2	2	1	1	2	4	2	0	1	0
393	2025-26	NBB	HUMBERTO	CAXIAS DO SUL BASQUETE	2026-04-25, CAX vs BRA	36	6	2	6	0	2	2	2	2	0	2	3	0	2	1	3
393	2025-26	NBB	MIGUEL	CAXIAS DO SUL BASQUETE	2026-04-25, CAX vs BRA	14	6	0	0	2	4	0	0	0	0	0	0	0	0	1	4
393	2025-26	NBB	OMENA	CAXIAS DO SUL BASQUETE	2026-04-25, CAX vs BRA	30	6	0	1	2	6	0	0	2	2	4	1	1	0	0	2
393	2025-26	NBB	TIAGO M.	CAXIAS DO SUL BASQUETE	2026-04-25, CAX vs BRA	3	0	0	1	0	1	0	0	0	0	0	0	0	0	0	1
393	2025-26	NBB	VON HAYDIN	CAIXA/BRASILIA	2026-04-25, CAX vs BRA	34	22	5	6	4	7	0	0	6	0	6	2	3	0	4	2
393	2025-26	NBB	BRUNAO	CAIXA/BRASILIA	2026-04-25, CAX vs BRA	33	15	6	7	0	0	3	4	5	7	12	0	1	0	0	3
393	2025-26	NBB	BUIU	CAIXA/BRASILIA	2026-04-25, CAX vs BRA	33	14	3	6	2	5	2	2	2	1	3	0	1	0	0	2
393	2025-26	NBB	PAULICHI	CAIXA/BRASILIA	2026-04-25, CAX vs BRA	33	12	3	9	1	2	3	4	3	1	4	1	0	0	3	4
393	2025-26	NBB	CORVALAN	CAIXA/BRASILIA	2026-04-25, CAX vs BRA	28	8	1	2	0	4	6	8	1	1	2	4	0	0	1	3
393	2025-26	NBB	CRESCENZI	CAIXA/BRASILIA	2026-04-25, CAX vs BRA	28	7	0	1	1	4	4	4	4	1	5	3	0	0	3	2
393	2025-26	NBB	BELLER	CAIXA/BRASILIA	2026-04-25, CAX vs BRA	1	0	0	0	0	0	0	0	0	0	0	0	0	0	0	0
393	2025-26	NBB	PEDRO	CAIXA/BRASILIA	2026-04-25, CAX vs BRA	11	0	0	0	0	3	0	0	1	0	1	3	0	0	1	1
394	2025-26	NBB	GABRIEL CAMPOS	MOGI BASQUETE	2026-04-25, MOG vs SJO	26	21	1	2	6	9	1	2	1	1	2	4	1	1	0	3
394	2025-26	NBB	RUIVO	MOGI BASQUETE	2026-04-25, MOG vs SJO	33	19	3	4	3	7	4	4	4	0	4	1	0	0	2	1
394	2025-26	NBB	DUANE JOHNSON	MOGI BASQUETE	2026-04-25, MOG vs SJO	28	18	4	6	2	3	4	4	1	1	2	2	1	0	2	2
394	2025-26	NBB	DIKEMBE	MOGI BASQUETE	2026-04-25, MOG vs SJO	26	11	4	9	0	0	3	4	9	7	16	2	0	0	2	4
394	2025-26	NBB	ANDERSON	MOGI BASQUETE	2026-04-25, MOG vs SJO	29	4	2	5	0	7	0	0	10	2	12	4	2	0	1	4
394	2025-26	NBB	HINKLE	MOGI BASQUETE	2026-04-25, MOG vs SJO	26	4	1	5	0	6	2	2	6	0	6	1	1	0	2	1
394	2025-26	NBB	PAULO	MOGI BASQUETE	2026-04-25, MOG vs SJO	11	2	1	2	0	4	0	0	2	0	2	0	0	1	0	2
394	2025-26	NBB	MAICON DOUGLAS	MOGI BASQUETE	2026-04-25, MOG vs SJO	10	0	0	1	0	0	0	0	2	2	4	0	0	0	0	1
394	2025-26	NBB	MENCA	MOGI BASQUETE	2026-04-25, MOG vs SJO	6	0	0	2	0	1	0	0	0	0	0	0	0	0	0	0
394	2025-26	NBB	CALDEIRA	MOGI BASQUETE	2026-04-25, MOG vs SJO	4	0	0	0	0	0	0	0	0	0	0	0	0	0	0	1
394	2025-26	NBB	ADYEL	MR. MOO SAO JOSE BASKETBALL	2026-04-25, MOG vs SJO	34	22	8	17	2	10	0	2	6	2	8	6	2	0	0	4
394	2025-26	NBB	ANDERSON	MR. MOO SAO JOSE BASKETBALL	2026-04-25, MOG vs SJO	30	15	6	10	1	1	0	0	3	4	7	0	0	0	1	2
394	2025-26	NBB	DOS SANTOS	MR. MOO SAO JOSE BASKETBALL	2026-04-25, MOG vs SJO	32	13	4	10	0	4	5	6	5	4	9	2	0	0	1	3
394	2025-26	NBB	MILLER	MR. MOO SAO JOSE BASKETBALL	2026-04-25, MOG vs SJO	35	12	1	1	3	4	1	2	1	1	2	0	0	0	1	4
394	2025-26	NBB	LEO CRAVERO	MR. MOO SAO JOSE BASKETBALL	2026-04-25, MOG vs SJO	19	6	2	5	0	3	2	3	4	5	9	0	1	1	1	4
394	2025-26	NBB	NICKEL	MR. MOO SAO JOSE BASKETBALL	2026-04-25, MOG vs SJO	5	3	0	0	1	1	0	0	2	0	2	0	0	0	0	0
394	2025-26	NBB	LESSA	MR. MOO SAO JOSE BASKETBALL	2026-04-25, MOG vs SJO	17	2	1	4	0	3	0	1	1	1	2	2	1	0	1	1
394	2025-26	NBB	CAUE	MR. MOO SAO JOSE BASKETBALL	2026-04-25, MOG vs SJO	18	2	1	2	0	4	0	0	4	1	5	1	0	0	1	2
394	2025-26	NBB	MAIQUE	MR. MOO SAO JOSE BASKETBALL	2026-04-25, MOG vs SJO	10	0	0	0	0	3	0	0	1	1	2	1	0	0	2	1
395	2025-26	NBB	HOLLOWELL	CEISC/UNIAO CORINTHIANS	2026-04-25, UCO vs FLA	35	22	4	9	2	4	8	10	4	2	6	8	2	2	4	5
395	2025-26	NBB	GOES	CEISC/UNIAO CORINTHIANS	2026-04-25, UCO vs FLA	27	20	3	3	4	6	2	2	4	0	4	2	2	0	2	0
395	2025-26	NBB	VERISSIMO	CEISC/UNIAO CORINTHIANS	2026-04-25, UCO vs FLA	26	16	7	11	0	5	2	3	3	1	4	2	1	1	1	2
395	2025-26	NBB	SCOTT	CEISC/UNIAO CORINTHIANS	2026-04-25, UCO vs FLA	38	12	2	7	0	1	8	8	4	4	8	3	1	1	1	3
395	2025-26	NBB	CARDENAS	CEISC/UNIAO CORINTHIANS	2026-04-25, UCO vs FLA	30	10	4	6	0	0	2	4	5	4	9	1	1	2	0	2
395	2025-26	NBB	BARNES	CEISC/UNIAO CORINTHIANS	2026-04-25, UCO vs FLA	36	2	0	7	0	3	2	2	1	0	1	4	2	0	1	4
395	2025-26	NBB	ROSSETTO	CEISC/UNIAO CORINTHIANS	2026-04-25, UCO vs FLA	4	2	1	2	0	0	0	0	0	0	0	0	0	0	0	1
395	2025-26	NBB	HETTSHEIMEIR	CEISC/UNIAO CORINTHIANS	2026-04-25, UCO vs FLA	3	0	0	0	0	0	0	0	0	0	0	0	1	0	0	0
395	2025-26	NBB	JONATAN	CEISC/UNIAO CORINTHIANS	2026-04-25, UCO vs FLA	3	0	0	0	0	0	0	0	0	0	0	0	1	0	0	1
395	2025-26	NBB	KAYO	FLAMENGO	2026-04-25, UCO vs FLA	24	18	0	0	6	8	0	0	2	1	3	1	0	1	0	4
395	2025-26	NBB	GUI	FLAMENGO	2026-04-25, UCO vs FLA	31	14	0	1	4	7	2	4	3	0	3	6	1	0	6	3
395	2025-26	NBB	JOHNSON SR.	FLAMENGO	2026-04-25, UCO vs FLA	22	12	3	6	2	4	0	0	3	0	3	1	1	0	2	0
395	2025-26	NBB	JHONATAN	FLAMENGO	2026-04-25, UCO vs FLA	25	9	1	1	2	3	1	2	3	1	4	1	0	0	1	3
395	2025-26	NBB	NEGRETE	FLAMENGO	2026-04-25, UCO vs FLA	24	8	2	4	0	5	4	4	4	0	4	6	1	0	3	0
395	2025-26	NBB	CUMMINGS	FLAMENGO	2026-04-25, UCO vs FLA	17	6	2	3	0	1	2	3	1	0	1	1	0	0	1	2
395	2025-26	NBB	BARALLE	FLAMENGO	2026-04-25, UCO vs FLA	20	6	1	4	1	3	1	2	0	0	0	9	1	0	1	3
395	2025-26	NBB	DORIA	FLAMENGO	2026-04-25, UCO vs FLA	18	6	2	3	0	0	2	2	4	1	5	1	0	0	1	2
395	2025-26	NBB	WESLEY	FLAMENGO	2026-04-25, UCO vs FLA	20	4	2	6	0	1	0	1	5	2	7	0	0	0	1	4
396	2025-26	NBB	SCHEUER	BOTAFOGO	2026-04-25, BOT vs FRA	34	33	11	13	2	3	5	5	2	2	4	0	4	0	1	2
396	2025-26	NBB	MACHADO	BOTAFOGO	2026-04-25, BOT vs FRA	38	15	2	5	3	8	2	2	2	0	2	9	3	0	2	2
396	2025-26	NBB	MACHADO JR.	BOTAFOGO	2026-04-25, BOT vs FRA	20	12	3	5	2	4	0	0	0	0	0	1	1	0	0	2
396	2025-26	NBB	DERICK	BOTAFOGO	2026-04-25, BOT vs FRA	28	9	3	6	0	1	3	5	2	1	3	3	2	0	0	2
396	2025-26	NBB	MATHEUSINHO	BOTAFOGO	2026-04-25, BOT vs FRA	34	6	2	8	0	4	2	4	7	0	7	7	0	0	3	4
396	2025-26	NBB	EMANUEL	BOTAFOGO	2026-04-25, BOT vs FRA	25	4	0	2	1	4	1	2	4	3	7	1	2	0	1	4
396	2025-26	NBB	NK	BOTAFOGO	2026-04-25, BOT vs FRA	6	0	0	1	0	0	0	0	1	0	1	0	1	0	1	0
396	2025-26	NBB	PAULINO	BOTAFOGO	2026-04-25, BOT vs FRA	4	0	0	1	0	0	0	0	0	0	0	0	0	0	0	0
396	2025-26	NBB	ABNER	BOTAFOGO	2026-04-25, BOT vs FRA	11	0	0	0	0	0	0	0	2	0	2	0	0	0	0	0
396	2025-26	NBB	LUCAS	BOTAFOGO	2026-04-25, BOT vs FRA	1	0	0	0	0	1	0	0	0	0	0	0	0	0	0	0
396	2025-26	NBB	BENNETT	SESI FRANCA	2026-04-25, BOT vs FRA	31	23	5	8	3	5	4	4	3	2	5	2	0	0	1	3
396	2025-26	NBB	GEORGINHO	SESI FRANCA	2026-04-25, BOT vs FRA	33	21	5	5	3	8	2	2	10	0	10	8	2	0	3	1
396	2025-26	NBB	RODRIGUEZ	SESI FRANCA	2026-04-25, BOT vs FRA	26	15	5	5	1	4	2	2	3	1	4	2	0	0	1	3
396	2025-26	NBB	LUCAS DIAS	SESI FRANCA	2026-04-25, BOT vs FRA	29	12	4	4	1	5	1	1	3	0	3	2	0	0	4	3
396	2025-26	NBB	DAVID JACKSON	SESI FRANCA	2026-04-25, BOT vs FRA	26	10	1	1	2	3	2	2	3	0	3	3	0	0	4	1
396	2025-26	NBB	MINEIRO	SESI FRANCA	2026-04-25, BOT vs FRA	20	6	1	3	1	1	1	3	2	1	3	1	0	0	1	2
396	2025-26	NBB	FELICIO	SESI FRANCA	2026-04-25, BOT vs FRA	16	2	1	4	0	0	0	0	5	2	7	0	0	0	0	0
396	2025-26	NBB	LATERZA	SESI FRANCA	2026-04-25, BOT vs FRA	20	0	0	0	0	3	0	0	1	0	1	3	0	0	3	4
398	2025-26	NBB	SENA	CRUZEIRO BASQUETE	2026-04-26, CRU vs MIN	14	12	2	3	2	2	2	2	0	2	2	0	1	1	1	3
398	2025-26	NBB	CASSIANO	CRUZEIRO BASQUETE	2026-04-26, CRU vs MIN	26	10	2	4	2	5	0	0	3	0	3	2	0	0	4	2
398	2025-26	NBB	NIQUE COLEMAN	CRUZEIRO BASQUETE	2026-04-26, CRU vs MIN	28	10	1	3	1	3	5	5	2	0	2	4	0	0	1	2
398	2025-26	NBB	DA SILVA	CRUZEIRO BASQUETE	2026-04-26, CRU vs MIN	21	10	4	10	0	1	2	4	6	2	8	1	0	0	3	4
398	2025-26	NBB	JJ	CRUZEIRO BASQUETE	2026-04-26, CRU vs MIN	23	9	1	2	2	4	1	2	2	1	3	0	0	0	2	3
398	2025-26	NBB	CLAY	CRUZEIRO BASQUETE	2026-04-26, CRU vs MIN	13	8	1	5	2	8	0	3	1	1	2	1	2	0	2	0
398	2025-26	NBB	I. THORNTON	CRUZEIRO BASQUETE	2026-04-26, CRU vs MIN	23	6	1	1	0	5	4	4	1	1	2	2	1	0	2	3
398	2025-26	NBB	ANSALONI	CRUZEIRO BASQUETE	2026-04-26, CRU vs MIN	16	4	0	1	1	3	1	2	1	1	2	0	0	0	4	4
398	2025-26	NBB	GITTENS	CRUZEIRO BASQUETE	2026-04-26, CRU vs MIN	26	3	0	2	1	3	0	0	5	4	9	7	2	0	2	4
398	2025-26	NBB	LEO ABREU	CRUZEIRO BASQUETE	2026-04-26, CRU vs MIN	4	2	1	1	0	1	0	0	2	0	2	1	1	0	0	0
398	2025-26	NBB	DU SOMMER	CRUZEIRO BASQUETE	2026-04-26, CRU vs MIN	4	0	0	0	0	0	0	2	0	0	0	0	0	0	0	0
398	2025-26	NBB	MCCREE	KTO MINAS	2026-04-26, CRU vs MIN	20	19	2	4	4	7	3	4	3	4	7	0	1	0	1	2
398	2025-26	NBB	WINI SILVA	KTO MINAS	2026-04-26, CRU vs MIN	20	19	7	7	0	2	5	6	5	0	5	0	2	0	1	4
398	2025-26	NBB	ARENGO	KTO MINAS	2026-04-26, CRU vs MIN	24	17	5	8	2	4	1	1	2	2	4	4	2	0	1	1
398	2025-26	NBB	WILLIAMS	KTO MINAS	2026-04-26, CRU vs MIN	25	16	6	9	1	4	1	2	3	0	3	2	3	0	2	1
398	2025-26	NBB	R. RACHEL	KTO MINAS	2026-04-26, CRU vs MIN	22	11	2	2	2	6	1	1	8	1	9	1	3	1	2	4
398	2025-26	NBB	FRAZIER	KTO MINAS	2026-04-26, CRU vs MIN	15	9	0	2	2	3	3	3	1	0	1	3	0	0	1	2
398	2025-26	NBB	PARANHOS	KTO MINAS	2026-04-26, CRU vs MIN	14	6	3	6	0	0	0	2	4	2	6	2	1	0	1	2
398	2025-26	NBB	VINCI	KTO MINAS	2026-04-26, CRU vs MIN	4	2	1	1	0	0	0	0	1	0	1	0	0	0	2	1
398	2025-26	NBB	FISCHER	KTO MINAS	2026-04-26, CRU vs MIN	26	2	1	2	0	2	0	1	2	0	2	8	0	0	0	1
398	2025-26	NBB	CESAR	KTO MINAS	2026-04-26, CRU vs MIN	6	0	0	0	0	1	0	2	2	0	2	0	0	0	0	2
398	2025-26	NBB	YURI	KTO MINAS	2026-04-26, CRU vs MIN	14	0	0	2	0	1	0	0	0	2	2	1	0	0	0	5
398	2025-26	NBB	RODRIGUEZ	KTO MINAS	2026-04-26, CRU vs MIN	9	0	0	0	0	2	0	0	0	0	0	1	0	0	2	0
399	2025-26	NBB	THYGESEN	CONTA SIMPLES RIO CLARO	2026-04-26, RCB vs PIN	43	22	6	12	2	10	4	6	5	1	6	4	0	0	5	2
399	2025-26	NBB	GEMADINHA	CONTA SIMPLES RIO CLARO	2026-04-26, RCB vs PIN	29	20	2	4	4	5	4	4	3	2	5	0	1	0	3	4
399	2025-26	NBB	GUI	CONTA SIMPLES RIO CLARO	2026-04-26, RCB vs PIN	37	15	4	8	1	3	4	4	5	3	8	3	1	0	1	3
399	2025-26	NBB	VITOR	CONTA SIMPLES RIO CLARO	2026-04-26, RCB vs PIN	37	13	3	3	1	3	4	5	5	4	9	0	2	0	2	5
399	2025-26	NBB	SCOTT	CONTA SIMPLES RIO CLARO	2026-04-26, RCB vs PIN	22	12	3	6	1	4	3	4	2	1	3	1	0	0	2	3
399	2025-26	NBB	BONFIM	CONTA SIMPLES RIO CLARO	2026-04-26, RCB vs PIN	31	4	2	8	0	0	0	3	3	2	5	1	1	2	0	3
399	2025-26	NBB	DOS ANJOS	CONTA SIMPLES RIO CLARO	2026-04-26, RCB vs PIN	12	2	1	3	0	2	0	0	1	0	1	0	1	0	1	4
399	2025-26	NBB	OWENS	CONTA SIMPLES RIO CLARO	2026-04-26, RCB vs PIN	2	0	0	0	0	0	0	0	0	0	0	0	0	0	0	1
399	2025-26	NBB	MURILO	CONTA SIMPLES RIO CLARO	2026-04-26, RCB vs PIN	5	0	0	1	0	0	0	0	0	0	0	1	0	0	0	3
399	2025-26	NBB	AKIN	CONTA SIMPLES RIO CLARO	2026-04-26, RCB vs PIN	7	0	0	0	0	0	0	0	0	0	0	0	0	0	0	2
399	2025-26	NBB	GEMADINHA	PINHEIROS	2026-04-26, RCB vs PIN	5	5	0	0	1	1	2	2	0	0	0	0	0	0	0	0
399	2025-26	NBB	THYGESEN	PINHEIROS	2026-04-26, RCB vs PIN	5	2	0	0	0	1	2	2	1	0	1	1	0	0	1	0
399	2025-26	NBB	BONFIM	PINHEIROS	2026-04-26, RCB vs PIN	3	0	0	2	0	0	0	0	0	0	0	0	0	0	0	0
399	2025-26	NBB	VITOR	PINHEIROS	2026-04-26, RCB vs PIN	4	0	0	0	0	0	0	0	1	0	1	0	0	0	0	1
399	2025-26	NBB	DOS ANJOS	PINHEIROS	2026-04-26, RCB vs PIN	2	0	0	0	0	0	0	0	0	0	0	0	0	0	0	0
399	2025-26	NBB	SCOTT	PINHEIROS	2026-04-26, RCB vs PIN	2	0	0	0	0	1	0	0	0	0	0	0	0	0	0	0
399	2025-26	NBB	GUI	PINHEIROS	2026-04-26, RCB vs PIN	4	0	0	1	0	0	0	0	0	0	0	0	0	0	0	0
400	2025-26	NBB	BRITE	BAURU BASKET	2026-04-26, BAU vs CAP	38	26	9	10	2	4	2	6	4	0	4	7	3	1	1	0
400	2025-26	NBB	GUSTAVO	BAURU BASKET	2026-04-26, BAU vs CAP	30	19	5	9	3	4	0	0	4	2	6	0	1	0	2	2
400	2025-26	NBB	ANDREZAO	BAURU BASKET	2026-04-26, BAU vs CAP	31	19	8	9	0	0	3	3	7	4	11	3	1	0	2	2
400	2025-26	NBB	EUGENIUSZ	BAURU BASKET	2026-04-26, BAU vs CAP	24	8	1	3	0	5	6	6	2	1	3	2	1	0	5	3
400	2025-26	NBB	PEDRO	BAURU BASKET	2026-04-26, BAU vs CAP	26	6	0	1	2	3	0	0	1	0	1	3	0	0	0	2
400	2025-26	NBB	MOGI	BAURU BASKET	2026-04-26, BAU vs CAP	10	5	1	3	1	1	0	0	2	3	5	0	0	1	1	2
400	2025-26	NBB	MATERAN	BAURU BASKET	2026-04-26, BAU vs CAP	28	5	1	4	1	5	0	0	1	1	2	2	2	0	1	2
400	2025-26	NBB	VITHINHO	BAURU BASKET	2026-04-26, BAU vs CAP	13	0	0	3	0	3	0	0	2	0	2	1	1	0	1	3
400	2025-26	NBB	GUI ABREU	PAULISTANO	2026-04-26, BAU vs CAP	34	24	4	4	5	9	1	2	3	0	3	2	1	0	1	3
400	2025-26	NBB	SIEWERT	PAULISTANO	2026-04-26, BAU vs CAP	34	17	4	7	2	6	3	3	5	1	6	2	2	1	2	1
400	2025-26	NBB	HUNTER	PAULISTANO	2026-04-26, BAU vs CAP	34	15	7	11	0	4	1	3	1	1	2	3	3	0	1	3
400	2025-26	NBB	TOVAR	PAULISTANO	2026-04-26, BAU vs CAP	16	9	3	3	1	2	0	0	2	0	2	2	1	0	2	1
400	2025-26	NBB	GABRIEL	PAULISTANO	2026-04-26, BAU vs CAP	9	4	2	3	0	0	0	0	1	0	1	1	0	0	1	2
400	2025-26	NBB	VITINHO	PAULISTANO	2026-04-26, BAU vs CAP	33	4	1	4	0	2	2	2	1	1	2	3	1	0	5	1
400	2025-26	NBB	SEIXAS	PAULISTANO	2026-04-26, BAU vs CAP	17	2	1	2	0	2	0	1	1	0	1	1	0	0	1	1
400	2025-26	NBB	LEANDRO	PAULISTANO	2026-04-26, BAU vs CAP	20	0	0	0	0	1	0	0	3	0	3	3	0	0	2	2
400	2025-26	NBB	GABRIEL	PAULISTANO	2026-04-26, BAU vs CAP	2	0	0	1	0	0	0	0	1	1	2	0	0	0	0	1
401	2025-26	NBB	DIKEMBE	MOGI BASQUETE	2026-04-27, MOG vs SJO	19	15	3	5	0	0	9	11	8	4	12	0	0	0	3	3
401	2025-26	NBB	GABRIEL CAMPOS	MOGI BASQUETE	2026-04-27, MOG vs SJO	26	14	1	2	2	7	6	7	1	0	1	1	1	0	1	1
401	2025-26	NBB	MENCA	MOGI BASQUETE	2026-04-27, MOG vs SJO	27	13	4	6	1	5	2	2	2	0	2	1	3	0	1	2
401	2025-26	NBB	HINKLE	MOGI BASQUETE	2026-04-27, MOG vs SJO	19	12	3	5	2	5	0	0	2	0	2	0	0	1	0	1
401	2025-26	NBB	PAULO	MOGI BASQUETE	2026-04-27, MOG vs SJO	27	9	3	4	1	3	0	0	2	3	5	3	2	0	1	2
401	2025-26	NBB	DUANE JOHNSON	MOGI BASQUETE	2026-04-27, MOG vs SJO	17	5	1	4	1	3	0	0	2	1	3	1	0	1	0	1
401	2025-26	NBB	ANDERSON	MOGI BASQUETE	2026-04-27, MOG vs SJO	14	5	1	2	0	3	3	4	2	2	4	1	1	0	0	4
401	2025-26	NBB	RUIVO	MOGI BASQUETE	2026-04-27, MOG vs SJO	28	4	0	3	1	6	1	2	3	1	4	14	0	0	1	1
401	2025-26	NBB	VINI CHAGAS	MOGI BASQUETE	2026-04-27, MOG vs SJO	10	4	1	1	0	0	2	4	1	1	2	0	0	1	1	4
401	2025-26	NBB	MAICON DOUGLAS	MOGI BASQUETE	2026-04-27, MOG vs SJO	10	0	0	0	0	0	0	0	0	1	1	0	1	2	0	2
401	2025-26	NBB	CALDEIRA	MOGI BASQUETE	2026-04-27, MOG vs SJO	3	0	0	1	0	0	0	0	0	0	0	0	0	0	0	1
401	2025-26	NBB	LEO CRAVERO	MR. MOO SAO JOSE BASKETBALL	2026-04-27, MOG vs SJO	34	19	3	5	3	5	4	4	7	1	8	1	1	0	0	3
401	2025-26	NBB	MAIQUE	MR. MOO SAO JOSE BASKETBALL	2026-04-27, MOG vs SJO	17	13	4	5	1	5	2	3	3	2	5	1	1	0	1	4
401	2025-26	NBB	DOS SANTOS	MR. MOO SAO JOSE BASKETBALL	2026-04-27, MOG vs SJO	16	9	2	3	1	3	2	4	4	0	4	0	0	0	5	5
401	2025-26	NBB	CAUE	MR. MOO SAO JOSE BASKETBALL	2026-04-27, MOG vs SJO	29	8	1	2	2	6	0	0	2	0	2	5	0	0	1	4
401	2025-26	NBB	MILLER	MR. MOO SAO JOSE BASKETBALL	2026-04-27, MOG vs SJO	39	8	1	2	2	7	0	0	5	2	7	3	0	0	1	2
401	2025-26	NBB	ADYEL	MR. MOO SAO JOSE BASKETBALL	2026-04-27, MOG vs SJO	22	5	2	7	0	6	1	2	1	1	2	4	0	0	3	1
401	2025-26	NBB	ANDERSON	MR. MOO SAO JOSE BASKETBALL	2026-04-27, MOG vs SJO	22	4	1	2	0	0	2	2	2	0	2	0	0	0	4	4
401	2025-26	NBB	LESSA	MR. MOO SAO JOSE BASKETBALL	2026-04-27, MOG vs SJO	19	2	1	5	0	0	0	0	0	0	0	2	1	0	1	2
401	2025-26	NBB	ISAQUE	MR. MOO SAO JOSE BASKETBALL	2026-04-27, MOG vs SJO	1	2	1	1	0	0	0	0	0	0	0	0	0	0	0	0
401	2025-26	NBB	NICKEL	MR. MOO SAO JOSE BASKETBALL	2026-04-27, MOG vs SJO	1	0	0	0	0	0	0	0	0	0	0	1	0	0	0	1
402	2025-26	NBB	SHAMELL	CAXIAS DO SUL BASQUETE	2026-04-27, CAX vs BRA	36	19	7	12	1	4	2	4	4	0	4	3	1	0	0	2
402	2025-26	NBB	AUGUSTO	CAXIAS DO SUL BASQUETE	2026-04-27, CAX vs BRA	21	18	1	3	5	8	1	2	2	0	2	2	1	0	1	2
402	2025-26	NBB	VEZARO	CAXIAS DO SUL BASQUETE	2026-04-27, CAX vs BRA	35	9	2	3	1	2	2	2	2	2	4	0	1	0	0	1
402	2025-26	NBB	FABRIZZIO	CAXIAS DO SUL BASQUETE	2026-04-27, CAX vs BRA	21	9	2	4	1	8	2	2	1	0	1	1	0	0	0	3
402	2025-26	NBB	RAFA	CAXIAS DO SUL BASQUETE	2026-04-27, CAX vs BRA	34	7	2	4	1	4	0	0	5	4	9	0	2	0	1	4
402	2025-26	NBB	HUMBERTO	CAXIAS DO SUL BASQUETE	2026-04-27, CAX vs BRA	38	4	1	8	0	0	2	4	10	2	12	1	1	1	4	3
402	2025-26	NBB	MIGUEL	CAXIAS DO SUL BASQUETE	2026-04-27, CAX vs BRA	5	0	0	1	0	0	0	0	1	0	1	0	0	0	1	0
402	2025-26	NBB	OMENA	CAXIAS DO SUL BASQUETE	2026-04-27, CAX vs BRA	10	0	0	0	0	1	0	0	1	0	1	0	0	0	0	2
402	2025-26	NBB	CRESCENZI	CAIXA/BRASILIA	2026-04-27, CAX vs BRA	33	15	4	6	2	9	1	1	3	1	4	4	2	0	1	3
402	2025-26	NBB	BUIU	CAIXA/BRASILIA	2026-04-27, CAX vs BRA	34	13	2	8	2	6	3	3	5	0	5	4	0	0	1	4
402	2025-26	NBB	PAULICHI	CAIXA/BRASILIA	2026-04-27, CAX vs BRA	34	12	4	5	1	2	1	1	6	1	7	0	0	3	6	4
402	2025-26	NBB	BRUNAO	CAIXA/BRASILIA	2026-04-27, CAX vs BRA	14	9	4	8	0	0	1	1	4	7	11	1	0	0	1	4
402	2025-26	NBB	VON HAYDIN	CAIXA/BRASILIA	2026-04-27, CAX vs BRA	38	9	1	4	2	7	1	2	7	1	8	2	0	0	1	1
402	2025-26	NBB	CORVALAN	CAIXA/BRASILIA	2026-04-27, CAX vs BRA	30	5	1	6	1	4	0	0	2	0	2	4	0	0	2	3
402	2025-26	NBB	BELLER	CAIXA/BRASILIA	2026-04-27, CAX vs BRA	8	0	0	0	0	0	0	0	0	2	2	0	0	0	1	3
402	2025-26	NBB	PEDRO	CAIXA/BRASILIA	2026-04-27, CAX vs BRA	9	0	0	2	0	1	0	0	3	1	4	0	0	0	0	1
403	2025-26	NBB	HOLLOWELL	CEISC/UNIAO CORINTHIANS	2026-04-27, UCO vs FLA	33	23	6	13	3	6	2	3	9	3	12	2	1	0	5	5
403	2025-26	NBB	CARDENAS	CEISC/UNIAO CORINTHIANS	2026-04-27, UCO vs FLA	32	13	3	5	2	4	1	2	2	2	4	2	2	0	1	4
403	2025-26	NBB	BARNES	CEISC/UNIAO CORINTHIANS	2026-04-27, UCO vs FLA	40	12	4	8	1	4	1	1	1	0	1	3	1	0	2	1
403	2025-26	NBB	GOES	CEISC/UNIAO CORINTHIANS	2026-04-27, UCO vs FLA	29	12	1	1	1	8	7	10	2	1	3	3	0	0	2	3
403	2025-26	NBB	SCOTT	CEISC/UNIAO CORINTHIANS	2026-04-27, UCO vs FLA	35	10	5	6	0	3	0	2	6	1	7	3	2	1	1	3
403	2025-26	NBB	HETTSHEIMEIR	CEISC/UNIAO CORINTHIANS	2026-04-27, UCO vs FLA	5	3	0	0	1	1	0	0	0	0	0	1	0	0	0	0
403	2025-26	NBB	VERISSIMO	CEISC/UNIAO CORINTHIANS	2026-04-27, UCO vs FLA	22	3	0	6	0	0	3	4	1	3	4	1	1	0	0	2
403	2025-26	NBB	ROSSETTO	CEISC/UNIAO CORINTHIANS	2026-04-27, UCO vs FLA	2	1	0	1	0	0	1	2	1	1	2	0	0	0	0	0
403	2025-26	NBB	JONATAN	CEISC/UNIAO CORINTHIANS	2026-04-27, UCO vs FLA	2	0	0	0	0	0	0	0	0	0	0	0	0	1	0	1
403	2025-26	NBB	JHONATAN	FLAMENGO	2026-04-27, UCO vs FLA	27	16	2	3	4	7	0	0	6	3	9	0	0	0	1	2
403	2025-26	NBB	NEGRETE	FLAMENGO	2026-04-27, UCO vs FLA	18	15	6	9	1	6	0	1	1	1	2	2	0	0	3	2
403	2025-26	NBB	JOHNSON SR.	FLAMENGO	2026-04-27, UCO vs FLA	18	12	2	2	2	5	2	2	2	0	2	1	0	0	0	3
403	2025-26	NBB	BARALLE	FLAMENGO	2026-04-27, UCO vs FLA	24	12	4	5	1	9	1	2	3	0	3	11	0	0	1	2
403	2025-26	NBB	WESLEY	FLAMENGO	2026-04-27, UCO vs FLA	16	10	1	1	1	2	5	5	3	0	3	1	1	0	2	3
403	2025-26	NBB	DORIA	FLAMENGO	2026-04-27, UCO vs FLA	24	9	3	4	0	1	3	3	3	4	7	3	2	2	2	4
403	2025-26	NBB	GUI	FLAMENGO	2026-04-27, UCO vs FLA	32	7	2	2	1	6	0	0	4	1	5	3	2	0	1	0
403	2025-26	NBB	CUMMINGS	FLAMENGO	2026-04-27, UCO vs FLA	33	6	3	3	0	3	0	0	7	2	9	2	1	0	1	3
403	2025-26	NBB	KAYO	FLAMENGO	2026-04-27, UCO vs FLA	7	3	0	2	1	1	0	0	0	0	0	0	1	0	0	4
404	2025-26	NBB	MATHEUSINHO	BOTAFOGO	2026-04-27, BOT vs FRA	33	23	0	4	6	11	5	6	3	1	4	12	3	0	4	4
404	2025-26	NBB	SCHEUER	BOTAFOGO	2026-04-27, BOT vs FRA	24	15	5	6	1	1	2	2	2	1	3	0	0	0	2	2
404	2025-26	NBB	DERICK	BOTAFOGO	2026-04-27, BOT vs FRA	30	15	5	8	1	3	2	3	5	3	8	4	2	0	3	4
404	2025-26	NBB	MACHADO	BOTAFOGO	2026-04-27, BOT vs FRA	35	12	4	8	1	2	1	1	2	0	2	4	3	0	2	1
404	2025-26	NBB	EMANUEL	BOTAFOGO	2026-04-27, BOT vs FRA	38	4	2	4	0	4	0	2	3	0	3	0	2	0	1	1
404	2025-26	NBB	LUCAS	BOTAFOGO	2026-04-27, BOT vs FRA	6	3	0	1	1	2	0	0	0	0	0	0	0	0	0	2
404	2025-26	NBB	LELE	BOTAFOGO	2026-04-27, BOT vs FRA	8	2	1	1	0	1	0	0	0	0	0	0	0	0	0	1
404	2025-26	NBB	NK	BOTAFOGO	2026-04-27, BOT vs FRA	4	2	1	1	0	0	0	0	0	0	0	0	0	0	0	1
404	2025-26	NBB	MACHADO JR.	BOTAFOGO	2026-04-27, BOT vs FRA	15	2	1	1	0	1	0	2	2	1	3	0	0	0	3	2
404	2025-26	NBB	ABNER	BOTAFOGO	2026-04-27, BOT vs FRA	8	0	0	3	0	0	0	0	1	0	1	2	2	0	1	1
404	2025-26	NBB	DAVID JACKSON	SESI FRANCA	2026-04-27, BOT vs FRA	24	21	3	3	5	9	0	0	2	1	3	4	0	0	2	1
404	2025-26	NBB	LUCAS DIAS	SESI FRANCA	2026-04-27, BOT vs FRA	33	14	2	3	2	7	4	6	6	1	7	2	2	0	1	2
404	2025-26	NBB	GEORGINHO	SESI FRANCA	2026-04-27, BOT vs FRA	31	13	3	5	1	5	4	4	7	2	9	6	1	2	6	0
404	2025-26	NBB	MINEIRO	SESI FRANCA	2026-04-27, BOT vs FRA	24	11	2	3	2	2	1	3	2	1	3	1	1	0	0	1
404	2025-26	NBB	BENNETT	SESI FRANCA	2026-04-27, BOT vs FRA	32	10	3	4	1	3	1	1	3	1	4	0	3	0	3	2
404	2025-26	NBB	FELICIO	SESI FRANCA	2026-04-27, BOT vs FRA	17	6	2	3	0	0	2	2	0	2	2	0	0	0	3	4
404	2025-26	NBB	LATERZA	SESI FRANCA	2026-04-27, BOT vs FRA	21	4	1	1	0	4	2	3	3	0	3	1	2	0	1	4
404	2025-26	NBB	RODRIGUEZ	SESI FRANCA	2026-04-27, BOT vs FRA	18	3	0	2	1	5	0	0	1	1	2	2	1	0	2	1
405	2025-26	NBB	CLARK	CORINTHIANS	2026-04-29, COR vs UFC	27	16	3	6	2	6	4	5	3	1	4	6	4	0	3	3
405	2025-26	NBB	VICTAO	CORINTHIANS	2026-04-29, COR vs UFC	38	15	6	8	1	3	0	0	3	1	4	0	3	0	2	3
405	2025-26	NBB	ELINHO	CORINTHIANS	2026-04-29, COR vs UFC	40	11	1	2	3	10	0	0	5	0	5	7	1	0	0	3
405	2025-26	NBB	LUCAS CAUE	CORINTHIANS	2026-04-29, COR vs UFC	18	10	4	4	0	0	2	2	3	1	4	4	0	1	1	3
405	2025-26	NBB	MUNFORD	CORINTHIANS	2026-04-29, COR vs UFC	16	10	1	2	2	4	2	2	1	1	2	1	0	0	1	3
405	2025-26	NBB	RAYMUNDO	CORINTHIANS	2026-04-29, COR vs UFC	19	8	2	3	0	0	4	5	2	3	5	1	2	1	2	2
405	2025-26	NBB	THOMAS	CORINTHIANS	2026-04-29, COR vs UFC	26	7	2	8	0	3	3	5	1	1	2	2	1	0	0	0
405	2025-26	NBB	C. BORGES	CORINTHIANS	2026-04-29, COR vs UFC	15	4	2	3	0	1	0	0	0	1	1	2	1	0	1	2
405	2025-26	NBB	MELVIN	UNIFACISA	2026-04-29, COR vs UFC	26	18	5	7	2	5	2	2	1	0	1	0	1	0	3	0
405	2025-26	NBB	ANTHONY	UNIFACISA	2026-04-29, COR vs UFC	24	15	3	5	2	4	3	3	2	3	5	2	0	0	3	4
405	2025-26	NBB	JIMMY	UNIFACISA	2026-04-29, COR vs UFC	34	10	2	4	1	4	3	4	4	2	6	0	0	0	1	2
405	2025-26	NBB	COELHO	UNIFACISA	2026-04-29, COR vs UFC	19	8	1	1	1	5	3	5	1	1	2	1	1	0	0	2
405	2025-26	NBB	ANTONIO	UNIFACISA	2026-04-29, COR vs UFC	29	7	2	3	0	4	3	3	6	0	6	1	2	0	2	2
405	2025-26	NBB	CARR	UNIFACISA	2026-04-29, COR vs UFC	20	5	1	3	0	2	3	4	1	1	2	1	1	0	1	3
405	2025-26	NBB	LEAL	UNIFACISA	2026-04-29, COR vs UFC	17	4	2	3	0	0	0	0	2	3	5	1	1	1	3	4
405	2025-26	NBB	GERSON	UNIFACISA	2026-04-29, COR vs UFC	9	2	1	3	0	0	0	0	1	1	2	0	0	0	1	4
405	2025-26	NBB	SIFONTES	UNIFACISA	2026-04-29, COR vs UFC	19	2	1	3	0	3	0	0	0	0	0	2	1	0	3	0
405	2025-26	NBB	JOAO PAULO	UNIFACISA	2026-04-29, COR vs UFC	4	0	0	0	0	0	0	0	2	0	2	0	0	0	1	0
406	2025-26	NBB	ARENGO	KTO MINAS	2026-04-29, MIN vs CRU	32	24	7	10	1	7	7	10	3	2	5	1	1	0	2	2
406	2025-26	NBB	WILLIAMS	KTO MINAS	2026-04-29, MIN vs CRU	29	20	4	5	2	5	6	8	2	0	2	2	2	0	2	3
406	2025-26	NBB	MCCREE	KTO MINAS	2026-04-29, MIN vs CRU	14	15	2	2	2	2	5	6	2	0	2	1	0	0	1	1
406	2025-26	NBB	R. RACHEL	KTO MINAS	2026-04-29, MIN vs CRU	26	14	5	8	0	4	4	5	6	4	10	0	2	1	0	2
406	2025-26	NBB	FRAZIER	KTO MINAS	2026-04-29, MIN vs CRU	21	8	1	4	2	4	0	0	2	2	4	6	2	0	1	0
406	2025-26	NBB	FISCHER	KTO MINAS	2026-04-29, MIN vs CRU	19	7	2	2	0	4	3	4	1	0	1	5	1	0	3	1
406	2025-26	NBB	YURI	KTO MINAS	2026-04-29, MIN vs CRU	14	5	1	1	0	0	3	4	5	1	6	2	2	0	1	3
406	2025-26	NBB	WINI SILVA	KTO MINAS	2026-04-29, MIN vs CRU	23	4	2	4	0	0	0	0	6	3	9	2	0	1	2	4
406	2025-26	NBB	PARANHOS	KTO MINAS	2026-04-29, MIN vs CRU	17	3	0	2	0	0	3	8	4	3	7	1	0	0	3	2
406	2025-26	NBB	CESAR	KTO MINAS	2026-04-29, MIN vs CRU	1	2	1	1	0	0	0	0	0	0	0	0	0	0	0	0
406	2025-26	NBB	RODRIGUEZ	KTO MINAS	2026-04-29, MIN vs CRU	5	1	0	0	0	0	1	2	1	0	1	0	0	0	0	1
406	2025-26	NBB	VINCI	KTO MINAS	2026-04-29, MIN vs CRU	1	0	0	0	0	0	0	0	0	0	0	0	0	0	0	0
406	2025-26	NBB	ANSALONI	CRUZEIRO BASQUETE	2026-04-29, MIN vs CRU	25	19	8	12	0	2	3	5	6	5	11	0	0	0	3	5
406	2025-26	NBB	CLAY	CRUZEIRO BASQUETE	2026-04-29, MIN vs CRU	16	18	6	9	2	4	0	0	1	0	1	3	1	0	2	1
406	2025-26	NBB	DA SILVA	CRUZEIRO BASQUETE	2026-04-29, MIN vs CRU	28	15	5	14	0	0	5	5	6	5	11	2	1	0	2	4
406	2025-26	NBB	I. THORNTON	CRUZEIRO BASQUETE	2026-04-29, MIN vs CRU	31	15	4	12	2	5	1	2	1	2	3	3	1	0	2	2
406	2025-26	NBB	LEO ABREU	CRUZEIRO BASQUETE	2026-04-29, MIN vs CRU	7	8	1	1	2	2	0	0	1	0	1	3	0	0	1	0
406	2025-26	NBB	SENA	CRUZEIRO BASQUETE	2026-04-29, MIN vs CRU	9	8	2	2	1	1	1	1	0	0	0	0	0	0	0	3
406	2025-26	NBB	NIQUE COLEMAN	CRUZEIRO BASQUETE	2026-04-29, MIN vs CRU	20	7	1	1	1	6	2	2	1	0	1	3	1	0	0	4
406	2025-26	NBB	CASSIANO	CRUZEIRO BASQUETE	2026-04-29, MIN vs CRU	15	3	0	0	1	1	0	0	1	2	3	2	0	0	0	4
406	2025-26	NBB	GITTENS	CRUZEIRO BASQUETE	2026-04-29, MIN vs CRU	20	0	0	1	0	4	0	2	3	0	3	5	2	0	1	3
406	2025-26	NBB	JJ	CRUZEIRO BASQUETE	2026-04-29, MIN vs CRU	21	0	0	1	0	3	0	0	2	0	2	2	1	1	0	4
406	2025-26	NBB	DU SOMMER	CRUZEIRO BASQUETE	2026-04-29, MIN vs CRU	7	0	0	0	0	0	0	0	0	0	0	0	1	0	1	2
407	2025-26	NBB	SIEWERT	PAULISTANO	2026-04-29, CAP vs BAU	30	14	4	5	2	6	0	0	4	3	7	1	1	0	1	1
407	2025-26	NBB	TOVAR	PAULISTANO	2026-04-29, CAP vs BAU	22	13	3	6	2	4	1	1	7	1	8	4	0	0	3	0
407	2025-26	NBB	HUNTER	PAULISTANO	2026-04-29, CAP vs BAU	29	11	5	9	0	3	1	1	6	0	6	4	0	0	4	4
407	2025-26	NBB	VITINHO	PAULISTANO	2026-04-29, CAP vs BAU	33	11	1	2	2	4	3	4	4	0	4	1	1	0	2	1
407	2025-26	NBB	GUI ABREU	PAULISTANO	2026-04-29, CAP vs BAU	26	10	2	4	2	6	0	0	5	1	6	2	3	1	1	3
407	2025-26	NBB	SEIXAS	PAULISTANO	2026-04-29, CAP vs BAU	15	8	1	2	2	3	0	0	2	0	2	0	0	0	3	0
407	2025-26	NBB	GABRIEL	PAULISTANO	2026-04-29, CAP vs BAU	11	2	1	3	0	1	0	0	3	3	6	0	0	0	1	1
407	2025-26	NBB	LEANDRO	PAULISTANO	2026-04-29, CAP vs BAU	24	2	1	4	0	0	0	0	2	2	4	0	1	0	0	3
407	2025-26	NBB	DEMETRIO	PAULISTANO	2026-04-29, CAP vs BAU	10	0	0	1	0	1	0	0	0	1	1	0	0	0	1	0
407	2025-26	NBB	BRITE	BAURU BASKET	2026-04-29, CAP vs BAU	38	13	4	6	1	7	2	2	3	0	3	5	3	0	5	2
407	2025-26	NBB	MATERAN	BAURU BASKET	2026-04-29, CAP vs BAU	21	11	2	5	2	6	1	2	0	2	2	0	0	0	0	4
407	2025-26	NBB	VITHINHO	BAURU BASKET	2026-04-29, CAP vs BAU	21	10	2	5	2	3	0	0	2	0	2	2	0	0	0	2
407	2025-26	NBB	GUSTAVO	BAURU BASKET	2026-04-29, CAP vs BAU	27	9	4	5	0	4	1	1	4	1	5	2	1	0	1	1
407	2025-26	NBB	ANDREZAO	BAURU BASKET	2026-04-29, CAP vs BAU	35	9	4	10	0	1	1	4	6	2	8	2	2	2	2	1
407	2025-26	NBB	EUGENIUSZ	BAURU BASKET	2026-04-29, CAP vs BAU	20	5	1	3	0	5	3	4	1	0	1	2	1	0	0	1
407	2025-26	NBB	AUGUSTO	BAURU BASKET	2026-04-29, CAP vs BAU	4	3	0	0	1	2	0	0	1	0	1	0	1	0	0	0
407	2025-26	NBB	PEDRO	BAURU BASKET	2026-04-29, CAP vs BAU	28	2	1	2	0	0	0	0	1	0	1	1	0	0	0	1
407	2025-26	NBB	MOGI	BAURU BASKET	2026-04-29, CAP vs BAU	5	0	0	0	0	0	0	0	0	1	1	0	1	0	0	1
408	2025-26	NBB	GUI	FLAMENGO	2026-04-30, FLA vs UCO	20	20	1	1	5	6	3	5	3	0	3	3	1	0	1	2
408	2025-26	NBB	NEGRETE	FLAMENGO	2026-04-30, FLA vs UCO	24	20	1	5	5	6	3	4	3	0	3	0	0	0	3	0
408	2025-26	NBB	JOHNSON SR.	FLAMENGO	2026-04-30, FLA vs UCO	25	18	4	6	3	6	1	3	3	0	3	10	0	0	2	4
408	2025-26	NBB	CUMMINGS	FLAMENGO	2026-04-30, FLA vs UCO	19	13	2	2	3	4	0	0	6	3	9	1	1	1	0	0
408	2025-26	NBB	BARALLE	FLAMENGO	2026-04-30, FLA vs UCO	17	12	3	4	2	4	0	0	2	0	2	3	1	0	1	3
408	2025-26	NBB	WESLEY	FLAMENGO	2026-04-30, FLA vs UCO	25	8	2	5	0	2	4	4	1	4	5	2	1	0	1	2
408	2025-26	NBB	JHONATAN	FLAMENGO	2026-04-30, FLA vs UCO	28	5	1	1	1	3	0	0	6	1	7	1	1	0	1	1
408	2025-26	NBB	DORIA	FLAMENGO	2026-04-30, FLA vs UCO	15	5	1	4	0	0	3	4	3	3	6	1	1	0	4	1
408	2025-26	NBB	KAYO	FLAMENGO	2026-04-30, FLA vs UCO	20	3	0	0	1	6	0	0	3	1	4	0	2	0	0	2
408	2025-26	NBB	MANEL	FLAMENGO	2026-04-30, FLA vs UCO	2	0	0	0	0	0	0	0	1	0	1	0	0	0	0	0
408	2025-26	NBB	IGOR	FLAMENGO	2026-04-30, FLA vs UCO	2	0	0	0	0	1	0	0	0	0	0	1	0	0	0	0
408	2025-26	NBB	GUEIROS	FLAMENGO	2026-04-30, FLA vs UCO	5	0	0	0	0	2	0	0	0	1	1	2	0	0	1	1
408	2025-26	NBB	BARNES	CEISC/UNIAO CORINTHIANS	2026-04-30, FLA vs UCO	32	18	6	9	1	7	3	4	2	0	2	6	0	0	2	1
408	2025-26	NBB	ROSSETTO	CEISC/UNIAO CORINTHIANS	2026-04-30, FLA vs UCO	19	15	3	6	2	3	3	3	3	0	3	2	3	0	1	3
408	2025-26	NBB	VERISSIMO	CEISC/UNIAO CORINTHIANS	2026-04-30, FLA vs UCO	25	12	1	7	2	4	4	4	4	1	5	1	2	0	1	2
408	2025-26	NBB	SCOTT	CEISC/UNIAO CORINTHIANS	2026-04-30, FLA vs UCO	26	12	3	6	1	1	3	4	1	2	3	2	0	1	6	2
408	2025-26	NBB	HOLLOWELL	CEISC/UNIAO CORINTHIANS	2026-04-30, FLA vs UCO	16	10	2	4	2	2	0	0	5	0	5	2	1	0	1	1
408	2025-26	NBB	GOES	CEISC/UNIAO CORINTHIANS	2026-04-30, FLA vs UCO	23	5	1	1	1	7	0	0	2	1	3	5	2	0	1	3
408	2025-26	NBB	JONATAN	CEISC/UNIAO CORINTHIANS	2026-04-30, FLA vs UCO	9	3	1	1	0	1	1	2	0	0	0	0	0	0	0	0
408	2025-26	NBB	CARDENAS	CEISC/UNIAO CORINTHIANS	2026-04-30, FLA vs UCO	35	2	1	2	0	1	0	2	5	0	5	0	2	0	0	3
408	2025-26	NBB	BRANDAO	CEISC/UNIAO CORINTHIANS	2026-04-30, FLA vs UCO	7	0	0	0	0	0	0	0	0	0	0	0	0	0	0	1
408	2025-26	NBB	HETTSHEIMEIR	CEISC/UNIAO CORINTHIANS	2026-04-30, FLA vs UCO	8	0	0	1	0	0	0	0	0	0	0	0	0	0	0	3
410	2025-26	NBB	WILLIAMS	KTO MINAS	2026-05-04, MIN vs COR	37	24	6	6	2	9	6	9	5	1	6	0	2	0	3	1
410	2025-26	NBB	ARENGO	KTO MINAS	2026-05-04, MIN vs COR	31	20	1	3	5	12	3	3	4	1	5	4	1	0	0	2
410	2025-26	NBB	R. RACHEL	KTO MINAS	2026-05-04, MIN vs COR	27	13	2	4	2	8	3	4	5	2	7	1	1	0	0	4
410	2025-26	NBB	MCCREE	KTO MINAS	2026-05-04, MIN vs COR	25	11	3	6	1	5	2	4	3	2	5	1	0	0	1	3
410	2025-26	NBB	FISCHER	KTO MINAS	2026-05-04, MIN vs COR	25	7	2	2	0	3	3	3	3	0	3	6	0	0	4	3
410	2025-26	NBB	WINI SILVA	KTO MINAS	2026-05-04, MIN vs COR	22	7	3	6	0	1	1	2	7	5	12	1	0	2	1	3
410	2025-26	NBB	PARANHOS	KTO MINAS	2026-05-04, MIN vs COR	15	6	2	4	0	0	2	4	2	4	6	0	0	0	2	4
410	2025-26	NBB	YURI	KTO MINAS	2026-05-04, MIN vs COR	8	2	1	3	0	1	0	0	0	3	3	1	0	0	1	1
410	2025-26	NBB	RODRIGUEZ	KTO MINAS	2026-05-04, MIN vs COR	9	0	0	0	0	1	0	0	0	1	1	1	0	0	1	0
410	2025-26	NBB	ELINHO	CORINTHIANS	2026-05-04, MIN vs COR	40	20	4	8	2	8	6	7	7	0	7	12	1	0	3	1
410	2025-26	NBB	LUCAS CAUE	CORINTHIANS	2026-05-04, MIN vs COR	22	17	6	9	1	1	2	2	3	2	5	2	0	1	0	4
410	2025-26	NBB	CLARK	CORINTHIANS	2026-05-04, MIN vs COR	23	16	4	7	2	6	2	3	6	3	9	3	0	0	3	2
410	2025-26	NBB	VICTAO	CORINTHIANS	2026-05-04, MIN vs COR	35	13	2	5	3	6	0	0	0	2	2	2	0	0	0	1
410	2025-26	NBB	RAYMUNDO	CORINTHIANS	2026-05-04, MIN vs COR	16	10	3	8	0	0	4	4	1	1	2	2	2	0	0	3
410	2025-26	NBB	MUNFORD	CORINTHIANS	2026-05-04, MIN vs COR	23	8	3	3	0	4	2	3	3	3	6	0	1	0	0	3
410	2025-26	NBB	C. BORGES	CORINTHIANS	2026-05-04, MIN vs COR	26	8	0	4	2	3	2	2	1	1	2	0	2	0	0	2
410	2025-26	NBB	THOMAS	CORINTHIANS	2026-05-04, MIN vs COR	12	6	1	1	1	3	1	1	1	0	1	0	0	0	0	5
410	2025-26	NBB	NOVAES	CORINTHIANS	2026-05-04, MIN vs COR	4	2	1	1	0	0	0	0	0	1	1	0	0	2	0	1
411	2025-26	NBB	SLOAN	PINHEIROS	2026-05-04, PIN vs CAP	34	27	6	8	3	8	6	8	2	0	2	8	2	0	4	1
411	2025-26	NBB	GREGATE	PINHEIROS	2026-05-04, PIN vs CAP	37	16	3	9	2	9	4	7	1	2	3	2	2	0	3	3
411	2025-26	NBB	PACHECO	PINHEIROS	2026-05-04, PIN vs CAP	16	10	0	2	1	3	7	8	3	2	5	2	1	0	2	0
411	2025-26	NBB	BETINHO	PINHEIROS	2026-05-04, PIN vs CAP	7	10	0	0	1	3	7	7	1	0	1	0	0	0	1	2
411	2025-26	NBB	DJALO	PINHEIROS	2026-05-04, PIN vs CAP	34	10	3	5	1	3	1	2	7	4	11	2	0	1	1	5
411	2025-26	NBB	PASTRE	PINHEIROS	2026-05-04, PIN vs CAP	36	9	0	0	3	4	0	0	2	0	2	1	1	0	0	2
411	2025-26	NBB	EDU SANTOS	PINHEIROS	2026-05-04, PIN vs CAP	16	8	1	2	1	3	3	5	1	2	3	0	0	2	0	4
411	2025-26	NBB	AFONSO	PINHEIROS	2026-05-04, PIN vs CAP	15	7	3	6	0	0	1	1	4	5	9	0	0	1	2	1
411	2025-26	NBB	AGAPY	PINHEIROS	2026-05-04, PIN vs CAP	21	4	2	6	0	0	0	0	5	2	7	0	0	0	1	5
411	2025-26	NBB	MACIEL	PINHEIROS	2026-05-04, PIN vs CAP	5	0	0	0	0	0	0	0	1	1	2	0	0	0	0	1
411	2025-26	NBB	PENHA JR.	PINHEIROS	2026-05-04, PIN vs CAP	4	0	0	0	0	0	0	0	0	0	0	0	0	0	0	0
411	2025-26	NBB	GREGATE	PAULISTANO	2026-05-04, PIN vs CAP	5	6	1	2	1	3	1	1	0	1	1	0	1	0	0	0
411	2025-26	NBB	PACHECO	PAULISTANO	2026-05-04, PIN vs CAP	3	3	0	0	0	1	3	4	2	1	3	1	1	0	0	0
411	2025-26	NBB	AFONSO	PAULISTANO	2026-05-04, PIN vs CAP	5	2	1	2	0	0	0	0	3	1	4	0	0	0	0	0
411	2025-26	NBB	SLOAN	PAULISTANO	2026-05-04, PIN vs CAP	3	1	0	0	0	0	1	2	0	0	0	1	0	0	0	0
411	2025-26	NBB	EDU SANTOS	PAULISTANO	2026-05-04, PIN vs CAP	4	0	0	0	0	1	0	0	0	0	0	0	0	1	0	0
411	2025-26	NBB	PASTRE	PAULISTANO	2026-05-04, PIN vs CAP	5	0	0	0	0	0	0	0	0	0	0	0	0	0	0	0
412	2025-26	NBB	GEORGINHO	SESI FRANCA	2026-05-05, FRA vs MOG	33	35	6	9	5	11	8	8	4	0	4	4	1	0	0	4
412	2025-26	NBB	LUCAS DIAS	SESI FRANCA	2026-05-05, FRA vs MOG	33	17	5	10	1	4	4	4	3	5	8	4	0	0	4	4
412	2025-26	NBB	RODRIGUEZ	SESI FRANCA	2026-05-05, FRA vs MOG	23	10	1	2	2	9	2	3	2	1	3	0	2	1	0	4
412	2025-26	NBB	MINEIRO	SESI FRANCA	2026-05-05, FRA vs MOG	23	9	3	3	1	2	0	0	4	5	9	0	0	0	2	0
412	2025-26	NBB	DAVID JACKSON	SESI FRANCA	2026-05-05, FRA vs MOG	32	6	0	3	2	3	0	0	3	0	3	4	0	0	0	2
412	2025-26	NBB	LATERZA	SESI FRANCA	2026-05-05, FRA vs MOG	14	6	0	0	2	4	0	0	3	0	3	0	0	1	1	1
412	2025-26	NBB	BENNETT	SESI FRANCA	2026-05-05, FRA vs MOG	25	6	3	5	0	2	0	0	0	0	0	2	1	0	0	2
412	2025-26	NBB	FELICIO	SESI FRANCA	2026-05-05, FRA vs MOG	16	4	2	2	0	0	0	0	0	0	0	0	1	0	2	2
412	2025-26	NBB	VINI	SESI FRANCA	2026-05-05, FRA vs MOG	2	0	0	0	0	1	0	0	0	0	0	0	0	0	0	0
412	2025-26	NBB	DUANE JOHNSON	MOGI BASQUETE	2026-05-05, FRA vs MOG	27	19	7	10	1	5	2	2	3	1	4	3	1	0	0	2
412	2025-26	NBB	RUIVO	MOGI BASQUETE	2026-05-05, FRA vs MOG	33	18	1	2	4	7	4	4	3	1	4	11	0	0	0	1
412	2025-26	NBB	DIKEMBE	MOGI BASQUETE	2026-05-05, FRA vs MOG	30	18	7	10	0	0	4	4	6	4	10	4	0	1	1	2
412	2025-26	NBB	HINKLE	MOGI BASQUETE	2026-05-05, FRA vs MOG	29	13	1	2	3	8	2	2	2	0	2	2	1	0	3	2
412	2025-26	NBB	PAULO	MOGI BASQUETE	2026-05-05, FRA vs MOG	26	11	1	3	3	4	0	0	3	1	4	1	0	0	0	3
412	2025-26	NBB	GABRIEL CAMPOS	MOGI BASQUETE	2026-05-05, FRA vs MOG	18	8	1	2	2	6	0	0	1	0	1	3	0	0	2	1
412	2025-26	NBB	ANDERSON	MOGI BASQUETE	2026-05-05, FRA vs MOG	17	3	0	0	1	3	0	0	3	0	3	0	0	0	1	4
412	2025-26	NBB	MENCA	MOGI BASQUETE	2026-05-05, FRA vs MOG	10	3	0	1	1	2	0	0	0	0	0	0	3	0	2	1
412	2025-26	NBB	MAICON DOUGLAS	MOGI BASQUETE	2026-05-05, FRA vs MOG	9	2	1	1	0	0	0	0	0	1	1	0	0	0	0	2
412	2025-26	NBB	VINI CHAGAS	MOGI BASQUETE	2026-05-05, FRA vs MOG	2	0	0	0	0	0	0	0	0	0	0	0	0	0	0	1
414	2025-26	NBB	HUNTER	PAULISTANO	2026-05-07, CAP vs PIN	26	17	3	7	3	6	2	3	2	0	2	3	1	0	0	3
414	2025-26	NBB	SEIXAS	PAULISTANO	2026-05-07, CAP vs PIN	26	13	3	4	2	6	1	2	1	0	1	1	0	0	2	3
414	2025-26	NBB	VITINHO	PAULISTANO	2026-05-07, CAP vs PIN	37	11	1	4	2	3	3	3	2	4	6	6	5	0	4	1
414	2025-26	NBB	TOVAR	PAULISTANO	2026-05-07, CAP vs PIN	20	11	3	6	1	5	2	2	3	0	3	0	2	0	3	1
414	2025-26	NBB	SIEWERT	PAULISTANO	2026-05-07, CAP vs PIN	34	10	2	9	2	6	0	0	7	2	9	0	0	0	0	3
414	2025-26	NBB	LEANDRO	PAULISTANO	2026-05-07, CAP vs PIN	22	3	1	3	0	1	1	2	3	2	5	1	1	0	4	2
414	2025-26	NBB	DEMETRIO	PAULISTANO	2026-05-07, CAP vs PIN	6	3	0	0	1	2	0	0	0	0	0	0	0	0	0	3
414	2025-26	NBB	GABRIEL	PAULISTANO	2026-05-07, CAP vs PIN	17	0	0	3	0	0	0	0	0	4	4	2	0	0	3	1
414	2025-26	NBB	CAIO MATHIAS	PAULISTANO	2026-05-07, CAP vs PIN	8	0	0	1	0	1	0	0	1	0	1	0	0	0	0	3
414	2025-26	NBB	GABRIEL	PAULISTANO	2026-05-07, CAP vs PIN	4	0	0	1	0	1	0	0	2	0	2	0	0	0	0	1
414	2025-26	NBB	SLOAN	PINHEIROS	2026-05-07, CAP vs PIN	30	18	6	10	1	4	3	4	2	0	2	7	1	0	5	2
414	2025-26	NBB	DJALO	PINHEIROS	2026-05-07, CAP vs PIN	26	15	2	2	2	7	5	6	3	1	4	0	2	0	2	3
414	2025-26	NBB	PASTRE	PINHEIROS	2026-05-07, CAP vs PIN	33	10	1	3	2	4	2	3	4	3	7	1	3	1	2	4
414	2025-26	NBB	PACHECO	PINHEIROS	2026-05-07, CAP vs PIN	19	7	2	6	1	3	0	0	3	1	4	1	2	0	3	0
414	2025-26	NBB	PENHA JR.	PINHEIROS	2026-05-07, CAP vs PIN	10	5	1	3	0	1	3	3	1	0	1	0	1	0	0	0
414	2025-26	NBB	GREGATE	PINHEIROS	2026-05-07, CAP vs PIN	18	4	2	2	0	2	0	0	2	0	2	5	0	0	4	5
414	2025-26	NBB	EDU SANTOS	PINHEIROS	2026-05-07, CAP vs PIN	14	4	1	1	0	3	2	2	5	1	6	0	0	2	2	0
414	2025-26	NBB	BRAYAN	PINHEIROS	2026-05-07, CAP vs PIN	10	4	2	2	0	1	0	0	1	1	2	0	1	1	0	2
414	2025-26	NBB	BUFFAT	PINHEIROS	2026-05-07, CAP vs PIN	3	3	0	0	1	1	0	0	1	1	2	0	0	0	0	0
414	2025-26	NBB	BETINHO	PINHEIROS	2026-05-07, CAP vs PIN	14	2	0	1	0	2	2	2	0	0	0	0	1	0	1	0
414	2025-26	NBB	AFONSO	PINHEIROS	2026-05-07, CAP vs PIN	3	2	1	1	0	0	0	0	0	0	0	0	0	0	0	1
414	2025-26	NBB	AGAPY	PINHEIROS	2026-05-07, CAP vs PIN	22	2	1	2	0	0	0	0	5	1	6	0	1	1	3	3
415	2025-26	NBB	THOMAS	CORINTHIANS	2026-05-07, COR vs MIN	34	30	8	11	3	8	5	7	2	4	6	1	0	1	2	1
415	2025-26	NBB	MUNFORD	CORINTHIANS	2026-05-07, COR vs MIN	28	13	3	5	2	7	1	2	3	4	7	2	1	2	1	1
415	2025-26	NBB	LUCAS CAUE	CORINTHIANS	2026-05-07, COR vs MIN	18	11	5	8	0	1	1	1	0	0	0	0	0	0	0	2
415	2025-26	NBB	CLARK	CORINTHIANS	2026-05-07, COR vs MIN	28	11	1	7	2	7	3	5	4	1	5	6	3	1	1	3
415	2025-26	NBB	ELINHO	CORINTHIANS	2026-05-07, COR vs MIN	38	11	1	3	3	9	0	0	3	0	3	8	0	0	2	2
415	2025-26	NBB	C. BORGES	CORINTHIANS	2026-05-07, COR vs MIN	15	7	2	4	1	4	0	0	2	1	3	1	1	0	0	2
415	2025-26	NBB	RAYMUNDO	CORINTHIANS	2026-05-07, COR vs MIN	22	6	2	2	0	0	2	2	1	4	5	1	1	1	1	5
415	2025-26	NBB	VICTAO	CORINTHIANS	2026-05-07, COR vs MIN	17	2	1	2	0	3	0	1	1	3	4	1	2	0	0	4
415	2025-26	NBB	WINI SILVA	KTO MINAS	2026-05-07, COR vs MIN	25	18	5	9	1	1	5	6	5	4	9	2	2	2	2	2
415	2025-26	NBB	WILLIAMS	KTO MINAS	2026-05-07, COR vs MIN	34	15	2	2	3	5	2	2	6	1	7	4	0	1	3	2
415	2025-26	NBB	MCCREE	KTO MINAS	2026-05-07, COR vs MIN	25	14	3	4	2	4	2	2	2	0	2	1	1	1	3	1
415	2025-26	NBB	FISCHER	KTO MINAS	2026-05-07, COR vs MIN	28	12	0	1	4	7	0	0	0	0	0	9	1	0	1	2
415	2025-26	NBB	ARENGO	KTO MINAS	2026-05-07, COR vs MIN	28	12	2	3	2	8	2	2	4	2	6	3	0	0	1	2
415	2025-26	NBB	R. RACHEL	KTO MINAS	2026-05-07, COR vs MIN	28	12	3	5	2	6	0	0	4	2	6	3	0	0	0	5
415	2025-26	NBB	PARANHOS	KTO MINAS	2026-05-07, COR vs MIN	17	9	4	5	0	0	1	1	2	0	2	1	0	0	2	1
415	2025-26	NBB	RODRIGUEZ	KTO MINAS	2026-05-07, COR vs MIN	9	5	1	1	1	2	0	0	0	0	0	2	0	0	1	1
415	2025-26	NBB	YURI	KTO MINAS	2026-05-07, COR vs MIN	7	0	0	1	0	1	0	0	2	0	2	0	1	0	1	2
416	2025-26	NBB	KAYO	FLAMENGO	2026-05-08, FLA vs BRA	23	16	2	2	4	4	0	0	3	3	6	1	1	1	4	1
416	2025-26	NBB	WESLEY	FLAMENGO	2026-05-08, FLA vs BRA	20	16	4	7	1	2	5	8	3	2	5	1	1	0	0	3
416	2025-26	NBB	BARALLE	FLAMENGO	2026-05-08, FLA vs BRA	30	13	5	7	1	5	0	1	7	0	7	3	2	0	3	2
416	2025-26	NBB	JOHNSON SR.	FLAMENGO	2026-05-08, FLA vs BRA	34	13	3	5	2	5	1	1	4	0	4	4	2	0	2	3
416	2025-26	NBB	NEGRETE	FLAMENGO	2026-05-08, FLA vs BRA	16	11	1	3	3	8	0	0	2	0	2	1	0	0	1	0
416	2025-26	NBB	GUI	FLAMENGO	2026-05-08, FLA vs BRA	32	9	3	4	1	6	0	0	2	0	2	3	2	0	1	4
416	2025-26	NBB	CUMMINGS	FLAMENGO	2026-05-08, FLA vs BRA	15	3	1	4	0	2	1	2	2	2	4	2	0	0	2	1
416	2025-26	NBB	JHONATAN	FLAMENGO	2026-05-08, FLA vs BRA	19	2	1	3	0	1	0	0	1	0	1	1	0	0	2	3
416	2025-26	NBB	DORIA	FLAMENGO	2026-05-08, FLA vs BRA	12	0	0	2	0	0	0	0	2	1	3	1	3	0	0	4
416	2025-26	NBB	VON HAYDIN	CAIXA/BRASILIA	2026-05-08, FLA vs BRA	36	12	1	3	3	15	1	2	4	1	5	5	4	1	2	1
416	2025-26	NBB	PEDRO	CAIXA/BRASILIA	2026-05-08, FLA vs BRA	18	11	4	5	1	2	0	0	2	3	5	2	0	0	1	2
416	2025-26	NBB	PAULICHI	CAIXA/BRASILIA	2026-05-08, FLA vs BRA	24	11	4	6	1	3	0	0	4	1	5	0	1	0	6	4
416	2025-26	NBB	BUIU	CAIXA/BRASILIA	2026-05-08, FLA vs BRA	30	9	3	6	1	6	0	0	3	2	5	3	1	0	4	3
416	2025-26	NBB	CORVALAN	CAIXA/BRASILIA	2026-05-08, FLA vs BRA	33	9	1	2	1	7	4	7	1	3	4	5	0	0	5	2
416	2025-26	NBB	BRUNAO	CAIXA/BRASILIA	2026-05-08, FLA vs BRA	28	7	1	2	0	0	5	5	6	2	8	0	1	1	4	4
416	2025-26	NBB	CRESCENZI	CAIXA/BRASILIA	2026-05-08, FLA vs BRA	24	5	1	4	1	4	0	0	1	2	3	1	0	0	1	3
416	2025-26	NBB	BELLER	CAIXA/BRASILIA	2026-05-08, FLA vs BRA	5	2	1	2	0	1	0	2	1	2	3	0	0	0	0	4
416	2025-26	NBB	GUSTAVO	CAIXA/BRASILIA	2026-05-08, FLA vs BRA	1	0	0	0	0	0	0	0	0	0	0	0	0	0	0	0
417	2025-26	NBB	RUIVO	MOGI BASQUETE	2026-05-08, MOG vs FRA	30	14	2	3	3	13	1	2	3	0	3	1	0	0	0	2
417	2025-26	NBB	DUANE JOHNSON	MOGI BASQUETE	2026-05-08, MOG vs FRA	23	12	5	9	0	5	2	2	0	2	2	3	1	0	1	2
417	2025-26	NBB	PAULO	MOGI BASQUETE	2026-05-08, MOG vs FRA	29	8	1	5	2	5	0	0	4	5	9	2	0	0	0	2
417	2025-26	NBB	HINKLE	MOGI BASQUETE	2026-05-08, MOG vs FRA	21	8	2	6	1	8	1	1	3	0	3	0	2	0	2	1
417	2025-26	NBB	DIKEMBE	MOGI BASQUETE	2026-05-08, MOG vs FRA	22	6	3	6	0	0	0	0	5	5	10	1	0	0	1	3
417	2025-26	NBB	GABRIEL CAMPOS	MOGI BASQUETE	2026-05-08, MOG vs FRA	16	6	2	5	0	4	2	2	1	0	1	0	0	0	0	0
417	2025-26	NBB	CALDEIRA	MOGI BASQUETE	2026-05-08, MOG vs FRA	4	5	0	0	1	1	2	2	0	0	0	0	1	0	0	0
417	2025-26	NBB	MAICON DOUGLAS	MOGI BASQUETE	2026-05-08, MOG vs FRA	13	4	2	5	0	0	0	0	1	2	3	0	0	1	0	1
417	2025-26	NBB	ANDERSON	MOGI BASQUETE	2026-05-08, MOG vs FRA	22	2	1	2	0	1	0	0	1	3	4	0	2	0	1	4
417	2025-26	NBB	VINI CHAGAS	MOGI BASQUETE	2026-05-08, MOG vs FRA	12	0	0	1	0	0	0	0	1	1	2	0	0	0	0	1
417	2025-26	NBB	MENCA	MOGI BASQUETE	2026-05-08, MOG vs FRA	7	0	0	0	0	2	0	2	1	3	4	0	0	0	2	2
417	2025-26	NBB	BARRY	MOGI BASQUETE	2026-05-08, MOG vs FRA	2	0	0	0	0	0	0	0	0	0	0	0	0	0	1	0
417	2025-26	NBB	LUCAS DIAS	SESI FRANCA	2026-05-08, MOG vs FRA	30	17	3	4	2	4	5	7	1	1	2	2	1	0	1	1
417	2025-26	NBB	BENNETT	SESI FRANCA	2026-05-08, MOG vs FRA	26	17	1	6	4	7	3	3	2	1	3	8	0	0	2	2
417	2025-26	NBB	RODRIGUEZ	SESI FRANCA	2026-05-08, MOG vs FRA	21	14	1	2	4	6	0	0	6	0	6	1	0	3	0	4
417	2025-26	NBB	DAVID JACKSON	SESI FRANCA	2026-05-08, MOG vs FRA	22	11	1	1	3	5	0	0	3	0	3	1	2	0	0	1
417	2025-26	NBB	MINEIRO	SESI FRANCA	2026-05-08, MOG vs FRA	19	10	1	1	2	8	2	2	3	0	3	0	2	1	0	3
417	2025-26	NBB	VINI	SESI FRANCA	2026-05-08, MOG vs FRA	11	9	3	3	1	2	0	0	0	1	1	0	0	1	0	1
417	2025-26	NBB	GEORGINHO	SESI FRANCA	2026-05-08, MOG vs FRA	28	8	3	5	0	3	2	2	7	2	9	8	0	0	2	2
417	2025-26	NBB	LATERZA	SESI FRANCA	2026-05-08, MOG vs FRA	18	8	0	1	2	4	2	2	4	0	4	3	1	0	1	1
417	2025-26	NBB	FELICIO	SESI FRANCA	2026-05-08, MOG vs FRA	21	3	1	4	0	0	1	2	2	5	7	2	0	0	0	0
417	2025-26	NBB	PEDRO	SESI FRANCA	2026-05-08, MOG vs FRA	2	0	0	0	0	0	0	0	0	0	0	0	0	0	0	0
417	2025-26	NBB	PIA	SESI FRANCA	2026-05-08, MOG vs FRA	2	0	0	1	0	0	0	0	0	0	0	0	0	0	0	1
418	2025-26	NBB	CLARK	CORINTHIANS	2026-05-09, COR vs MIN	36	27	2	5	6	9	5	7	3	2	5	3	0	0	1	2
418	2025-26	NBB	VICTAO	CORINTHIANS	2026-05-09, COR vs MIN	22	24	4	4	4	6	4	4	5	1	6	0	1	0	1	3
418	2025-26	NBB	THOMAS	CORINTHIANS	2026-05-09, COR vs MIN	32	21	6	10	1	5	6	7	2	0	2	4	3	1	1	3
418	2025-26	NBB	ELINHO	CORINTHIANS	2026-05-09, COR vs MIN	40	12	1	2	2	8	4	4	3	0	3	9	2	0	3	0
418	2025-26	NBB	RAYMUNDO	CORINTHIANS	2026-05-09, COR vs MIN	22	10	2	3	0	0	6	7	5	2	7	0	3	1	1	3
418	2025-26	NBB	LUCAS CAUE	CORINTHIANS	2026-05-09, COR vs MIN	20	4	1	3	0	0	2	4	2	0	2	3	2	0	0	3
418	2025-26	NBB	MUNFORD	CORINTHIANS	2026-05-09, COR vs MIN	14	3	0	5	1	1	0	0	1	1	2	1	0	0	1	2
418	2025-26	NBB	NOVAES	CORINTHIANS	2026-05-09, COR vs MIN	4	2	1	1	0	1	0	0	0	1	1	0	0	0	0	1
418	2025-26	NBB	C. BORGES	CORINTHIANS	2026-05-09, COR vs MIN	10	0	0	0	0	1	0	0	0	0	0	2	0	0	0	1
418	2025-26	NBB	WINI SILVA	KTO MINAS	2026-05-09, COR vs MIN	24	19	8	9	0	2	3	4	3	2	5	0	0	0	3	4
418	2025-26	NBB	MCCREE	KTO MINAS	2026-05-09, COR vs MIN	27	18	3	4	3	8	3	3	3	2	5	2	0	0	3	2
418	2025-26	NBB	R. RACHEL	KTO MINAS	2026-05-09, COR vs MIN	28	18	2	5	3	7	5	5	8	3	11	2	0	0	1	4
418	2025-26	NBB	PARANHOS	KTO MINAS	2026-05-09, COR vs MIN	16	14	4	7	0	0	6	6	0	3	3	0	1	3	1	1
418	2025-26	NBB	FISCHER	KTO MINAS	2026-05-09, COR vs MIN	32	9	3	3	1	4	0	0	2	0	2	11	1	0	3	4
418	2025-26	NBB	WILLIAMS	KTO MINAS	2026-05-09, COR vs MIN	22	9	1	2	2	5	1	1	2	1	3	2	0	0	2	4
418	2025-26	NBB	ARENGO	KTO MINAS	2026-05-09, COR vs MIN	35	6	0	5	1	4	3	3	6	1	7	4	2	0	1	3
418	2025-26	NBB	YURI	KTO MINAS	2026-05-09, COR vs MIN	8	4	2	2	0	2	0	0	1	1	2	0	1	0	0	2
418	2025-26	NBB	RODRIGUEZ	KTO MINAS	2026-05-09, COR vs MIN	7	0	0	1	0	2	0	0	0	1	1	2	0	0	1	1
419	2025-26	NBB	HUNTER	PAULISTANO	2026-05-09, CAP vs PIN	31	18	4	8	2	7	4	4	3	0	3	6	1	1	1	2
419	2025-26	NBB	SIEWERT	PAULISTANO	2026-05-09, CAP vs PIN	33	17	2	7	3	8	4	4	3	2	5	0	1	0	1	3
419	2025-26	NBB	TOVAR	PAULISTANO	2026-05-09, CAP vs PIN	23	17	3	3	3	6	2	2	3	1	4	1	4	0	2	3
419	2025-26	NBB	LEANDRO	PAULISTANO	2026-05-09, CAP vs PIN	22	9	4	6	0	0	1	2	3	2	5	0	0	0	1	5
419	2025-26	NBB	SEIXAS	PAULISTANO	2026-05-09, CAP vs PIN	22	6	0	2	2	7	0	0	2	2	4	0	1	0	1	3
419	2025-26	NBB	GABRIEL	PAULISTANO	2026-05-09, CAP vs PIN	14	4	2	4	0	0	0	2	2	1	3	0	0	1	0	1
419	2025-26	NBB	VITINHO	PAULISTANO	2026-05-09, CAP vs PIN	36	2	1	4	0	7	0	0	4	1	5	6	0	0	5	2
419	2025-26	NBB	GABRIEL	PAULISTANO	2026-05-09, CAP vs PIN	7	1	0	1	0	2	1	2	3	1	4	0	0	0	0	0
419	2025-26	NBB	DEMETRIO	PAULISTANO	2026-05-09, CAP vs PIN	11	0	0	1	0	0	0	0	0	2	2	1	0	0	0	1
419	2025-26	NBB	CAIO MATHIAS	PAULISTANO	2026-05-09, CAP vs PIN	2	0	0	0	0	0	0	0	0	0	0	0	0	0	0	0
419	2025-26	NBB	AGAPY	PINHEIROS	2026-05-09, CAP vs PIN	26	17	8	9	0	0	1	4	3	8	11	1	1	1	3	3
419	2025-26	NBB	BRAYAN	PINHEIROS	2026-05-09, CAP vs PIN	14	15	4	4	2	5	1	2	5	0	5	1	0	0	1	2
419	2025-26	NBB	DJALO	PINHEIROS	2026-05-09, CAP vs PIN	31	12	3	9	2	7	0	0	5	3	8	1	1	1	2	0
419	2025-26	NBB	GREGATE	PINHEIROS	2026-05-09, CAP vs PIN	30	11	3	6	0	3	5	6	6	2	8	5	0	0	2	3
419	2025-26	NBB	BETINHO	PINHEIROS	2026-05-09, CAP vs PIN	11	9	3	3	1	2	0	0	0	0	0	1	0	0	0	1
419	2025-26	NBB	EDU SANTOS	PINHEIROS	2026-05-09, CAP vs PIN	12	7	0	0	2	4	1	2	2	0	2	0	1	0	1	3
419	2025-26	NBB	SLOAN	PINHEIROS	2026-05-09, CAP vs PIN	21	4	1	2	0	3	2	2	1	1	2	4	0	0	2	3
419	2025-26	NBB	PASTRE	PINHEIROS	2026-05-09, CAP vs PIN	18	3	0	1	1	5	0	0	3	0	3	1	0	0	0	1
419	2025-26	NBB	PENHA JR.	PINHEIROS	2026-05-09, CAP vs PIN	15	3	1	3	0	2	1	2	3	0	3	2	2	0	0	0
419	2025-26	NBB	PACHECO	PINHEIROS	2026-05-09, CAP vs PIN	19	2	1	2	0	2	0	0	1	2	3	3	0	1	1	3
419	2025-26	NBB	MACIEL	PINHEIROS	2026-05-09, CAP vs PIN	1	1	0	0	0	0	1	2	0	0	0	0	0	0	0	0
419	2025-26	NBB	BUFFAT	PINHEIROS	2026-05-09, CAP vs PIN	1	0	0	0	0	0	0	0	0	0	0	0	0	0	0	0
420	2025-26	NBB	RUIVO	MOGI BASQUETE	2026-05-10, MOG vs FRA	34	15	0	1	4	11	3	4	0	0	0	10	2	0	1	3
420	2025-26	NBB	HINKLE	MOGI BASQUETE	2026-05-10, MOG vs FRA	27	11	4	8	0	3	3	3	2	0	2	0	0	0	1	3
420	2025-26	NBB	PAULO	MOGI BASQUETE	2026-05-10, MOG vs FRA	27	11	5	6	0	3	1	1	0	2	2	1	1	1	0	2
420	2025-26	NBB	MENCA	MOGI BASQUETE	2026-05-10, MOG vs FRA	16	9	2	4	1	3	2	2	2	1	3	1	2	0	1	3
420	2025-26	NBB	DUANE JOHNSON	MOGI BASQUETE	2026-05-10, MOG vs FRA	14	5	2	5	0	2	1	2	1	2	3	0	0	0	1	1
420	2025-26	NBB	DIKEMBE	MOGI BASQUETE	2026-05-10, MOG vs FRA	22	5	0	7	0	0	5	6	5	4	9	0	0	0	3	2
420	2025-26	NBB	ANDERSON	MOGI BASQUETE	2026-05-10, MOG vs FRA	25	4	2	3	0	2	0	0	6	2	8	2	3	0	1	4
420	2025-26	NBB	CALDEIRA	MOGI BASQUETE	2026-05-10, MOG vs FRA	13	4	0	1	1	1	1	2	2	0	2	3	0	0	0	2
420	2025-26	NBB	GABRIEL CAMPOS	MOGI BASQUETE	2026-05-10, MOG vs FRA	14	4	2	3	0	3	0	0	0	1	1	2	0	0	1	2
420	2025-26	NBB	MAICON DOUGLAS	MOGI BASQUETE	2026-05-10, MOG vs FRA	4	2	1	1	0	0	0	0	1	1	2	0	0	0	0	0
420	2025-26	NBB	BARRY	MOGI BASQUETE	2026-05-10, MOG vs FRA	2	0	0	0	0	0	0	0	0	0	0	0	0	0	0	0
420	2025-26	NBB	VINI CHAGAS	MOGI BASQUETE	2026-05-10, MOG vs FRA	1	0	0	1	0	0	0	0	0	0	0	0	0	0	0	0
420	2025-26	NBB	MINEIRO	SESI FRANCA	2026-05-10, MOG vs FRA	18	16	1	1	4	5	2	2	4	0	4	1	0	0	0	3
420	2025-26	NBB	BENNETT	SESI FRANCA	2026-05-10, MOG vs FRA	28	13	4	8	1	4	2	2	2	2	4	1	3	0	3	1
420	2025-26	NBB	GEORGINHO	SESI FRANCA	2026-05-10, MOG vs FRA	30	12	3	4	1	4	3	3	3	0	3	5	0	1	4	2
420	2025-26	NBB	RODRIGUEZ	SESI FRANCA	2026-05-10, MOG vs FRA	21	12	3	3	2	5	0	0	5	2	7	2	3	0	1	2
420	2025-26	NBB	LATERZA	SESI FRANCA	2026-05-10, MOG vs FRA	22	11	1	1	2	2	3	4	6	0	6	1	0	0	2	4
420	2025-26	NBB	DAVID JACKSON	SESI FRANCA	2026-05-10, MOG vs FRA	24	8	1	2	2	3	0	0	5	0	5	2	0	0	1	2
420	2025-26	NBB	LUCAS DIAS	SESI FRANCA	2026-05-10, MOG vs FRA	32	7	2	6	1	6	0	0	2	2	4	3	0	0	2	3
420	2025-26	NBB	FELICIO	SESI FRANCA	2026-05-10, MOG vs FRA	19	6	2	5	0	1	2	2	3	4	7	0	0	0	1	2
420	2025-26	NBB	VINI	SESI FRANCA	2026-05-10, MOG vs FRA	4	3	0	1	0	1	3	4	2	0	2	0	0	0	1	3
420	2025-26	NBB	PIA	SESI FRANCA	2026-05-10, MOG vs FRA	1	0	0	0	0	0	0	0	0	0	0	0	0	0	0	0
420	2025-26	NBB	PEDRO	SESI FRANCA	2026-05-10, MOG vs FRA	1	0	0	0	0	0	0	0	0	0	0	0	0	0	0	0
421	2025-26	NBB	BARALLE	FLAMENGO	2026-05-10, FLA vs BRA	30	20	3	4	4	7	2	3	2	4	6	5	1	0	2	1
421	2025-26	NBB	GUI	FLAMENGO	2026-05-10, FLA vs BRA	33	16	4	8	2	9	2	2	3	1	4	4	0	1	3	1
421	2025-26	NBB	NEGRETE	FLAMENGO	2026-05-10, FLA vs BRA	25	15	3	7	3	8	0	0	4	0	4	3	1	0	0	3
421	2025-26	NBB	JOHNSON SR.	FLAMENGO	2026-05-10, FLA vs BRA	26	12	1	3	1	5	7	7	2	0	2	1	1	0	3	3
421	2025-26	NBB	WESLEY	FLAMENGO	2026-05-10, FLA vs BRA	16	10	2	2	2	3	0	0	2	1	3	1	3	0	3	4
421	2025-26	NBB	KAYO	FLAMENGO	2026-05-10, FLA vs BRA	17	7	2	2	1	5	0	0	2	1	3	1	0	1	0	4
421	2025-26	NBB	JHONATAN	FLAMENGO	2026-05-10, FLA vs BRA	19	6	1	2	1	3	1	1	0	3	3	0	1	0	0	4
421	2025-26	NBB	DORIA	FLAMENGO	2026-05-10, FLA vs BRA	24	4	2	4	0	0	0	4	2	2	4	3	3	0	2	2
421	2025-26	NBB	CUMMINGS	FLAMENGO	2026-05-10, FLA vs BRA	10	0	0	0	0	1	0	0	3	0	3	0	0	0	1	0
421	2025-26	NBB	CRESCENZI	CAIXA/BRASILIA	2026-05-10, FLA vs BRA	33	22	7	10	1	3	5	7	3	2	5	4	0	0	0	2
421	2025-26	NBB	CORVALAN	CAIXA/BRASILIA	2026-05-10, FLA vs BRA	36	21	3	5	4	9	3	4	6	0	6	8	1	0	5	1
421	2025-26	NBB	VON HAYDIN	CAIXA/BRASILIA	2026-05-10, FLA vs BRA	27	16	2	3	2	8	6	10	5	1	6	3	0	0	1	1
421	2025-26	NBB	BUIU	CAIXA/BRASILIA	2026-05-10, FLA vs BRA	31	16	1	2	4	7	2	3	1	2	3	3	1	0	2	1
421	2025-26	NBB	PAULICHI	CAIXA/BRASILIA	2026-05-10, FLA vs BRA	31	14	5	7	1	4	1	1	3	1	4	2	1	0	2	4
421	2025-26	NBB	BRUNAO	CAIXA/BRASILIA	2026-05-10, FLA vs BRA	22	6	3	4	0	1	0	0	8	2	10	3	1	3	2	4
421	2025-26	NBB	BELLER	CAIXA/BRASILIA	2026-05-10, FLA vs BRA	6	3	0	0	1	1	0	0	1	0	1	0	0	0	2	3
421	2025-26	NBB	PEDRO	CAIXA/BRASILIA	2026-05-10, FLA vs BRA	13	0	0	1	0	2	0	0	0	1	1	2	2	0	1	2
422	2025-26	NBB	MCCREE	KTO MINAS	2026-05-12, MIN vs COR	26	24	2	4	6	8	2	2	2	1	3	1	1	1	2	5
422	2025-26	NBB	R. RACHEL	KTO MINAS	2026-05-12, MIN vs COR	26	17	3	4	2	5	5	6	5	2	7	1	0	0	1	4
422	2025-26	NBB	WILLIAMS	KTO MINAS	2026-05-12, MIN vs COR	37	14	3	7	1	5	5	6	5	1	6	0	2	1	3	0
422	2025-26	NBB	FISCHER	KTO MINAS	2026-05-12, MIN vs COR	26	7	1	4	1	1	2	2	0	0	0	10	3	0	2	2
422	2025-26	NBB	WINI SILVA	KTO MINAS	2026-05-12, MIN vs COR	21	7	1	7	1	4	2	4	4	7	11	2	0	0	4	2
422	2025-26	NBB	FRAZIER	KTO MINAS	2026-05-12, MIN vs COR	9	5	1	2	1	2	0	0	0	1	1	2	1	0	1	3
422	2025-26	NBB	ARENGO	KTO MINAS	2026-05-12, MIN vs COR	34	4	1	3	0	6	2	2	6	0	6	6	3	0	0	4
422	2025-26	NBB	PARANHOS	KTO MINAS	2026-05-12, MIN vs COR	14	3	1	2	0	0	1	2	0	1	1	0	0	1	2	1
422	2025-26	NBB	YURI	KTO MINAS	2026-05-12, MIN vs COR	6	0	0	0	0	2	0	0	0	0	0	0	0	0	0	1
422	2025-26	NBB	THOMAS	CORINTHIANS	2026-05-12, MIN vs COR	36	37	8	10	5	10	6	8	5	2	7	1	1	0	4	1
422	2025-26	NBB	ELINHO	CORINTHIANS	2026-05-12, MIN vs COR	39	15	1	4	4	7	1	2	2	0	2	12	4	1	1	5
422	2025-26	NBB	RAYMUNDO	CORINTHIANS	2026-05-12, MIN vs COR	27	11	4	4	0	0	3	4	7	1	8	0	1	2	0	3
422	2025-26	NBB	NOVAES	CORINTHIANS	2026-05-12, MIN vs COR	18	7	3	6	0	0	1	2	1	2	3	2	0	0	0	2
422	2025-26	NBB	LUCAS CAUE	CORINTHIANS	2026-05-12, MIN vs COR	19	7	2	2	0	0	3	4	3	1	4	2	2	0	3	2
422	2025-26	NBB	VICTAO	CORINTHIANS	2026-05-12, MIN vs COR	16	7	2	3	1	3	0	0	1	1	2	1	0	0	2	4
422	2025-26	NBB	CLARK	CORINTHIANS	2026-05-12, MIN vs COR	28	6	3	8	0	4	0	0	4	0	4	3	3	0	3	5
422	2025-26	NBB	C. BORGES	CORINTHIANS	2026-05-12, MIN vs COR	11	2	1	2	0	1	0	0	0	0	0	0	0	0	1	1
422	2025-26	NBB	MUNFORD	CORINTHIANS	2026-05-12, MIN vs COR	6	0	0	0	0	1	0	0	0	1	1	0	0	0	0	2
422	2025-26	NBB	T. FARIA	CORINTHIANS	2026-05-12, MIN vs COR	1	0	0	0	0	0	0	0	0	0	0	0	0	0	0	0
423	2025-26	NBB	LUCAS DIAS	SESI FRANCA	2026-05-13, FRA vs MOG	32	23	5	11	2	6	7	7	4	2	6	3	0	0	0	2
423	2025-26	NBB	LATERZA	SESI FRANCA	2026-05-13, FRA vs MOG	32	18	3	3	2	8	6	6	3	0	3	3	2	0	0	2
423	2025-26	NBB	BENNETT	SESI FRANCA	2026-05-13, FRA vs MOG	31	16	5	9	1	2	3	4	3	1	4	2	1	0	0	2
423	2025-26	NBB	RODRIGUEZ	SESI FRANCA	2026-05-13, FRA vs MOG	28	12	1	3	3	4	1	2	1	0	1	0	0	0	0	2
423	2025-26	NBB	DAVID JACKSON	SESI FRANCA	2026-05-13, FRA vs MOG	29	11	2	2	1	5	4	4	3	0	3	5	2	0	0	3
423	2025-26	NBB	MINEIRO	SESI FRANCA	2026-05-13, FRA vs MOG	22	5	2	2	0	3	1	1	2	0	2	3	0	1	0	1
423	2025-26	NBB	VINI	SESI FRANCA	2026-05-13, FRA vs MOG	5	3	0	1	1	1	0	0	0	0	0	0	0	0	0	0
423	2025-26	NBB	FELICIO	SESI FRANCA	2026-05-13, FRA vs MOG	20	2	0	1	0	0	2	2	0	1	1	1	0	0	0	3
423	2025-26	NBB	GABRIEL CAMPOS	MOGI BASQUETE	2026-05-13, FRA vs MOG	24	19	1	2	5	9	2	2	3	1	4	5	0	0	2	3
423	2025-26	NBB	HINKLE	MOGI BASQUETE	2026-05-13, FRA vs MOG	31	17	2	6	4	6	1	1	1	2	3	2	0	0	0	2
423	2025-26	NBB	DIKEMBE	MOGI BASQUETE	2026-05-13, FRA vs MOG	29	16	8	13	0	0	0	1	3	3	6	2	0	1	1	4
423	2025-26	NBB	RUIVO	MOGI BASQUETE	2026-05-13, FRA vs MOG	30	15	0	0	5	6	0	0	7	0	7	7	0	0	2	2
423	2025-26	NBB	DUANE JOHNSON	MOGI BASQUETE	2026-05-13, FRA vs MOG	33	14	3	5	2	5	2	3	6	0	6	5	0	0	0	3
423	2025-26	NBB	ANDERSON	MOGI BASQUETE	2026-05-13, FRA vs MOG	19	11	4	4	1	1	0	0	3	2	5	0	0	0	0	4
423	2025-26	NBB	MENCA	MOGI BASQUETE	2026-05-13, FRA vs MOG	14	7	2	6	1	2	0	0	1	0	1	0	0	0	0	1
423	2025-26	NBB	PAULO	MOGI BASQUETE	2026-05-13, FRA vs MOG	15	2	1	1	0	1	0	0	3	0	3	1	0	0	2	4
423	2025-26	NBB	MAICON DOUGLAS	MOGI BASQUETE	2026-05-13, FRA vs MOG	5	1	0	0	0	0	1	2	1	1	2	0	0	1	0	1
424	2025-26	NBB	CRESCENZI	CAIXA/BRASILIA	2026-05-13, BRA vs FLA	33	18	3	5	2	3	6	7	3	2	5	5	0	0	2	3
424	2025-26	NBB	PAULICHI	CAIXA/BRASILIA	2026-05-13, BRA vs FLA	29	17	3	5	2	3	5	6	6	1	7	0	1	0	4	3
424	2025-26	NBB	BRUNAO	CAIXA/BRASILIA	2026-05-13, BRA vs FLA	26	15	7	10	0	0	1	2	4	3	7	0	0	5	0	3
424	2025-26	NBB	BUIU	CAIXA/BRASILIA	2026-05-13, BRA vs FLA	28	13	3	7	2	6	1	2	2	2	4	4	0	0	3	1
424	2025-26	NBB	CORVALAN	CAIXA/BRASILIA	2026-05-13, BRA vs FLA	25	11	3	3	1	4	2	2	1	1	2	6	0	0	2	0
424	2025-26	NBB	VON HAYDIN	CAIXA/BRASILIA	2026-05-13, BRA vs FLA	38	8	1	2	2	5	0	1	5	3	8	3	0	1	4	4
424	2025-26	NBB	PEDRO	CAIXA/BRASILIA	2026-05-13, BRA vs FLA	14	6	0	1	2	5	0	0	1	0	1	1	0	0	0	2
424	2025-26	NBB	GUSTAVO	CAIXA/BRASILIA	2026-05-13, BRA vs FLA	1	0	0	0	0	0	0	0	0	0	0	0	0	0	0	0
424	2025-26	NBB	MOSQUITO	CAIXA/BRASILIA	2026-05-13, BRA vs FLA	1	0	0	0	0	0	0	0	0	0	0	0	0	0	0	0
424	2025-26	NBB	BELLER	CAIXA/BRASILIA	2026-05-13, BRA vs FLA	6	0	0	0	0	2	0	0	1	0	1	1	0	0	1	3
424	2025-26	NBB	ZAGO	CAIXA/BRASILIA	2026-05-13, BRA vs FLA	1	0	0	0	0	0	0	0	0	0	0	0	0	0	0	0
424	2025-26	NBB	CUMMINGS	FLAMENGO	2026-05-13, BRA vs FLA	21	20	5	5	2	4	4	5	1	1	2	2	1	0	2	2
424	2025-26	NBB	JOHNSON SR.	FLAMENGO	2026-05-13, BRA vs FLA	30	16	3	3	2	5	4	6	0	0	0	2	0	0	1	4
424	2025-26	NBB	GUI	FLAMENGO	2026-05-13, BRA vs FLA	30	15	3	4	3	11	0	0	1	0	1	3	0	0	0	2
424	2025-26	NBB	WESLEY	FLAMENGO	2026-05-13, BRA vs FLA	26	12	4	8	0	2	4	5	4	5	9	3	1	1	1	2
424	2025-26	NBB	NEGRETE	FLAMENGO	2026-05-13, BRA vs FLA	16	11	1	4	3	4	0	1	2	1	3	2	0	0	0	3
424	2025-26	NBB	BARALLE	FLAMENGO	2026-05-13, BRA vs FLA	30	10	2	6	2	7	0	2	2	0	2	9	1	0	0	1
424	2025-26	NBB	KAYO	FLAMENGO	2026-05-13, BRA vs FLA	10	8	1	1	2	3	0	0	1	0	1	1	0	0	0	4
424	2025-26	NBB	DORIA	FLAMENGO	2026-05-13, BRA vs FLA	14	4	2	4	0	0	0	0	1	4	5	0	1	0	0	3
424	2025-26	NBB	MANEL	FLAMENGO	2026-05-13, BRA vs FLA	1	0	0	0	0	0	0	0	0	0	0	0	0	0	0	0
424	2025-26	NBB	GUEIROS	FLAMENGO	2026-05-13, BRA vs FLA	1	0	0	0	0	0	0	0	0	0	0	0	0	0	0	0
424	2025-26	NBB	JHONATAN	FLAMENGO	2026-05-13, BRA vs FLA	22	0	0	0	0	3	0	0	3	0	3	0	1	0	0	2
425	2025-26	NBB	DAVID JACKSON	SESI FRANCA	2026-05-15, FRA vs MOG	28	20	4	6	2	5	6	8	5	0	5	3	1	0	1	3
425	2025-26	NBB	BENNETT	SESI FRANCA	2026-05-15, FRA vs MOG	38	19	6	8	2	8	1	2	1	3	4	2	1	0	1	2
425	2025-26	NBB	LUCAS DIAS	SESI FRANCA	2026-05-15, FRA vs MOG	39	14	3	4	1	4	5	6	2	2	4	5	1	0	1	2
425	2025-26	NBB	LATERZA	SESI FRANCA	2026-05-15, FRA vs MOG	36	12	2	5	2	8	2	2	2	0	2	2	1	0	1	3
425	2025-26	NBB	RODRIGUEZ	SESI FRANCA	2026-05-15, FRA vs MOG	18	5	0	1	1	4	2	2	0	2	2	0	1	0	0	3
425	2025-26	NBB	MINEIRO	SESI FRANCA	2026-05-15, FRA vs MOG	26	5	2	5	0	1	1	2	3	3	6	1	1	0	0	2
425	2025-26	NBB	VINI	SESI FRANCA	2026-05-15, FRA vs MOG	6	3	1	1	0	0	1	2	1	0	1	0	0	0	0	0
425	2025-26	NBB	FELICIO	SESI FRANCA	2026-05-15, FRA vs MOG	8	0	0	0	0	1	0	2	1	0	1	0	1	0	1	2
425	2025-26	NBB	DIKEMBE	MOGI BASQUETE	2026-05-15, FRA vs MOG	36	31	13	16	0	0	5	5	8	3	11	0	1	0	3	3
425	2025-26	NBB	HINKLE	MOGI BASQUETE	2026-05-15, FRA vs MOG	36	17	2	4	3	12	4	4	4	1	5	3	0	1	2	3
425	2025-26	NBB	DUANE JOHNSON	MOGI BASQUETE	2026-05-15, FRA vs MOG	34	13	6	11	0	2	1	2	3	2	5	7	1	0	2	3
425	2025-26	NBB	RUIVO	MOGI BASQUETE	2026-05-15, FRA vs MOG	36	9	0	1	3	6	0	0	3	0	3	5	0	0	3	3
425	2025-26	NBB	ANDERSON	MOGI BASQUETE	2026-05-15, FRA vs MOG	22	5	1	2	1	4	0	0	3	2	5	1	0	0	0	4
425	2025-26	NBB	PAULO	MOGI BASQUETE	2026-05-15, FRA vs MOG	20	2	1	3	0	0	0	0	3	3	6	2	0	0	0	4
425	2025-26	NBB	MAICON DOUGLAS	MOGI BASQUETE	2026-05-15, FRA vs MOG	2	0	0	0	0	0	0	0	0	1	1	0	0	0	0	1
425	2025-26	NBB	MENCA	MOGI BASQUETE	2026-05-15, FRA vs MOG	4	0	0	1	0	1	0	0	0	0	0	0	0	0	0	1
425	2025-26	NBB	GABRIEL CAMPOS	MOGI BASQUETE	2026-05-15, FRA vs MOG	9	0	0	1	0	3	0	0	0	1	1	1	0	0	0	2
426	2025-26	NBB	PAULICHI	CAIXA/BRASILIA	2026-05-15, BRA vs FLA	29	18	5	8	2	4	2	4	7	1	8	1	0	0	1	4
426	2025-26	NBB	BRUNAO	CAIXA/BRASILIA	2026-05-15, BRA vs FLA	31	15	6	8	0	0	3	3	2	3	5	0	1	1	0	4
426	2025-26	NBB	PEDRO	CAIXA/BRASILIA	2026-05-15, BRA vs FLA	14	13	0	0	4	5	1	2	0	0	0	1	0	0	0	0
426	2025-26	NBB	CORVALAN	CAIXA/BRASILIA	2026-05-15, BRA vs FLA	33	12	3	7	1	6	3	4	7	0	7	3	0	0	4	3
426	2025-26	NBB	VON HAYDIN	CAIXA/BRASILIA	2026-05-15, BRA vs FLA	34	8	2	7	0	5	4	6	3	0	3	3	2	0	0	2
426	2025-26	NBB	CRESCENZI	CAIXA/BRASILIA	2026-05-15, BRA vs FLA	33	5	1	4	1	2	0	0	5	0	5	3	0	0	2	4
426	2025-26	NBB	BUIU	CAIXA/BRASILIA	2026-05-15, BRA vs FLA	22	1	0	3	0	4	1	2	3	1	4	3	0	0	1	1
426	2025-26	NBB	BELLER	CAIXA/BRASILIA	2026-05-15, BRA vs FLA	5	0	0	0	0	0	0	2	1	0	1	0	0	0	0	2
426	2025-26	NBB	NEGRETE	FLAMENGO	2026-05-15, BRA vs FLA	28	22	8	17	1	6	3	7	5	2	7	3	1	1	0	2
426	2025-26	NBB	WESLEY	FLAMENGO	2026-05-15, BRA vs FLA	26	10	2	2	0	2	6	8	3	2	5	1	0	1	1	5
426	2025-26	NBB	CUMMINGS	FLAMENGO	2026-05-15, BRA vs FLA	14	10	2	4	1	4	3	4	1	2	3	1	0	0	1	1
426	2025-26	NBB	KAYO	FLAMENGO	2026-05-15, BRA vs FLA	23	9	0	1	3	8	0	0	8	0	8	1	0	1	0	2
426	2025-26	NBB	GUI	FLAMENGO	2026-05-15, BRA vs FLA	34	8	1	6	2	4	0	0	5	3	8	2	0	1	3	3
426	2025-26	NBB	JOHNSON SR.	FLAMENGO	2026-05-15, BRA vs FLA	28	6	2	5	0	4	2	2	2	3	5	4	0	0	2	3
426	2025-26	NBB	DORIA	FLAMENGO	2026-05-15, BRA vs FLA	14	4	2	2	0	0	0	0	1	1	2	0	1	0	1	4
426	2025-26	NBB	BARALLE	FLAMENGO	2026-05-15, BRA vs FLA	18	0	0	1	0	4	0	2	3	0	3	4	0	0	1	2
426	2025-26	NBB	JHONATAN	FLAMENGO	2026-05-15, BRA vs FLA	14	0	0	0	0	0	0	0	4	0	4	0	0	0	1	4
427	2025-26	NBB	LATERZA	SESI FRANCA	2026-05-18, FRA vs BRA	30	14	1	1	3	9	3	4	3	0	3	6	1	0	1	3
427	2025-26	NBB	LUCAS DIAS	SESI FRANCA	2026-05-18, FRA vs BRA	35	14	2	8	2	6	4	4	9	2	11	3	3	1	2	1
427	2025-26	NBB	RODRIGUEZ	SESI FRANCA	2026-05-18, FRA vs BRA	22	10	2	3	2	4	0	2	3	3	6	0	0	0	1	2
427	2025-26	NBB	FELICIO	SESI FRANCA	2026-05-18, FRA vs BRA	16	9	4	5	0	0	1	2	4	1	5	0	0	1	2	3
427	2025-26	NBB	MINEIRO	SESI FRANCA	2026-05-18, FRA vs BRA	26	8	1	1	1	3	3	4	2	1	3	1	0	0	2	1
427	2025-26	NBB	DAVID JACKSON	SESI FRANCA	2026-05-18, FRA vs BRA	27	8	0	2	2	4	2	2	4	0	4	2	0	0	2	3
427	2025-26	NBB	BENNETT	SESI FRANCA	2026-05-18, FRA vs BRA	32	8	4	6	0	4	0	0	1	0	1	3	2	0	1	3
427	2025-26	NBB	VINI	SESI FRANCA	2026-05-18, FRA vs BRA	11	5	1	1	1	3	0	0	0	0	0	0	0	0	1	1
427	2025-26	NBB	CORVALAN	CAIXA/BRASILIA	2026-05-18, FRA vs BRA	37	19	5	7	3	7	0	0	6	1	7	7	1	0	3	1
427	2025-26	NBB	PAULICHI	CAIXA/BRASILIA	2026-05-18, FRA vs BRA	35	15	4	6	2	3	1	1	5	0	5	0	0	0	2	3
427	2025-26	NBB	CRESCENZI	CAIXA/BRASILIA	2026-05-18, FRA vs BRA	37	15	2	8	3	8	2	2	3	0	3	3	3	0	1	4
427	2025-26	NBB	BRUNAO	CAIXA/BRASILIA	2026-05-18, FRA vs BRA	24	9	3	5	1	2	0	0	3	0	3	3	0	0	2	4
427	2025-26	NBB	BUIU	CAIXA/BRASILIA	2026-05-18, FRA vs BRA	24	6	1	1	1	4	1	2	3	2	5	3	0	0	2	3
427	2025-26	NBB	VON HAYDIN	CAIXA/BRASILIA	2026-05-18, FRA vs BRA	30	3	1	3	0	6	1	2	4	0	4	0	0	0	2	2
427	2025-26	NBB	CARBONARI	CAIXA/BRASILIA	2026-05-18, FRA vs BRA	3	0	0	0	0	0	0	0	0	0	0	0	0	0	0	1
427	2025-26	NBB	BELLER	CAIXA/BRASILIA	2026-05-18, FRA vs BRA	10	0	0	1	0	1	0	0	0	0	0	1	1	0	0	4
428	2025-26	NBB	GREGATE	PINHEIROS	2026-05-18, PIN vs COR	17	19	2	3	5	8	0	0	1	2	3	2	1	1	1	2
428	2025-26	NBB	EDU SANTOS	PINHEIROS	2026-05-18, PIN vs COR	20	14	2	4	2	4	4	4	6	3	9	1	0	1	1	0
428	2025-26	NBB	SLOAN	PINHEIROS	2026-05-18, PIN vs COR	20	11	1	2	3	7	0	0	2	0	2	5	1	0	1	0
428	2025-26	NBB	MACIEL	PINHEIROS	2026-05-18, PIN vs COR	9	8	1	1	2	3	0	0	2	0	2	0	0	0	0	1
428	2025-26	NBB	AFONSO	PINHEIROS	2026-05-18, PIN vs COR	11	8	3	5	0	0	2	2	2	4	6	0	0	1	2	2
428	2025-26	NBB	AGAPY	PINHEIROS	2026-05-18, PIN vs COR	16	8	4	7	0	0	0	0	2	1	3	0	0	4	1	0
428	2025-26	NBB	BETINHO	PINHEIROS	2026-05-18, PIN vs COR	19	6	0	1	2	4	0	0	2	0	2	2	2	0	0	2
428	2025-26	NBB	DJALO	PINHEIROS	2026-05-18, PIN vs COR	20	6	0	1	0	5	6	7	4	3	7	1	0	0	0	0
428	2025-26	NBB	PACHECO	PINHEIROS	2026-05-18, PIN vs COR	22	5	1	3	1	4	0	2	0	2	2	3	0	1	0	1
428	2025-26	NBB	BRAYAN	PINHEIROS	2026-05-18, PIN vs COR	11	5	2	5	0	0	1	2	2	1	3	0	2	0	1	2
428	2025-26	NBB	PASTRE	PINHEIROS	2026-05-18, PIN vs COR	21	3	0	0	1	2	0	0	3	0	3	2	2	0	1	0
428	2025-26	NBB	PENHA JR.	PINHEIROS	2026-05-18, PIN vs COR	14	2	1	4	0	2	0	0	2	2	4	3	0	0	0	0
428	2025-26	NBB	VICTAO	CORINTHIANS	2026-05-18, PIN vs COR	26	21	6	8	3	5	0	0	2	1	3	1	0	0	0	3
428	2025-26	NBB	ELINHO	CORINTHIANS	2026-05-18, PIN vs COR	29	13	2	4	3	5	0	0	2	0	2	5	1	0	4	0
428	2025-26	NBB	T. FARIA	CORINTHIANS	2026-05-18, PIN vs COR	10	9	3	4	1	2	0	0	0	0	0	2	0	0	0	1
428	2025-26	NBB	CLARK	CORINTHIANS	2026-05-18, PIN vs COR	22	7	2	3	1	2	0	0	1	0	1	0	3	0	3	2
428	2025-26	NBB	NOVAES	CORINTHIANS	2026-05-18, PIN vs COR	13	6	2	6	0	0	2	2	1	1	2	0	0	0	0	2
428	2025-26	NBB	RAYMUNDO	CORINTHIANS	2026-05-18, PIN vs COR	25	4	2	3	0	0	0	1	4	1	5	1	2	3	1	4
428	2025-26	NBB	MUNFORD	CORINTHIANS	2026-05-18, PIN vs COR	21	3	0	1	1	7	0	0	4	0	4	6	0	0	2	2
428	2025-26	NBB	C. BORGES	CORINTHIANS	2026-05-18, PIN vs COR	18	2	1	1	0	2	0	0	5	0	5	1	0	0	1	2
428	2025-26	NBB	KAIQUE	CORINTHIANS	2026-05-18, PIN vs COR	1	0	0	0	0	0	0	0	1	0	1	0	0	0	0	1
428	2025-26	NBB	LUCAS CAUE	CORINTHIANS	2026-05-18, PIN vs COR	13	0	0	4	0	0	0	0	3	1	4	1	0	0	2	2
428	2025-26	NBB	THOMAS	CORINTHIANS	2026-05-18, PIN vs COR	22	0	0	2	0	2	0	0	1	0	1	3	0	0	2	0
429	2025-26	NBB	CLARK	CORINTHIANS	2026-05-20, COR vs PIN	35	32	8	15	4	9	4	4	6	0	6	2	2	1	2	1
429	2025-26	NBB	RAYMUNDO	CORINTHIANS	2026-05-20, COR vs PIN	20	19	4	4	2	2	5	5	6	0	6	1	1	1	1	1
429	2025-26	NBB	VICTAO	CORINTHIANS	2026-05-20, COR vs PIN	36	14	1	4	2	5	6	6	4	2	6	1	0	0	2	3
429	2025-26	NBB	C. BORGES	CORINTHIANS	2026-05-20, COR vs PIN	18	10	2	4	2	2	0	0	0	1	1	0	4	0	0	4
429	2025-26	NBB	ELINHO	CORINTHIANS	2026-05-20, COR vs PIN	36	9	0	1	3	7	0	0	6	0	6	13	0	0	2	4
429	2025-26	NBB	MUNFORD	CORINTHIANS	2026-05-20, COR vs PIN	17	5	0	1	1	3	2	2	3	0	3	0	1	0	0	3
429	2025-26	NBB	LUCAS CAUE	CORINTHIANS	2026-05-20, COR vs PIN	20	4	1	3	0	0	2	2	0	0	0	1	0	0	0	3
429	2025-26	NBB	T. FARIA	CORINTHIANS	2026-05-20, COR vs PIN	14	3	0	1	1	1	0	0	0	0	0	3	0	0	0	3
429	2025-26	NBB	NOVAES	CORINTHIANS	2026-05-20, COR vs PIN	4	2	0	0	0	0	2	2	0	1	1	0	0	0	0	0
429	2025-26	NBB	DJALO	PINHEIROS	2026-05-20, COR vs PIN	32	23	4	5	4	7	3	3	4	0	4	0	0	1	0	3
429	2025-26	NBB	SLOAN	PINHEIROS	2026-05-20, COR vs PIN	23	17	4	6	2	7	3	3	1	0	1	5	1	0	2	4
429	2025-26	NBB	PASTRE	PINHEIROS	2026-05-20, COR vs PIN	24	10	2	3	1	5	3	3	3	1	4	2	0	1	0	1
429	2025-26	NBB	AFONSO	PINHEIROS	2026-05-20, COR vs PIN	14	8	3	4	0	0	2	4	1	1	2	1	0	0	0	2
429	2025-26	NBB	AGAPY	PINHEIROS	2026-05-20, COR vs PIN	23	7	2	2	0	0	3	6	2	3	5	1	1	0	1	2
429	2025-26	NBB	PENHA JR.	PINHEIROS	2026-05-20, COR vs PIN	12	6	0	0	2	3	0	0	1	0	1	1	0	0	1	0
429	2025-26	NBB	GREGATE	PINHEIROS	2026-05-20, COR vs PIN	25	5	1	2	1	3	0	0	2	0	2	3	0	0	2	4
429	2025-26	NBB	BETINHO	PINHEIROS	2026-05-20, COR vs PIN	17	5	1	3	1	2	0	0	3	1	4	2	0	0	2	3
429	2025-26	NBB	PACHECO	PINHEIROS	2026-05-20, COR vs PIN	22	3	0	2	1	4	0	0	3	0	3	7	0	0	2	2
429	2025-26	NBB	MACIEL	PINHEIROS	2026-05-20, COR vs PIN	1	0	0	0	0	0	0	0	0	0	0	0	0	0	0	0
429	2025-26	NBB	EDU SANTOS	PINHEIROS	2026-05-20, COR vs PIN	5	0	0	0	0	1	0	0	1	0	1	0	0	0	1	0
429	2025-26	NBB	BRAYAN	PINHEIROS	2026-05-20, COR vs PIN	3	0	0	0	0	0	0	0	0	0	0	0	0	0	0	0
430	2025-26	NBB	VON HAYDIN	CAIXA/BRASILIA	2026-05-21, BRA vs FRA	39	28	1	4	8	15	2	3	10	1	11	3	4	4	1	1
430	2025-26	NBB	BRUNAO	CAIXA/BRASILIA	2026-05-21, BRA vs FRA	34	16	3	6	2	5	4	4	9	5	14	1	0	1	3	1
430	2025-26	NBB	CRESCENZI	CAIXA/BRASILIA	2026-05-21, BRA vs FRA	36	8	1	2	2	6	0	0	2	1	3	1	1	1	3	1
430	2025-26	NBB	CORVALAN	CAIXA/BRASILIA	2026-05-21, BRA vs FRA	27	5	2	5	0	8	1	2	4	1	5	4	0	0	2	4
430	2025-26	NBB	PAULICHI	CAIXA/BRASILIA	2026-05-21, BRA vs FRA	34	5	1	2	1	2	0	0	2	1	3	4	1	0	2	3
430	2025-26	NBB	BUIU	CAIXA/BRASILIA	2026-05-21, BRA vs FRA	16	3	1	2	0	0	1	2	1	0	1	2	0	1	2	2
430	2025-26	NBB	GUSTAVO	CAIXA/BRASILIA	2026-05-21, BRA vs FRA	1	2	1	1	0	0	0	0	0	0	0	0	0	0	0	0
430	2025-26	NBB	MOSQUITO	CAIXA/BRASILIA	2026-05-21, BRA vs FRA	1	0	0	0	0	0	0	0	0	0	0	0	0	0	0	0
430	2025-26	NBB	BELLER	CAIXA/BRASILIA	2026-05-21, BRA vs FRA	11	0	0	1	0	2	0	0	1	0	1	0	2	0	0	3
430	2025-26	NBB	ZAGO	CAIXA/BRASILIA	2026-05-21, BRA vs FRA	1	0	0	0	0	1	0	0	0	0	0	0	0	0	0	0
430	2025-26	NBB	BENNETT	SESI FRANCA	2026-05-21, BRA vs FRA	34	21	5	12	3	13	2	2	2	1	3	2	1	0	3	2
430	2025-26	NBB	MINEIRO	SESI FRANCA	2026-05-21, BRA vs FRA	25	8	3	4	0	3	2	2	0	2	2	0	0	0	0	0
430	2025-26	NBB	LUCAS DIAS	SESI FRANCA	2026-05-21, BRA vs FRA	35	5	1	5	1	4	0	1	10	1	11	1	2	1	1	1
430	2025-26	NBB	DAVID JACKSON	SESI FRANCA	2026-05-21, BRA vs FRA	32	5	1	7	1	6	0	0	3	1	4	5	2	0	2	2
430	2025-26	NBB	LATERZA	SESI FRANCA	2026-05-21, BRA vs FRA	15	3	0	2	1	3	0	0	2	1	3	2	0	0	2	1
430	2025-26	NBB	FELICIO	SESI FRANCA	2026-05-21, BRA vs FRA	20	2	1	2	0	0	0	0	3	1	4	1	0	0	1	2
430	2025-26	NBB	VINI	SESI FRANCA	2026-05-21, BRA vs FRA	10	2	1	3	0	1	0	0	0	3	3	0	0	0	3	5
430	2025-26	NBB	RODRIGUEZ	SESI FRANCA	2026-05-21, BRA vs FRA	25	2	1	4	0	3	0	0	4	3	7	1	0	2	0	4
430	2025-26	NBB	PIA	SESI FRANCA	2026-05-21, BRA vs FRA	2	2	1	1	0	0	0	0	0	0	0	0	1	0	0	0
430	2025-26	NBB	NICOLINI	SESI FRANCA	2026-05-21, BRA vs FRA	3	0	0	0	0	0	0	0	1	0	1	0	0	0	1	0
431	2025-26	NBB	CLARK	CORINTHIANS	2026-05-23, COR vs PIN	41	23	5	11	1	7	10	10	5	0	5	3	4	0	3	1
431	2025-26	NBB	RAYMUNDO	CORINTHIANS	2026-05-23, COR vs PIN	30	18	5	6	0	0	8	9	1	1	2	2	1	2	1	2
431	2025-26	NBB	VICTAO	CORINTHIANS	2026-05-23, COR vs PIN	41	16	5	7	1	5	3	3	3	2	5	2	2	0	1	4
431	2025-26	NBB	ELINHO	CORINTHIANS	2026-05-23, COR vs PIN	42	10	0	3	2	7	4	6	3	0	3	7	3	1	2	4
431	2025-26	NBB	MUNFORD	CORINTHIANS	2026-05-23, COR vs PIN	33	8	2	7	1	3	1	2	4	1	5	5	4	1	1	4
431	2025-26	NBB	LUCAS CAUE	CORINTHIANS	2026-05-23, COR vs PIN	11	4	2	3	0	0	0	0	2	1	3	0	0	0	1	1
431	2025-26	NBB	NOVAES	CORINTHIANS	2026-05-23, COR vs PIN	4	2	1	1	0	0	0	0	0	0	0	0	0	0	1	2
431	2025-26	NBB	C. BORGES	CORINTHIANS	2026-05-23, COR vs PIN	3	0	0	0	0	1	0	0	0	1	1	0	0	0	1	1
431	2025-26	NBB	T. FARIA	CORINTHIANS	2026-05-23, COR vs PIN	3	0	0	1	0	1	0	0	0	0	0	0	0	0	0	1
431	2025-26	NBB	THOMAS	CORINTHIANS	2026-05-23, COR vs PIN	16	0	0	5	0	1	0	0	1	0	1	1	0	0	1	0
431	2025-26	NBB	ELINHO	PINHEIROS	2026-05-23, COR vs PIN	5	2	0	0	0	0	2	2	0	0	0	2	0	0	0	0
431	2025-26	NBB	RAYMUNDO	PINHEIROS	2026-05-23, COR vs PIN	5	2	1	2	0	0	0	0	1	0	1	0	0	0	1	0
431	2025-26	NBB	MUNFORD	PINHEIROS	2026-05-23, COR vs PIN	5	2	1	2	0	0	0	0	0	0	0	0	2	0	0	2
431	2025-26	NBB	CLARK	PINHEIROS	2026-05-23, COR vs PIN	5	2	0	2	0	0	2	2	0	0	0	0	0	0	0	0
431	2025-26	NBB	VICTAO	PINHEIROS	2026-05-23, COR vs PIN	5	0	0	1	0	1	0	0	0	0	0	0	0	0	1	0
432	2025-26	NBB	PAULICHI	CAIXA/BRASILIA	2026-05-23, BRA vs FRA	33	19	8	9	0	3	3	3	5	4	9	2	1	0	4	5
432	2025-26	NBB	CRESCENZI	CAIXA/BRASILIA	2026-05-23, BRA vs FRA	34	16	2	5	4	7	0	0	3	1	4	1	0	0	2	1
432	2025-26	NBB	CORVALAN	CAIXA/BRASILIA	2026-05-23, BRA vs FRA	37	15	4	6	1	6	4	4	1	0	1	10	1	0	5	1
432	2025-26	NBB	VON HAYDIN	CAIXA/BRASILIA	2026-05-23, BRA vs FRA	38	9	1	4	2	5	1	2	7	1	8	3	1	0	1	1
432	2025-26	NBB	BUIU	CAIXA/BRASILIA	2026-05-23, BRA vs FRA	27	7	2	5	1	3	0	0	0	0	0	2	1	0	1	3
432	2025-26	NBB	BRUNAO	CAIXA/BRASILIA	2026-05-23, BRA vs FRA	20	6	3	5	0	0	0	0	3	0	3	1	0	0	1	2
432	2025-26	NBB	CARBONARI	CAIXA/BRASILIA	2026-05-23, BRA vs FRA	3	2	1	1	0	0	0	0	0	0	0	0	0	0	1	0
432	2025-26	NBB	GUSTAVO	CAIXA/BRASILIA	2026-05-23, BRA vs FRA	2	0	0	0	0	0	0	0	0	0	0	1	0	0	0	0
432	2025-26	NBB	MOSQUITO	CAIXA/BRASILIA	2026-05-23, BRA vs FRA	2	0	0	0	0	0	0	0	0	0	0	0	0	0	1	0
432	2025-26	NBB	BELLER	CAIXA/BRASILIA	2026-05-23, BRA vs FRA	2	0	0	0	0	0	0	0	0	0	0	0	0	0	0	1
432	2025-26	NBB	ZAGO	CAIXA/BRASILIA	2026-05-23, BRA vs FRA	2	0	0	0	0	0	0	0	1	0	1	0	0	0	1	0
432	2025-26	NBB	LUCAS DIAS	SESI FRANCA	2026-05-23, BRA vs FRA	30	30	7	10	5	7	1	2	4	3	7	1	1	0	2	2
432	2025-26	NBB	LATERZA	SESI FRANCA	2026-05-23, BRA vs FRA	34	17	1	3	5	9	0	0	6	0	6	6	1	0	2	2
432	2025-26	NBB	DAVID JACKSON	SESI FRANCA	2026-05-23, BRA vs FRA	30	11	0	0	3	4	2	2	2	0	2	4	0	0	1	2
432	2025-26	NBB	RODRIGUEZ	SESI FRANCA	2026-05-23, BRA vs FRA	28	10	3	3	0	4	4	4	3	0	3	1	3	0	0	3
432	2025-26	NBB	BENNETT	SESI FRANCA	2026-05-23, BRA vs FRA	24	9	3	5	1	2	0	0	1	0	1	6	1	0	2	3
432	2025-26	NBB	VINI	SESI FRANCA	2026-05-23, BRA vs FRA	12	7	2	2	1	3	0	0	0	0	0	0	1	0	0	1
432	2025-26	NBB	MINEIRO	SESI FRANCA	2026-05-23, BRA vs FRA	30	7	3	5	0	1	1	2	4	0	4	3	1	0	0	1
432	2025-26	NBB	PIA	SESI FRANCA	2026-05-23, BRA vs FRA	2	0	0	0	0	0	0	0	0	0	0	0	0	0	0	0
432	2025-26	NBB	NICOLINI	SESI FRANCA	2026-05-23, BRA vs FRA	2	0	0	0	0	1	0	0	0	0	0	0	0	0	0	0
432	2025-26	NBB	FELICIO	SESI FRANCA	2026-05-23, BRA vs FRA	8	0	0	3	0	0	0	0	1	0	1	0	0	0	0	3
433	2025-26	NBB	MINEIRO	SESI FRANCA	2026-05-26, FRA vs BRA	24	17	6	10	0	1	5	8	5	2	7	0	1	1	0	1
433	2025-26	NBB	GEORGINHO	SESI FRANCA	2026-05-26, FRA vs BRA	24	14	3	5	1	2	5	8	7	0	7	2	1	0	3	0
433	2025-26	NBB	LATERZA	SESI FRANCA	2026-05-26, FRA vs BRA	33	11	1	3	2	6	3	3	4	0	4	2	0	0	1	5
433	2025-26	NBB	RODRIGUEZ	SESI FRANCA	2026-05-26, FRA vs BRA	25	10	1	2	2	3	2	4	2	0	2	1	1	1	2	5
433	2025-26	NBB	DAVID JACKSON	SESI FRANCA	2026-05-26, FRA vs BRA	30	7	3	5	0	3	1	2	3	0	3	1	1	0	0	1
433	2025-26	NBB	LUCAS DIAS	SESI FRANCA	2026-05-26, FRA vs BRA	34	6	0	4	1	6	3	4	9	1	10	4	0	0	2	3
433	2025-26	NBB	BENNETT	SESI FRANCA	2026-05-26, FRA vs BRA	18	4	2	4	0	3	0	0	1	0	1	3	0	0	3	3
433	2025-26	NBB	FELICIO	SESI FRANCA	2026-05-26, FRA vs BRA	6	0	0	0	0	0	0	0	0	1	1	0	0	0	0	1
433	2025-26	NBB	VINI	SESI FRANCA	2026-05-26, FRA vs BRA	6	0	0	1	0	0	0	0	0	0	0	1	0	0	0	0
433	2025-26	NBB	CORVALAN	CAIXA/BRASILIA	2026-05-26, FRA vs BRA	33	17	1	11	2	5	9	12	4	1	5	3	1	0	2	3
433	2025-26	NBB	CRESCENZI	CAIXA/BRASILIA	2026-05-26, FRA vs BRA	36	15	4	6	1	6	4	4	6	1	7	1	0	0	1	3
433	2025-26	NBB	PAULICHI	CAIXA/BRASILIA	2026-05-26, FRA vs BRA	36	13	2	5	2	5	3	4	5	0	5	1	3	0	1	4
433	2025-26	NBB	BUIU	CAIXA/BRASILIA	2026-05-26, FRA vs BRA	28	11	1	3	3	4	0	0	0	1	1	1	1	0	2	5
433	2025-26	NBB	VON HAYDIN	CAIXA/BRASILIA	2026-05-26, FRA vs BRA	34	5	0	3	1	4	2	2	9	0	9	3	1	0	3	4
433	2025-26	NBB	BRUNAO	CAIXA/BRASILIA	2026-05-26, FRA vs BRA	25	5	2	5	0	1	1	2	8	1	9	0	0	3	2	5
433	2025-26	NBB	BELLER	CAIXA/BRASILIA	2026-05-26, FRA vs BRA	5	3	0	0	1	1	0	0	0	0	0	0	1	0	1	2
433	2025-26	NBB	CARBONARI	CAIXA/BRASILIA	2026-05-26, FRA vs BRA	1	2	0	0	0	0	2	2	1	0	1	0	0	0	0	0
435	2025-26	NBB	LUCAS DIAS	SESI FRANCA	2026-05-28, FRA vs BRA	30	21	6	8	2	4	3	5	1	1	2	1	0	1	1	3
435	2025-26	NBB	GEORGINHO	SESI FRANCA	2026-05-28, FRA vs BRA	32	15	3	5	2	7	3	3	10	1	11	3	2	2	6	2
435	2025-26	NBB	MINEIRO	SESI FRANCA	2026-05-28, FRA vs BRA	31	9	2	3	1	3	2	2	3	1	4	1	2	0	0	1
435	2025-26	NBB	RODRIGUEZ	SESI FRANCA	2026-05-28, FRA vs BRA	19	7	2	2	1	2	0	0	2	1	3	1	1	2	2	4
435	2025-26	NBB	VINI	SESI FRANCA	2026-05-28, FRA vs BRA	9	7	2	2	1	2	0	0	0	1	1	0	0	0	1	1
435	2025-26	NBB	LATERZA	SESI FRANCA	2026-05-28, FRA vs BRA	30	6	0	1	1	6	3	4	1	0	1	4	1	0	1	1
435	2025-26	NBB	DAVID JACKSON	SESI FRANCA	2026-05-28, FRA vs BRA	20	3	0	4	1	3	0	0	2	0	2	3	0	0	0	3
435	2025-26	NBB	FELICIO	SESI FRANCA	2026-05-28, FRA vs BRA	10	0	0	1	0	0	0	0	2	0	2	2	0	0	1	1
435	2025-26	NBB	BENNETT	SESI FRANCA	2026-05-28, FRA vs BRA	17	0	0	1	0	1	0	0	1	2	3	1	0	0	2	1
435	2025-26	NBB	CORVALAN	CAIXA/BRASILIA	2026-05-28, FRA vs BRA	36	18	3	7	3	6	3	4	2	0	2	3	1	0	3	3
435	2025-26	NBB	VON HAYDIN	CAIXA/BRASILIA	2026-05-28, FRA vs BRA	37	15	3	4	3	7	0	0	4	1	5	3	1	0	0	1
435	2025-26	NBB	CRESCENZI	CAIXA/BRASILIA	2026-05-28, FRA vs BRA	34	14	2	4	3	10	1	2	3	1	4	0	1	0	4	4
435	2025-26	NBB	BRUNAO	CAIXA/BRASILIA	2026-05-28, FRA vs BRA	26	9	4	7	0	1	1	4	5	4	9	0	1	1	1	3
435	2025-26	NBB	BUIU	CAIXA/BRASILIA	2026-05-28, FRA vs BRA	29	8	3	6	0	2	2	2	5	4	9	2	0	0	2	3
435	2025-26	NBB	PAULICHI	CAIXA/BRASILIA	2026-05-28, FRA vs BRA	31	2	1	4	0	4	0	0	3	0	3	1	1	0	3	3
435	2025-26	NBB	CARBONARI	CAIXA/BRASILIA	2026-05-28, FRA vs BRA	2	0	0	0	0	0	0	0	0	0	0	0	0	0	0	0
435	2025-26	NBB	BELLER	CAIXA/BRASILIA	2026-05-28, FRA vs BRA	3	0	0	0	0	1	0	0	0	0	0	0	0	0	0	0
436	2025-26	NBB	MINEIRO	SESI FRANCA	2026-05-31, FRA vs PIN	20	16	6	7	0	0	4	4	2	1	3	2	1	1	0	2
436	2025-26	NBB	GEORGINHO	SESI FRANCA	2026-05-31, FRA vs PIN	31	12	3	5	1	6	3	4	12	0	12	7	3	1	2	0
436	2025-26	NBB	LATERZA	SESI FRANCA	2026-05-31, FRA vs PIN	25	11	1	2	2	4	3	3	4	0	4	3	1	0	2	3
436	2025-26	NBB	RODRIGUEZ	SESI FRANCA	2026-05-31, FRA vs PIN	19	10	1	2	2	4	2	2	3	1	4	0	1	0	1	3
436	2025-26	NBB	DAVID JACKSON	SESI FRANCA	2026-05-31, FRA vs PIN	32	9	3	5	1	3	0	0	2	2	4	0	1	0	2	3
436	2025-26	NBB	FELICIO	SESI FRANCA	2026-05-31, FRA vs PIN	15	8	3	3	0	0	2	2	0	4	4	0	0	1	0	2
436	2025-26	NBB	LUCAS DIAS	SESI FRANCA	2026-05-31, FRA vs PIN	27	8	1	6	1	4	3	3	4	1	5	5	2	0	2	3
436	2025-26	NBB	BENNETT	SESI FRANCA	2026-05-31, FRA vs PIN	26	6	3	4	0	0	0	0	1	0	1	4	0	0	1	3
436	2025-26	NBB	VINI	SESI FRANCA	2026-05-31, FRA vs PIN	5	2	1	2	0	0	0	2	0	0	0	0	0	0	0	0
436	2025-26	NBB	SLOAN	PINHEIROS	2026-05-31, FRA vs PIN	26	23	3	4	4	13	5	6	1	2	3	7	0	0	6	3
436	2025-26	NBB	PENHA JR.	PINHEIROS	2026-05-31, FRA vs PIN	34	16	1	3	4	6	2	2	3	4	7	0	0	0	2	2
436	2025-26	NBB	BETINHO	PINHEIROS	2026-05-31, FRA vs PIN	24	14	3	5	2	5	2	2	4	2	6	0	0	0	1	3
436	2025-26	NBB	PACHECO	PINHEIROS	2026-05-31, FRA vs PIN	27	10	0	5	3	11	1	2	0	1	1	0	2	0	1	0
436	2025-26	NBB	DJALO	PINHEIROS	2026-05-31, FRA vs PIN	26	6	0	0	2	3	0	0	4	1	5	0	1	0	0	3
436	2025-26	NBB	AGAPY	PINHEIROS	2026-05-31, FRA vs PIN	17	2	1	4	0	0	0	1	3	2	5	0	0	0	1	3
436	2025-26	NBB	AFONSO	PINHEIROS	2026-05-31, FRA vs PIN	6	2	1	1	0	0	0	1	0	0	0	0	0	0	0	3
436	2025-26	NBB	BUFFAT	PINHEIROS	2026-05-31, FRA vs PIN	7	0	0	1	0	0	0	0	1	0	1	0	0	0	0	0
436	2025-26	NBB	BORACINA	PINHEIROS	2026-05-31, FRA vs PIN	1	0	0	0	0	1	0	0	0	0	0	0	0	0	0	0
436	2025-26	NBB	FARABELLO	PINHEIROS	2026-05-31, FRA vs PIN	13	0	0	1	0	1	0	0	0	1	1	3	0	0	0	2
436	2025-26	NBB	BRAYAN	PINHEIROS	2026-05-31, FRA vs PIN	20	0	0	0	0	6	0	0	3	1	4	0	1	0	1	3
436	2025-26	NBB	MEILI	PINHEIROS	2026-05-31, FRA vs PIN	1	0	0	0	0	0	0	0	0	0	0	0	0	0	0	0
437	2025-26	NBB	PACHECO	PINHEIROS	2026-06-02, PIN vs FRA	31	21	4	7	4	8	1	2	1	0	1	3	5	0	1	1
437	2025-26	NBB	SLOAN	PINHEIROS	2026-06-02, PIN vs FRA	26	19	5	13	2	9	3	3	3	0	3	3	1	0	3	4
437	2025-26	NBB	BETINHO	PINHEIROS	2026-06-02, PIN vs FRA	19	10	3	5	1	6	1	3	3	1	4	0	0	0	1	3
437	2025-26	NBB	AGAPY	PINHEIROS	2026-06-02, PIN vs FRA	26	9	4	4	0	0	1	2	2	4	6	3	1	0	0	5
437	2025-26	NBB	PENHA JR.	PINHEIROS	2026-06-02, PIN vs FRA	30	7	2	5	1	3	0	0	6	1	7	1	0	0	0	3
437	2025-26	NBB	DJALO	PINHEIROS	2026-06-02, PIN vs FRA	38	5	1	2	0	3	3	4	5	0	5	1	2	0	2	1
437	2025-26	NBB	AFONSO	PINHEIROS	2026-06-02, PIN vs FRA	11	2	1	4	0	0	0	0	0	3	3	0	0	1	0	2
437	2025-26	NBB	BRAYAN	PINHEIROS	2026-06-02, PIN vs FRA	9	2	1	1	0	2	0	1	0	0	0	0	0	0	1	2
437	2025-26	NBB	FARABELLO	PINHEIROS	2026-06-02, PIN vs FRA	9	0	0	0	0	0	0	0	2	0	2	0	0	0	1	1
437	2025-26	NBB	BUFFAT	PINHEIROS	2026-06-02, PIN vs FRA	1	0	0	0	0	0	0	0	0	0	0	0	0	0	0	0
437	2025-26	NBB	BORACINA	PINHEIROS	2026-06-02, PIN vs FRA	1	0	0	0	0	0	0	0	0	0	0	0	0	0	0	0
437	2025-26	NBB	LUCAS DIAS	SESI FRANCA	2026-06-02, PIN vs FRA	34	26	7	9	3	11	3	5	6	1	7	5	0	1	0	4
437	2025-26	NBB	GEORGINHO	SESI FRANCA	2026-06-02, PIN vs FRA	32	11	2	2	1	5	4	7	10	0	10	5	0	2	5	0
437	2025-26	NBB	BENNETT	SESI FRANCA	2026-06-02, PIN vs FRA	26	10	4	5	0	1	2	2	2	0	2	2	1	0	2	2
437	2025-26	NBB	LATERZA	SESI FRANCA	2026-06-02, PIN vs FRA	28	10	2	3	2	4	0	0	1	0	1	3	0	0	3	4
437	2025-26	NBB	FELICIO	SESI FRANCA	2026-06-02, PIN vs FRA	22	9	4	4	0	0	1	2	7	1	8	0	0	1	3	3
437	2025-26	NBB	DAVID JACKSON	SESI FRANCA	2026-06-02, PIN vs FRA	29	6	1	4	1	3	1	1	2	0	2	3	1	0	0	2
437	2025-26	NBB	VINI	SESI FRANCA	2026-06-02, PIN vs FRA	2	2	1	1	0	0	0	0	0	0	0	0	1	0	0	2
437	2025-26	NBB	RODRIGUEZ	SESI FRANCA	2026-06-02, PIN vs FRA	13	2	1	1	0	2	0	0	0	0	0	1	1	0	3	2
437	2025-26	NBB	MINEIRO	SESI FRANCA	2026-06-02, PIN vs FRA	14	2	0	0	0	1	2	2	0	0	0	1	1	0	1	2
438	2025-26	NBB	BETINHO	PINHEIROS	2026-06-04, PIN vs FRA	24	30	4	5	5	6	7	8	0	2	2	2	1	0	0	4
438	2025-26	NBB	PACHECO	PINHEIROS	2026-06-04, PIN vs FRA	29	24	3	5	5	10	3	4	1	0	1	9	0	0	2	2
438	2025-26	NBB	AGAPY	PINHEIROS	2026-06-04, PIN vs FRA	29	14	6	9	0	0	2	5	5	2	7	1	1	0	0	2
438	2025-26	NBB	DJALO	PINHEIROS	2026-06-04, PIN vs FRA	25	9	2	7	1	3	2	2	2	5	7	1	0	0	1	4
438	2025-26	NBB	BRAYAN	PINHEIROS	2026-06-04, PIN vs FRA	20	5	1	1	1	2	0	0	0	1	1	0	1	1	1	3
438	2025-26	NBB	PENHA JR.	PINHEIROS	2026-06-04, PIN vs FRA	32	4	0	2	1	4	1	2	1	1	2	1	0	0	2	1
438	2025-26	NBB	SLOAN	PINHEIROS	2026-06-04, PIN vs FRA	23	3	0	3	1	3	0	2	0	1	1	3	0	0	2	2
438	2025-26	NBB	FARABELLO	PINHEIROS	2026-06-04, PIN vs FRA	10	3	0	1	1	2	0	0	1	0	1	0	1	0	0	0
438	2025-26	NBB	AFONSO	PINHEIROS	2026-06-04, PIN vs FRA	8	2	1	1	0	0	0	0	1	0	1	0	0	0	1	3
438	2025-26	NBB	BENNETT	SESI FRANCA	2026-06-04, PIN vs FRA	30	23	6	7	2	4	5	5	1	1	2	5	0	0	1	3
438	2025-26	NBB	RODRIGUEZ	SESI FRANCA	2026-06-04, PIN vs FRA	28	20	3	4	3	6	5	6	4	0	4	1	1	0	0	3
438	2025-26	NBB	GEORGINHO	SESI FRANCA	2026-06-04, PIN vs FRA	38	19	3	5	1	6	10	13	7	0	7	4	4	1	5	3
438	2025-26	NBB	LUCAS DIAS	SESI FRANCA	2026-06-04, PIN vs FRA	36	10	3	6	0	2	4	4	3	3	6	5	0	0	0	3
438	2025-26	NBB	DAVID JACKSON	SESI FRANCA	2026-06-04, PIN vs FRA	26	7	1	2	1	4	2	2	2	1	3	3	1	0	2	2
438	2025-26	NBB	MINEIRO	SESI FRANCA	2026-06-04, PIN vs FRA	22	6	3	3	0	0	0	0	3	1	4	0	1	0	1	1
438	2025-26	NBB	LATERZA	SESI FRANCA	2026-06-04, PIN vs FRA	8	5	0	0	1	1	2	2	0	0	0	0	0	0	1	1
438	2025-26	NBB	FELICIO	SESI FRANCA	2026-06-04, PIN vs FRA	8	2	1	3	0	0	0	0	2	1	3	0	0	0	1	3
438	2025-26	NBB	VINI	SESI FRANCA	2026-06-04, PIN vs FRA	4	0	0	0	0	0	0	0	0	0	0	0	0	0	1	3
439	2025-26	NBB	LUCAS DIAS	SESI FRANCA	2026-06-07, FRA vs PIN	34	22	9	12	1	11	1	1	4	1	5	2	1	1	1	3
439	2025-26	NBB	DAVID JACKSON	SESI FRANCA	2026-06-07, FRA vs PIN	30	18	1	2	4	5	4	5	2	1	3	1	0	0	0	1
439	2025-26	NBB	GEORGINHO	SESI FRANCA	2026-06-07, FRA vs PIN	36	17	2	5	2	7	7	7	7	1	8	8	0	2	0	2
439	2025-26	NBB	BENNETT	SESI FRANCA	2026-06-07, FRA vs PIN	31	7	3	7	0	0	1	1	2	0	2	2	3	0	0	3
439	2025-26	NBB	FELICIO	SESI FRANCA	2026-06-07, FRA vs PIN	15	6	2	2	0	0	2	4	2	2	4	1	0	0	0	3
439	2025-26	NBB	MINEIRO	SESI FRANCA	2026-06-07, FRA vs PIN	15	6	2	2	0	1	2	2	2	1	3	1	0	1	2	4
439	2025-26	NBB	RODRIGUEZ	SESI FRANCA	2026-06-07, FRA vs PIN	19	5	1	1	1	4	0	0	3	0	3	0	1	0	1	5
439	2025-26	NBB	LATERZA	SESI FRANCA	2026-06-07, FRA vs PIN	18	4	0	0	0	3	4	4	1	0	1	3	1	0	4	3
439	2025-26	NBB	VINI	SESI FRANCA	2026-06-07, FRA vs PIN	3	0	0	0	0	0	0	0	0	0	0	0	0	0	0	0
439	2025-26	NBB	DJALO	PINHEIROS	2026-06-07, FRA vs PIN	38	15	0	2	4	8	3	3	4	3	7	2	1	0	1	2
439	2025-26	NBB	SLOAN	PINHEIROS	2026-06-07, FRA vs PIN	32	15	1	4	3	8	4	4	4	0	4	6	1	0	3	3
439	2025-26	NBB	BETINHO	PINHEIROS	2026-06-07, FRA vs PIN	17	14	1	2	1	3	9	9	2	0	2	2	0	0	2	4
439	2025-26	NBB	BRAYAN	PINHEIROS	2026-06-07, FRA vs PIN	13	9	3	3	1	2	0	3	1	2	3	0	0	0	0	2
439	2025-26	NBB	PENHA JR.	PINHEIROS	2026-06-07, FRA vs PIN	22	8	2	3	1	5	1	1	1	2	3	1	1	0	0	1
439	2025-26	NBB	AGAPY	PINHEIROS	2026-06-07, FRA vs PIN	18	7	3	4	0	0	1	2	2	3	5	1	1	0	0	3
439	2025-26	NBB	PACHECO	PINHEIROS	2026-06-07, FRA vs PIN	31	5	1	5	1	7	0	0	3	2	5	2	0	0	1	5
439	2025-26	NBB	PASTRE	PINHEIROS	2026-06-07, FRA vs PIN	26	3	1	3	0	2	1	2	6	1	7	0	0	0	3	4
439	2025-26	NBB	AFONSO	PINHEIROS	2026-06-07, FRA vs PIN	1	0	0	0	0	0	0	0	0	0	0	0	0	0	1	2
439	2025-26	NBB	FARABELLO	PINHEIROS	2026-06-07, FRA vs PIN	2	0	0	0	0	0	0	0	1	0	1	0	0	0	0	0
