GAME_ID,SEASON,LEAGUE,PLAYER,TEAM,MATCHUP,MIN,PTS,2PM,2PA,3PM,3PA,FTM,FTA,DREB,OREB,REB,AST,STL,BLK,TOV,PF
401857178,2026,WNBA,KAYLA THORNTON,GOLDEN STATE VALKYRIES,"2026-08-27, NY vs GS",18,3,0,3,1,1,0,0,1,1,2,0,0,0,0,1
401857178,2026,WNBA,GABBY WILLIAMS,GOLDEN STATE VALKYRIES,"2026-08-27, NY vs GS",23,16,2,7,4,8,0,0,4,0,4,3,2,0,1,4
401857178,2026,WNBA,CECILIA ZANDALASINI,GOLDEN STATE VALKYRIES,"2026-08-27, NY vs GS",31,20,4,7,4,10,0,0,4,1,5,1,0,0,1,2
401857178,2026,WNBA,KIAH STOKES,GOLDEN STATE VALKYRIES,"2026-08-27, NY vs GS",26,2,1,1,0,2,0,0,7,2,9,4,1,1,0,2
401857178,2026,WNBA,VERONICA BURTON,GOLDEN STATE VALKYRIES,"2026-08-27, NY vs GS",27,8,2,4,1,4,1,2,2,0,2,13,1,0,0,1
401857178,2026,WNBA,LAETICIA AMIHERE,GOLDEN STATE VALKYRIES,"2026-08-27, NY vs GS",2,0,0,0,0,0,0,0,0,0,0,0,0,0,0,0
401857178,2026,WNBA,ASHTEN PRECHTEL,GOLDEN STATE VALKYRIES,"2026-08-27, NY vs GS",2,3,0,0,1,1,0,0,2,0,2,0,0,0,1,0
401857178,2026,WNBA,JANELLE SALAUN,GOLDEN STATE VALKYRIES,"2026-08-27, NY vs GS",24,7,2,7,1,3,0,0,4,3,7,0,0,0,1,1
401857178,2026,WNBA,NADIA FINGALL,GOLDEN STATE VALKYRIES,"2026-08-27, NY vs GS",2,0,0,0,0,0,0,0,0,0,0,0,0,0,1,0
401857178,2026,WNBA,TIFFANY HAYES,GOLDEN STATE VALKYRIES,"2026-08-27, NY vs GS",13,12,2,3,1,2,5,6,2,0,2,0,0,1,1,2
401857178,2026,WNBA,KAILA CHARLES,GOLDEN STATE VALKYRIES,"2026-08-27, NY vs GS",18,6,3,3,0,2,0,0,4,1,5,0,0,0,0,2
401857178,2026,WNBA,MIELA SOWAH,GOLDEN STATE VALKYRIES,"2026-08-27, NY vs GS",2,0,0,0,0,0,0,0,1,0,1,0,0,0,0,1
401857178,2026,WNBA,KAITLYN CHEN,GOLDEN STATE VALKYRIES,"2026-08-27, NY vs GS",11,2,1,3,0,0,0,0,0,0,0,1,0,0,1,0
401857178,2026,WNBA,JUSTE JOCYTE,GOLDEN STATE VALKYRIES,"2026-08-27, NY vs GS",2,0,0,0,0,0,0,0,0,0,0,1,0,0,0,0
401857178,2026,WNBA,BREANNA STEWART,NEW YORK LIBERTY,"2026-08-27, NY vs GS",33,16,4,9,0,1,8,10,4,2,6,2,0,1,0,1
401857178,2026,WNBA,LEONIE FIEBICH,NEW YORK LIBERTY,"2026-08-27, NY vs GS",32,3,0,1,1,6,0,0,3,3,6,0,1,0,1,4
401857178,2026,WNBA,JONQUEL JONES,NEW YORK LIBERTY,"2026-08-27, NY vs GS",26,18,2,5,4,6,2,3,6,1,7,0,0,3,2,2
401857178,2026,WNBA,SABRINA IONESCU,NEW YORK LIBERTY,"2026-08-27, NY vs GS",29,7,1,3,1,9,2,2,2,0,2,4,0,1,2,1
401857178,2026,WNBA,PAULINE ASTIER,NEW YORK LIBERTY,"2026-08-27, NY vs GS",24,4,2,5,0,1,0,0,3,0,3,3,0,0,2,2
401857178,2026,WNBA,RAQUEL CARRERA,NEW YORK LIBERTY,"2026-08-27, NY vs GS",3,0,0,0,0,1,0,0,0,0,0,0,1,0,0,0
401857178,2026,WNBA,HAN XU,NEW YORK LIBERTY,"2026-08-27, NY vs GS",9,0,0,3,0,1,0,0,1,0,1,1,0,1,0,0
401857178,2026,WNBA,REBEKAH GARDNER,NEW YORK LIBERTY,"2026-08-27, NY vs GS",17,6,2,2,0,0,2,2,1,2,3,2,1,0,0,2
401857178,2026,WNBA,REBECCA ALLEN,NEW YORK LIBERTY,"2026-08-27, NY vs GS",12,5,1,2,1,4,0,0,2,1,3,0,0,0,1,1
401857178,2026,WNBA,MARINE JOHANNES,NEW YORK LIBERTY,"2026-08-27, NY vs GS",13,0,0,1,0,0,0,0,1,0,1,2,0,0,1,0
401857178,2026,WNBA,MARINE FAUTHOUX,NEW YORK LIBERTY,"2026-08-27, NY vs GS",3,1,0,1,0,2,1,2,0,0,0,0,0,0,0,0
401857179,2026,WNBA,MICHAELA ONYENWERE,WASHINGTON MYSTICS,"2026-08-27, PHX vs WSH",16,1,0,0,0,2,1,2,0,0,0,0,0,0,2,3
401857179,2026,WNBA,KIKI IRIAFEN,WASHINGTON MYSTICS,"2026-08-27, PHX vs WSH",30,20,9,17,0,0,2,3,8,4,12,1,0,0,2,4
401857179,2026,WNBA,SHAKIRA AUSTIN,WASHINGTON MYSTICS,"2026-08-27, PHX vs WSH",30,11,3,9,0,0,5,5,6,1,7,1,1,1,0,1
401857179,2026,WNBA,SONIA CITRON,WASHINGTON MYSTICS,"2026-08-27, PHX vs WSH",33,8,2,4,1,3,1,2,3,0,3,4,2,1,1,1
401857179,2026,WNBA,GEORGIA AMOORE,WASHINGTON MYSTICS,"2026-08-27, PHX vs WSH",30,25,3,5,6,11,1,1,1,1,2,4,2,0,3,4
401857179,2026,WNBA,LAUREN BETTS,WASHINGTON MYSTICS,"2026-08-27, PHX vs WSH",19,6,2,4,0,0,2,2,6,0,6,1,0,0,2,1
401857179,2026,WNBA,BETNIJAH LANEY-HAMILTON,WASHINGTON MYSTICS,"2026-08-27, PHX vs WSH",22,6,2,4,0,0,2,2,5,0,5,7,0,1,1,2
401857179,2026,WNBA,COTIE MCMAHON,WASHINGTON MYSTICS,"2026-08-27, PHX vs WSH",14,0,0,0,0,1,0,0,0,0,0,1,0,0,1,1
401857179,2026,WNBA,ALICIA FLOREZ,WASHINGTON MYSTICS,"2026-08-27, PHX vs WSH",5,3,1,1,0,0,1,2,0,0,0,1,1,1,4,3
401857179,2026,WNBA,ALYSSA THOMAS,PHOENIX MERCURY,"2026-08-27, PHX vs WSH",32,4,1,5,0,0,2,2,8,2,10,8,0,1,2,2
401857179,2026,WNBA,NATASHA MACK,PHOENIX MERCURY,"2026-08-27, PHX vs WSH",28,10,4,9,0,0,2,2,7,2,9,2,2,4,1,1
401857179,2026,WNBA,NOEMIE BROCHANT,PHOENIX MERCURY,"2026-08-27, PHX vs WSH",28,4,2,5,0,2,0,0,0,0,0,1,1,0,2,2
401857179,2026,WNBA,SAMI WHITCOMB,PHOENIX MERCURY,"2026-08-27, PHX vs WSH",19,3,0,2,1,2,0,0,0,0,0,0,0,0,2,1
401857179,2026,WNBA,KAHLEAH COPPER,PHOENIX MERCURY,"2026-08-27, PHX vs WSH",32,35,11,18,2,4,7,9,4,0,4,1,2,0,3,2
401857179,2026,WNBA,VALERIANE AYAYI,PHOENIX MERCURY,"2026-08-27, PHX vs WSH",12,0,0,2,0,1,0,0,1,0,1,2,1,0,0,2
401857179,2026,WNBA,MADDY WESTBELD,PHOENIX MERCURY,"2026-08-27, PHX vs WSH",17,2,1,3,0,2,0,0,3,0,3,2,1,0,3,4
401857179,2026,WNBA,LEXI HELD,PHOENIX MERCURY,"2026-08-27, PHX vs WSH",19,8,1,2,1,4,3,3,0,1,1,1,3,0,1,2
401857179,2026,WNBA,SHAY CIEZKI,PHOENIX MERCURY,"2026-08-27, PHX vs WSH",13,7,2,3,1,2,0,2,1,0,1,1,0,0,1,5
401857176,2026,WNBA,KAYLA THORNTON,GOLDEN STATE VALKYRIES,"2026-08-26, CON vs GS",20,0,0,1,0,0,0,0,3,1,4,0,0,0,0,1
401857176,2026,WNBA,GABBY WILLIAMS,GOLDEN STATE VALKYRIES,"2026-08-26, CON vs GS",16,9,1,4,2,3,1,2,2,0,2,3,1,1,0,0
401857176,2026,WNBA,CECILIA ZANDALASINI,GOLDEN STATE VALKYRIES,"2026-08-26, CON vs GS",11,7,2,4,0,2,3,3,2,0,2,3,1,0,1,1
401857176,2026,WNBA,KIAH STOKES,GOLDEN STATE VALKYRIES,"2026-08-26, CON vs GS",13,7,2,2,1,3,0,0,6,0,6,0,0,3,2,1
401857176,2026,WNBA,VERONICA BURTON,GOLDEN STATE VALKYRIES,"2026-08-26, CON vs GS",20,12,4,7,1,2,1,1,1,2,3,7,0,0,0,3
401857176,2026,WNBA,LAETICIA AMIHERE,GOLDEN STATE VALKYRIES,"2026-08-26, CON vs GS",18,4,2,2,0,1,0,0,2,1,3,1,0,2,1,3
401857176,2026,WNBA,ASHTEN PRECHTEL,GOLDEN STATE VALKYRIES,"2026-08-26, CON vs GS",10,0,0,0,0,1,0,0,4,0,4,1,0,3,3,5
401857176,2026,WNBA,JANELLE SALAUN,GOLDEN STATE VALKYRIES,"2026-08-26, CON vs GS",18,15,1,2,4,6,1,3,3,0,3,1,0,0,0,2
401857176,2026,WNBA,NADIA FINGALL,GOLDEN STATE VALKYRIES,"2026-08-26, CON vs GS",10,4,2,2,0,1,0,0,1,1,2,1,0,0,0,0
401857176,2026,WNBA,TIFFANY HAYES,GOLDEN STATE VALKYRIES,"2026-08-26, CON vs GS",3,5,1,2,1,1,0,0,0,0,0,0,2,0,0,0
401857176,2026,WNBA,KAILA CHARLES,GOLDEN STATE VALKYRIES,"2026-08-26, CON vs GS",19,14,4,5,1,1,3,4,8,0,8,2,0,1,1,4
401857176,2026,WNBA,MIELA SOWAH,GOLDEN STATE VALKYRIES,"2026-08-26, CON vs GS",8,0,0,1,0,3,0,0,3,0,3,0,0,0,2,0
401857176,2026,WNBA,KAITLYN CHEN,GOLDEN STATE VALKYRIES,"2026-08-26, CON vs GS",20,10,4,5,0,1,2,2,1,1,2,2,1,0,1,2
401857176,2026,WNBA,JUSTE JOCYTE,GOLDEN STATE VALKYRIES,"2026-08-26, CON vs GS",14,2,1,1,0,0,0,0,0,0,0,3,0,0,1,1
401857176,2026,WNBA,AALIYAH EDWARDS,CONNECTICUT SUN,"2026-08-26, CON vs GS",22,8,4,9,0,0,0,0,4,1,5,2,2,0,2,0
401857176,2026,WNBA,DIAMOND MILLER,CONNECTICUT SUN,"2026-08-26, CON vs GS",22,8,3,8,0,4,2,5,4,0,4,2,0,0,3,4
401857176,2026,WNBA,KENNEDY BURKE,CONNECTICUT SUN,"2026-08-26, CON vs GS",21,2,1,4,0,1,0,2,0,2,2,3,0,0,0,0
401857176,2026,WNBA,SANIYA RIVERS,CONNECTICUT SUN,"2026-08-26, CON vs GS",21,7,1,2,1,2,2,4,0,0,0,1,0,0,0,3
401857176,2026,WNBA,CHARLISSE LEGER-WALKER,CONNECTICUT SUN,"2026-08-26, CON vs GS",17,17,2,2,3,4,4,5,2,1,3,4,0,0,1,3
401857176,2026,WNBA,RAEGAN BEERS,CONNECTICUT SUN,"2026-08-26, CON vs GS",8,2,0,1,0,0,2,2,1,2,3,1,0,0,1,2
401857176,2026,WNBA,NELL ANGLOMA,CONNECTICUT SUN,"2026-08-26, CON vs GS",23,11,2,3,1,4,4,5,2,0,2,0,1,0,1,1
401857176,2026,WNBA,RAYAH MARSHALL,CONNECTICUT SUN,"2026-08-26, CON vs GS",10,2,1,2,0,0,0,0,1,0,1,0,0,1,0,0
401857176,2026,WNBA,HAILEY VAN LITH,CONNECTICUT SUN,"2026-08-26, CON vs GS",21,3,0,3,1,6,0,1,2,3,5,2,0,1,1,3
401857176,2026,WNBA,GIANNA KNEEPKENS,CONNECTICUT SUN,"2026-08-26, CON vs GS",16,0,0,2,0,4,0,0,3,0,3,1,1,1,1,1
401857176,2026,WNBA,ASHLON JACKSON,CONNECTICUT SUN,"2026-08-26, CON vs GS",19,4,2,4,0,6,0,0,1,1,2,1,0,0,0,2
401857177,2026,WNBA,ISABELLE HARRISON,TORONTO TEMPO,"2026-08-26, SEA vs TOR",32,17,5,12,0,4,7,10,9,5,14,1,2,0,1,2
401857177,2026,WNBA,MARIA CONDE,TORONTO TEMPO,"2026-08-26, SEA vs TOR",20,4,2,2,0,3,0,0,4,0,4,4,0,0,4,0
401857177,2026,WNBA,LAURA JUSKAITE,TORONTO TEMPO,"2026-08-26, SEA vs TOR",29,14,5,8,1,3,1,1,7,2,9,3,0,0,1,1
401857177,2026,WNBA,TEMI FAGBENLE,TORONTO TEMPO,"2026-08-26, SEA vs TOR",24,8,2,3,1,2,1,2,3,2,5,0,1,0,4,2
401857177,2026,WNBA,KIKI RICE,TORONTO TEMPO,"2026-08-26, SEA vs TOR",33,24,5,9,1,3,11,11,2,1,3,5,1,0,1,4
401857177,2026,WNBA,TEONNI KEY,TORONTO TEMPO,"2026-08-26, SEA vs TOR",17,2,1,5,0,1,0,0,0,1,1,0,1,1,1,2
401857177,2026,WNBA,KIA NURSE,TORONTO TEMPO,"2026-08-26, SEA vs TOR",17,4,0,0,1,7,1,2,2,1,3,1,2,0,2,0
401857177,2026,WNBA,KIANA WILLIAMS,TORONTO TEMPO,"2026-08-26, SEA vs TOR",14,2,1,2,0,3,0,0,0,0,0,0,0,0,2,1
401857177,2026,WNBA,ORNELLA BANKOLE,TORONTO TEMPO,"2026-08-26, SEA vs TOR",13,3,1,3,0,0,1,2,3,1,4,0,0,0,0,3
401857177,2026,WNBA,EZI MAGBEGOR,SEATTLE STORM,"2026-08-26, SEA vs TOR",22,6,3,4,0,2,0,0,1,0,1,1,1,1,0,1
401857177,2026,WNBA,JORDAN HORSTON,SEATTLE STORM,"2026-08-26, SEA vs TOR",15,0,0,1,0,2,0,0,2,2,4,3,2,2,2,1
401857177,2026,WNBA,DOMINIQUE MALONGA,SEATTLE STORM,"2026-08-26, SEA vs TOR",30,18,9,16,0,3,0,0,5,2,7,2,3,1,1,4
401857177,2026,WNBA,FLAU'JAE JOHNSON,SEATTLE STORM,"2026-08-26, SEA vs TOR",26,20,8,12,1,3,1,2,1,2,3,2,0,1,2,1
401857177,2026,WNBA,JADE MELBOURNE,SEATTLE STORM,"2026-08-26, SEA vs TOR",33,16,4,7,1,3,5,7,5,1,6,7,1,0,2,4
401857177,2026,WNBA,KATIE LOU SAMUELSON,SEATTLE STORM,"2026-08-26, SEA vs TOR",25,8,2,3,1,4,1,1,6,0,6,3,3,2,0,2
401857177,2026,WNBA,STEFANIE DOLSON,SEATTLE STORM,"2026-08-26, SEA vs TOR",10,2,1,2,0,1,0,0,4,1,5,2,0,0,2,3
401857177,2026,WNBA,AWA FAM,SEATTLE STORM,"2026-08-26, SEA vs TOR",17,10,1,2,2,5,2,2,2,1,3,0,1,0,0,1
401857177,2026,WNBA,ZIA COOKE,SEATTLE STORM,"2026-08-26, SEA vs TOR",15,10,1,4,1,4,5,6,1,0,1,5,2,0,1,2
401857177,2026,WNBA,TAINA MAIR,SEATTLE STORM,"2026-08-26, SEA vs TOR",7,0,0,1,0,0,0,0,0,1,1,0,0,1,0,0
401857173,2026,WNBA,AZURA STEVENS,CHICAGO SKY,"2026-08-25, CON vs CHI",25,18,6,7,2,5,0,0,5,0,5,0,1,1,1,4
401857173,2026,WNBA,KAMILLA CARDOSO,CHICAGO SKY,"2026-08-25, CON vs CHI",29,24,7,12,0,0,10,10,8,5,13,1,0,2,1,3
401857173,2026,WNBA,COURTNEY VANDERSLOOT,CHICAGO SKY,"2026-08-25, CON vs CHI",25,8,1,2,2,2,0,0,4,0,4,9,1,0,3,2
401857173,2026,WNBA,NATASHA CLOUD,CHICAGO SKY,"2026-08-25, CON vs CHI",16,3,1,2,0,1,1,2,0,0,0,4,1,1,0,1
401857173,2026,WNBA,SYDNEY TAYLOR,CHICAGO SKY,"2026-08-25, CON vs CHI",20,4,2,5,0,6,0,0,0,0,0,4,0,0,0,2
401857173,2026,WNBA,ELIZABETH WILLIAMS,CHICAGO SKY,"2026-08-25, CON vs CHI",11,6,2,5,0,0,2,4,0,2,2,0,1,1,0,2
401857173,2026,WNBA,RACHEL BANHAM,CHICAGO SKY,"2026-08-25, CON vs CHI",15,3,0,0,1,5,0,0,0,0,0,1,0,0,0,0
401857173,2026,WNBA,DIJONAI CARRINGTON,CHICAGO SKY,"2026-08-25, CON vs CHI",4,0,0,1,0,1,0,0,1,0,1,0,0,0,2,1
401857173,2026,WNBA,JACY SHELDON,CHICAGO SKY,"2026-08-25, CON vs CHI",17,5,1,4,1,4,0,0,1,1,2,1,1,0,0,0
401857173,2026,WNBA,AICHA COULIBALY,CHICAGO SKY,"2026-08-25, CON vs CHI",15,4,1,1,0,1,2,2,5,1,6,1,0,2,2,3
401857173,2026,WNBA,GABRIELA JAQUEZ,CHICAGO SKY,"2026-08-25, CON vs CHI",22,6,3,4,0,4,0,0,1,0,1,2,0,1,0,0
401857173,2026,WNBA,AALIYAH EDWARDS,CONNECTICUT SUN,"2026-08-25, CON vs CHI",27,26,11,16,0,0,4,6,9,1,10,1,0,1,3,3
401857173,2026,WNBA,DIAMOND MILLER,CONNECTICUT SUN,"2026-08-25, CON vs CHI",27,21,2,6,4,5,5,6,4,1,5,3,0,0,0,1
401857173,2026,WNBA,KENNEDY BURKE,CONNECTICUT SUN,"2026-08-25, CON vs CHI",33,19,5,7,1,6,6,7,3,2,5,1,5,0,0,1
401857173,2026,WNBA,SANIYA RIVERS,CONNECTICUT SUN,"2026-08-25, CON vs CHI",29,7,2,7,1,3,0,0,4,0,4,5,0,1,1,1
401857173,2026,WNBA,CHARLISSE LEGER-WALKER,CONNECTICUT SUN,"2026-08-25, CON vs CHI",29,4,1,6,0,3,2,2,3,2,5,7,1,0,0,3
401857173,2026,WNBA,RAEGAN BEERS,CONNECTICUT SUN,"2026-08-25, CON vs CHI",13,1,0,2,0,0,1,4,3,1,4,1,0,2,0,4
401857173,2026,WNBA,NELL ANGLOMA,CONNECTICUT SUN,"2026-08-25, CON vs CHI",7,4,1,1,0,0,2,2,1,0,1,0,0,0,0,1
401857173,2026,WNBA,HAILEY VAN LITH,CONNECTICUT SUN,"2026-08-25, CON vs CHI",15,0,0,2,0,0,0,0,2,0,2,2,1,0,2,1
401857173,2026,WNBA,GIANNA KNEEPKENS,CONNECTICUT SUN,"2026-08-25, CON vs CHI",8,0,0,1,0,1,0,0,0,0,0,0,0,0,0,1
401857173,2026,WNBA,ASHLON JACKSON,CONNECTICUT SUN,"2026-08-25, CON vs CHI",12,5,1,2,1,2,0,0,1,0,1,1,0,0,0,0
401857174,2026,WNBA,BRIDGET CARLETON,PORTLAND FIRE,"2026-08-25, DAL vs POR",30,14,3,4,2,9,2,3,2,0,2,4,2,0,1,0
401857174,2026,WNBA,EMILY ENGSTLER,PORTLAND FIRE,"2026-08-25, DAL vs POR",30,12,4,7,1,3,1,3,11,4,15,3,1,2,3,2
401857174,2026,WNBA,NYADIEW PUOCH,PORTLAND FIRE,"2026-08-25, DAL vs POR",18,0,0,3,0,2,0,0,1,2,3,0,1,0,0,0
401857174,2026,WNBA,MEGAN DILEO,PORTLAND FIRE,"2026-08-25, DAL vs POR",28,13,4,4,1,5,2,2,2,1,3,1,0,1,1,3
401857174,2026,WNBA,CARLA LEITE,PORTLAND FIRE,"2026-08-25, DAL vs POR",27,10,3,6,1,3,1,1,0,0,0,7,0,0,3,2
401857174,2026,WNBA,AMY OKONKWO,PORTLAND FIRE,"2026-08-25, DAL vs POR",11,5,0,2,1,4,2,2,1,1,2,1,1,0,0,0
401857174,2026,WNBA,FRIEDA BUHNER,PORTLAND FIRE,"2026-08-25, DAL vs POR",17,10,1,4,2,3,2,2,1,2,3,0,0,0,1,3
401857174,2026,WNBA,KARLIE SAMUELSON,PORTLAND FIRE,"2026-08-25, DAL vs POR",19,14,2,2,2,4,4,4,1,0,1,0,2,0,0,3
401857174,2026,WNBA,HOLLY WINTERBURN,PORTLAND FIRE,"2026-08-25, DAL vs POR",7,0,0,0,0,2,0,0,0,3,3,1,1,0,0,1
401857174,2026,WNBA,JORDAN HARRISON,PORTLAND FIRE,"2026-08-25, DAL vs POR",2,0,0,0,0,0,0,0,0,1,1,1,0,0,1,2
401857174,2026,WNBA,TEJA OBLAK,PORTLAND FIRE,"2026-08-25, DAL vs POR",11,0,0,4,0,1,0,0,0,0,0,2,0,0,1,0
401857174,2026,WNBA,JESSICA SHEPARD,DALLAS WINGS,"2026-08-25, DAL vs POR",34,21,10,15,0,0,1,3,7,2,9,6,2,0,3,0
401857174,2026,WNBA,ALANNA SMITH,DALLAS WINGS,"2026-08-25, DAL vs POR",24,10,3,3,1,1,1,1,5,0,5,2,1,0,2,2
401857174,2026,WNBA,AWAK KUIER,DALLAS WINGS,"2026-08-25, DAL vs POR",34,12,2,5,2,3,2,4,9,3,12,0,3,5,3,2
401857174,2026,WNBA,ARIKE OGUNBOWALE,DALLAS WINGS,"2026-08-25, DAL vs POR",33,17,4,7,3,7,0,0,2,0,2,4,2,0,1,3
401857174,2026,WNBA,PAIGE BUECKERS,DALLAS WINGS,"2026-08-25, DAL vs POR",33,22,5,8,3,7,3,3,3,1,4,11,2,1,1,3
401857174,2026,WNBA,ALYSHA CLARK,DALLAS WINGS,"2026-08-25, DAL vs POR",9,3,0,1,1,2,0,0,1,1,2,0,0,0,0,3
401857174,2026,WNBA,MADDY SIEGRIST,DALLAS WINGS,"2026-08-25, DAL vs POR",20,9,2,4,1,3,2,2,1,3,4,2,0,2,1,3
401857174,2026,WNBA,LI YUERU,DALLAS WINGS,"2026-08-25, DAL vs POR",2,2,1,1,0,0,0,0,0,0,0,0,0,0,0,0
401857174,2026,WNBA,ODYSSEY SIMS,DALLAS WINGS,"2026-08-25, DAL vs POR",5,0,0,1,0,0,0,0,0,0,0,0,0,0,0,0
401857174,2026,WNBA,SUG SUTTON,DALLAS WINGS,"2026-08-25, DAL vs POR",6,0,0,0,0,1,0,0,0,0,0,1,1,0,1,0
401857175,2026,WNBA,MICHAELA ONYENWERE,WASHINGTON MYSTICS,"2026-08-25, PHX vs WSH",19,10,2,2,2,2,0,0,1,2,3,1,0,1,0,2
401857175,2026,WNBA,KIKI IRIAFEN,WASHINGTON MYSTICS,"2026-08-25, PHX vs WSH",29,18,5,12,1,2,5,5,7,3,10,1,0,0,3,3
401857175,2026,WNBA,SHAKIRA AUSTIN,WASHINGTON MYSTICS,"2026-08-25, PHX vs WSH",24,16,7,10,0,1,2,5,4,2,6,2,2,2,2,0
401857175,2026,WNBA,SONIA CITRON,WASHINGTON MYSTICS,"2026-08-25, PHX vs WSH",29,19,2,4,3,6,6,7,1,0,1,9,0,0,2,2
401857175,2026,WNBA,GEORGIA AMOORE,WASHINGTON MYSTICS,"2026-08-25, PHX vs WSH",27,7,2,4,1,5,0,0,3,0,3,3,0,1,1,2
401857175,2026,WNBA,ANGELA DUGALIC,WASHINGTON MYSTICS,"2026-08-25, PHX vs WSH",2,0,0,0,0,0,0,0,0,0,0,0,0,0,0,0
401857175,2026,WNBA,LAUREN BETTS,WASHINGTON MYSTICS,"2026-08-25, PHX vs WSH",24,10,4,7,0,0,2,3,6,2,8,1,1,0,0,0
401857175,2026,WNBA,BETNIJAH LANEY-HAMILTON,WASHINGTON MYSTICS,"2026-08-25, PHX vs WSH",19,9,3,4,1,1,0,0,1,0,1,2,0,0,1,1
401857175,2026,WNBA,RORI HARMON,WASHINGTON MYSTICS,"2026-08-25, PHX vs WSH",2,2,1,1,0,0,0,0,0,0,0,0,0,0,0,0
401857175,2026,WNBA,LUCY OLSEN,WASHINGTON MYSTICS,"2026-08-25, PHX vs WSH",2,0,0,0,0,0,0,0,0,0,0,0,0,0,0,1
401857175,2026,WNBA,COTIE MCMAHON,WASHINGTON MYSTICS,"2026-08-25, PHX vs WSH",12,3,0,1,1,1,0,0,0,1,1,0,0,0,1,4
401857175,2026,WNBA,DARIANNA LITTLEPAGE-BUGGS,WASHINGTON MYSTICS,"2026-08-25, PHX vs WSH",2,0,0,1,0,0,0,0,0,0,0,0,0,0,0,0
401857175,2026,WNBA,CASSANDRE PROSPER,WASHINGTON MYSTICS,"2026-08-25, PHX vs WSH",3,0,0,0,0,0,0,0,1,0,1,0,0,0,0,2
401857175,2026,WNBA,ALICIA FLOREZ,WASHINGTON MYSTICS,"2026-08-25, PHX vs WSH",7,0,0,1,0,3,0,0,1,0,1,2,1,0,2,2
401857175,2026,WNBA,ALYSSA THOMAS,PHOENIX MERCURY,"2026-08-25, PHX vs WSH",31,16,8,13,0,0,0,0,4,2,6,10,3,0,4,4
401857175,2026,WNBA,NATASHA MACK,PHOENIX MERCURY,"2026-08-25, PHX vs WSH",25,19,9,12,0,0,1,1,6,2,8,0,3,3,0,4
401857175,2026,WNBA,NOEMIE BROCHANT,PHOENIX MERCURY,"2026-08-25, PHX vs WSH",25,7,2,3,1,3,0,0,1,0,1,2,0,0,1,0
401857175,2026,WNBA,SAMI WHITCOMB,PHOENIX MERCURY,"2026-08-25, PHX vs WSH",16,1,0,2,0,2,1,1,1,0,1,3,0,1,1,0
401857175,2026,WNBA,KAHLEAH COPPER,PHOENIX MERCURY,"2026-08-25, PHX vs WSH",31,19,7,13,0,3,5,6,4,1,5,2,1,0,0,4
401857175,2026,WNBA,VALERIANE AYAYI,PHOENIX MERCURY,"2026-08-25, PHX vs WSH",23,7,0,0,0,0,7,8,2,1,3,3,0,0,0,1
401857175,2026,WNBA,MADDY WESTBELD,PHOENIX MERCURY,"2026-08-25, PHX vs WSH",9,0,0,0,0,0,0,0,1,0,1,0,1,1,1,1
401857175,2026,WNBA,KYARA LINSKENS,PHOENIX MERCURY,"2026-08-25, PHX vs WSH",15,2,1,1,0,2,0,0,1,0,1,0,0,0,1,2
401857175,2026,WNBA,KELSEY PLUM,PHOENIX MERCURY,"2026-08-25, PHX vs WSH",17,10,3,7,1,5,1,1,0,0,0,1,1,0,1,5
401857175,2026,WNBA,LEXI HELD,PHOENIX MERCURY,"2026-08-25, PHX vs WSH",10,3,0,2,1,2,0,0,0,0,0,1,0,0,0,0
401857171,2026,WNBA,KAYLA THORNTON,GOLDEN STATE VALKYRIES,"2026-08-24, MIN vs GS",8,0,0,0,0,2,0,0,1,0,1,0,0,0,0,0
401857171,2026,WNBA,GABBY WILLIAMS,GOLDEN STATE VALKYRIES,"2026-08-24, MIN vs GS",30,15,2,7,3,8,2,4,4,1,5,3,2,0,0,0
401857171,2026,WNBA,CECILIA ZANDALASINI,GOLDEN STATE VALKYRIES,"2026-08-24, MIN vs GS",30,18,5,9,2,8,2,2,1,0,1,1,2,1,0,4
401857171,2026,WNBA,KIAH STOKES,GOLDEN STATE VALKYRIES,"2026-08-24, MIN vs GS",27,2,1,1,0,0,0,0,7,2,9,1,1,2,0,3
401857171,2026,WNBA,VERONICA BURTON,GOLDEN STATE VALKYRIES,"2026-08-24, MIN vs GS",30,14,4,7,2,4,0,0,1,3,4,9,5,0,1,1
401857171,2026,WNBA,LAETICIA AMIHERE,GOLDEN STATE VALKYRIES,"2026-08-24, MIN vs GS",5,0,0,0,0,0,0,0,1,1,2,0,0,1,1,0
401857171,2026,WNBA,JANELLE SALAUN,GOLDEN STATE VALKYRIES,"2026-08-24, MIN vs GS",28,12,3,6,2,5,0,0,3,2,5,3,1,0,2,1
401857171,2026,WNBA,NADIA FINGALL,GOLDEN STATE VALKYRIES,"2026-08-24, MIN vs GS",1,0,0,0,0,0,0,0,0,0,0,0,0,0,0,0
401857171,2026,WNBA,TIFFANY HAYES,GOLDEN STATE VALKYRIES,"2026-08-24, MIN vs GS",18,14,3,5,2,3,2,2,1,2,3,4,1,0,2,3
401857171,2026,WNBA,KAILA CHARLES,GOLDEN STATE VALKYRIES,"2026-08-24, MIN vs GS",12,2,1,1,0,1,0,0,1,0,1,1,0,0,0,1
401857171,2026,WNBA,MIELA SOWAH,GOLDEN STATE VALKYRIES,"2026-08-24, MIN vs GS",1,0,0,0,0,1,0,0,0,0,0,0,0,0,0,0
401857171,2026,WNBA,KAITLYN CHEN,GOLDEN STATE VALKYRIES,"2026-08-24, MIN vs GS",10,3,0,2,1,1,0,0,0,0,0,1,0,0,0,3
401857171,2026,WNBA,JUSTE JOCYTE,GOLDEN STATE VALKYRIES,"2026-08-24, MIN vs GS",1,0,0,0,0,0,0,0,0,0,0,0,0,0,0,0
401857171,2026,WNBA,NATASHA HOWARD,MINNESOTA LYNX,"2026-08-24, MIN vs GS",28,13,3,8,0,0,7,10,2,5,7,1,1,1,3,3
401857171,2026,WNBA,NAPHEESA COLLIER,MINNESOTA LYNX,"2026-08-24, MIN vs GS",32,9,3,8,1,2,0,0,7,0,7,2,0,0,2,0
401857171,2026,WNBA,KAYLA MCBRIDE,MINNESOTA LYNX,"2026-08-24, MIN vs GS",33,12,0,2,2,9,6,6,4,0,4,4,0,0,1,1
401857171,2026,WNBA,MAYA CALDWELL,MINNESOTA LYNX,"2026-08-24, MIN vs GS",25,9,0,0,3,5,0,0,2,0,2,0,0,0,1,3
401857171,2026,WNBA,OLIVIA MILES,MINNESOTA LYNX,"2026-08-24, MIN vs GS",28,8,2,7,1,5,1,2,4,0,4,5,0,0,4,1
401857171,2026,WNBA,NIA COFFEY,MINNESOTA LYNX,"2026-08-24, MIN vs GS",15,5,1,1,1,3,0,0,2,1,3,0,0,2,3,0
401857171,2026,WNBA,CHLOE BIBBY,MINNESOTA LYNX,"2026-08-24, MIN vs GS",7,5,1,1,1,2,0,0,0,0,0,0,0,0,2,1
401857171,2026,WNBA,DORKA JUHASZ,MINNESOTA LYNX,"2026-08-24, MIN vs GS",10,5,1,1,1,3,0,0,3,0,3,0,0,1,0,0
401857171,2026,WNBA,ANTONIA DELAERE,MINNESOTA LYNX,"2026-08-24, MIN vs GS",7,0,0,1,0,1,0,0,1,0,1,1,0,0,0,0
401857171,2026,WNBA,ANASTASIIA OLAIRI KOSU,MINNESOTA LYNX,"2026-08-24, MIN vs GS",7,0,0,0,0,0,0,0,0,0,0,1,0,0,0,1
401857171,2026,WNBA,ELISKA JOKLOVA,MINNESOTA LYNX,"2026-08-24, MIN vs GS",7,0,0,0,0,0,0,0,1,0,1,4,1,0,1,1
401857172,2026,WNBA,NAZ HILLMON,ATLANTA DREAM,"2026-08-24, LA vs ATL",34,12,3,5,2,3,0,0,4,3,7,0,0,1,2,2
401857172,2026,WNBA,ANGEL REESE,ATLANTA DREAM,"2026-08-24, LA vs ATL",38,11,4,14,0,0,3,4,18,8,26,3,3,0,3,5
401857172,2026,WNBA,ALLISHA GRAY,ATLANTA DREAM,"2026-08-24, LA vs ATL",33,20,5,5,2,6,4,5,2,1,3,6,0,0,2,3
401857172,2026,WNBA,JORDIN CANADA,ATLANTA DREAM,"2026-08-24, LA vs ATL",35,9,4,6,0,3,1,2,2,2,4,4,1,0,2,0
401857172,2026,WNBA,RHYNE HOWARD,ATLANTA DREAM,"2026-08-24, LA vs ATL",31,18,5,9,2,12,2,2,6,0,6,3,1,0,4,5
401857172,2026,WNBA,MADINA OKOT,ATLANTA DREAM,"2026-08-24, LA vs ATL",8,2,1,2,0,0,0,0,0,1,1,0,1,0,0,2
401857172,2026,WNBA,TE-HINA PAOPAO,ATLANTA DREAM,"2026-08-24, LA vs ATL",5,0,0,1,0,1,0,0,0,0,0,1,1,0,0,0
401857172,2026,WNBA,ISOBEL BORLASE,ATLANTA DREAM,"2026-08-24, LA vs ATL",16,6,2,4,0,4,2,2,1,0,1,0,0,0,1,1
401857172,2026,WNBA,NNEKA OGWUMIKE,LOS ANGELES SPARKS,"2026-08-24, LA vs ATL",29,27,11,17,0,2,5,5,12,4,16,0,0,0,4,3
401857172,2026,WNBA,DEARICA HAMBY,LOS ANGELES SPARKS,"2026-08-24, LA vs ATL",26,15,6,11,0,0,3,4,2,1,3,3,0,1,0,1
401857172,2026,WNBA,ERICA WHEELER,LOS ANGELES SPARKS,"2026-08-24, LA vs ATL",25,2,1,4,0,2,0,0,2,0,2,3,0,0,2,1
401857172,2026,WNBA,ARIEL ATKINS,LOS ANGELES SPARKS,"2026-08-24, LA vs ATL",33,10,1,4,2,5,2,2,1,0,1,6,2,1,0,1
401857172,2026,WNBA,MONIQUE AKOA MAKANI,LOS ANGELES SPARKS,"2026-08-24, LA vs ATL",19,2,0,3,0,3,2,2,1,0,1,0,2,0,2,3
401857172,2026,WNBA,CAMERON BRINK,LOS ANGELES SPARKS,"2026-08-24, LA vs ATL",25,15,4,5,1,4,4,5,6,2,8,2,3,5,2,5
401857172,2026,WNBA,JIHYUN PARK,LOS ANGELES SPARKS,"2026-08-24, LA vs ATL",7,0,0,1,0,0,0,0,0,0,0,1,0,0,0,2
401857172,2026,WNBA,TONIE MORGAN,LOS ANGELES SPARKS,"2026-08-24, LA vs ATL",15,0,0,4,0,1,0,0,1,0,1,3,0,0,0,2
401857172,2026,WNBA,CHANCE GRAY,LOS ANGELES SPARKS,"2026-08-24, LA vs ATL",21,0,0,0,0,1,0,0,0,0,0,1,0,0,1,1
401857167,2026,WNBA,EZI MAGBEGOR,SEATTLE STORM,"2026-08-23, DAL vs SEA",25,2,0,3,0,1,2,2,3,1,4,3,0,1,1,2
401857167,2026,WNBA,DOMINIQUE MALONGA,SEATTLE STORM,"2026-08-23, DAL vs SEA",20,12,4,7,0,3,4,4,2,3,5,1,0,1,5,4
401857167,2026,WNBA,AWA FAM,SEATTLE STORM,"2026-08-23, DAL vs SEA",25,0,0,2,0,3,0,0,5,1,6,0,1,0,0,0
401857167,2026,WNBA,FLAU'JAE JOHNSON,SEATTLE STORM,"2026-08-23, DAL vs SEA",26,23,4,9,5,10,0,0,3,3,6,2,3,0,3,2
401857167,2026,WNBA,JADE MELBOURNE,SEATTLE STORM,"2026-08-23, DAL vs SEA",27,15,3,5,3,7,0,1,3,1,4,0,2,0,2,2
401857167,2026,WNBA,KATIE LOU SAMUELSON,SEATTLE STORM,"2026-08-23, DAL vs SEA",13,3,0,2,1,4,0,0,1,2,3,0,0,0,1,1
401857167,2026,WNBA,JORDAN HORSTON,SEATTLE STORM,"2026-08-23, DAL vs SEA",15,4,2,2,0,1,0,0,0,0,0,1,2,1,1,1
401857167,2026,WNBA,MACKENZIE HOLMES,SEATTLE STORM,"2026-08-23, DAL vs SEA",3,0,0,0,0,1,0,0,1,0,1,0,1,0,1,0
401857167,2026,WNBA,TAYLOR THIERRY,SEATTLE STORM,"2026-08-23, DAL vs SEA",3,0,0,0,0,1,0,0,0,0,0,1,0,0,0,0
401857167,2026,WNBA,STEFANIE DOLSON,SEATTLE STORM,"2026-08-23, DAL vs SEA",11,0,0,0,0,1,0,0,1,0,1,0,0,0,0,0
401857167,2026,WNBA,ZIA COOKE,SEATTLE STORM,"2026-08-23, DAL vs SEA",18,5,0,3,1,3,2,2,2,1,3,3,0,0,0,1
401857167,2026,WNBA,TAINA MAIR,SEATTLE STORM,"2026-08-23, DAL vs SEA",13,6,0,2,2,4,0,0,1,0,1,1,0,0,1,4
401857167,2026,WNBA,JESSICA SHEPARD,DALLAS WINGS,"2026-08-23, DAL vs SEA",27,11,5,11,0,0,1,1,10,1,11,4,0,0,1,1
401857167,2026,WNBA,ALANNA SMITH,DALLAS WINGS,"2026-08-23, DAL vs SEA",22,9,3,3,0,0,3,3,4,0,4,0,1,1,1,0
401857167,2026,WNBA,AWAK KUIER,DALLAS WINGS,"2026-08-23, DAL vs SEA",26,9,2,4,1,4,2,2,6,1,7,2,1,1,2,3
401857167,2026,WNBA,ARIKE OGUNBOWALE,DALLAS WINGS,"2026-08-23, DAL vs SEA",22,7,0,2,2,5,1,2,2,0,2,6,1,0,0,0
401857167,2026,WNBA,PAIGE BUECKERS,DALLAS WINGS,"2026-08-23, DAL vs SEA",26,32,6,10,6,6,2,2,3,1,4,4,1,0,3,1
401857167,2026,WNBA,ALYSHA CLARK,DALLAS WINGS,"2026-08-23, DAL vs SEA",23,0,0,1,0,1,0,0,3,0,3,2,0,1,2,1
401857167,2026,WNBA,MADDY SIEGRIST,DALLAS WINGS,"2026-08-23, DAL vs SEA",21,9,4,6,0,2,1,1,3,1,4,3,1,0,0,1
401857167,2026,WNBA,LI YUERU,DALLAS WINGS,"2026-08-23, DAL vs SEA",12,6,0,1,1,2,3,4,2,2,4,0,0,1,2,3
401857167,2026,WNBA,ODYSSEY SIMS,DALLAS WINGS,"2026-08-23, DAL vs SEA",4,0,0,1,0,1,0,0,0,0,0,0,0,0,0,1
401857167,2026,WNBA,SUG SUTTON,DALLAS WINGS,"2026-08-23, DAL vs SEA",18,9,2,4,1,2,2,2,1,0,1,2,1,0,2,0
401857168,2026,WNBA,MONIQUE BILLINGS,INDIANA FEVER,"2026-08-23, CHI vs IND",19,6,3,5,0,1,0,0,5,0,5,0,2,0,1,4
401857168,2026,WNBA,MAKAYLA TIMPSON,INDIANA FEVER,"2026-08-23, CHI vs IND",28,12,6,7,0,0,0,1,7,2,9,3,0,2,1,0
401857168,2026,WNBA,KELSEY MITCHELL,INDIANA FEVER,"2026-08-23, CHI vs IND",35,30,4,10,6,9,4,5,1,1,2,4,2,1,0,2
401857168,2026,WNBA,LEXIE HULL,INDIANA FEVER,"2026-08-23, CHI vs IND",26,14,4,5,2,3,0,0,1,1,2,1,0,0,0,3
401857168,2026,WNBA,CAITLIN CLARK,INDIANA FEVER,"2026-08-23, CHI vs IND",32,37,5,12,8,12,3,4,3,0,3,10,1,0,5,0
401857168,2026,WNBA,MYISHA HINES-ALLEN,INDIANA FEVER,"2026-08-23, CHI vs IND",17,5,2,3,0,1,1,2,5,2,7,3,1,0,0,2
401857168,2026,WNBA,GRACE VANSLOOTEN,INDIANA FEVER,"2026-08-23, CHI vs IND",1,0,0,0,0,0,0,0,0,0,0,0,0,0,0,0
401857168,2026,WNBA,MERCEDES RUSSELL,INDIANA FEVER,"2026-08-23, CHI vs IND",14,3,0,1,0,0,3,4,1,0,1,3,0,0,0,3
401857168,2026,WNBA,MICHELLE ONYIAH,INDIANA FEVER,"2026-08-23, CHI vs IND",1,0,0,0,0,0,0,0,0,0,0,0,0,0,0,0
401857168,2026,WNBA,SOPHIE CUNNINGHAM,INDIANA FEVER,"2026-08-23, CHI vs IND",11,3,0,0,1,4,0,0,1,1,2,1,0,0,0,0
401857168,2026,WNBA,TYASHA HARRIS,INDIANA FEVER,"2026-08-23, CHI vs IND",10,0,0,2,0,1,0,0,0,0,0,0,0,0,0,0
401857168,2026,WNBA,RAVEN JOHNSON,INDIANA FEVER,"2026-08-23, CHI vs IND",5,0,0,1,0,1,0,0,0,0,0,1,0,0,0,0
401857168,2026,WNBA,BREE HALL,INDIANA FEVER,"2026-08-23, CHI vs IND",1,3,0,0,1,1,0,0,0,0,0,0,0,0,0,0
401857168,2026,WNBA,AZURA STEVENS,CHICAGO SKY,"2026-08-23, CHI vs IND",23,14,4,5,2,4,0,0,7,1,8,2,1,1,2,3
401857168,2026,WNBA,KAMILLA CARDOSO,CHICAGO SKY,"2026-08-23, CHI vs IND",24,11,2,9,0,0,7,7,3,3,6,1,0,2,1,5
401857168,2026,WNBA,COURTNEY VANDERSLOOT,CHICAGO SKY,"2026-08-23, CHI vs IND",25,6,3,4,0,3,0,0,0,0,0,7,1,1,2,1
401857168,2026,WNBA,NATASHA CLOUD,CHICAGO SKY,"2026-08-23, CHI vs IND",30,16,7,9,0,0,2,2,3,1,4,7,1,0,4,4
401857168,2026,WNBA,SYDNEY TAYLOR,CHICAGO SKY,"2026-08-23, CHI vs IND",17,4,2,3,0,6,0,0,0,0,0,2,0,0,1,3
401857168,2026,WNBA,ELIZABETH WILLIAMS,CHICAGO SKY,"2026-08-23, CHI vs IND",15,8,2,2,0,0,4,4,2,1,3,1,0,1,0,1
401857168,2026,WNBA,RACHEL BANHAM,CHICAGO SKY,"2026-08-23, CHI vs IND",14,6,0,0,2,5,0,0,2,0,2,3,0,0,0,0
401857168,2026,WNBA,DIJONAI CARRINGTON,CHICAGO SKY,"2026-08-23, CHI vs IND",18,7,3,8,0,3,1,2,3,0,3,1,0,1,0,1
401857168,2026,WNBA,JACY SHELDON,CHICAGO SKY,"2026-08-23, CHI vs IND",15,6,3,3,0,0,0,0,2,0,2,1,0,0,3,2
401857168,2026,WNBA,AICHA COULIBALY,CHICAGO SKY,"2026-08-23, CHI vs IND",18,12,5,5,0,0,2,2,4,2,6,1,1,0,1,1
401857168,2026,WNBA,MORGAN MALY,CHICAGO SKY,"2026-08-23, CHI vs IND",1,0,0,0,0,0,0,0,0,0,0,0,0,0,0,0
401857169,2026,WNBA,MICHAELA ONYENWERE,WASHINGTON MYSTICS,"2026-08-23, POR vs WSH",24,8,0,2,2,4,2,2,1,0,1,3,0,0,1,0
401857169,2026,WNBA,KIKI IRIAFEN,WASHINGTON MYSTICS,"2026-08-23, POR vs WSH",30,18,7,11,0,0,4,7,5,5,10,2,1,0,3,4
401857169,2026,WNBA,SHAKIRA AUSTIN,WASHINGTON MYSTICS,"2026-08-23, POR vs WSH",33,31,11,18,0,0,9,13,7,3,10,0,1,2,3,1
401857169,2026,WNBA,SONIA CITRON,WASHINGTON MYSTICS,"2026-08-23, POR vs WSH",33,14,4,5,0,0,6,8,3,0,3,6,1,0,2,2
401857169,2026,WNBA,GEORGIA AMOORE,WASHINGTON MYSTICS,"2026-08-23, POR vs WSH",24,13,1,2,3,4,2,2,2,1,3,1,0,0,2,2
401857169,2026,WNBA,LAUREN BETTS,WASHINGTON MYSTICS,"2026-08-23, POR vs WSH",17,5,2,4,0,0,1,1,8,0,8,2,1,3,0,1
401857169,2026,WNBA,BETNIJAH LANEY-HAMILTON,WASHINGTON MYSTICS,"2026-08-23, POR vs WSH",15,3,0,3,0,1,3,4,1,0,1,4,2,0,2,1
401857169,2026,WNBA,COTIE MCMAHON,WASHINGTON MYSTICS,"2026-08-23, POR vs WSH",18,13,1,1,2,4,5,7,2,0,2,4,0,0,0,1
401857169,2026,WNBA,ALICIA FLOREZ,WASHINGTON MYSTICS,"2026-08-23, POR vs WSH",7,0,0,1,0,0,0,0,0,0,0,0,0,1,0,1
401857169,2026,WNBA,BRIDGET CARLETON,PORTLAND FIRE,"2026-08-23, POR vs WSH",36,18,6,7,2,7,0,0,3,1,4,5,5,0,1,5
401857169,2026,WNBA,EMILY ENGSTLER,PORTLAND FIRE,"2026-08-23, POR vs WSH",29,23,4,6,5,7,0,0,6,0,6,2,1,1,4,5
401857169,2026,WNBA,NYADIEW PUOCH,PORTLAND FIRE,"2026-08-23, POR vs WSH",18,0,0,1,0,0,0,0,2,1,3,0,0,0,2,5
401857169,2026,WNBA,MEGAN DILEO,PORTLAND FIRE,"2026-08-23, POR vs WSH",27,21,4,4,3,4,4,4,2,1,3,0,0,1,0,4
401857169,2026,WNBA,CARLA LEITE,PORTLAND FIRE,"2026-08-23, POR vs WSH",30,27,6,15,2,5,9,9,1,1,2,11,2,0,1,2
401857169,2026,WNBA,FRIEDA BUHNER,PORTLAND FIRE,"2026-08-23, POR vs WSH",11,3,0,2,1,2,0,0,0,0,0,0,0,0,1,1
401857169,2026,WNBA,SERAH WILLIAMS,PORTLAND FIRE,"2026-08-23, POR vs WSH",13,2,1,4,0,0,0,0,1,2,3,1,0,0,1,3
401857169,2026,WNBA,KARLIE SAMUELSON,PORTLAND FIRE,"2026-08-23, POR vs WSH",14,0,0,1,0,3,0,0,1,0,1,0,0,0,0,1
401857169,2026,WNBA,HOLLY WINTERBURN,PORTLAND FIRE,"2026-08-23, POR vs WSH",12,2,1,3,0,0,0,0,2,0,2,0,0,0,0,1
401857169,2026,WNBA,JORDAN HARRISON,PORTLAND FIRE,"2026-08-23, POR vs WSH",10,4,1,3,0,0,2,2,0,1,1,2,1,0,2,1
401857170,2026,WNBA,STEPHANIE TALBOT,LAS VEGAS ACES,"2026-08-23, TOR vs LV",16,9,3,4,1,1,0,0,1,0,1,0,0,0,1,1
401857170,2026,WNBA,NALYSSA SMITH,LAS VEGAS ACES,"2026-08-23, TOR vs LV",19,8,4,4,0,0,0,2,5,3,8,1,2,1,1,3
401857170,2026,WNBA,A'JA WILSON,LAS VEGAS ACES,"2026-08-23, TOR vs LV",30,27,9,13,1,2,6,8,6,1,7,7,2,1,1,2
401857170,2026,WNBA,CHELSEA GRAY,LAS VEGAS ACES,"2026-08-23, TOR vs LV",29,9,4,8,0,1,1,1,2,0,2,7,2,1,0,0
401857170,2026,WNBA,JACKIE YOUNG,LAS VEGAS ACES,"2026-08-23, TOR vs LV",34,21,8,11,1,7,2,2,2,1,3,5,0,0,2,2
401857170,2026,WNBA,CHEYENNE PARKER-TYUS,LAS VEGAS ACES,"2026-08-23, TOR vs LV",14,2,0,1,0,0,2,2,1,1,2,0,1,0,1,3
401857170,2026,WNBA,BRIANNA TURNER,LAS VEGAS ACES,"2026-08-23, TOR vs LV",8,0,0,0,0,0,0,0,2,0,2,0,0,0,0,0
401857170,2026,WNBA,KIERSTAN BELL,LAS VEGAS ACES,"2026-08-23, TOR vs LV",3,0,0,0,0,0,0,0,1,0,1,0,0,0,0,1
401857170,2026,WNBA,JEWELL LOYD,LAS VEGAS ACES,"2026-08-23, TOR vs LV",19,2,0,1,0,2,2,2,0,2,2,1,1,0,2,0
401857170,2026,WNBA,TA'NIYA LATSON,LAS VEGAS ACES,"2026-08-23, TOR vs LV",3,1,0,1,0,0,1,2,0,0,0,0,0,0,1,1
401857170,2026,WNBA,JUSTINE PISSOTT,LAS VEGAS ACES,"2026-08-23, TOR vs LV",3,0,0,0,0,2,0,0,0,0,0,0,1,0,0,0
401857170,2026,WNBA,MAI YAMAMOTO,LAS VEGAS ACES,"2026-08-23, TOR vs LV",22,9,1,2,2,5,1,1,1,0,1,1,2,0,1,1
401857170,2026,WNBA,ISABELLE HARRISON,TORONTO TEMPO,"2026-08-23, TOR vs LV",28,12,4,9,0,2,4,5,5,2,7,1,2,0,3,4
401857170,2026,WNBA,LAURA JUSKAITE,TORONTO TEMPO,"2026-08-23, TOR vs LV",29,11,2,3,2,4,1,2,3,3,6,2,0,0,7,3
401857170,2026,WNBA,TEMI FAGBENLE,TORONTO TEMPO,"2026-08-23, TOR vs LV",26,13,4,6,1,2,2,2,2,0,2,2,2,0,1,2
401857170,2026,WNBA,JULIE ALLEMAND,TORONTO TEMPO,"2026-08-23, TOR vs LV",15,3,0,0,1,3,0,0,1,0,1,2,0,0,2,0
401857170,2026,WNBA,KIKI RICE,TORONTO TEMPO,"2026-08-23, TOR vs LV",30,14,4,9,2,5,0,0,2,1,3,5,1,1,1,0
401857170,2026,WNBA,TEONNI KEY,TORONTO TEMPO,"2026-08-23, TOR vs LV",24,2,1,5,0,1,0,0,2,1,3,3,1,1,1,4
401857170,2026,WNBA,KIA NURSE,TORONTO TEMPO,"2026-08-23, TOR vs LV",30,19,2,3,4,10,3,3,4,0,4,4,0,0,0,4
401857170,2026,WNBA,ORNELLA BANKOLE,TORONTO TEMPO,"2026-08-23, TOR vs LV",20,4,2,4,0,0,0,0,0,2,2,3,0,0,0,5
401857164,2026,WNBA,MAKAYLA TIMPSON,INDIANA FEVER,"2026-08-22, NY vs IND",19,10,5,6,0,0,0,0,5,1,6,0,0,0,0,6
401857164,2026,WNBA,ALIYAH BOSTON,INDIANA FEVER,"2026-08-22, NY vs IND",30,22,6,10,2,4,4,6,3,0,3,6,1,0,0,0
401857164,2026,WNBA,KELSEY MITCHELL,INDIANA FEVER,"2026-08-22, NY vs IND",33,25,6,9,3,6,4,6,0,0,0,4,1,0,4,2
401857164,2026,WNBA,LEXIE HULL,INDIANA FEVER,"2026-08-22, NY vs IND",12,0,0,0,0,1,0,0,2,0,2,1,0,0,0,1
401857164,2026,WNBA,CAITLIN CLARK,INDIANA FEVER,"2026-08-22, NY vs IND",35,21,7,12,2,6,1,4,4,0,4,7,1,0,2,4
401857164,2026,WNBA,MYISHA HINES-ALLEN,INDIANA FEVER,"2026-08-22, NY vs IND",14,4,1,2,0,1,2,4,6,1,7,1,0,0,0,3
401857164,2026,WNBA,MONIQUE BILLINGS,INDIANA FEVER,"2026-08-22, NY vs IND",14,4,2,2,0,1,0,2,1,1,2,1,1,0,2,5
401857164,2026,WNBA,MERCEDES RUSSELL,INDIANA FEVER,"2026-08-22, NY vs IND",3,0,0,1,0,0,0,0,0,0,0,0,0,0,0,0
401857164,2026,WNBA,SOPHIE CUNNINGHAM,INDIANA FEVER,"2026-08-22, NY vs IND",28,10,2,2,2,4,0,0,2,0,2,5,2,0,0,3
401857164,2026,WNBA,TYASHA HARRIS,INDIANA FEVER,"2026-08-22, NY vs IND",12,6,0,0,2,3,0,0,1,0,1,0,1,0,0,0
401857164,2026,WNBA,BREANNA STEWART,NEW YORK LIBERTY,"2026-08-22, NY vs IND",35,22,8,12,0,4,6,8,8,0,8,7,2,1,1,2
401857164,2026,WNBA,LEONIE FIEBICH,NEW YORK LIBERTY,"2026-08-22, NY vs IND",34,20,4,5,3,5,3,4,4,1,5,5,1,0,2,4
401857164,2026,WNBA,JONQUEL JONES,NEW YORK LIBERTY,"2026-08-22, NY vs IND",29,19,4,6,1,4,8,8,9,1,10,1,0,1,2,4
401857164,2026,WNBA,SABRINA IONESCU,NEW YORK LIBERTY,"2026-08-22, NY vs IND",32,12,4,6,1,5,1,2,3,0,3,4,0,1,5,2
401857164,2026,WNBA,PAULINE ASTIER,NEW YORK LIBERTY,"2026-08-22, NY vs IND",24,8,2,4,0,1,4,5,1,2,3,2,0,0,2,5
401857164,2026,WNBA,HAN XU,NEW YORK LIBERTY,"2026-08-22, NY vs IND",11,9,3,3,1,2,0,0,0,1,1,0,0,0,0,1
401857164,2026,WNBA,REBEKAH GARDNER,NEW YORK LIBERTY,"2026-08-22, NY vs IND",6,4,1,1,0,0,2,2,0,1,1,1,1,0,0,1
401857164,2026,WNBA,REBECCA ALLEN,NEW YORK LIBERTY,"2026-08-22, NY vs IND",16,9,0,0,3,4,0,0,1,0,1,0,0,0,0,3
401857164,2026,WNBA,MARINE JOHANNES,NEW YORK LIBERTY,"2026-08-22, NY vs IND",13,6,0,0,2,2,0,0,2,0,2,4,0,0,2,1
401857165,2026,WNBA,DIAMOND MILLER,CONNECTICUT SUN,"2026-08-22, LA vs CON",13,5,1,1,1,3,0,0,1,0,1,0,0,0,4,5
401857165,2026,WNBA,OLIVIA NELSON-ODODA,CONNECTICUT SUN,"2026-08-22, LA vs CON",10,2,1,4,0,0,0,0,1,0,1,1,0,0,0,4
401857165,2026,WNBA,KENNEDY BURKE,CONNECTICUT SUN,"2026-08-22, LA vs CON",31,11,5,7,0,6,1,1,3,1,4,0,4,3,3,2
401857165,2026,WNBA,CHARLISSE LEGER-WALKER,CONNECTICUT SUN,"2026-08-22, LA vs CON",22,5,1,5,1,3,0,0,3,1,4,4,0,0,1,2
401857165,2026,WNBA,LEILA LACAN,CONNECTICUT SUN,"2026-08-22, LA vs CON",29,13,5,8,1,6,0,1,0,0,0,4,1,0,0,1
401857165,2026,WNBA,RAEGAN BEERS,CONNECTICUT SUN,"2026-08-22, LA vs CON",14,8,1,4,0,0,6,8,4,3,7,0,1,0,1,3
401857165,2026,WNBA,NELL ANGLOMA,CONNECTICUT SUN,"2026-08-22, LA vs CON",11,2,1,3,0,0,0,0,2,0,2,1,2,0,1,1
401857165,2026,WNBA,HAILEY VAN LITH,CONNECTICUT SUN,"2026-08-22, LA vs CON",10,0,0,2,0,1,0,0,0,0,0,2,1,0,0,0
401857165,2026,WNBA,SANIYA RIVERS,CONNECTICUT SUN,"2026-08-22, LA vs CON",28,14,4,8,1,3,3,6,1,2,3,2,4,0,1,3
401857165,2026,WNBA,GIANNA KNEEPKENS,CONNECTICUT SUN,"2026-08-22, LA vs CON",19,6,2,6,0,1,2,2,2,1,3,1,1,0,1,2
401857165,2026,WNBA,ASHLON JACKSON,CONNECTICUT SUN,"2026-08-22, LA vs CON",13,2,1,2,0,1,0,0,5,0,5,1,1,0,1,0
401857165,2026,WNBA,NNEKA OGWUMIKE,LOS ANGELES SPARKS,"2026-08-22, LA vs CON",33,11,4,9,0,1,3,3,11,0,11,1,0,0,2,1
401857165,2026,WNBA,DEARICA HAMBY,LOS ANGELES SPARKS,"2026-08-22, LA vs CON",21,10,2,2,0,0,6,8,4,1,5,2,0,0,4,3
401857165,2026,WNBA,ERICA WHEELER,LOS ANGELES SPARKS,"2026-08-22, LA vs CON",25,11,1,2,3,6,0,0,2,0,2,5,0,0,3,2
401857165,2026,WNBA,ARIEL ATKINS,LOS ANGELES SPARKS,"2026-08-22, LA vs CON",25,6,2,3,0,2,2,2,6,1,7,3,1,0,1,3
401857165,2026,WNBA,RAE BURRELL,LOS ANGELES SPARKS,"2026-08-22, LA vs CON",30,20,6,8,2,5,2,4,2,0,2,2,3,3,3,3
401857165,2026,WNBA,EMMA CANNON,LOS ANGELES SPARKS,"2026-08-22, LA vs CON",12,3,0,3,1,1,0,0,3,2,5,0,0,0,4,2
401857165,2026,WNBA,CAMERON BRINK,LOS ANGELES SPARKS,"2026-08-22, LA vs CON",12,7,2,2,1,1,0,0,1,0,1,3,0,0,4,6
401857165,2026,WNBA,JIHYUN PARK,LOS ANGELES SPARKS,"2026-08-22, LA vs CON",4,0,0,0,0,1,0,0,0,0,0,0,0,0,0,0
401857165,2026,WNBA,TONIE MORGAN,LOS ANGELES SPARKS,"2026-08-22, LA vs CON",15,2,1,3,0,0,0,0,3,0,3,1,0,0,1,0
401857165,2026,WNBA,CHANCE GRAY,LOS ANGELES SPARKS,"2026-08-22, LA vs CON",12,5,0,2,1,1,2,2,2,0,2,1,0,0,1,0
401857165,2026,WNBA,MONIQUE AKOA MAKANI,LOS ANGELES SPARKS,"2026-08-22, LA vs CON",11,2,1,1,0,0,0,0,2,0,2,1,0,0,1,0
401857166,2026,WNBA,NAZ HILLMON,ATLANTA DREAM,"2026-08-22, PHX vs ATL",35,8,1,1,2,6,0,0,4,0,4,2,0,1,1,3
401857166,2026,WNBA,ANGEL REESE,ATLANTA DREAM,"2026-08-22, PHX vs ATL",35,31,14,17,0,4,3,5,10,4,14,2,4,0,2,4
401857166,2026,WNBA,ALLISHA GRAY,ATLANTA DREAM,"2026-08-22, PHX vs ATL",38,17,4,5,2,8,3,3,4,1,5,4,1,0,0,4
401857166,2026,WNBA,JORDIN CANADA,ATLANTA DREAM,"2026-08-22, PHX vs ATL",29,12,1,3,2,7,4,4,1,1,2,5,2,2,1,4
401857166,2026,WNBA,RHYNE HOWARD,ATLANTA DREAM,"2026-08-22, PHX vs ATL",38,20,3,3,4,11,2,2,2,1,3,5,2,0,3,4
401857166,2026,WNBA,MADINA OKOT,ATLANTA DREAM,"2026-08-22, PHX vs ATL",10,4,1,5,0,0,2,2,3,1,4,0,2,0,1,3
401857166,2026,WNBA,TE-HINA PAOPAO,ATLANTA DREAM,"2026-08-22, PHX vs ATL",2,3,0,0,1,1,0,0,0,0,0,0,0,0,0,0
401857166,2026,WNBA,ISOBEL BORLASE,ATLANTA DREAM,"2026-08-22, PHX vs ATL",13,4,2,4,0,1,0,0,0,0,0,6,1,0,0,2
401857166,2026,WNBA,DEWANNA BONNER,PHOENIX MERCURY,"2026-08-22, PHX vs ATL",30,12,4,7,0,2,4,4,8,1,9,3,0,0,2,1
401857166,2026,WNBA,ALYSSA THOMAS,PHOENIX MERCURY,"2026-08-22, PHX vs ATL",33,11,4,10,0,0,3,5,12,4,16,10,1,0,2,2
401857166,2026,WNBA,NOEMIE BROCHANT,PHOENIX MERCURY,"2026-08-22, PHX vs ATL",27,9,0,3,3,5,0,0,0,0,0,1,3,0,1,1
401857166,2026,WNBA,SAMI WHITCOMB,PHOENIX MERCURY,"2026-08-22, PHX vs ATL",28,6,0,1,2,5,0,0,1,1,2,5,0,0,5,5
401857166,2026,WNBA,KAHLEAH COPPER,PHOENIX MERCURY,"2026-08-22, PHX vs ATL",37,38,10,14,3,7,9,12,0,1,1,1,1,0,1,2
401857166,2026,WNBA,VALERIANE AYAYI,PHOENIX MERCURY,"2026-08-22, PHX vs ATL",13,5,0,0,1,1,2,2,2,0,2,1,0,2,2,3
401857166,2026,WNBA,NATASHA MACK,PHOENIX MERCURY,"2026-08-22, PHX vs ATL",19,0,0,2,0,0,0,0,5,0,5,0,0,1,1,3
401857166,2026,WNBA,LEXI HELD,PHOENIX MERCURY,"2026-08-22, PHX vs ATL",12,8,0,2,2,3,2,2,0,0,0,1,0,0,2,1
401857161,2026,WNBA,NATASHA HOWARD,MINNESOTA LYNX,"2026-08-21, WSH vs MIN",33,21,10,12,0,0,1,2,5,2,7,5,1,3,0,4
401857161,2026,WNBA,NIA COFFEY,MINNESOTA LYNX,"2026-08-21, WSH vs MIN",30,8,1,2,2,4,0,0,2,0,2,1,3,1,0,2
401857161,2026,WNBA,KAYLA MCBRIDE,MINNESOTA LYNX,"2026-08-21, WSH vs MIN",35,18,2,4,4,8,2,2,0,1,1,3,0,0,1,2
401857161,2026,WNBA,COURTNEY WILLIAMS,MINNESOTA LYNX,"2026-08-21, WSH vs MIN",31,13,4,8,1,3,2,2,5,1,6,8,1,0,0,2
401857161,2026,WNBA,OLIVIA MILES,MINNESOTA LYNX,"2026-08-21, WSH vs MIN",29,24,8,16,2,6,2,2,3,0,3,7,3,0,2,5
401857161,2026,WNBA,CHLOE BIBBY,MINNESOTA LYNX,"2026-08-21, WSH vs MIN",5,0,0,0,0,2,0,0,1,0,1,0,0,1,1,1
401857161,2026,WNBA,DORKA JUHASZ,MINNESOTA LYNX,"2026-08-21, WSH vs MIN",19,8,1,1,2,3,0,0,2,1,3,0,0,1,0,0
401857161,2026,WNBA,ANTONIA DELAERE,MINNESOTA LYNX,"2026-08-21, WSH vs MIN",1,0,0,0,0,0,0,0,0,0,0,0,0,0,0,0
401857161,2026,WNBA,ANASTASIIA OLAIRI KOSU,MINNESOTA LYNX,"2026-08-21, WSH vs MIN",2,0,0,0,0,0,0,0,0,0,0,0,0,0,0,0
401857161,2026,WNBA,MAYA CALDWELL,MINNESOTA LYNX,"2026-08-21, WSH vs MIN",14,2,0,0,0,1,2,2,2,1,3,1,1,0,2,2
401857161,2026,WNBA,ELISKA JOKLOVA,MINNESOTA LYNX,"2026-08-21, WSH vs MIN",1,0,0,0,0,0,0,0,0,0,0,0,0,0,0,0
401857161,2026,WNBA,MICHAELA ONYENWERE,WASHINGTON MYSTICS,"2026-08-21, WSH vs MIN",26,14,4,4,2,6,0,0,0,0,0,0,0,0,1,0
401857161,2026,WNBA,KIKI IRIAFEN,WASHINGTON MYSTICS,"2026-08-21, WSH vs MIN",32,19,7,14,0,1,5,7,9,4,13,1,1,2,0,2
401857161,2026,WNBA,SHAKIRA AUSTIN,WASHINGTON MYSTICS,"2026-08-21, WSH vs MIN",33,17,7,12,0,1,3,4,6,2,8,6,1,1,5,1
401857161,2026,WNBA,SONIA CITRON,WASHINGTON MYSTICS,"2026-08-21, WSH vs MIN",30,11,3,4,1,4,2,2,0,1,1,5,0,0,5,2
401857161,2026,WNBA,GEORGIA AMOORE,WASHINGTON MYSTICS,"2026-08-21, WSH vs MIN",29,10,0,2,3,6,1,2,3,2,5,5,0,0,0,1
401857161,2026,WNBA,ANGELA DUGALIC,WASHINGTON MYSTICS,"2026-08-21, WSH vs MIN",1,0,0,0,0,0,0,0,0,0,0,0,0,0,0,0
401857161,2026,WNBA,LAUREN BETTS,WASHINGTON MYSTICS,"2026-08-21, WSH vs MIN",13,3,0,1,0,0,3,4,0,1,1,1,0,0,0,1
401857161,2026,WNBA,BETNIJAH LANEY-HAMILTON,WASHINGTON MYSTICS,"2026-08-21, WSH vs MIN",11,0,0,0,0,1,0,0,2,2,4,1,0,0,0,0
401857161,2026,WNBA,COTIE MCMAHON,WASHINGTON MYSTICS,"2026-08-21, WSH vs MIN",16,6,1,4,1,1,1,2,1,1,2,1,0,0,1,2
401857161,2026,WNBA,CASSANDRE PROSPER,WASHINGTON MYSTICS,"2026-08-21, WSH vs MIN",1,0,0,0,0,0,0,0,0,0,0,0,0,0,0,0
401857161,2026,WNBA,ALICIA FLOREZ,WASHINGTON MYSTICS,"2026-08-21, WSH vs MIN",9,4,1,4,0,1,2,2,2,0,2,1,0,0,0,0
401857162,2026,WNBA,KAYLA THORNTON,GOLDEN STATE VALKYRIES,"2026-08-21, CHI vs GS",19,0,0,2,0,0,0,0,2,0,2,0,0,0,0,1
401857162,2026,WNBA,GABBY WILLIAMS,GOLDEN STATE VALKYRIES,"2026-08-21, CHI vs GS",14,2,0,5,0,1,2,2,3,0,3,0,0,0,1,0
401857162,2026,WNBA,CECILIA ZANDALASINI,GOLDEN STATE VALKYRIES,"2026-08-21, CHI vs GS",12,6,3,6,0,3,0,0,1,1,2,1,0,0,1,2
401857162,2026,WNBA,KIAH STOKES,GOLDEN STATE VALKYRIES,"2026-08-21, CHI vs GS",16,0,0,0,0,1,0,0,4,0,4,1,0,0,1,1
401857162,2026,WNBA,VERONICA BURTON,GOLDEN STATE VALKYRIES,"2026-08-21, CHI vs GS",18,11,2,5,1,3,4,5,4,0,4,2,1,0,0,2
401857162,2026,WNBA,LAETICIA AMIHERE,GOLDEN STATE VALKYRIES,"2026-08-21, CHI vs GS",24,16,6,6,1,1,1,2,4,2,6,1,1,0,0,5
401857162,2026,WNBA,JANELLE SALAUN,GOLDEN STATE VALKYRIES,"2026-08-21, CHI vs GS",21,13,3,5,1,6,4,5,4,0,4,2,0,0,0,0
401857162,2026,WNBA,TIFFANY HAYES,GOLDEN STATE VALKYRIES,"2026-08-21, CHI vs GS",30,10,3,8,0,2,4,8,6,1,7,4,1,0,2,0
401857162,2026,WNBA,KAILA CHARLES,GOLDEN STATE VALKYRIES,"2026-08-21, CHI vs GS",18,5,1,3,1,3,0,0,1,2,3,2,1,0,1,3
401857162,2026,WNBA,KAITLYN CHEN,GOLDEN STATE VALKYRIES,"2026-08-21, CHI vs GS",29,7,2,8,1,2,0,0,3,0,3,4,0,0,3,1
401857162,2026,WNBA,AZURA STEVENS,CHICAGO SKY,"2026-08-21, CHI vs GS",28,4,2,3,0,1,0,0,9,0,9,1,0,3,2,2
401857162,2026,WNBA,KAMILLA CARDOSO,CHICAGO SKY,"2026-08-21, CHI vs GS",35,14,4,12,0,0,6,11,8,2,10,4,1,0,1,4
401857162,2026,WNBA,COURTNEY VANDERSLOOT,CHICAGO SKY,"2026-08-21, CHI vs GS",29,12,2,4,2,6,2,2,1,0,1,5,0,0,2,1
401857162,2026,WNBA,NATASHA CLOUD,CHICAGO SKY,"2026-08-21, CHI vs GS",36,17,0,5,5,5,2,2,7,0,7,4,0,1,4,2
401857162,2026,WNBA,SYDNEY TAYLOR,CHICAGO SKY,"2026-08-21, CHI vs GS",18,14,1,3,4,6,0,0,2,0,2,1,2,0,2,3
401857162,2026,WNBA,ELIZABETH WILLIAMS,CHICAGO SKY,"2026-08-21, CHI vs GS",5,0,0,0,0,0,0,0,0,0,0,0,0,0,0,0
401857162,2026,WNBA,RACHEL BANHAM,CHICAGO SKY,"2026-08-21, CHI vs GS",17,7,0,2,2,5,1,1,2,0,2,2,1,0,0,5
401857162,2026,WNBA,JACY SHELDON,CHICAGO SKY,"2026-08-21, CHI vs GS",16,3,0,1,1,6,0,0,0,0,0,2,0,0,1,1
401857162,2026,WNBA,AICHA COULIBALY,CHICAGO SKY,"2026-08-21, CHI vs GS",2,0,0,0,0,0,0,0,0,0,0,0,0,0,1,1
401857162,2026,WNBA,GABRIELA JAQUEZ,CHICAGO SKY,"2026-08-21, CHI vs GS",13,2,1,1,0,1,0,0,0,0,0,0,0,0,0,3
401857163,2026,WNBA,BRIDGET CARLETON,PORTLAND FIRE,"2026-08-21, TOR vs POR",33,18,0,3,5,10,3,4,4,0,4,2,1,0,1,2
401857163,2026,WNBA,EMILY ENGSTLER,PORTLAND FIRE,"2026-08-21, TOR vs POR",30,13,4,9,1,4,2,2,3,2,5,3,1,3,1,3
401857163,2026,WNBA,NYADIEW PUOCH,PORTLAND FIRE,"2026-08-21, TOR vs POR",20,8,1,6,2,2,0,0,2,2,4,3,0,0,0,3
401857163,2026,WNBA,MEGAN DILEO,PORTLAND FIRE,"2026-08-21, TOR vs POR",21,14,2,5,2,4,4,5,5,1,6,0,0,0,0,5
401857163,2026,WNBA,CARLA LEITE,PORTLAND FIRE,"2026-08-21, TOR vs POR",32,7,2,4,0,3,3,4,0,0,0,6,0,0,1,2
401857163,2026,WNBA,FRIEDA BUHNER,PORTLAND FIRE,"2026-08-21, TOR vs POR",10,0,0,3,0,1,0,0,0,0,0,1,0,0,3,1
401857163,2026,WNBA,SERAH WILLIAMS,PORTLAND FIRE,"2026-08-21, TOR vs POR",19,10,5,7,0,0,0,0,4,1,5,0,2,0,1,4
401857163,2026,WNBA,KARLIE SAMUELSON,PORTLAND FIRE,"2026-08-21, TOR vs POR",18,3,0,0,1,5,0,0,1,2,3,1,0,0,0,3
401857163,2026,WNBA,HOLLY WINTERBURN,PORTLAND FIRE,"2026-08-21, TOR vs POR",10,4,1,1,0,2,2,2,0,0,0,1,0,0,2,1
401857163,2026,WNBA,TEJA OBLAK,PORTLAND FIRE,"2026-08-21, TOR vs POR",8,2,1,1,0,0,0,0,0,0,0,5,0,0,2,2
401857163,2026,WNBA,ISABELLE HARRISON,TORONTO TEMPO,"2026-08-21, TOR vs POR",28,25,8,15,0,3,9,10,10,0,10,1,1,1,1,1
401857163,2026,WNBA,LAURA JUSKAITE,TORONTO TEMPO,"2026-08-21, TOR vs POR",30,15,2,2,1,4,8,10,5,2,7,4,2,1,6,5
401857163,2026,WNBA,BRITTNEY SYKES,TORONTO TEMPO,"2026-08-21, TOR vs POR",2,0,0,1,0,0,0,0,0,0,0,0,0,0,0,1
401857163,2026,WNBA,JULIE ALLEMAND,TORONTO TEMPO,"2026-08-21, TOR vs POR",31,5,0,0,1,4,2,3,4,1,5,6,0,1,2,2
401857163,2026,WNBA,KIKI RICE,TORONTO TEMPO,"2026-08-21, TOR vs POR",32,19,6,7,1,2,4,6,3,0,3,4,0,0,0,3
401857163,2026,WNBA,TEONNI KEY,TORONTO TEMPO,"2026-08-21, TOR vs POR",13,4,2,7,0,1,0,0,0,1,1,0,1,0,0,0
401857163,2026,WNBA,ANEESAH MORROW,TORONTO TEMPO,"2026-08-21, TOR vs POR",7,0,0,1,0,1,0,0,2,0,2,0,0,0,1,1
401857163,2026,WNBA,TEMI FAGBENLE,TORONTO TEMPO,"2026-08-21, TOR vs POR",26,3,1,2,0,2,1,2,1,3,4,2,1,1,1,4
401857163,2026,WNBA,KIA NURSE,TORONTO TEMPO,"2026-08-21, TOR vs POR",16,5,0,0,1,3,2,2,1,0,1,1,0,0,2,2
401857163,2026,WNBA,ORNELLA BANKOLE,TORONTO TEMPO,"2026-08-21, TOR vs POR",16,6,0,2,2,2,0,0,1,0,1,1,0,0,1,4
401857158,2026,WNBA,MAKAYLA TIMPSON,INDIANA FEVER,"2026-08-20, DAL vs IND",34,11,4,7,0,0,3,4,9,3,12,0,0,1,2,4
401857158,2026,WNBA,ALIYAH BOSTON,INDIANA FEVER,"2026-08-20, DAL vs IND",29,14,5,9,0,2,4,4,9,0,9,1,2,1,0,3
401857158,2026,WNBA,KELSEY MITCHELL,INDIANA FEVER,"2026-08-20, DAL vs IND",35,37,5,11,4,7,15,15,1,0,1,5,1,0,1,4
401857158,2026,WNBA,LEXIE HULL,INDIANA FEVER,"2026-08-20, DAL vs IND",25,9,2,3,1,2,2,2,0,1,1,0,0,0,1,5
401857158,2026,WNBA,CAITLIN CLARK,INDIANA FEVER,"2026-08-20, DAL vs IND",35,10,2,7,2,8,0,1,4,0,4,9,1,1,3,4
401857158,2026,WNBA,MONIQUE BILLINGS,INDIANA FEVER,"2026-08-20, DAL vs IND",17,4,2,5,0,0,0,0,0,1,1,1,2,0,0,2
401857158,2026,WNBA,SOPHIE CUNNINGHAM,INDIANA FEVER,"2026-08-20, DAL vs IND",15,0,0,0,0,4,0,0,0,0,0,0,0,0,0,1
401857158,2026,WNBA,TYASHA HARRIS,INDIANA FEVER,"2026-08-20, DAL vs IND",11,0,0,1,0,0,0,0,0,0,0,1,0,0,0,0
401857158,2026,WNBA,JESSICA SHEPARD,DALLAS WINGS,"2026-08-20, DAL vs IND",35,26,10,15,1,1,3,8,6,2,8,1,1,1,2,2
401857158,2026,WNBA,ALANNA SMITH,DALLAS WINGS,"2026-08-20, DAL vs IND",10,0,0,0,0,0,0,0,1,1,2,0,0,0,1,5
401857158,2026,WNBA,AWAK KUIER,DALLAS WINGS,"2026-08-20, DAL vs IND",36,11,2,2,2,6,1,2,7,1,8,4,1,7,0,1
401857158,2026,WNBA,ARIKE OGUNBOWALE,DALLAS WINGS,"2026-08-20, DAL vs IND",35,32,10,16,2,6,6,7,1,1,2,3,1,0,3,4
401857158,2026,WNBA,PAIGE BUECKERS,DALLAS WINGS,"2026-08-20, DAL vs IND",35,13,5,14,0,2,3,4,6,0,6,8,0,0,0,4
401857158,2026,WNBA,ALYSHA CLARK,DALLAS WINGS,"2026-08-20, DAL vs IND",16,5,1,1,0,1,3,4,2,2,4,2,0,0,0,1
401857158,2026,WNBA,MADDY SIEGRIST,DALLAS WINGS,"2026-08-20, DAL vs IND",16,2,1,4,0,1,0,0,2,0,2,0,0,0,0,1
401857158,2026,WNBA,ODYSSEY SIMS,DALLAS WINGS,"2026-08-20, DAL vs IND",16,2,0,2,0,1,2,2,0,0,0,3,2,0,2,1
401857158,2026,WNBA,SUG SUTTON,DALLAS WINGS,"2026-08-20, DAL vs IND",2,0,0,0,0,0,0,0,0,0,0,1,0,0,0,0
401857159,2026,WNBA,DIAMOND MILLER,CONNECTICUT SUN,"2026-08-20, LV vs CON",11,2,1,5,0,1,0,0,0,0,0,1,0,0,2,3
401857159,2026,WNBA,OLIVIA NELSON-ODODA,CONNECTICUT SUN,"2026-08-20, LV vs CON",24,14,5,8,0,1,4,6,0,1,1,0,1,0,3,3
401857159,2026,WNBA,KENNEDY BURKE,CONNECTICUT SUN,"2026-08-20, LV vs CON",24,11,4,5,1,6,0,0,2,0,2,2,2,0,1,2
401857159,2026,WNBA,CHARLISSE LEGER-WALKER,CONNECTICUT SUN,"2026-08-20, LV vs CON",28,10,2,4,2,3,0,0,3,0,3,4,0,2,0,2
401857159,2026,WNBA,LEILA LACAN,CONNECTICUT SUN,"2026-08-20, LV vs CON",23,11,1,2,2,3,3,4,1,0,1,3,2,0,3,1
401857159,2026,WNBA,RAEGAN BEERS,CONNECTICUT SUN,"2026-08-20, LV vs CON",13,6,2,2,0,0,2,2,2,1,3,1,0,0,3,4
401857159,2026,WNBA,NELL ANGLOMA,CONNECTICUT SUN,"2026-08-20, LV vs CON",15,4,2,5,0,1,0,0,2,0,2,1,0,0,3,2
401857159,2026,WNBA,RAYAH MARSHALL,CONNECTICUT SUN,"2026-08-20, LV vs CON",7,5,1,1,0,0,3,4,1,2,3,1,0,0,0,1
401857159,2026,WNBA,SANIYA RIVERS,CONNECTICUT SUN,"2026-08-20, LV vs CON",24,8,3,7,0,1,2,2,6,1,7,5,2,1,3,1
401857159,2026,WNBA,GIANNA KNEEPKENS,CONNECTICUT SUN,"2026-08-20, LV vs CON",11,2,1,2,0,2,0,0,1,0,1,0,0,0,0,1
401857159,2026,WNBA,ASHLON JACKSON,CONNECTICUT SUN,"2026-08-20, LV vs CON",18,5,1,1,1,4,0,0,0,0,0,0,0,0,0,3
401857159,2026,WNBA,STEPHANIE TALBOT,LAS VEGAS ACES,"2026-08-20, LV vs CON",25,5,2,2,0,0,1,1,4,2,6,4,3,1,0,1
401857159,2026,WNBA,NALYSSA SMITH,LAS VEGAS ACES,"2026-08-20, LV vs CON",18,7,3,6,0,0,1,2,2,2,4,0,1,0,1,4
401857159,2026,WNBA,A'JA WILSON,LAS VEGAS ACES,"2026-08-20, LV vs CON",27,20,9,17,0,2,2,3,3,0,3,4,0,0,1,2
401857159,2026,WNBA,CHELSEA GRAY,LAS VEGAS ACES,"2026-08-20, LV vs CON",29,6,3,5,0,3,0,0,2,0,2,4,2,0,1,0
401857159,2026,WNBA,JACKIE YOUNG,LAS VEGAS ACES,"2026-08-20, LV vs CON",28,24,6,12,4,9,0,0,6,1,7,5,1,0,2,0
401857159,2026,WNBA,CHEYENNE PARKER-TYUS,LAS VEGAS ACES,"2026-08-20, LV vs CON",15,18,2,3,2,2,8,9,3,6,9,1,0,1,3,4
401857159,2026,WNBA,BRIANNA TURNER,LAS VEGAS ACES,"2026-08-20, LV vs CON",7,0,0,0,0,0,0,0,1,0,1,0,0,0,1,3
401857159,2026,WNBA,KIERSTAN BELL,LAS VEGAS ACES,"2026-08-20, LV vs CON",4,3,0,0,1,1,0,0,0,0,0,0,0,0,1,0
401857159,2026,WNBA,JEWELL LOYD,LAS VEGAS ACES,"2026-08-20, LV vs CON",23,7,1,2,1,5,2,3,5,0,5,2,0,0,0,2
401857159,2026,WNBA,JUSTINE PISSOTT,LAS VEGAS ACES,"2026-08-20, LV vs CON",4,2,0,0,0,0,2,2,1,0,1,0,0,0,0,1
401857159,2026,WNBA,MAI YAMAMOTO,LAS VEGAS ACES,"2026-08-20, LV vs CON",20,9,2,3,1,3,2,2,1,1,2,3,0,0,1,0
401857160,2026,WNBA,NAZ HILLMON,ATLANTA DREAM,"2026-08-20, LA vs ATL",26,14,5,6,1,3,1,1,4,1,5,3,1,4,1,2
401857160,2026,WNBA,ANGEL REESE,ATLANTA DREAM,"2026-08-20, LA vs ATL",30,20,7,7,2,2,0,0,6,4,10,8,3,0,5,2
401857160,2026,WNBA,ALLISHA GRAY,ATLANTA DREAM,"2026-08-20, LA vs ATL",23,13,4,10,1,2,2,3,0,1,1,2,1,0,1,0
401857160,2026,WNBA,JORDIN CANADA,ATLANTA DREAM,"2026-08-20, LA vs ATL",27,9,0,2,2,2,3,4,5,0,5,11,2,0,2,1
401857160,2026,WNBA,RHYNE HOWARD,ATLANTA DREAM,"2026-08-20, LA vs ATL",25,26,4,7,5,8,3,4,3,0,3,5,3,0,1,3
401857160,2026,WNBA,SIKA KONE,ATLANTA DREAM,"2026-08-20, LA vs ATL",7,6,1,1,1,1,1,2,1,0,1,0,0,0,0,4
401857160,2026,WNBA,MADINA OKOT,ATLANTA DREAM,"2026-08-20, LA vs ATL",17,12,5,7,0,0,2,4,4,2,6,2,0,0,3,2
401857160,2026,WNBA,SHATORI WALKER-KIMBROUGH,ATLANTA DREAM,"2026-08-20, LA vs ATL",7,5,1,1,1,1,0,0,1,0,1,4,1,0,0,0
401857160,2026,WNBA,TE-HINA PAOPAO,ATLANTA DREAM,"2026-08-20, LA vs ATL",13,8,0,1,2,4,2,2,1,0,1,0,0,0,0,3
401857160,2026,WNBA,AALIYAH NYE,ATLANTA DREAM,"2026-08-20, LA vs ATL",12,3,0,0,1,3,0,0,0,0,0,0,0,0,1,0
401857160,2026,WNBA,ISOBEL BORLASE,ATLANTA DREAM,"2026-08-20, LA vs ATL",13,8,3,4,0,0,2,2,1,0,1,0,0,0,0,3
401857160,2026,WNBA,NNEKA OGWUMIKE,LOS ANGELES SPARKS,"2026-08-20, LA vs ATL",25,11,4,10,0,0,3,3,3,3,6,5,0,0,3,3
401857160,2026,WNBA,DEARICA HAMBY,LOS ANGELES SPARKS,"2026-08-20, LA vs ATL",24,8,3,7,0,0,2,2,4,1,5,2,0,0,1,4
401857160,2026,WNBA,ERICA WHEELER,LOS ANGELES SPARKS,"2026-08-20, LA vs ATL",17,8,0,1,2,2,2,2,0,0,0,0,0,0,1,2
401857160,2026,WNBA,ARIEL ATKINS,LOS ANGELES SPARKS,"2026-08-20, LA vs ATL",16,9,2,3,1,4,2,2,0,0,0,1,1,1,1,1
401857160,2026,WNBA,RAE BURRELL,LOS ANGELES SPARKS,"2026-08-20, LA vs ATL",25,12,3,4,1,6,3,4,2,0,2,2,1,1,5,1
401857160,2026,WNBA,EMMA CANNON,LOS ANGELES SPARKS,"2026-08-20, LA vs ATL",4,2,1,1,0,1,0,0,0,1,1,0,0,0,1,1
401857160,2026,WNBA,CAMERON BRINK,LOS ANGELES SPARKS,"2026-08-20, LA vs ATL",27,14,0,1,3,8,5,6,6,1,7,4,1,0,3,3
401857160,2026,WNBA,JIHYUN PARK,LOS ANGELES SPARKS,"2026-08-20, LA vs ATL",12,2,0,0,0,0,2,4,1,0,1,0,1,0,0,0
401857160,2026,WNBA,KATE MARTIN,LOS ANGELES SPARKS,"2026-08-20, LA vs ATL",4,3,0,0,1,2,0,0,1,0,1,0,0,0,1,0
401857160,2026,WNBA,TONIE MORGAN,LOS ANGELES SPARKS,"2026-08-20, LA vs ATL",17,8,4,5,0,0,0,1,1,0,1,3,2,0,2,3
401857160,2026,WNBA,CHANCE GRAY,LOS ANGELES SPARKS,"2026-08-20, LA vs ATL",13,8,1,1,2,3,0,0,0,0,0,0,0,0,0,0
401857160,2026,WNBA,MONIQUE AKOA MAKANI,LOS ANGELES SPARKS,"2026-08-20, LA vs ATL",15,3,1,1,0,1,1,2,0,0,0,2,0,0,2,5
401857156,2026,WNBA,ISABELLE HARRISON,TORONTO TEMPO,"2026-08-19, WSH vs TOR",23,2,1,5,0,1,0,4,5,2,7,2,0,3,1,1
401857156,2026,WNBA,ANEESAH MORROW,TORONTO TEMPO,"2026-08-19, WSH vs TOR",23,13,2,8,2,5,3,5,5,3,8,0,1,0,0,4
401857156,2026,WNBA,LAURA JUSKAITE,TORONTO TEMPO,"2026-08-19, WSH vs TOR",29,12,6,9,0,3,0,0,2,0,2,4,1,0,1,3
401857156,2026,WNBA,JULIE ALLEMAND,TORONTO TEMPO,"2026-08-19, WSH vs TOR",26,4,0,0,1,3,1,2,2,1,3,4,0,0,2,2
401857156,2026,WNBA,KIKI RICE,TORONTO TEMPO,"2026-08-19, WSH vs TOR",24,19,2,5,3,4,6,6,0,0,0,2,1,0,1,4
401857156,2026,WNBA,TEONNI KEY,TORONTO TEMPO,"2026-08-19, WSH vs TOR",17,8,3,4,0,2,2,2,2,0,2,1,1,0,1,1
401857156,2026,WNBA,TEMI FAGBENLE,TORONTO TEMPO,"2026-08-19, WSH vs TOR",16,10,1,2,2,3,2,2,0,0,0,1,0,0,1,3
401857156,2026,WNBA,KIA NURSE,TORONTO TEMPO,"2026-08-19, WSH vs TOR",22,9,1,4,2,5,1,2,2,0,2,4,1,0,1,2
401857156,2026,WNBA,ZAAY GREEN,TORONTO TEMPO,"2026-08-19, WSH vs TOR",5,0,0,0,0,0,0,0,1,0,1,0,0,0,0,1
401857156,2026,WNBA,ORNELLA BANKOLE,TORONTO TEMPO,"2026-08-19, WSH vs TOR",15,5,1,1,1,1,0,0,1,1,2,0,0,0,0,4
401857156,2026,WNBA,MICHAELA ONYENWERE,WASHINGTON MYSTICS,"2026-08-19, WSH vs TOR",27,14,1,1,4,8,0,0,0,1,1,4,1,1,0,1
401857156,2026,WNBA,KIKI IRIAFEN,WASHINGTON MYSTICS,"2026-08-19, WSH vs TOR",29,21,8,12,0,0,5,5,9,4,13,0,0,1,1,4
401857156,2026,WNBA,SHAKIRA AUSTIN,WASHINGTON MYSTICS,"2026-08-19, WSH vs TOR",23,11,3,9,0,0,5,6,7,3,10,2,1,0,4,3
401857156,2026,WNBA,SONIA CITRON,WASHINGTON MYSTICS,"2026-08-19, WSH vs TOR",29,13,2,5,1,4,6,7,2,3,5,6,1,0,1,1
401857156,2026,WNBA,GEORGIA AMOORE,WASHINGTON MYSTICS,"2026-08-19, WSH vs TOR",24,9,0,0,3,6,0,0,4,0,4,3,0,0,2,2
401857156,2026,WNBA,ANGELA DUGALIC,WASHINGTON MYSTICS,"2026-08-19, WSH vs TOR",5,4,1,2,0,1,2,2,0,1,1,0,0,0,0,0
401857156,2026,WNBA,LAUREN BETTS,WASHINGTON MYSTICS,"2026-08-19, WSH vs TOR",22,7,3,5,0,0,1,1,3,0,3,3,0,2,1,1
401857156,2026,WNBA,BETNIJAH LANEY-HAMILTON,WASHINGTON MYSTICS,"2026-08-19, WSH vs TOR",15,9,2,2,1,4,2,3,0,0,0,2,0,0,1,0
401857156,2026,WNBA,RORI HARMON,WASHINGTON MYSTICS,"2026-08-19, WSH vs TOR",1,0,0,0,0,0,0,0,0,0,0,0,0,0,0,1
401857156,2026,WNBA,LUCY OLSEN,WASHINGTON MYSTICS,"2026-08-19, WSH vs TOR",1,0,0,0,0,0,0,0,0,0,0,0,0,0,1,0
401857156,2026,WNBA,COTIE MCMAHON,WASHINGTON MYSTICS,"2026-08-19, WSH vs TOR",18,2,1,3,0,4,0,0,3,1,4,2,1,0,4,1
401857156,2026,WNBA,DARIANNA LITTLEPAGE-BUGGS,WASHINGTON MYSTICS,"2026-08-19, WSH vs TOR",1,0,0,0,0,0,0,0,0,0,0,0,0,0,0,0
401857156,2026,WNBA,CASSANDRE PROSPER,WASHINGTON MYSTICS,"2026-08-19, WSH vs TOR",1,0,0,0,0,0,0,0,0,0,0,1,0,0,0,0
401857156,2026,WNBA,ALICIA FLOREZ,WASHINGTON MYSTICS,"2026-08-19, WSH vs TOR",5,3,0,0,0,0,3,4,1,1,2,0,1,0,1,2
401857157,2026,WNBA,NATASHA HOWARD,MINNESOTA LYNX,"2026-08-19, GS vs MIN",34,8,4,6,0,1,0,0,3,3,6,4,0,2,7,4
401857157,2026,WNBA,NAPHEESA COLLIER,MINNESOTA LYNX,"2026-08-19, GS vs MIN",37,18,5,10,0,2,8,8,8,0,8,0,0,0,3,1
401857157,2026,WNBA,KAYLA MCBRIDE,MINNESOTA LYNX,"2026-08-19, GS vs MIN",36,20,3,6,3,7,5,6,1,0,1,1,1,0,1,3
401857157,2026,WNBA,COURTNEY WILLIAMS,MINNESOTA LYNX,"2026-08-19, GS vs MIN",29,9,3,7,1,2,0,0,2,1,3,7,0,0,1,4
401857157,2026,WNBA,OLIVIA MILES,MINNESOTA LYNX,"2026-08-19, GS vs MIN",30,20,5,5,3,5,1,2,5,0,5,7,2,2,2,2
401857157,2026,WNBA,NIA COFFEY,MINNESOTA LYNX,"2026-08-19, GS vs MIN",15,0,0,0,0,2,0,0,3,0,3,0,0,0,0,2
401857157,2026,WNBA,DORKA JUHASZ,MINNESOTA LYNX,"2026-08-19, GS vs MIN",13,0,0,1,0,0,0,0,3,1,4,0,0,0,0,1
401857157,2026,WNBA,MAYA CALDWELL,MINNESOTA LYNX,"2026-08-19, GS vs MIN",7,2,1,2,0,0,0,0,0,0,0,1,0,0,0,0
401857157,2026,WNBA,KAYLA THORNTON,GOLDEN STATE VALKYRIES,"2026-08-19, GS vs MIN",19,5,1,5,1,3,0,0,0,0,0,0,0,0,0,0
401857157,2026,WNBA,GABBY WILLIAMS,GOLDEN STATE VALKYRIES,"2026-08-19, GS vs MIN",31,10,3,8,1,7,1,1,0,1,1,2,2,0,3,0
401857157,2026,WNBA,CECILIA ZANDALASINI,GOLDEN STATE VALKYRIES,"2026-08-19, GS vs MIN",30,8,2,6,1,9,1,2,6,0,6,3,0,0,1,5
401857157,2026,WNBA,KIAH STOKES,GOLDEN STATE VALKYRIES,"2026-08-19, GS vs MIN",17,2,1,2,0,2,0,0,3,3,6,1,0,0,0,0
401857157,2026,WNBA,VERONICA BURTON,GOLDEN STATE VALKYRIES,"2026-08-19, GS vs MIN",36,14,2,3,2,6,4,4,2,2,4,7,4,0,2,5
401857157,2026,WNBA,JANELLE SALAUN,GOLDEN STATE VALKYRIES,"2026-08-19, GS vs MIN",24,15,4,7,2,5,1,2,3,3,6,3,0,0,0,2
401857157,2026,WNBA,TIFFANY HAYES,GOLDEN STATE VALKYRIES,"2026-08-19, GS vs MIN",25,12,5,7,0,5,2,2,3,4,7,2,1,2,2,4
401857157,2026,WNBA,KAILA CHARLES,GOLDEN STATE VALKYRIES,"2026-08-19, GS vs MIN",14,0,0,1,0,0,0,0,3,0,3,0,1,0,1,2
401857157,2026,WNBA,KAITLYN CHEN,GOLDEN STATE VALKYRIES,"2026-08-19, GS vs MIN",4,0,0,1,0,0,0,0,0,0,0,0,0,0,0,1
401857152,2026,WNBA,NNEKA OGWUMIKE,LOS ANGELES SPARKS,"2026-08-18, CON vs LA",30,18,8,12,0,3,2,2,7,0,7,1,0,0,1,1
401857152,2026,WNBA,DEARICA HAMBY,LOS ANGELES SPARKS,"2026-08-18, CON vs LA",28,15,5,13,0,1,5,6,3,2,5,3,1,1,4,2
401857152,2026,WNBA,ARIEL ATKINS,LOS ANGELES SPARKS,"2026-08-18, CON vs LA",26,9,1,1,1,4,4,4,1,1,2,2,2,0,1,3
401857152,2026,WNBA,RAE BURRELL,LOS ANGELES SPARKS,"2026-08-18, CON vs LA",30,19,6,9,1,3,4,6,0,1,1,6,0,2,3,1
401857152,2026,WNBA,TONIE MORGAN,LOS ANGELES SPARKS,"2026-08-18, CON vs LA",20,8,4,5,0,0,0,0,0,0,0,0,3,0,3,2
401857152,2026,WNBA,EMMA CANNON,LOS ANGELES SPARKS,"2026-08-18, CON vs LA",6,4,1,1,0,1,2,3,0,1,1,0,1,0,2,3
401857152,2026,WNBA,JIHYUN PARK,LOS ANGELES SPARKS,"2026-08-18, CON vs LA",12,0,0,1,0,0,0,0,3,0,3,0,1,0,1,0
401857152,2026,WNBA,ALISSA PILI,LOS ANGELES SPARKS,"2026-08-18, CON vs LA",15,0,0,3,0,1,0,2,2,2,4,2,1,0,1,1
401857152,2026,WNBA,KATE MARTIN,LOS ANGELES SPARKS,"2026-08-18, CON vs LA",12,0,0,0,0,0,0,0,2,2,4,1,2,1,0,1
401857152,2026,WNBA,CHANCE GRAY,LOS ANGELES SPARKS,"2026-08-18, CON vs LA",20,4,2,3,0,3,0,0,1,1,2,3,1,0,0,1
401857152,2026,WNBA,DIAMOND MILLER,CONNECTICUT SUN,"2026-08-18, CON vs LA",29,13,5,9,1,2,0,1,3,0,3,1,1,0,1,4
401857152,2026,WNBA,OLIVIA NELSON-ODODA,CONNECTICUT SUN,"2026-08-18, CON vs LA",29,18,7,11,0,0,4,4,7,4,11,1,1,2,5,3
401857152,2026,WNBA,KENNEDY BURKE,CONNECTICUT SUN,"2026-08-18, CON vs LA",26,17,4,8,3,4,0,0,3,1,4,1,1,0,2,2
401857152,2026,WNBA,CHARLISSE LEGER-WALKER,CONNECTICUT SUN,"2026-08-18, CON vs LA",31,7,2,4,0,0,3,3,7,1,8,6,1,1,2,2
401857152,2026,WNBA,LEILA LACAN,CONNECTICUT SUN,"2026-08-18, CON vs LA",29,7,3,8,0,1,1,1,0,0,0,10,1,0,2,4
401857152,2026,WNBA,RAEGAN BEERS,CONNECTICUT SUN,"2026-08-18, CON vs LA",14,8,4,5,0,0,0,0,1,1,2,1,2,0,1,2
401857152,2026,WNBA,NELL ANGLOMA,CONNECTICUT SUN,"2026-08-18, CON vs LA",11,2,1,2,0,1,0,0,0,1,1,0,1,0,1,0
401857152,2026,WNBA,SANIYA RIVERS,CONNECTICUT SUN,"2026-08-18, CON vs LA",25,11,5,11,0,2,1,2,2,2,4,3,4,0,3,1
401857152,2026,WNBA,GIANNA KNEEPKENS,CONNECTICUT SUN,"2026-08-18, CON vs LA",2,0,0,0,0,0,0,0,0,0,0,0,0,0,0,0
401857152,2026,WNBA,ASHLON JACKSON,CONNECTICUT SUN,"2026-08-18, CON vs LA",5,2,1,1,0,2,0,0,0,0,0,0,0,0,0,1
401857153,2026,WNBA,MAKAYLA TIMPSON,INDIANA FEVER,"2026-08-18, TOR vs IND",32,8,4,4,0,0,0,0,5,2,7,0,2,0,1,2
401857153,2026,WNBA,ALIYAH BOSTON,INDIANA FEVER,"2026-08-18, TOR vs IND",27,16,7,12,0,2,2,2,5,1,6,3,2,3,1,4
401857153,2026,WNBA,KELSEY MITCHELL,INDIANA FEVER,"2026-08-18, TOR vs IND",24,29,7,10,4,6,3,3,2,1,3,2,1,0,2,2
401857153,2026,WNBA,LEXIE HULL,INDIANA FEVER,"2026-08-18, TOR vs IND",14,4,2,4,0,2,0,0,5,1,6,0,0,0,1,3
401857153,2026,WNBA,CAITLIN CLARK,INDIANA FEVER,"2026-08-18, TOR vs IND",33,24,3,7,4,9,6,7,3,0,3,7,0,0,7,3
401857153,2026,WNBA,MYISHA HINES-ALLEN,INDIANA FEVER,"2026-08-18, TOR vs IND",10,2,1,1,0,0,0,0,1,0,1,3,0,0,1,4
401857153,2026,WNBA,MONIQUE BILLINGS,INDIANA FEVER,"2026-08-18, TOR vs IND",10,3,1,4,0,0,1,2,1,1,2,0,1,0,2,0
401857153,2026,WNBA,SOPHIE CUNNINGHAM,INDIANA FEVER,"2026-08-18, TOR vs IND",28,13,0,1,3,3,4,5,2,0,2,2,0,0,0,2
401857153,2026,WNBA,TYASHA HARRIS,INDIANA FEVER,"2026-08-18, TOR vs IND",18,2,1,2,0,2,0,0,1,1,2,3,1,0,0,2
401857153,2026,WNBA,RAVEN JOHNSON,INDIANA FEVER,"2026-08-18, TOR vs IND",3,0,0,0,0,1,0,0,0,0,0,0,0,0,0,0
401857153,2026,WNBA,ISABELLE HARRISON,TORONTO TEMPO,"2026-08-18, TOR vs IND",21,8,3,11,0,1,2,2,4,3,7,2,2,2,1,4
401857153,2026,WNBA,LAURA JUSKAITE,TORONTO TEMPO,"2026-08-18, TOR vs IND",20,2,0,1,0,3,2,4,4,2,6,0,0,0,2,1
401857153,2026,WNBA,BRITTNEY SYKES,TORONTO TEMPO,"2026-08-18, TOR vs IND",21,15,6,12,0,3,3,3,1,1,2,5,0,1,1,1
401857153,2026,WNBA,MARINA MABREY,TORONTO TEMPO,"2026-08-18, TOR vs IND",29,22,2,7,5,14,3,4,1,0,1,3,1,1,3,2
401857153,2026,WNBA,KIKI RICE,TORONTO TEMPO,"2026-08-18, TOR vs IND",30,10,4,10,0,2,2,2,0,3,3,6,0,1,2,4
401857153,2026,WNBA,ANEESAH MORROW,TORONTO TEMPO,"2026-08-18, TOR vs IND",29,14,5,6,1,5,1,1,9,7,16,2,0,0,1,1
401857153,2026,WNBA,TEMI FAGBENLE,TORONTO TEMPO,"2026-08-18, TOR vs IND",20,13,2,3,3,3,0,2,3,0,3,0,0,1,1,1
401857153,2026,WNBA,KIA NURSE,TORONTO TEMPO,"2026-08-18, TOR vs IND",17,8,0,0,2,4,2,2,0,0,0,1,2,0,0,2
401857153,2026,WNBA,ORNELLA BANKOLE,TORONTO TEMPO,"2026-08-18, TOR vs IND",14,3,0,0,1,2,0,0,1,2,3,0,1,0,0,4
401857154,2026,WNBA,BREANNA STEWART,NEW YORK LIBERTY,"2026-08-18, CHI vs NY",35,22,7,10,1,3,5,6,5,2,7,3,3,1,2,3
401857154,2026,WNBA,JONQUEL JONES,NEW YORK LIBERTY,"2026-08-18, CHI vs NY",6,5,2,2,0,0,1,1,0,0,0,2,0,0,1,0
401857154,2026,WNBA,REBECCA ALLEN,NEW YORK LIBERTY,"2026-08-18, CHI vs NY",32,14,2,3,3,7,1,2,5,0,5,1,2,1,2,1
401857154,2026,WNBA,SABRINA IONESCU,NEW YORK LIBERTY,"2026-08-18, CHI vs NY",34,18,5,7,2,10,2,2,6,1,7,12,1,1,4,1
401857154,2026,WNBA,PAULINE ASTIER,NEW YORK LIBERTY,"2026-08-18, CHI vs NY",19,8,4,5,0,3,0,0,2,1,3,1,0,0,3,3
401857154,2026,WNBA,ANNELI MALEY,NEW YORK LIBERTY,"2026-08-18, CHI vs NY",4,0,0,0,0,1,0,0,1,0,1,0,1,0,0,2
401857154,2026,WNBA,RAQUEL CARRERA,NEW YORK LIBERTY,"2026-08-18, CHI vs NY",6,0,0,1,0,0,0,0,1,0,1,0,0,0,0,1
401857154,2026,WNBA,HAN XU,NEW YORK LIBERTY,"2026-08-18, CHI vs NY",26,12,2,4,2,7,2,2,5,2,7,0,0,1,2,5
401857154,2026,WNBA,REBEKAH GARDNER,NEW YORK LIBERTY,"2026-08-18, CHI vs NY",9,4,2,2,0,1,0,0,1,1,2,1,0,0,0,1
401857154,2026,WNBA,MARINE JOHANNES,NEW YORK LIBERTY,"2026-08-18, CHI vs NY",21,3,0,2,1,3,0,0,1,0,1,2,0,0,1,0
401857154,2026,WNBA,MARINE FAUTHOUX,NEW YORK LIBERTY,"2026-08-18, CHI vs NY",8,0,0,0,0,1,0,0,1,0,1,2,0,0,0,1
401857154,2026,WNBA,AZURA STEVENS,CHICAGO SKY,"2026-08-18, CHI vs NY",23,12,5,8,0,1,2,2,4,3,7,2,0,1,1,4
401857154,2026,WNBA,KAMILLA CARDOSO,CHICAGO SKY,"2026-08-18, CHI vs NY",32,17,6,12,0,0,5,7,6,6,12,4,2,1,1,2
401857154,2026,WNBA,COURTNEY VANDERSLOOT,CHICAGO SKY,"2026-08-18, CHI vs NY",27,8,2,6,1,3,1,2,2,1,3,6,1,0,0,2
401857154,2026,WNBA,NATASHA CLOUD,CHICAGO SKY,"2026-08-18, CHI vs NY",35,35,9,13,4,8,5,6,8,1,9,6,0,0,3,3
401857154,2026,WNBA,SYDNEY TAYLOR,CHICAGO SKY,"2026-08-18, CHI vs NY",17,9,2,3,1,6,2,2,2,0,2,3,2,0,2,1
401857154,2026,WNBA,ELIZABETH WILLIAMS,CHICAGO SKY,"2026-08-18, CHI vs NY",8,1,0,0,0,0,1,2,1,1,2,0,2,0,0,0
401857154,2026,WNBA,RACHEL BANHAM,CHICAGO SKY,"2026-08-18, CHI vs NY",12,3,0,2,1,3,0,0,0,0,0,1,0,0,0,0
401857154,2026,WNBA,DIJONAI CARRINGTON,CHICAGO SKY,"2026-08-18, CHI vs NY",19,4,2,5,0,3,0,0,2,1,3,1,0,0,1,2
401857154,2026,WNBA,JACY SHELDON,CHICAGO SKY,"2026-08-18, CHI vs NY",13,0,0,0,0,3,0,1,2,0,2,1,0,0,2,1
401857154,2026,WNBA,GABRIELA JAQUEZ,CHICAGO SKY,"2026-08-18, CHI vs NY",14,4,2,2,0,1,0,0,3,1,4,0,1,0,3,0
401857155,2026,WNBA,NAZ HILLMON,ATLANTA DREAM,"2026-08-18, LV vs ATL",32,7,2,3,1,3,0,0,4,0,4,1,0,1,3,1
401857155,2026,WNBA,ANGEL REESE,ATLANTA DREAM,"2026-08-18, LV vs ATL",39,21,5,12,1,1,8,9,7,3,10,4,4,0,1,5
401857155,2026,WNBA,ALLISHA GRAY,ATLANTA DREAM,"2026-08-18, LV vs ATL",33,21,4,8,2,5,7,7,6,0,6,3,3,0,1,4
401857155,2026,WNBA,JORDIN CANADA,ATLANTA DREAM,"2026-08-18, LV vs ATL",30,17,5,7,2,4,1,2,6,0,6,5,3,0,0,3
401857155,2026,WNBA,RHYNE HOWARD,ATLANTA DREAM,"2026-08-18, LV vs ATL",39,23,5,11,2,8,7,7,3,1,4,3,4,2,2,4
401857155,2026,WNBA,MADINA OKOT,ATLANTA DREAM,"2026-08-18, LV vs ATL",8,6,2,3,0,0,2,2,0,0,0,1,0,0,3,2
401857155,2026,WNBA,TE-HINA PAOPAO,ATLANTA DREAM,"2026-08-18, LV vs ATL",3,0,0,1,0,0,0,0,0,0,0,0,0,0,0,0
401857155,2026,WNBA,ISOBEL BORLASE,ATLANTA DREAM,"2026-08-18, LV vs ATL",16,2,1,3,0,2,0,0,2,0,2,1,1,0,1,3
401857155,2026,WNBA,STEPHANIE TALBOT,LAS VEGAS ACES,"2026-08-18, LV vs ATL",12,0,0,1,0,1,0,0,0,1,1,0,0,1,1,3
401857155,2026,WNBA,NALYSSA SMITH,LAS VEGAS ACES,"2026-08-18, LV vs ATL",22,10,3,5,0,0,4,7,4,2,6,0,0,3,0,6
401857155,2026,WNBA,A'JA WILSON,LAS VEGAS ACES,"2026-08-18, LV vs ATL",34,27,6,16,1,2,12,12,12,2,14,3,2,4,5,1
401857155,2026,WNBA,CHELSEA GRAY,LAS VEGAS ACES,"2026-08-18, LV vs ATL",33,13,2,3,3,8,0,0,2,0,2,2,1,2,3,1
401857155,2026,WNBA,JACKIE YOUNG,LAS VEGAS ACES,"2026-08-18, LV vs ATL",35,24,3,6,4,9,6,6,4,1,5,5,0,1,3,1
401857155,2026,WNBA,CHEYENNE PARKER-TYUS,LAS VEGAS ACES,"2026-08-18, LV vs ATL",4,2,1,2,0,0,0,0,0,0,0,0,0,0,0,2
401857155,2026,WNBA,BRIANNA TURNER,LAS VEGAS ACES,"2026-08-18, LV vs ATL",15,0,0,0,0,0,0,0,2,1,3,0,0,1,3,1
401857155,2026,WNBA,JEWELL LOYD,LAS VEGAS ACES,"2026-08-18, LV vs ATL",26,3,0,0,1,4,0,0,2,0,2,2,1,0,2,4
401857155,2026,WNBA,TA'NIYA LATSON,LAS VEGAS ACES,"2026-08-18, LV vs ATL",5,0,0,1,0,1,0,0,0,0,0,0,0,0,0,1
401857155,2026,WNBA,MAI YAMAMOTO,LAS VEGAS ACES,"2026-08-18, LV vs ATL",14,3,0,1,1,3,0,0,0,0,0,3,0,0,0,2
401857151,2026,WNBA,ALYSHA CLARK,DALLAS WINGS,"2026-08-17, GS vs DAL",21,3,0,1,1,1,0,0,4,0,4,2,0,0,3,2
401857151,2026,WNBA,JESSICA SHEPARD,DALLAS WINGS,"2026-08-17, GS vs DAL",26,4,1,4,0,0,2,4,7,0,7,2,1,0,1,1
401857151,2026,WNBA,ALANNA SMITH,DALLAS WINGS,"2026-08-17, GS vs DAL",30,13,5,6,1,3,0,0,5,0,5,2,2,0,2,1
401857151,2026,WNBA,ARIKE OGUNBOWALE,DALLAS WINGS,"2026-08-17, GS vs DAL",37,17,4,6,1,7,6,6,4,0,4,3,2,0,1,3
401857151,2026,WNBA,PAIGE BUECKERS,DALLAS WINGS,"2026-08-17, GS vs DAL",33,21,7,13,1,5,4,4,1,1,2,3,1,0,7,4
401857151,2026,WNBA,MADDY SIEGRIST,DALLAS WINGS,"2026-08-17, GS vs DAL",16,7,2,3,1,2,0,0,3,0,3,0,0,1,0,3
401857151,2026,WNBA,AWAK KUIER,DALLAS WINGS,"2026-08-17, GS vs DAL",20,3,1,1,0,2,1,1,5,2,7,0,1,3,0,2
401857151,2026,WNBA,ODYSSEY SIMS,DALLAS WINGS,"2026-08-17, GS vs DAL",12,0,0,1,0,2,0,0,0,1,1,2,0,0,0,0
401857151,2026,WNBA,SUG SUTTON,DALLAS WINGS,"2026-08-17, GS vs DAL",5,2,1,1,0,0,0,0,0,0,0,1,0,0,2,0
401857151,2026,WNBA,KAYLA THORNTON,GOLDEN STATE VALKYRIES,"2026-08-17, GS vs DAL",33,7,1,3,1,5,2,2,1,2,3,1,0,0,0,3
401857151,2026,WNBA,GABBY WILLIAMS,GOLDEN STATE VALKYRIES,"2026-08-17, GS vs DAL",32,23,5,12,3,8,4,4,7,0,7,3,4,0,5,1
401857151,2026,WNBA,CECILIA ZANDALASINI,GOLDEN STATE VALKYRIES,"2026-08-17, GS vs DAL",15,5,1,2,1,4,0,0,2,0,2,4,0,0,1,0
401857151,2026,WNBA,KIAH STOKES,GOLDEN STATE VALKYRIES,"2026-08-17, GS vs DAL",24,0,0,1,0,0,0,0,4,1,5,0,0,1,0,1
401857151,2026,WNBA,VERONICA BURTON,GOLDEN STATE VALKYRIES,"2026-08-17, GS vs DAL",32,16,2,5,3,6,3,4,2,2,4,5,2,0,1,2
401857151,2026,WNBA,LAETICIA AMIHERE,GOLDEN STATE VALKYRIES,"2026-08-17, GS vs DAL",3,0,0,0,0,0,0,0,0,0,0,0,0,0,0,1
401857151,2026,WNBA,JANELLE SALAUN,GOLDEN STATE VALKYRIES,"2026-08-17, GS vs DAL",19,10,1,4,2,6,2,2,2,1,3,2,0,0,1,1
401857151,2026,WNBA,TIFFANY HAYES,GOLDEN STATE VALKYRIES,"2026-08-17, GS vs DAL",20,10,2,6,2,5,0,0,2,2,4,1,1,0,1,5
401857151,2026,WNBA,KAILA CHARLES,GOLDEN STATE VALKYRIES,"2026-08-17, GS vs DAL",14,5,2,2,0,1,1,2,0,2,2,0,0,0,1,0
401857151,2026,WNBA,KAITLYN CHEN,GOLDEN STATE VALKYRIES,"2026-08-17, GS vs DAL",8,2,1,1,0,1,0,0,0,0,0,1,0,0,1,0
401857148,2026,WNBA,AZURA STEVENS,CHICAGO SKY,"2026-08-16, SEA vs CHI",28,3,1,3,0,4,1,2,4,1,5,3,1,2,1,3
401857148,2026,WNBA,KAMILLA CARDOSO,CHICAGO SKY,"2026-08-16, SEA vs CHI",30,22,7,15,0,0,8,11,7,5,12,2,1,3,3,5
401857148,2026,WNBA,COURTNEY VANDERSLOOT,CHICAGO SKY,"2026-08-16, SEA vs CHI",30,15,3,8,2,3,3,4,5,0,5,5,4,0,3,1
401857148,2026,WNBA,NATASHA CLOUD,CHICAGO SKY,"2026-08-16, SEA vs CHI",34,20,4,7,1,5,9,9,8,0,8,3,3,1,4,2
401857148,2026,WNBA,JACY SHELDON,CHICAGO SKY,"2026-08-16, SEA vs CHI",19,3,0,1,1,4,0,0,0,1,1,1,1,0,2,4
401857148,2026,WNBA,ELIZABETH WILLIAMS,CHICAGO SKY,"2026-08-16, SEA vs CHI",14,4,2,5,0,0,0,0,0,0,0,1,0,1,1,1
401857148,2026,WNBA,RACHEL BANHAM,CHICAGO SKY,"2026-08-16, SEA vs CHI",12,5,1,1,1,2,0,0,4,0,4,1,1,0,1,2
401857148,2026,WNBA,DIJONAI CARRINGTON,CHICAGO SKY,"2026-08-16, SEA vs CHI",14,8,2,9,1,4,1,1,5,2,7,1,0,0,0,3
401857148,2026,WNBA,AICHA COULIBALY,CHICAGO SKY,"2026-08-16, SEA vs CHI",14,2,1,2,0,0,0,0,1,1,2,0,0,0,2,2
401857148,2026,WNBA,GABRIELA JAQUEZ,CHICAGO SKY,"2026-08-16, SEA vs CHI",5,0,0,1,0,1,0,0,1,2,3,0,0,0,0,1
401857148,2026,WNBA,EZI MAGBEGOR,SEATTLE STORM,"2026-08-16, SEA vs CHI",25,17,6,9,1,3,2,2,4,0,4,1,0,5,3,4
401857148,2026,WNBA,JORDAN HORSTON,SEATTLE STORM,"2026-08-16, SEA vs CHI",9,2,1,2,0,1,0,0,2,0,2,0,0,1,1,0
401857148,2026,WNBA,DOMINIQUE MALONGA,SEATTLE STORM,"2026-08-16, SEA vs CHI",30,19,5,12,0,2,9,10,11,2,13,2,2,4,4,4
401857148,2026,WNBA,FLAU'JAE JOHNSON,SEATTLE STORM,"2026-08-16, SEA vs CHI",30,5,1,3,1,4,0,0,3,1,4,6,1,2,3,3
401857148,2026,WNBA,JADE MELBOURNE,SEATTLE STORM,"2026-08-16, SEA vs CHI",35,11,2,8,2,5,1,3,5,0,5,6,0,1,2,1
401857148,2026,WNBA,KATIE LOU SAMUELSON,SEATTLE STORM,"2026-08-16, SEA vs CHI",12,2,1,2,0,0,0,0,0,0,0,1,2,0,1,1
401857148,2026,WNBA,MACKENZIE HOLMES,SEATTLE STORM,"2026-08-16, SEA vs CHI",2,0,0,1,0,0,0,0,0,0,0,1,0,0,0,1
401857148,2026,WNBA,STEFANIE DOLSON,SEATTLE STORM,"2026-08-16, SEA vs CHI",7,0,0,0,0,0,0,0,1,0,1,1,0,0,0,0
401857148,2026,WNBA,AWA FAM,SEATTLE STORM,"2026-08-16, SEA vs CHI",29,14,3,4,2,6,2,2,3,2,5,2,1,0,0,3
401857148,2026,WNBA,ZIA COOKE,SEATTLE STORM,"2026-08-16, SEA vs CHI",16,10,4,5,0,3,2,3,0,0,0,1,1,0,3,0
401857148,2026,WNBA,TAINA MAIR,SEATTLE STORM,"2026-08-16, SEA vs CHI",5,0,0,2,0,0,0,0,0,0,0,0,0,0,1,0
401857150,2026,WNBA,MAKAYLA TIMPSON,INDIANA FEVER,"2026-08-16, ATL vs IND",33,20,9,13,0,0,2,4,2,5,7,0,0,1,0,2
401857150,2026,WNBA,ALIYAH BOSTON,INDIANA FEVER,"2026-08-16, ATL vs IND",37,18,6,12,0,4,6,6,11,3,14,4,5,3,1,2
401857150,2026,WNBA,KELSEY MITCHELL,INDIANA FEVER,"2026-08-16, ATL vs IND",36,20,7,18,2,4,0,0,1,0,1,1,1,0,1,4
401857150,2026,WNBA,LEXIE HULL,INDIANA FEVER,"2026-08-16, ATL vs IND",10,0,0,1,0,2,0,0,2,0,2,0,0,0,0,0
401857150,2026,WNBA,CAITLIN CLARK,INDIANA FEVER,"2026-08-16, ATL vs IND",41,26,6,10,3,10,5,6,3,0,3,9,0,0,5,4
401857150,2026,WNBA,MONIQUE BILLINGS,INDIANA FEVER,"2026-08-16, ATL vs IND",16,3,1,2,0,0,1,4,3,1,4,1,2,2,0,2
401857150,2026,WNBA,MERCEDES RUSSELL,INDIANA FEVER,"2026-08-16, ATL vs IND",3,2,0,0,0,0,2,2,0,0,0,0,0,0,1,1
401857150,2026,WNBA,SOPHIE CUNNINGHAM,INDIANA FEVER,"2026-08-16, ATL vs IND",32,3,1,1,0,2,1,1,6,1,7,1,0,0,1,2
401857150,2026,WNBA,TYASHA HARRIS,INDIANA FEVER,"2026-08-16, ATL vs IND",14,3,0,0,1,2,0,0,2,0,2,2,0,0,0,2
401857150,2026,WNBA,RAVEN JOHNSON,INDIANA FEVER,"2026-08-16, ATL vs IND",3,0,0,0,0,0,0,0,0,0,0,0,0,0,0,0
401857150,2026,WNBA,NAZ HILLMON,ATLANTA DREAM,"2026-08-16, ATL vs IND",33,6,3,6,0,4,0,0,3,3,6,0,0,1,2,2
401857150,2026,WNBA,ANGEL REESE,ATLANTA DREAM,"2026-08-16, ATL vs IND",38,15,5,14,0,2,5,6,9,5,14,6,0,0,4,5
401857150,2026,WNBA,ALLISHA GRAY,ATLANTA DREAM,"2026-08-16, ATL vs IND",42,32,7,17,4,7,6,6,6,1,7,5,0,0,4,5
401857150,2026,WNBA,RHYNE HOWARD,ATLANTA DREAM,"2026-08-16, ATL vs IND",43,17,3,5,1,8,8,8,0,0,0,5,1,1,2,4
401857150,2026,WNBA,JAYLYN SHERROD,ATLANTA DREAM,"2026-08-16, ATL vs IND",8,0,0,1,0,1,0,0,2,0,2,1,0,0,0,0
401857150,2026,WNBA,MADINA OKOT,ATLANTA DREAM,"2026-08-16, ATL vs IND",18,8,3,4,0,0,2,2,5,2,7,1,1,2,1,4
401857150,2026,WNBA,TE-HINA PAOPAO,ATLANTA DREAM,"2026-08-16, ATL vs IND",9,3,0,0,1,6,0,0,0,0,0,0,0,0,0,1
401857150,2026,WNBA,AALIYAH NYE,ATLANTA DREAM,"2026-08-16, ATL vs IND",2,0,0,0,0,1,0,0,1,0,1,0,0,0,0,0
401857150,2026,WNBA,ISOBEL BORLASE,ATLANTA DREAM,"2026-08-16, ATL vs IND",32,10,0,3,2,3,4,4,3,0,3,3,0,0,1,3
401857149,2026,WNBA,BRIDGET CARLETON,PORTLAND FIRE,"2026-08-16, PHX vs POR",32,9,3,7,0,8,3,3,4,1,5,0,1,2,2,4
401857149,2026,WNBA,EMILY ENGSTLER,PORTLAND FIRE,"2026-08-16, PHX vs POR",22,9,3,3,1,4,0,1,5,2,7,4,0,0,1,5
401857149,2026,WNBA,NYADIEW PUOCH,PORTLAND FIRE,"2026-08-16, PHX vs POR",17,3,0,1,1,2,0,0,2,2,4,1,1,0,1,3
401857149,2026,WNBA,MEGAN DILEO,PORTLAND FIRE,"2026-08-16, PHX vs POR",27,15,3,4,3,7,0,0,3,2,5,1,2,0,0,1
401857149,2026,WNBA,CARLA LEITE,PORTLAND FIRE,"2026-08-16, PHX vs POR",28,23,8,13,1,2,4,8,1,0,1,5,2,0,4,4
401857149,2026,WNBA,FRIEDA BUHNER,PORTLAND FIRE,"2026-08-16, PHX vs POR",18,9,0,1,3,5,0,0,3,1,4,0,0,0,1,0
401857149,2026,WNBA,SERAH WILLIAMS,PORTLAND FIRE,"2026-08-16, PHX vs POR",13,4,0,0,0,0,4,4,3,0,3,0,0,2,0,0
401857149,2026,WNBA,KARLIE SAMUELSON,PORTLAND FIRE,"2026-08-16, PHX vs POR",17,8,1,1,1,5,3,5,2,2,4,0,0,0,1,2
401857149,2026,WNBA,HOLLY WINTERBURN,PORTLAND FIRE,"2026-08-16, PHX vs POR",15,2,1,1,0,1,0,0,2,0,2,1,0,0,1,2
401857149,2026,WNBA,JORDAN HARRISON,PORTLAND FIRE,"2026-08-16, PHX vs POR",12,6,3,3,0,3,0,0,1,0,1,3,0,0,0,2
401857149,2026,WNBA,DEWANNA BONNER,PHOENIX MERCURY,"2026-08-16, PHX vs POR",33,23,3,6,4,10,5,5,4,2,6,0,1,0,1,0
401857149,2026,WNBA,ALYSSA THOMAS,PHOENIX MERCURY,"2026-08-16, PHX vs POR",34,17,6,10,1,1,2,2,9,2,11,9,2,0,5,3
401857149,2026,WNBA,NOEMIE BROCHANT,PHOENIX MERCURY,"2026-08-16, PHX vs POR",27,0,0,4,0,1,0,0,2,0,2,2,0,0,2,1
401857149,2026,WNBA,SAMI WHITCOMB,PHOENIX MERCURY,"2026-08-16, PHX vs POR",26,11,2,2,1,8,4,4,1,1,2,4,2,0,1,5
401857149,2026,WNBA,KAHLEAH COPPER,PHOENIX MERCURY,"2026-08-16, PHX vs POR",36,19,4,10,2,4,5,6,7,0,7,1,0,0,0,3
401857149,2026,WNBA,VALERIANE AYAYI,PHOENIX MERCURY,"2026-08-16, PHX vs POR",9,4,1,2,0,2,2,4,1,0,1,0,0,0,1,1
401857149,2026,WNBA,NATASHA MACK,PHOENIX MERCURY,"2026-08-16, PHX vs POR",18,7,3,5,0,0,1,2,3,1,4,1,0,1,1,3
401857149,2026,WNBA,MARTA SUAREZ,PHOENIX MERCURY,"2026-08-16, PHX vs POR",3,1,0,0,0,0,1,2,1,1,2,0,0,0,1,3
401857149,2026,WNBA,LEXI HELD,PHOENIX MERCURY,"2026-08-16, PHX vs POR",14,3,0,1,1,1,0,0,1,0,1,1,0,0,0,1
401857145,2026,WNBA,BREANNA STEWART,NEW YORK LIBERTY,"2026-08-15, CON vs NY",33,11,2,10,1,2,4,4,4,0,4,2,1,1,4,1
401857145,2026,WNBA,JONQUEL JONES,NEW YORK LIBERTY,"2026-08-15, CON vs NY",35,23,6,9,3,7,2,2,9,2,11,2,0,0,3,4
401857145,2026,WNBA,REBECCA ALLEN,NEW YORK LIBERTY,"2026-08-15, CON vs NY",29,6,0,1,2,4,0,0,5,0,5,0,0,0,1,5
401857145,2026,WNBA,MARINE JOHANNES,NEW YORK LIBERTY,"2026-08-15, CON vs NY",31,17,1,1,5,8,0,0,2,0,2,5,1,1,2,2
401857145,2026,WNBA,PAULINE ASTIER,NEW YORK LIBERTY,"2026-08-15, CON vs NY",26,8,4,6,0,2,0,0,0,0,0,4,1,0,1,3
401857145,2026,WNBA,ANNELI MALEY,NEW YORK LIBERTY,"2026-08-15, CON vs NY",8,0,0,2,0,0,0,0,1,1,2,2,0,1,0,1
401857145,2026,WNBA,HAN XU,NEW YORK LIBERTY,"2026-08-15, CON vs NY",13,2,1,2,0,1,0,0,1,0,1,1,0,1,0,2
401857145,2026,WNBA,REBEKAH GARDNER,NEW YORK LIBERTY,"2026-08-15, CON vs NY",15,7,2,3,1,1,0,0,3,0,3,1,0,0,0,2
401857145,2026,WNBA,MARINE FAUTHOUX,NEW YORK LIBERTY,"2026-08-15, CON vs NY",11,8,1,4,1,2,3,5,2,0,2,1,0,0,1,1
401857145,2026,WNBA,DIAMOND MILLER,CONNECTICUT SUN,"2026-08-15, CON vs NY",32,12,1,7,2,6,4,4,7,0,7,3,0,0,0,3
401857145,2026,WNBA,OLIVIA NELSON-ODODA,CONNECTICUT SUN,"2026-08-15, CON vs NY",28,21,7,9,0,0,7,7,7,3,10,0,0,0,0,3
401857145,2026,WNBA,KENNEDY BURKE,CONNECTICUT SUN,"2026-08-15, CON vs NY",21,7,1,2,1,5,2,2,0,1,1,1,2,0,2,0
401857145,2026,WNBA,CHARLISSE LEGER-WALKER,CONNECTICUT SUN,"2026-08-15, CON vs NY",32,14,1,5,4,9,0,0,3,2,5,4,1,2,3,2
401857145,2026,WNBA,LEILA LACAN,CONNECTICUT SUN,"2026-08-15, CON vs NY",31,10,3,6,1,5,1,2,2,1,3,6,0,0,3,2
401857145,2026,WNBA,RAEGAN BEERS,CONNECTICUT SUN,"2026-08-15, CON vs NY",12,2,0,1,0,0,2,2,2,1,3,0,1,1,1,3
401857145,2026,WNBA,NELL ANGLOMA,CONNECTICUT SUN,"2026-08-15, CON vs NY",13,3,1,3,0,0,1,2,1,1,2,1,0,2,0,2
401857145,2026,WNBA,SANIYA RIVERS,CONNECTICUT SUN,"2026-08-15, CON vs NY",21,6,2,5,0,0,2,3,4,0,4,2,0,2,1,2
401857145,2026,WNBA,GIANNA KNEEPKENS,CONNECTICUT SUN,"2026-08-15, CON vs NY",4,0,0,0,0,2,0,0,0,0,0,0,0,0,0,0
401857145,2026,WNBA,ASHLON JACKSON,CONNECTICUT SUN,"2026-08-15, CON vs NY",6,0,0,0,0,2,0,0,0,0,0,0,0,0,0,0
401857146,2026,WNBA,NNEKA OGWUMIKE,LOS ANGELES SPARKS,"2026-08-15, WSH vs LA",30,15,4,8,2,4,1,2,6,1,7,3,4,0,2,0
401857146,2026,WNBA,DEARICA HAMBY,LOS ANGELES SPARKS,"2026-08-15, WSH vs LA",33,11,4,12,0,0,3,4,6,1,7,3,3,0,2,6
401857146,2026,WNBA,ERICA WHEELER,LOS ANGELES SPARKS,"2026-08-15, WSH vs LA",23,6,0,1,2,3,0,0,2,0,2,2,1,0,1,1
401857146,2026,WNBA,ARIEL ATKINS,LOS ANGELES SPARKS,"2026-08-15, WSH vs LA",30,1,0,0,0,7,1,2,2,0,2,3,2,0,2,3
401857146,2026,WNBA,RAE BURRELL,LOS ANGELES SPARKS,"2026-08-15, WSH vs LA",34,20,3,7,3,5,5,5,3,0,3,3,0,1,2,1
401857146,2026,WNBA,EMMA CANNON,LOS ANGELES SPARKS,"2026-08-15, WSH vs LA",11,4,2,3,0,2,0,0,3,1,4,0,0,1,1,2
401857146,2026,WNBA,JIHYUN PARK,LOS ANGELES SPARKS,"2026-08-15, WSH vs LA",9,0,0,0,0,1,0,0,0,0,0,0,1,0,0,0
401857146,2026,WNBA,ALISSA PILI,LOS ANGELES SPARKS,"2026-08-15, WSH vs LA",6,6,0,2,2,2,0,0,1,0,1,0,0,0,2,1
401857146,2026,WNBA,TONIE MORGAN,LOS ANGELES SPARKS,"2026-08-15, WSH vs LA",17,7,2,2,0,0,3,3,0,0,0,6,0,0,2,4
401857146,2026,WNBA,CHANCE GRAY,LOS ANGELES SPARKS,"2026-08-15, WSH vs LA",7,0,0,0,0,2,0,0,1,0,1,0,0,0,0,0
401857146,2026,WNBA,MICHAELA ONYENWERE,WASHINGTON MYSTICS,"2026-08-15, WSH vs LA",15,2,1,3,0,2,0,0,1,0,1,2,1,0,1,1
401857146,2026,WNBA,KIKI IRIAFEN,WASHINGTON MYSTICS,"2026-08-15, WSH vs LA",27,19,9,11,0,1,1,3,6,2,8,3,2,1,0,4
401857146,2026,WNBA,SHAKIRA AUSTIN,WASHINGTON MYSTICS,"2026-08-15, WSH vs LA",31,17,7,12,0,1,3,4,10,1,11,2,0,1,3,0
401857146,2026,WNBA,SONIA CITRON,WASHINGTON MYSTICS,"2026-08-15, WSH vs LA",34,21,4,9,4,5,1,1,3,3,6,8,2,0,2,3
401857146,2026,WNBA,GEORGIA AMOORE,WASHINGTON MYSTICS,"2026-08-15, WSH vs LA",11,0,0,0,0,2,0,0,0,0,0,1,0,0,2,0
401857146,2026,WNBA,LAUREN BETTS,WASHINGTON MYSTICS,"2026-08-15, WSH vs LA",21,8,4,6,0,0,0,0,3,2,5,1,1,2,2,0
401857146,2026,WNBA,BETNIJAH LANEY-HAMILTON,WASHINGTON MYSTICS,"2026-08-15, WSH vs LA",16,0,0,1,0,4,0,0,1,1,2,2,1,0,0,0
401857146,2026,WNBA,COTIE MCMAHON,WASHINGTON MYSTICS,"2026-08-15, WSH vs LA",22,7,3,6,0,3,1,2,8,1,9,2,0,0,0,3
401857146,2026,WNBA,CASSANDRE PROSPER,WASHINGTON MYSTICS,"2026-08-15, WSH vs LA",13,4,1,1,0,1,2,2,0,0,0,2,3,0,0,4
401857146,2026,WNBA,ALICIA FLOREZ,WASHINGTON MYSTICS,"2026-08-15, WSH vs LA",8,2,1,2,0,2,0,0,0,1,1,0,0,0,2,2
401857147,2026,WNBA,NATASHA HOWARD,MINNESOTA LYNX,"2026-08-15, LV vs MIN",36,13,6,11,0,1,1,1,7,4,11,1,0,0,1,4
401857147,2026,WNBA,NAPHEESA COLLIER,MINNESOTA LYNX,"2026-08-15, LV vs MIN",25,19,4,8,2,3,5,6,6,0,6,2,1,0,1,5
401857147,2026,WNBA,KAYLA MCBRIDE,MINNESOTA LYNX,"2026-08-15, LV vs MIN",33,13,1,1,2,5,5,5,2,1,3,1,4,0,1,3
401857147,2026,WNBA,COURTNEY WILLIAMS,MINNESOTA LYNX,"2026-08-15, LV vs MIN",29,12,5,11,0,3,2,2,1,1,2,1,2,0,4,3
401857147,2026,WNBA,OLIVIA MILES,MINNESOTA LYNX,"2026-08-15, LV vs MIN",34,23,5,7,3,8,4,4,4,0,4,8,1,0,5,2
401857147,2026,WNBA,NIA COFFEY,MINNESOTA LYNX,"2026-08-15, LV vs MIN",27,12,0,0,4,5,0,0,3,1,4,1,1,1,1,3
401857147,2026,WNBA,DORKA JUHASZ,MINNESOTA LYNX,"2026-08-15, LV vs MIN",5,0,0,0,0,1,0,0,1,0,1,0,0,0,2,2
401857147,2026,WNBA,MAYA CALDWELL,MINNESOTA LYNX,"2026-08-15, LV vs MIN",10,0,0,0,0,0,0,0,1,0,1,0,0,0,0,0
401857147,2026,WNBA,STEPHANIE TALBOT,LAS VEGAS ACES,"2026-08-15, LV vs MIN",10,2,1,1,0,2,0,0,1,0,1,0,1,1,0,2
401857147,2026,WNBA,NALYSSA SMITH,LAS VEGAS ACES,"2026-08-15, LV vs MIN",30,17,7,13,0,0,3,4,3,9,12,1,1,0,1,1
401857147,2026,WNBA,A'JA WILSON,LAS VEGAS ACES,"2026-08-15, LV vs MIN",34,32,9,12,1,3,11,12,6,1,7,1,2,1,1,2
401857147,2026,WNBA,CHELSEA GRAY,LAS VEGAS ACES,"2026-08-15, LV vs MIN",34,12,3,9,2,6,0,0,2,1,3,9,1,0,3,1
401857147,2026,WNBA,JACKIE YOUNG,LAS VEGAS ACES,"2026-08-15, LV vs MIN",33,8,1,4,2,7,0,0,1,0,1,9,1,0,6,3
401857147,2026,WNBA,BRIANNA TURNER,LAS VEGAS ACES,"2026-08-15, LV vs MIN",14,0,0,0,0,0,0,0,2,0,2,0,0,0,0,1
401857147,2026,WNBA,JEWELL LOYD,LAS VEGAS ACES,"2026-08-15, LV vs MIN",28,10,1,2,2,7,2,2,2,1,3,0,0,0,2,3
401857147,2026,WNBA,MAI YAMAMOTO,LAS VEGAS ACES,"2026-08-15, LV vs MIN",17,6,0,0,2,3,0,0,0,0,0,0,1,0,0,1
401857143,2026,WNBA,ALANNA SMITH,DALLAS WINGS,"2026-08-14, IND vs DAL",35,8,4,7,0,4,0,0,5,2,7,2,1,1,2,3
401857143,2026,WNBA,AWAK KUIER,DALLAS WINGS,"2026-08-14, IND vs DAL",28,8,1,2,1,4,3,4,5,1,6,4,0,3,2,3
401857143,2026,WNBA,ODYSSEY SIMS,DALLAS WINGS,"2026-08-14, IND vs DAL",23,11,0,1,3,6,2,2,1,1,2,2,0,0,2,2
401857143,2026,WNBA,ARIKE OGUNBOWALE,DALLAS WINGS,"2026-08-14, IND vs DAL",30,20,7,11,0,5,6,7,3,3,6,1,0,0,2,4
401857143,2026,WNBA,PAIGE BUECKERS,DALLAS WINGS,"2026-08-14, IND vs DAL",37,29,9,15,2,6,5,5,4,2,6,6,2,0,2,2
401857143,2026,WNBA,ALYSHA CLARK,DALLAS WINGS,"2026-08-14, IND vs DAL",25,4,1,1,0,2,2,2,1,1,2,1,0,1,0,4
401857143,2026,WNBA,MADDY SIEGRIST,DALLAS WINGS,"2026-08-14, IND vs DAL",13,5,1,3,1,2,0,0,0,1,1,2,0,1,0,1
401857143,2026,WNBA,LI YUERU,DALLAS WINGS,"2026-08-14, IND vs DAL",4,0,0,2,0,0,0,0,0,0,0,0,0,0,0,0
401857143,2026,WNBA,SUG SUTTON,DALLAS WINGS,"2026-08-14, IND vs DAL",5,0,0,0,0,0,0,0,0,0,0,0,0,0,0,0
401857143,2026,WNBA,HALEY JONES,DALLAS WINGS,"2026-08-14, IND vs DAL",1,2,1,1,0,0,0,0,1,0,1,0,0,0,0,0
401857143,2026,WNBA,MAKAYLA TIMPSON,INDIANA FEVER,"2026-08-14, IND vs DAL",24,6,3,7,0,0,0,0,3,1,4,1,1,0,3,2
401857143,2026,WNBA,ALIYAH BOSTON,INDIANA FEVER,"2026-08-14, IND vs DAL",29,16,7,12,0,1,2,2,5,5,10,1,1,1,3,4
401857143,2026,WNBA,KELSEY MITCHELL,INDIANA FEVER,"2026-08-14, IND vs DAL",36,23,8,14,1,7,4,5,1,1,2,2,0,0,1,1
401857143,2026,WNBA,LEXIE HULL,INDIANA FEVER,"2026-08-14, IND vs DAL",12,0,0,2,0,0,0,0,2,0,2,0,0,0,0,3
401857143,2026,WNBA,CAITLIN CLARK,INDIANA FEVER,"2026-08-14, IND vs DAL",34,29,9,10,2,8,5,6,3,0,3,10,1,0,1,5
401857143,2026,WNBA,MYISHA HINES-ALLEN,INDIANA FEVER,"2026-08-14, IND vs DAL",12,2,1,1,0,0,0,0,3,0,3,0,0,1,0,2
401857143,2026,WNBA,MONIQUE BILLINGS,INDIANA FEVER,"2026-08-14, IND vs DAL",14,2,1,1,0,0,0,0,6,1,7,0,0,0,1,0
401857143,2026,WNBA,GRACE VANSLOOTEN,INDIANA FEVER,"2026-08-14, IND vs DAL",1,0,0,0,0,0,0,0,0,0,0,0,0,0,0,0
401857143,2026,WNBA,SOPHIE CUNNINGHAM,INDIANA FEVER,"2026-08-14, IND vs DAL",20,5,1,2,1,3,0,0,1,0,1,0,0,0,0,3
401857143,2026,WNBA,TYASHA HARRIS,INDIANA FEVER,"2026-08-14, IND vs DAL",17,15,0,0,5,5,0,0,1,1,2,0,1,0,0,1
401857143,2026,WNBA,RAVEN JOHNSON,INDIANA FEVER,"2026-08-14, IND vs DAL",1,0,0,1,0,0,0,0,0,0,0,0,0,0,0,0
401857144,2026,WNBA,BRIDGET CARLETON,PORTLAND FIRE,"2026-08-14, SEA vs POR",29,14,1,3,4,10,0,0,7,2,9,2,0,0,0,3
401857144,2026,WNBA,EMILY ENGSTLER,PORTLAND FIRE,"2026-08-14, SEA vs POR",27,9,4,8,0,4,1,1,5,0,5,2,0,1,0,0
401857144,2026,WNBA,NYADIEW PUOCH,PORTLAND FIRE,"2026-08-14, SEA vs POR",15,2,1,2,0,2,0,0,2,1,3,1,2,0,0,4
401857144,2026,WNBA,MEGAN DILEO,PORTLAND FIRE,"2026-08-14, SEA vs POR",28,14,2,3,2,5,4,7,4,5,9,1,0,0,4,3
401857144,2026,WNBA,CARLA LEITE,PORTLAND FIRE,"2026-08-14, SEA vs POR",27,14,3,4,2,3,2,4,3,0,3,6,1,1,5,2
401857144,2026,WNBA,FRIEDA BUHNER,PORTLAND FIRE,"2026-08-14, SEA vs POR",13,8,1,3,2,3,0,0,1,1,2,0,0,0,1,1
401857144,2026,WNBA,SERAH WILLIAMS,PORTLAND FIRE,"2026-08-14, SEA vs POR",12,0,0,1,0,0,0,2,2,0,2,1,0,2,0,1
401857144,2026,WNBA,KARLIE SAMUELSON,PORTLAND FIRE,"2026-08-14, SEA vs POR",15,3,0,0,1,3,0,0,2,0,2,1,2,0,0,2
401857144,2026,WNBA,HOLLY WINTERBURN,PORTLAND FIRE,"2026-08-14, SEA vs POR",21,20,7,9,1,5,3,3,5,2,7,5,3,0,2,2
401857144,2026,WNBA,TEJA OBLAK,PORTLAND FIRE,"2026-08-14, SEA vs POR",13,0,0,2,0,2,0,0,1,0,1,3,0,0,2,0
401857144,2026,WNBA,EZI MAGBEGOR,SEATTLE STORM,"2026-08-14, SEA vs POR",27,13,2,8,2,4,3,3,8,0,8,3,1,1,0,5
401857144,2026,WNBA,JORDAN HORSTON,SEATTLE STORM,"2026-08-14, SEA vs POR",25,12,1,4,3,9,1,2,7,4,11,2,1,0,0,1
401857144,2026,WNBA,DOMINIQUE MALONGA,SEATTLE STORM,"2026-08-14, SEA vs POR",23,9,3,12,0,3,3,4,7,5,12,5,0,2,1,2
401857144,2026,WNBA,NATISHA HIEDEMAN,SEATTLE STORM,"2026-08-14, SEA vs POR",32,9,2,6,1,3,2,3,2,1,3,5,1,0,2,1
401857144,2026,WNBA,JADE MELBOURNE,SEATTLE STORM,"2026-08-14, SEA vs POR",34,12,1,7,3,5,1,1,1,0,1,2,1,1,3,4
401857144,2026,WNBA,KATIE LOU SAMUELSON,SEATTLE STORM,"2026-08-14, SEA vs POR",12,3,0,0,1,3,0,0,0,1,1,0,0,0,1,1
401857144,2026,WNBA,TAYLOR THIERRY,SEATTLE STORM,"2026-08-14, SEA vs POR",2,0,0,0,0,1,0,0,0,0,0,0,0,0,1,0
401857144,2026,WNBA,STEFANIE DOLSON,SEATTLE STORM,"2026-08-14, SEA vs POR",9,0,0,0,0,1,0,0,0,0,0,1,0,0,1,2
401857144,2026,WNBA,AWA FAM,SEATTLE STORM,"2026-08-14, SEA vs POR",22,20,3,4,4,8,2,2,6,3,9,0,1,0,1,1
401857144,2026,WNBA,ZIA COOKE,SEATTLE STORM,"2026-08-14, SEA vs POR",14,4,1,1,0,2,2,2,0,0,0,0,0,0,1,0
401857140,2026,WNBA,NAZ HILLMON,ATLANTA DREAM,"2026-08-13, CON vs ATL",24,8,1,2,2,4,0,0,6,1,7,3,1,1,1,4
401857140,2026,WNBA,ANGEL REESE,ATLANTA DREAM,"2026-08-13, CON vs ATL",28,8,3,11,0,2,2,4,10,5,15,1,3,4,2,3
401857140,2026,WNBA,ALLISHA GRAY,ATLANTA DREAM,"2026-08-13, CON vs ATL",28,29,4,8,4,5,9,10,2,1,3,3,0,0,2,3
401857140,2026,WNBA,JORDIN CANADA,ATLANTA DREAM,"2026-08-13, CON vs ATL",27,9,2,6,1,3,2,2,2,0,2,4,1,0,2,1
401857140,2026,WNBA,RHYNE HOWARD,ATLANTA DREAM,"2026-08-13, CON vs ATL",29,29,2,2,5,8,10,11,5,0,5,4,3,1,0,1
401857140,2026,WNBA,BRIONNA JONES,ATLANTA DREAM,"2026-08-13, CON vs ATL",5,0,0,1,0,0,0,0,0,1,1,1,0,1,0,0
401857140,2026,WNBA,SIKA KONE,ATLANTA DREAM,"2026-08-13, CON vs ATL",6,0,0,0,0,1,0,0,1,0,1,0,0,0,0,2
401857140,2026,WNBA,MADINA OKOT,ATLANTA DREAM,"2026-08-13, CON vs ATL",16,4,2,5,0,0,0,0,5,2,7,0,0,0,2,3
401857140,2026,WNBA,SHATORI WALKER-KIMBROUGH,ATLANTA DREAM,"2026-08-13, CON vs ATL",6,2,0,0,0,0,2,2,0,0,0,0,0,0,0,0
401857140,2026,WNBA,JAYLYN SHERROD,ATLANTA DREAM,"2026-08-13, CON vs ATL",12,4,1,3,0,0,2,2,2,0,2,2,0,1,0,4
401857140,2026,WNBA,AALIYAH NYE,ATLANTA DREAM,"2026-08-13, CON vs ATL",7,6,0,0,1,2,3,3,2,0,2,1,0,1,0,0
401857140,2026,WNBA,ISOBEL BORLASE,ATLANTA DREAM,"2026-08-13, CON vs ATL",12,5,0,3,1,1,2,2,0,0,0,0,0,0,1,1
401857140,2026,WNBA,DIAMOND MILLER,CONNECTICUT SUN,"2026-08-13, CON vs ATL",10,1,0,2,0,1,1,2,1,0,1,2,1,0,0,4
401857140,2026,WNBA,BRITTNEY GRINER,CONNECTICUT SUN,"2026-08-13, CON vs ATL",19,7,2,8,1,1,0,0,5,3,8,0,0,2,1,2
401857140,2026,WNBA,OLIVIA NELSON-ODODA,CONNECTICUT SUN,"2026-08-13, CON vs ATL",17,3,1,5,0,0,1,2,3,1,4,0,0,0,0,1
401857140,2026,WNBA,CHARLISSE LEGER-WALKER,CONNECTICUT SUN,"2026-08-13, CON vs ATL",18,8,1,2,2,4,0,0,0,0,0,1,0,0,1,1
401857140,2026,WNBA,LEILA LACAN,CONNECTICUT SUN,"2026-08-13, CON vs ATL",20,6,0,1,2,2,0,0,1,0,1,4,0,3,4,1
401857140,2026,WNBA,AALIYAH EDWARDS,CONNECTICUT SUN,"2026-08-13, CON vs ATL",17,15,5,9,0,0,5,5,2,2,4,1,1,1,1,3
401857140,2026,WNBA,RAEGAN BEERS,CONNECTICUT SUN,"2026-08-13, CON vs ATL",9,0,0,2,0,0,0,0,4,1,5,0,0,0,0,1
401857140,2026,WNBA,NELL ANGLOMA,CONNECTICUT SUN,"2026-08-13, CON vs ATL",18,6,1,3,0,2,4,4,0,4,4,2,0,0,1,4
401857140,2026,WNBA,RAYAH MARSHALL,CONNECTICUT SUN,"2026-08-13, CON vs ATL",6,1,0,3,0,0,1,2,0,1,1,0,0,0,1,0
401857140,2026,WNBA,KENNEDY BURKE,CONNECTICUT SUN,"2026-08-13, CON vs ATL",18,7,0,3,1,2,4,4,3,0,3,0,1,1,1,2
401857140,2026,WNBA,HAILEY VAN LITH,CONNECTICUT SUN,"2026-08-13, CON vs ATL",14,2,0,3,0,2,2,2,1,0,1,2,1,0,0,0
401857140,2026,WNBA,SANIYA RIVERS,CONNECTICUT SUN,"2026-08-13, CON vs ATL",20,3,1,6,0,2,1,4,1,0,1,2,2,0,0,3
401857140,2026,WNBA,GIANNA KNEEPKENS,CONNECTICUT SUN,"2026-08-13, CON vs ATL",14,10,2,3,2,4,0,0,2,1,3,1,0,1,0,3
401857141,2026,WNBA,NNEKA OGWUMIKE,LOS ANGELES SPARKS,"2026-08-13, NY vs LA",31,10,4,9,0,2,2,3,8,3,11,4,1,0,1,4
401857141,2026,WNBA,DEARICA HAMBY,LOS ANGELES SPARKS,"2026-08-13, NY vs LA",30,16,7,11,0,0,2,5,2,2,4,3,1,0,0,3
401857141,2026,WNBA,ERICA WHEELER,LOS ANGELES SPARKS,"2026-08-13, NY vs LA",29,6,3,4,0,4,0,0,4,0,4,6,0,0,4,3
401857141,2026,WNBA,ARIEL ATKINS,LOS ANGELES SPARKS,"2026-08-13, NY vs LA",28,3,0,2,1,3,0,0,2,2,4,2,3,1,2,5
401857141,2026,WNBA,RAE BURRELL,LOS ANGELES SPARKS,"2026-08-13, NY vs LA",33,28,5,9,5,10,3,5,2,1,3,3,1,1,4,0
401857141,2026,WNBA,CAMERON BRINK,LOS ANGELES SPARKS,"2026-08-13, NY vs LA",19,9,3,3,1,3,0,0,6,1,7,2,1,3,2,3
401857141,2026,WNBA,JIHYUN PARK,LOS ANGELES SPARKS,"2026-08-13, NY vs LA",10,3,0,0,1,2,0,0,0,0,0,1,0,0,0,2
401857141,2026,WNBA,KIANA WILLIAMS,LOS ANGELES SPARKS,"2026-08-13, NY vs LA",8,0,0,0,0,2,0,0,2,0,2,0,0,0,1,0
401857141,2026,WNBA,CHANCE GRAY,LOS ANGELES SPARKS,"2026-08-13, NY vs LA",12,6,0,0,2,4,0,0,1,0,1,1,0,0,0,0
401857141,2026,WNBA,BREANNA STEWART,NEW YORK LIBERTY,"2026-08-13, NY vs LA",31,11,5,10,0,3,1,2,5,1,6,5,2,0,2,2
401857141,2026,WNBA,JONQUEL JONES,NEW YORK LIBERTY,"2026-08-13, NY vs LA",33,11,5,9,0,1,1,2,12,6,18,4,1,1,1,1
401857141,2026,WNBA,REBECCA ALLEN,NEW YORK LIBERTY,"2026-08-13, NY vs LA",26,13,2,5,3,5,0,0,1,0,1,1,2,0,0,3
401857141,2026,WNBA,SABRINA IONESCU,NEW YORK LIBERTY,"2026-08-13, NY vs LA",33,20,5,8,1,9,7,9,2,1,3,4,2,0,4,3
401857141,2026,WNBA,PAULINE ASTIER,NEW YORK LIBERTY,"2026-08-13, NY vs LA",17,7,3,4,0,1,1,1,2,0,2,5,2,0,2,5
401857141,2026,WNBA,HAN XU,NEW YORK LIBERTY,"2026-08-13, NY vs LA",16,9,2,6,1,2,2,2,2,2,4,0,0,0,0,1
401857141,2026,WNBA,REBEKAH GARDNER,NEW YORK LIBERTY,"2026-08-13, NY vs LA",13,4,2,5,0,1,0,0,1,2,3,2,1,0,0,1
401857141,2026,WNBA,MARINE JOHANNES,NEW YORK LIBERTY,"2026-08-13, NY vs LA",22,10,1,3,2,5,2,2,1,1,2,1,2,0,0,1
401857141,2026,WNBA,MARINE FAUTHOUX,NEW YORK LIBERTY,"2026-08-13, NY vs LA",10,0,0,0,0,0,0,0,1,1,2,0,0,0,2,1
401857142,2026,WNBA,MICHAELA ONYENWERE,WASHINGTON MYSTICS,"2026-08-13, LV vs WSH",23,5,1,3,1,3,0,0,4,1,5,3,1,0,0,4
401857142,2026,WNBA,KIKI IRIAFEN,WASHINGTON MYSTICS,"2026-08-13, LV vs WSH",27,5,2,5,0,0,1,4,5,2,7,0,1,0,3,5
401857142,2026,WNBA,SHAKIRA AUSTIN,WASHINGTON MYSTICS,"2026-08-13, LV vs WSH",30,29,11,18,1,2,4,5,6,2,8,0,1,1,4,4
401857142,2026,WNBA,SONIA CITRON,WASHINGTON MYSTICS,"2026-08-13, LV vs WSH",34,17,7,10,1,4,0,0,3,0,3,8,1,0,3,4
401857142,2026,WNBA,GEORGIA AMOORE,WASHINGTON MYSTICS,"2026-08-13, LV vs WSH",26,3,0,3,1,4,0,0,1,0,1,1,0,0,2,2
401857142,2026,WNBA,ANGELA DUGALIC,WASHINGTON MYSTICS,"2026-08-13, LV vs WSH",4,0,0,0,0,0,0,0,1,0,1,0,0,0,0,0
401857142,2026,WNBA,LAUREN BETTS,WASHINGTON MYSTICS,"2026-08-13, LV vs WSH",19,4,2,3,0,0,0,1,4,2,6,1,1,0,2,1
401857142,2026,WNBA,BETNIJAH LANEY-HAMILTON,WASHINGTON MYSTICS,"2026-08-13, LV vs WSH",16,3,0,2,1,1,0,0,1,0,1,2,0,0,0,1
401857142,2026,WNBA,COTIE MCMAHON,WASHINGTON MYSTICS,"2026-08-13, LV vs WSH",15,5,1,1,0,0,3,6,3,0,3,1,0,0,1,0
401857142,2026,WNBA,CASSANDRE PROSPER,WASHINGTON MYSTICS,"2026-08-13, LV vs WSH",1,0,0,0,0,0,0,0,0,0,0,0,0,0,0,0
401857142,2026,WNBA,ALICIA FLOREZ,WASHINGTON MYSTICS,"2026-08-13, LV vs WSH",4,5,1,1,1,1,0,0,0,0,0,0,0,0,0,0
401857142,2026,WNBA,STEPHANIE TALBOT,LAS VEGAS ACES,"2026-08-13, LV vs WSH",16,5,1,1,1,1,0,0,2,0,2,0,0,1,0,1
401857142,2026,WNBA,NALYSSA SMITH,LAS VEGAS ACES,"2026-08-13, LV vs WSH",29,6,2,3,0,0,2,2,5,3,8,0,1,0,1,3
401857142,2026,WNBA,A'JA WILSON,LAS VEGAS ACES,"2026-08-13, LV vs WSH",35,15,4,10,1,4,4,5,6,0,6,4,0,2,3,3
401857142,2026,WNBA,CHELSEA GRAY,LAS VEGAS ACES,"2026-08-13, LV vs WSH",29,4,1,7,0,3,2,2,3,1,4,5,1,0,2,4
401857142,2026,WNBA,JACKIE YOUNG,LAS VEGAS ACES,"2026-08-13, LV vs WSH",35,32,5,6,5,8,7,8,2,0,2,5,0,0,1,1
401857142,2026,WNBA,BRIANNA TURNER,LAS VEGAS ACES,"2026-08-13, LV vs WSH",17,2,1,1,0,0,0,0,2,0,2,1,0,0,3,3
401857142,2026,WNBA,JEWELL LOYD,LAS VEGAS ACES,"2026-08-13, LV vs WSH",24,13,0,2,3,7,4,4,2,0,2,3,1,1,2,5
401857142,2026,WNBA,TA'NIYA LATSON,LAS VEGAS ACES,"2026-08-13, LV vs WSH",3,0,0,1,0,1,0,0,0,0,0,0,0,0,0,0
401857142,2026,WNBA,MAI YAMAMOTO,LAS VEGAS ACES,"2026-08-13, LV vs WSH",13,6,0,3,0,1,6,6,1,0,1,1,0,0,0,1
401857137,2026,WNBA,ISABELLE HARRISON,TORONTO TEMPO,"2026-08-12, DAL vs TOR",30,4,2,5,0,3,0,1,7,3,10,5,1,2,4,3
401857137,2026,WNBA,NYARA SABALLY,TORONTO TEMPO,"2026-08-12, DAL vs TOR",17,6,3,6,0,1,0,0,3,4,7,1,0,0,3,0
401857137,2026,WNBA,LAURA JUSKAITE,TORONTO TEMPO,"2026-08-12, DAL vs TOR",32,18,7,12,1,5,1,1,4,3,7,0,3,0,2,3
401857137,2026,WNBA,MARINA MABREY,TORONTO TEMPO,"2026-08-12, DAL vs TOR",31,23,4,6,3,9,6,7,2,0,2,4,0,1,2,3
401857137,2026,WNBA,KIKI RICE,TORONTO TEMPO,"2026-08-12, DAL vs TOR",31,13,5,9,0,2,3,3,2,1,3,5,2,0,1,5
401857137,2026,WNBA,ANEESAH MORROW,TORONTO TEMPO,"2026-08-12, DAL vs TOR",22,8,1,3,0,1,6,6,4,2,6,2,0,1,2,4
401857137,2026,WNBA,TEMI FAGBENLE,TORONTO TEMPO,"2026-08-12, DAL vs TOR",10,0,0,2,0,0,0,0,1,1,2,1,0,0,0,1
401857137,2026,WNBA,KIA NURSE,TORONTO TEMPO,"2026-08-12, DAL vs TOR",22,16,2,3,4,8,0,0,0,0,0,1,0,0,1,2
401857137,2026,WNBA,ORNELLA BANKOLE,TORONTO TEMPO,"2026-08-12, DAL vs TOR",5,0,0,0,0,1,0,0,0,0,0,0,0,0,1,2
401857137,2026,WNBA,ALANNA SMITH,DALLAS WINGS,"2026-08-12, DAL vs TOR",33,13,3,3,2,4,1,2,8,3,11,4,1,1,1,1
401857137,2026,WNBA,AWAK KUIER,DALLAS WINGS,"2026-08-12, DAL vs TOR",25,14,4,6,2,3,0,0,2,2,4,1,1,1,0,1
401857137,2026,WNBA,ODYSSEY SIMS,DALLAS WINGS,"2026-08-12, DAL vs TOR",30,9,1,6,2,4,1,2,3,0,3,2,2,0,2,3
401857137,2026,WNBA,ARIKE OGUNBOWALE,DALLAS WINGS,"2026-08-12, DAL vs TOR",35,21,4,7,0,5,13,14,2,0,2,5,1,0,5,3
401857137,2026,WNBA,PAIGE BUECKERS,DALLAS WINGS,"2026-08-12, DAL vs TOR",34,22,6,13,1,5,7,7,3,0,3,8,3,0,1,4
401857137,2026,WNBA,ALYSHA CLARK,DALLAS WINGS,"2026-08-12, DAL vs TOR",16,6,1,2,1,1,1,1,0,0,0,0,0,0,0,2
401857137,2026,WNBA,MADDY SIEGRIST,DALLAS WINGS,"2026-08-12, DAL vs TOR",13,7,2,4,1,2,0,0,2,2,4,3,1,2,0,3
401857137,2026,WNBA,AZIAHA JAMES,DALLAS WINGS,"2026-08-12, DAL vs TOR",12,2,1,3,0,2,0,0,3,0,3,1,0,1,0,4
401857138,2026,WNBA,AZURA STEVENS,CHICAGO SKY,"2026-08-12, GS vs CHI",17,4,2,2,0,2,0,0,3,0,3,1,0,0,3,0
401857138,2026,WNBA,KAMILLA CARDOSO,CHICAGO SKY,"2026-08-12, GS vs CHI",22,20,7,13,0,0,6,8,3,3,6,1,1,1,0,4
401857138,2026,WNBA,COURTNEY VANDERSLOOT,CHICAGO SKY,"2026-08-12, GS vs CHI",15,6,3,5,0,2,0,0,3,0,3,4,0,0,2,0
401857138,2026,WNBA,NATASHA CLOUD,CHICAGO SKY,"2026-08-12, GS vs CHI",31,9,3,6,0,2,3,3,4,0,4,9,1,0,2,2
401857138,2026,WNBA,JACY SHELDON,CHICAGO SKY,"2026-08-12, GS vs CHI",25,8,1,2,2,4,0,0,1,1,2,0,4,0,2,4
401857138,2026,WNBA,ELIZABETH WILLIAMS,CHICAGO SKY,"2026-08-12, GS vs CHI",12,0,0,2,0,0,0,0,1,1,2,3,0,0,1,1
401857138,2026,WNBA,RACHEL BANHAM,CHICAGO SKY,"2026-08-12, GS vs CHI",20,11,1,2,3,7,0,0,4,0,4,0,1,1,1,2
401857138,2026,WNBA,DIJONAI CARRINGTON,CHICAGO SKY,"2026-08-12, GS vs CHI",24,3,1,8,0,1,1,2,2,1,3,1,1,0,3,3
401857138,2026,WNBA,AICHA COULIBALY,CHICAGO SKY,"2026-08-12, GS vs CHI",20,8,2,2,1,1,1,2,1,0,1,0,2,0,1,1
401857138,2026,WNBA,GABRIELA JAQUEZ,CHICAGO SKY,"2026-08-12, GS vs CHI",13,2,1,2,0,0,0,0,0,1,1,0,0,0,2,1
401857138,2026,WNBA,KAYLA THORNTON,GOLDEN STATE VALKYRIES,"2026-08-12, GS vs CHI",19,3,1,3,0,1,1,1,1,0,1,0,0,0,0,1
401857138,2026,WNBA,GABBY WILLIAMS,GOLDEN STATE VALKYRIES,"2026-08-12, GS vs CHI",23,13,5,8,0,2,3,5,2,1,3,3,3,0,2,3
401857138,2026,WNBA,CECILIA ZANDALASINI,GOLDEN STATE VALKYRIES,"2026-08-12, GS vs CHI",30,12,3,7,1,3,3,4,4,0,4,1,3,2,1,4
401857138,2026,WNBA,LAETICIA AMIHERE,GOLDEN STATE VALKYRIES,"2026-08-12, GS vs CHI",15,2,1,2,0,0,0,0,1,0,1,1,1,0,1,1
401857138,2026,WNBA,VERONICA BURTON,GOLDEN STATE VALKYRIES,"2026-08-12, GS vs CHI",26,13,2,3,3,6,0,0,4,2,6,2,1,0,2,1
401857138,2026,WNBA,ASHTEN PRECHTEL,GOLDEN STATE VALKYRIES,"2026-08-12, GS vs CHI",18,3,0,1,0,1,3,3,2,1,3,2,1,0,2,5
401857138,2026,WNBA,NADIA FINGALL,GOLDEN STATE VALKYRIES,"2026-08-12, GS vs CHI",2,0,0,0,0,0,0,0,0,0,0,1,0,0,0,0
401857138,2026,WNBA,TIFFANY HAYES,GOLDEN STATE VALKYRIES,"2026-08-12, GS vs CHI",17,22,7,9,1,2,5,7,5,1,6,5,3,1,2,0
401857138,2026,WNBA,KAILA CHARLES,GOLDEN STATE VALKYRIES,"2026-08-12, GS vs CHI",25,15,5,8,1,4,2,2,2,3,5,2,3,0,1,0
401857138,2026,WNBA,KAITLYN CHEN,GOLDEN STATE VALKYRIES,"2026-08-12, GS vs CHI",21,6,0,1,2,2,0,0,1,0,1,0,1,0,2,0
401857138,2026,WNBA,JUSTE JOCYTE,GOLDEN STATE VALKYRIES,"2026-08-12, GS vs CHI",2,2,0,0,0,0,2,2,0,0,0,0,0,0,0,0
401857139,2026,WNBA,NATASHA HOWARD,MINNESOTA LYNX,"2026-08-12, POR vs MIN",28,14,6,8,0,0,2,4,9,3,12,4,2,0,3,3
401857139,2026,WNBA,NAPHEESA COLLIER,MINNESOTA LYNX,"2026-08-12, POR vs MIN",33,20,7,10,0,1,6,7,8,1,9,2,2,3,3,1
401857139,2026,WNBA,KAYLA MCBRIDE,MINNESOTA LYNX,"2026-08-12, POR vs MIN",32,19,3,3,3,7,4,4,1,0,1,2,4,1,0,1
401857139,2026,WNBA,COURTNEY WILLIAMS,MINNESOTA LYNX,"2026-08-12, POR vs MIN",30,10,3,6,1,3,1,2,1,0,1,4,0,0,1,1
401857139,2026,WNBA,OLIVIA MILES,MINNESOTA LYNX,"2026-08-12, POR vs MIN",35,13,2,10,1,3,6,7,4,1,5,7,0,1,2,5
401857139,2026,WNBA,NIA COFFEY,MINNESOTA LYNX,"2026-08-12, POR vs MIN",13,2,1,4,0,2,0,0,1,1,2,1,1,0,0,0
401857139,2026,WNBA,DORKA JUHASZ,MINNESOTA LYNX,"2026-08-12, POR vs MIN",7,2,1,1,0,1,0,0,2,0,2,1,0,0,0,0
401857139,2026,WNBA,ANTONIA DELAERE,MINNESOTA LYNX,"2026-08-12, POR vs MIN",8,2,1,1,0,1,0,0,1,0,1,0,0,0,0,1
401857139,2026,WNBA,MAYA CALDWELL,MINNESOTA LYNX,"2026-08-12, POR vs MIN",13,3,0,2,1,1,0,0,1,0,1,1,0,0,1,3
401857139,2026,WNBA,ELISKA JOKLOVA,MINNESOTA LYNX,"2026-08-12, POR vs MIN",2,0,0,0,0,1,0,2,1,0,1,0,0,0,0,1
401857139,2026,WNBA,BRIDGET CARLETON,PORTLAND FIRE,"2026-08-12, POR vs MIN",33,16,5,7,1,7,3,4,5,0,5,2,2,1,2,1
401857139,2026,WNBA,EMILY ENGSTLER,PORTLAND FIRE,"2026-08-12, POR vs MIN",23,8,2,3,1,5,1,2,6,1,7,3,1,2,0,2
401857139,2026,WNBA,NYADIEW PUOCH,PORTLAND FIRE,"2026-08-12, POR vs MIN",23,4,0,2,1,4,1,2,1,0,1,0,1,0,0,4
401857139,2026,WNBA,MEGAN DILEO,PORTLAND FIRE,"2026-08-12, POR vs MIN",23,12,4,8,1,5,1,2,3,4,7,1,0,0,0,2
401857139,2026,WNBA,JORDAN HARRISON,PORTLAND FIRE,"2026-08-12, POR vs MIN",18,6,3,3,0,1,0,2,2,1,3,3,0,0,4,1
401857139,2026,WNBA,FRIEDA BUHNER,PORTLAND FIRE,"2026-08-12, POR vs MIN",17,9,3,4,1,2,0,0,3,1,4,1,0,0,2,0
401857139,2026,WNBA,SERAH WILLIAMS,PORTLAND FIRE,"2026-08-12, POR vs MIN",17,6,3,3,0,0,0,0,3,1,4,1,0,0,3,4
401857139,2026,WNBA,KARLIE SAMUELSON,PORTLAND FIRE,"2026-08-12, POR vs MIN",16,5,0,1,1,3,2,2,0,0,0,1,0,0,0,2
401857139,2026,WNBA,HOLLY WINTERBURN,PORTLAND FIRE,"2026-08-12, POR vs MIN",9,4,2,3,0,1,0,0,1,1,2,0,1,0,1,1
401857139,2026,WNBA,TEJA OBLAK,PORTLAND FIRE,"2026-08-12, POR vs MIN",22,11,2,6,2,3,1,2,4,2,6,9,2,1,2,2
401857134,2026,WNBA,BREANNA STEWART,NEW YORK LIBERTY,"2026-08-11, IND vs NY",30,19,7,16,1,5,2,2,5,2,7,5,1,0,0,2
401857134,2026,WNBA,JONQUEL JONES,NEW YORK LIBERTY,"2026-08-11, IND vs NY",30,14,2,3,3,4,1,1,8,2,10,2,1,3,1,4
401857134,2026,WNBA,REBECCA ALLEN,NEW YORK LIBERTY,"2026-08-11, IND vs NY",24,11,1,1,3,5,0,0,1,1,2,1,0,0,1,1
401857134,2026,WNBA,SABRINA IONESCU,NEW YORK LIBERTY,"2026-08-11, IND vs NY",28,19,6,6,1,5,4,4,3,1,4,5,2,0,5,1
401857134,2026,WNBA,PAULINE ASTIER,NEW YORK LIBERTY,"2026-08-11, IND vs NY",18,3,0,3,0,0,3,4,2,1,3,3,0,0,1,3
401857134,2026,WNBA,RAQUEL CARRERA,NEW YORK LIBERTY,"2026-08-11, IND vs NY",4,0,0,0,0,1,0,0,1,0,1,0,0,0,0,1
401857134,2026,WNBA,HAN XU,NEW YORK LIBERTY,"2026-08-11, IND vs NY",17,7,3,4,0,3,1,2,3,2,5,1,2,1,0,1
401857134,2026,WNBA,REBEKAH GARDNER,NEW YORK LIBERTY,"2026-08-11, IND vs NY",16,6,3,3,0,1,0,0,2,4,6,2,0,1,0,4
401857134,2026,WNBA,MARINE JOHANNES,NEW YORK LIBERTY,"2026-08-11, IND vs NY",18,8,1,1,2,9,0,0,0,0,0,1,1,0,1,0
401857134,2026,WNBA,MARINE FAUTHOUX,NEW YORK LIBERTY,"2026-08-11, IND vs NY",16,5,1,3,1,3,0,0,1,0,1,3,0,0,4,1
401857134,2026,WNBA,MAKAYLA TIMPSON,INDIANA FEVER,"2026-08-11, IND vs NY",28,3,1,2,0,0,1,2,7,0,7,0,0,0,3,5
401857134,2026,WNBA,ALIYAH BOSTON,INDIANA FEVER,"2026-08-11, IND vs NY",26,19,4,10,3,5,2,2,5,2,7,4,1,1,1,2
401857134,2026,WNBA,KELSEY MITCHELL,INDIANA FEVER,"2026-08-11, IND vs NY",31,28,7,12,4,4,2,3,2,1,3,3,2,0,2,1
401857134,2026,WNBA,LEXIE HULL,INDIANA FEVER,"2026-08-11, IND vs NY",18,5,1,1,1,1,0,0,0,1,1,1,0,0,0,2
401857134,2026,WNBA,CAITLIN CLARK,INDIANA FEVER,"2026-08-11, IND vs NY",35,22,3,7,4,8,4,4,4,0,4,10,1,0,4,2
401857134,2026,WNBA,MYISHA HINES-ALLEN,INDIANA FEVER,"2026-08-11, IND vs NY",8,2,1,2,0,2,0,0,2,0,2,0,1,1,1,1
401857134,2026,WNBA,MONIQUE BILLINGS,INDIANA FEVER,"2026-08-11, IND vs NY",17,14,4,8,0,0,6,6,1,0,1,1,2,0,0,1
401857134,2026,WNBA,MERCEDES RUSSELL,INDIANA FEVER,"2026-08-11, IND vs NY",1,0,0,0,0,0,0,0,0,0,0,0,0,0,0,0
401857134,2026,WNBA,SOPHIE CUNNINGHAM,INDIANA FEVER,"2026-08-11, IND vs NY",22,12,0,0,4,5,0,0,2,0,2,0,0,1,0,3
401857134,2026,WNBA,TYASHA HARRIS,INDIANA FEVER,"2026-08-11, IND vs NY",11,1,0,1,0,0,1,2,0,0,0,3,0,1,0,0
401857134,2026,WNBA,RAVEN JOHNSON,INDIANA FEVER,"2026-08-11, IND vs NY",3,0,0,1,0,0,0,0,0,0,0,0,0,0,0,0
401857135,2026,WNBA,MICHAELA ONYENWERE,WASHINGTON MYSTICS,"2026-08-11, LV vs WSH",25,2,0,0,0,3,2,2,0,3,3,2,1,0,4,5
401857135,2026,WNBA,KIKI IRIAFEN,WASHINGTON MYSTICS,"2026-08-11, LV vs WSH",34,15,6,11,0,0,3,8,8,5,13,1,0,0,1,1
401857135,2026,WNBA,SHAKIRA AUSTIN,WASHINGTON MYSTICS,"2026-08-11, LV vs WSH",30,20,8,19,0,2,4,4,5,3,8,3,2,1,3,2
401857135,2026,WNBA,SONIA CITRON,WASHINGTON MYSTICS,"2026-08-11, LV vs WSH",33,19,6,11,1,4,4,4,5,2,7,2,0,0,3,2
401857135,2026,WNBA,GEORGIA AMOORE,WASHINGTON MYSTICS,"2026-08-11, LV vs WSH",20,0,0,1,0,2,0,0,0,0,0,4,0,0,1,1
401857135,2026,WNBA,ANGELA DUGALIC,WASHINGTON MYSTICS,"2026-08-11, LV vs WSH",1,5,1,1,1,1,0,0,0,1,1,0,0,0,0,0
401857135,2026,WNBA,LAUREN BETTS,WASHINGTON MYSTICS,"2026-08-11, LV vs WSH",14,4,2,2,0,0,0,0,4,0,4,1,0,1,0,0
401857135,2026,WNBA,BETNIJAH LANEY-HAMILTON,WASHINGTON MYSTICS,"2026-08-11, LV vs WSH",14,6,0,0,2,4,0,0,2,0,2,2,1,0,2,4
401857135,2026,WNBA,COTIE MCMAHON,WASHINGTON MYSTICS,"2026-08-11, LV vs WSH",21,5,1,4,1,2,0,0,2,0,2,3,1,0,1,2
401857135,2026,WNBA,CASSANDRE PROSPER,WASHINGTON MYSTICS,"2026-08-11, LV vs WSH",1,0,0,0,0,0,0,0,0,0,0,0,0,0,0,0
401857135,2026,WNBA,ALICIA FLOREZ,WASHINGTON MYSTICS,"2026-08-11, LV vs WSH",5,0,0,1,0,0,0,0,1,0,1,2,0,0,1,0
401857135,2026,WNBA,STEPHANIE TALBOT,LAS VEGAS ACES,"2026-08-11, LV vs WSH",7,0,0,0,0,0,0,0,0,0,0,0,0,0,0,0
401857135,2026,WNBA,NALYSSA SMITH,LAS VEGAS ACES,"2026-08-11, LV vs WSH",30,11,5,10,0,0,1,2,6,5,11,0,2,0,0,5
401857135,2026,WNBA,A'JA WILSON,LAS VEGAS ACES,"2026-08-11, LV vs WSH",35,26,9,15,1,3,5,5,11,2,13,2,2,4,5,3
401857135,2026,WNBA,CHELSEA GRAY,LAS VEGAS ACES,"2026-08-11, LV vs WSH",35,12,3,7,2,6,0,0,1,1,2,5,1,0,1,1
401857135,2026,WNBA,JACKIE YOUNG,LAS VEGAS ACES,"2026-08-11, LV vs WSH",32,25,3,8,4,9,7,7,2,0,2,8,0,0,0,1
401857135,2026,WNBA,BRIANNA TURNER,LAS VEGAS ACES,"2026-08-11, LV vs WSH",14,0,0,1,0,0,0,0,0,1,1,0,0,0,1,4
401857135,2026,WNBA,JEWELL LOYD,LAS VEGAS ACES,"2026-08-11, LV vs WSH",23,4,2,3,0,2,0,0,0,0,0,2,1,0,1,0
401857135,2026,WNBA,TA'NIYA LATSON,LAS VEGAS ACES,"2026-08-11, LV vs WSH",10,5,1,3,1,1,0,0,1,0,1,2,0,1,0,1
401857135,2026,WNBA,MAI YAMAMOTO,LAS VEGAS ACES,"2026-08-11, LV vs WSH",13,3,0,0,1,2,0,0,0,0,0,1,3,0,0,0
401857136,2026,WNBA,DEWANNA BONNER,PHOENIX MERCURY,"2026-08-11, LA vs PHX",27,11,0,1,2,4,5,6,7,0,7,2,3,3,1,3
401857136,2026,WNBA,ALYSSA THOMAS,PHOENIX MERCURY,"2026-08-11, LA vs PHX",33,16,5,8,0,0,6,7,5,2,7,9,1,1,5,1
401857136,2026,WNBA,NOEMIE BROCHANT,PHOENIX MERCURY,"2026-08-11, LA vs PHX",30,24,7,7,3,6,1,3,3,0,3,3,5,0,3,3
401857136,2026,WNBA,SAMI WHITCOMB,PHOENIX MERCURY,"2026-08-11, LA vs PHX",22,7,0,1,2,5,1,1,3,1,4,3,2,0,1,1
401857136,2026,WNBA,KAHLEAH COPPER,PHOENIX MERCURY,"2026-08-11, LA vs PHX",35,18,6,11,1,5,3,4,3,1,4,1,1,0,8,4
401857136,2026,WNBA,VALERIANE AYAYI,PHOENIX MERCURY,"2026-08-11, LA vs PHX",20,7,0,1,1,3,4,4,3,1,4,1,0,1,3,3
401857136,2026,WNBA,NATASHA MACK,PHOENIX MERCURY,"2026-08-11, LA vs PHX",13,9,4,4,0,0,1,1,4,0,4,1,0,0,0,2
401857136,2026,WNBA,MARTA SUAREZ,PHOENIX MERCURY,"2026-08-11, LA vs PHX",7,0,0,0,0,1,0,0,0,0,0,1,0,0,1,3
401857136,2026,WNBA,LEXI HELD,PHOENIX MERCURY,"2026-08-11, LA vs PHX",13,2,0,2,0,1,2,4,1,2,3,1,0,0,1,3
401857136,2026,WNBA,NNEKA OGWUMIKE,LOS ANGELES SPARKS,"2026-08-11, LA vs PHX",33,18,4,10,2,4,4,4,5,4,9,8,0,0,4,2
401857136,2026,WNBA,DEARICA HAMBY,LOS ANGELES SPARKS,"2026-08-11, LA vs PHX",32,19,8,8,0,0,3,5,4,0,4,2,2,0,4,3
401857136,2026,WNBA,ERICA WHEELER,LOS ANGELES SPARKS,"2026-08-11, LA vs PHX",30,7,2,4,1,7,0,0,3,0,3,5,2,0,3,2
401857136,2026,WNBA,ARIEL ATKINS,LOS ANGELES SPARKS,"2026-08-11, LA vs PHX",32,5,1,2,1,5,0,2,2,2,4,2,4,0,0,5
401857136,2026,WNBA,RAE BURRELL,LOS ANGELES SPARKS,"2026-08-11, LA vs PHX",35,19,6,13,0,8,7,8,2,1,3,6,3,0,1,1
401857136,2026,WNBA,CAMERON BRINK,LOS ANGELES SPARKS,"2026-08-11, LA vs PHX",16,7,3,3,0,3,1,1,4,1,5,1,0,2,2,3
401857136,2026,WNBA,JIHYUN PARK,LOS ANGELES SPARKS,"2026-08-11, LA vs PHX",5,5,1,1,1,2,0,0,0,1,1,0,0,0,0,3
401857136,2026,WNBA,KIANA WILLIAMS,LOS ANGELES SPARKS,"2026-08-11, LA vs PHX",4,0,0,0,0,0,0,0,1,0,1,0,0,0,1,2
401857136,2026,WNBA,TONIE MORGAN,LOS ANGELES SPARKS,"2026-08-11, LA vs PHX",6,3,0,1,1,1,0,0,0,1,1,1,0,0,2,2
401857136,2026,WNBA,CHANCE GRAY,LOS ANGELES SPARKS,"2026-08-11, LA vs PHX",8,4,0,0,1,2,1,2,1,1,2,0,0,0,0,2
401857132,2026,WNBA,MARIA CONDE,TORONTO TEMPO,"2026-08-10, ATL vs TOR",28,2,1,4,0,0,0,0,1,0,1,3,0,0,1,3
401857132,2026,WNBA,NYARA SABALLY,TORONTO TEMPO,"2026-08-10, ATL vs TOR",29,12,4,8,1,4,1,2,9,3,12,3,4,1,5,2
401857132,2026,WNBA,LAURA JUSKAITE,TORONTO TEMPO,"2026-08-10, ATL vs TOR",14,0,0,2,0,1,0,0,1,0,1,0,0,0,2,2
401857132,2026,WNBA,MARINA MABREY,TORONTO TEMPO,"2026-08-10, ATL vs TOR",33,36,5,6,7,13,5,5,0,0,0,3,0,0,1,3
401857132,2026,WNBA,JULIE ALLEMAND,TORONTO TEMPO,"2026-08-10, ATL vs TOR",26,3,0,0,1,2,0,0,2,0,2,2,1,0,3,3
401857132,2026,WNBA,ISABELLE HARRISON,TORONTO TEMPO,"2026-08-10, ATL vs TOR",18,13,5,6,0,1,3,4,2,1,3,2,0,1,1,5
401857132,2026,WNBA,ANEESAH MORROW,TORONTO TEMPO,"2026-08-10, ATL vs TOR",16,11,4,6,0,2,3,5,1,0,1,1,1,1,0,3
401857132,2026,WNBA,TEMI FAGBENLE,TORONTO TEMPO,"2026-08-10, ATL vs TOR",3,0,0,0,0,0,0,0,0,0,0,0,0,0,0,0
401857132,2026,WNBA,KIA NURSE,TORONTO TEMPO,"2026-08-10, ATL vs TOR",3,0,0,0,0,1,0,0,0,0,0,0,0,0,0,0
401857132,2026,WNBA,KIKI RICE,TORONTO TEMPO,"2026-08-10, ATL vs TOR",30,18,6,9,1,2,3,5,4,1,5,6,1,1,0,1
401857132,2026,WNBA,NAZ HILLMON,ATLANTA DREAM,"2026-08-10, ATL vs TOR",29,11,4,4,1,4,0,0,3,2,5,3,1,0,2,2
401857132,2026,WNBA,ANGEL REESE,ATLANTA DREAM,"2026-08-10, ATL vs TOR",29,20,6,11,1,3,5,6,8,6,14,2,1,1,1,3
401857132,2026,WNBA,ALLISHA GRAY,ATLANTA DREAM,"2026-08-10, ATL vs TOR",33,15,4,5,1,3,4,4,2,1,3,5,0,1,0,3
401857132,2026,WNBA,JORDIN CANADA,ATLANTA DREAM,"2026-08-10, ATL vs TOR",36,20,2,4,4,9,4,8,5,1,6,9,1,0,2,2
401857132,2026,WNBA,RHYNE HOWARD,ATLANTA DREAM,"2026-08-10, ATL vs TOR",36,22,1,4,6,11,2,4,4,0,4,7,3,1,0,3
401857132,2026,WNBA,BRIONNA JONES,ATLANTA DREAM,"2026-08-10, ATL vs TOR",20,15,5,5,0,0,5,6,2,1,3,2,1,0,3,4
401857132,2026,WNBA,SIKA KONE,ATLANTA DREAM,"2026-08-10, ATL vs TOR",1,0,0,0,0,0,0,0,0,0,0,0,0,0,0,0
401857132,2026,WNBA,MADINA OKOT,ATLANTA DREAM,"2026-08-10, ATL vs TOR",2,0,0,2,0,0,0,0,0,1,1,0,0,0,2,1
401857132,2026,WNBA,SHATORI WALKER-KIMBROUGH,ATLANTA DREAM,"2026-08-10, ATL vs TOR",1,0,0,0,0,0,0,0,0,0,0,0,0,0,0,0
401857132,2026,WNBA,JAYLYN SHERROD,ATLANTA DREAM,"2026-08-10, ATL vs TOR",3,0,0,1,0,0,0,0,0,0,0,0,0,0,1,2
401857132,2026,WNBA,ISOBEL BORLASE,ATLANTA DREAM,"2026-08-10, ATL vs TOR",11,4,0,2,1,2,1,2,3,0,3,1,0,0,1,0
401857133,2026,WNBA,AZURA STEVENS,CHICAGO SKY,"2026-08-10, SEA vs CHI",24,9,4,6,0,3,1,2,3,5,8,2,0,2,1,5
401857133,2026,WNBA,KAMILLA CARDOSO,CHICAGO SKY,"2026-08-10, SEA vs CHI",27,15,7,12,0,0,1,2,6,7,13,0,0,0,6,3
401857133,2026,WNBA,COURTNEY VANDERSLOOT,CHICAGO SKY,"2026-08-10, SEA vs CHI",26,13,1,4,1,3,8,9,0,0,0,3,0,0,2,3
401857133,2026,WNBA,NATASHA CLOUD,CHICAGO SKY,"2026-08-10, SEA vs CHI",32,7,3,4,0,1,1,2,2,0,2,8,2,0,3,4
401857133,2026,WNBA,JACY SHELDON,CHICAGO SKY,"2026-08-10, SEA vs CHI",19,5,1,1,1,4,0,0,1,0,1,2,1,1,1,3
401857133,2026,WNBA,ELIZABETH WILLIAMS,CHICAGO SKY,"2026-08-10, SEA vs CHI",18,2,1,5,0,0,0,1,1,0,1,1,1,0,0,0
401857133,2026,WNBA,RACHEL BANHAM,CHICAGO SKY,"2026-08-10, SEA vs CHI",12,8,1,1,2,5,0,1,1,0,1,1,0,0,0,2
401857133,2026,WNBA,DIJONAI CARRINGTON,CHICAGO SKY,"2026-08-10, SEA vs CHI",27,26,5,16,2,4,10,10,5,1,6,1,5,0,2,1
401857133,2026,WNBA,AICHA COULIBALY,CHICAGO SKY,"2026-08-10, SEA vs CHI",10,3,1,3,0,0,1,1,3,0,3,0,0,0,0,1
401857133,2026,WNBA,GABRIELA JAQUEZ,CHICAGO SKY,"2026-08-10, SEA vs CHI",4,0,0,0,0,0,0,0,0,0,0,0,0,0,0,0
401857133,2026,WNBA,EZI MAGBEGOR,SEATTLE STORM,"2026-08-10, SEA vs CHI",26,5,2,7,0,1,1,1,3,1,4,3,0,1,4,4
401857133,2026,WNBA,JORDAN HORSTON,SEATTLE STORM,"2026-08-10, SEA vs CHI",23,10,3,5,0,2,4,5,5,1,6,0,2,0,1,4
401857133,2026,WNBA,DOMINIQUE MALONGA,SEATTLE STORM,"2026-08-10, SEA vs CHI",30,26,6,10,3,4,5,7,7,3,10,1,2,3,2,0
401857133,2026,WNBA,NATISHA HIEDEMAN,SEATTLE STORM,"2026-08-10, SEA vs CHI",33,18,3,7,0,3,12,12,2,0,2,9,0,0,0,0
401857133,2026,WNBA,JADE MELBOURNE,SEATTLE STORM,"2026-08-10, SEA vs CHI",21,9,3,6,1,3,0,0,3,0,3,1,1,0,2,6
401857133,2026,WNBA,TAYLOR THIERRY,SEATTLE STORM,"2026-08-10, SEA vs CHI",22,7,1,1,1,2,2,2,2,4,6,3,1,0,0,0
401857133,2026,WNBA,STEFANIE DOLSON,SEATTLE STORM,"2026-08-10, SEA vs CHI",10,6,0,3,2,2,0,0,3,0,3,2,1,0,2,2
401857133,2026,WNBA,AWA FAM,SEATTLE STORM,"2026-08-10, SEA vs CHI",14,0,0,2,0,1,0,0,0,0,0,2,2,0,1,1
401857133,2026,WNBA,ZIA COOKE,SEATTLE STORM,"2026-08-10, SEA vs CHI",21,16,6,9,1,3,1,1,2,0,2,1,0,0,2,3
401857128,2026,WNBA,STEPHANIE TALBOT,LAS VEGAS ACES,"2026-08-09, NY vs LV",21,4,0,1,1,2,1,2,2,0,2,0,1,0,2,0
401857128,2026,WNBA,BRIANNA TURNER,LAS VEGAS ACES,"2026-08-09, NY vs LV",30,4,2,4,0,0,0,0,2,1,3,1,1,1,1,3
401857128,2026,WNBA,NALYSSA SMITH,LAS VEGAS ACES,"2026-08-09, NY vs LV",20,7,3,7,0,1,1,2,4,2,6,4,0,0,1,3
401857128,2026,WNBA,JEWELL LOYD,LAS VEGAS ACES,"2026-08-09, NY vs LV",20,2,0,2,0,2,2,2,0,0,0,1,0,0,1,0
401857128,2026,WNBA,DANA EVANS,LAS VEGAS ACES,"2026-08-09, NY vs LV",14,2,1,2,0,2,0,0,1,0,1,2,0,1,3,0
401857128,2026,WNBA,KIERSTAN BELL,LAS VEGAS ACES,"2026-08-09, NY vs LV",21,5,1,2,1,4,0,0,3,1,4,0,1,0,0,4
401857128,2026,WNBA,TA'NIYA LATSON,LAS VEGAS ACES,"2026-08-09, NY vs LV",24,20,5,7,1,2,7,8,3,1,4,2,1,0,2,2
401857128,2026,WNBA,JUSTINE PISSOTT,LAS VEGAS ACES,"2026-08-09, NY vs LV",25,11,1,6,3,8,0,0,3,0,3,1,1,0,2,4
401857128,2026,WNBA,MAI YAMAMOTO,LAS VEGAS ACES,"2026-08-09, NY vs LV",26,16,2,3,4,8,0,0,1,0,1,6,1,0,2,2
401857128,2026,WNBA,BREANNA STEWART,NEW YORK LIBERTY,"2026-08-09, NY vs LV",23,14,4,10,0,0,6,8,2,2,4,4,1,1,1,0
401857128,2026,WNBA,JONQUEL JONES,NEW YORK LIBERTY,"2026-08-09, NY vs LV",19,15,2,2,3,6,2,2,8,0,8,2,2,0,3,3
401857128,2026,WNBA,REBECCA ALLEN,NEW YORK LIBERTY,"2026-08-09, NY vs LV",22,13,3,3,2,4,1,1,6,2,8,2,2,1,0,1
401857128,2026,WNBA,SABRINA IONESCU,NEW YORK LIBERTY,"2026-08-09, NY vs LV",21,5,1,4,1,6,0,0,2,1,3,2,0,0,2,2
401857128,2026,WNBA,PAULINE ASTIER,NEW YORK LIBERTY,"2026-08-09, NY vs LV",16,6,2,2,0,0,2,2,1,1,2,1,0,0,0,0
401857128,2026,WNBA,RAQUEL CARRERA,NEW YORK LIBERTY,"2026-08-09, NY vs LV",17,4,2,3,0,1,0,0,2,2,4,2,0,0,1,3
401857128,2026,WNBA,HAN XU,NEW YORK LIBERTY,"2026-08-09, NY vs LV",17,14,4,5,1,2,3,3,4,1,5,0,1,1,0,2
401857128,2026,WNBA,REBEKAH GARDNER,NEW YORK LIBERTY,"2026-08-09, NY vs LV",21,11,5,10,0,1,1,1,3,4,7,0,1,1,1,2
401857128,2026,WNBA,MARINE JOHANNES,NEW YORK LIBERTY,"2026-08-09, NY vs LV",22,27,2,2,7,12,2,2,1,0,1,3,1,0,3,0
401857128,2026,WNBA,MARINE FAUTHOUX,NEW YORK LIBERTY,"2026-08-09, NY vs LV",22,2,1,2,0,0,0,2,3,0,3,9,0,0,2,0
401857129,2026,WNBA,DEWANNA BONNER,PHOENIX MERCURY,"2026-08-09, WSH vs PHX",19,10,2,2,2,4,0,0,0,0,0,1,1,0,0,0
401857129,2026,WNBA,ALYSSA THOMAS,PHOENIX MERCURY,"2026-08-09, WSH vs PHX",31,10,5,14,0,1,0,0,8,2,10,6,0,0,3,2
401857129,2026,WNBA,NATASHA MACK,PHOENIX MERCURY,"2026-08-09, WSH vs PHX",23,8,4,6,0,1,0,0,4,3,7,0,1,0,2,3
401857129,2026,WNBA,KAHLEAH COPPER,PHOENIX MERCURY,"2026-08-09, WSH vs PHX",30,15,2,9,2,4,5,5,0,0,0,3,0,0,2,2
401857129,2026,WNBA,KELSEY PLUM,PHOENIX MERCURY,"2026-08-09, WSH vs PHX",14,5,1,2,1,5,0,1,3,0,3,2,0,0,3,1
401857129,2026,WNBA,VALERIANE AYAYI,PHOENIX MERCURY,"2026-08-09, WSH vs PHX",9,1,0,0,0,0,1,2,1,0,1,1,1,0,2,1
401857129,2026,WNBA,MARTA SUAREZ,PHOENIX MERCURY,"2026-08-09, WSH vs PHX",6,0,0,0,0,1,0,0,0,0,0,2,0,0,1,0
401857129,2026,WNBA,NOEMIE BROCHANT,PHOENIX MERCURY,"2026-08-09, WSH vs PHX",21,13,2,3,3,4,0,0,1,1,2,1,0,0,0,2
401857129,2026,WNBA,KYARA LINSKENS,PHOENIX MERCURY,"2026-08-09, WSH vs PHX",17,3,0,2,1,1,0,0,8,0,8,2,1,3,0,1
401857129,2026,WNBA,SAMI WHITCOMB,PHOENIX MERCURY,"2026-08-09, WSH vs PHX",14,3,0,0,1,3,0,0,1,0,1,3,1,0,2,1
401857129,2026,WNBA,LEXI HELD,PHOENIX MERCURY,"2026-08-09, WSH vs PHX",16,7,2,2,1,5,0,0,1,0,1,1,0,0,1,2
401857129,2026,WNBA,MICHAELA ONYENWERE,WASHINGTON MYSTICS,"2026-08-09, WSH vs PHX",25,13,2,2,3,6,0,0,2,0,2,1,0,1,2,2
401857129,2026,WNBA,KIKI IRIAFEN,WASHINGTON MYSTICS,"2026-08-09, WSH vs PHX",24,12,5,12,0,0,2,4,6,3,9,2,1,0,1,2
401857129,2026,WNBA,SHAKIRA AUSTIN,WASHINGTON MYSTICS,"2026-08-09, WSH vs PHX",26,19,7,13,1,3,2,2,9,2,11,3,0,1,0,1
401857129,2026,WNBA,SONIA CITRON,WASHINGTON MYSTICS,"2026-08-09, WSH vs PHX",27,19,2,3,5,6,0,0,3,1,4,6,2,1,1,1
401857129,2026,WNBA,GEORGIA AMOORE,WASHINGTON MYSTICS,"2026-08-09, WSH vs PHX",21,0,0,0,0,4,0,0,1,0,1,6,0,0,0,5
401857129,2026,WNBA,ANGELA DUGALIC,WASHINGTON MYSTICS,"2026-08-09, WSH vs PHX",9,0,0,0,0,1,0,0,2,1,3,1,2,0,1,1
401857129,2026,WNBA,LAUREN BETTS,WASHINGTON MYSTICS,"2026-08-09, WSH vs PHX",18,6,3,5,0,0,0,0,4,2,6,1,1,0,1,0
401857129,2026,WNBA,LUCY OLSEN,WASHINGTON MYSTICS,"2026-08-09, WSH vs PHX",4,6,0,0,2,2,0,0,0,0,0,0,0,1,0,1
401857129,2026,WNBA,COTIE MCMAHON,WASHINGTON MYSTICS,"2026-08-09, WSH vs PHX",20,13,4,5,0,3,5,7,0,0,0,1,2,0,1,3
401857129,2026,WNBA,CASSANDRE PROSPER,WASHINGTON MYSTICS,"2026-08-09, WSH vs PHX",12,3,0,0,0,2,3,4,1,1,2,1,2,0,1,0
401857129,2026,WNBA,ALICIA FLOREZ,WASHINGTON MYSTICS,"2026-08-09, WSH vs PHX",15,4,2,3,0,2,0,2,2,0,2,2,1,0,0,1
401857130,2026,WNBA,JESSICA SHEPARD,DALLAS WINGS,"2026-08-09, MIN vs DAL",5,0,0,0,0,0,0,0,0,0,0,1,0,0,0,1
401857130,2026,WNBA,ALANNA SMITH,DALLAS WINGS,"2026-08-09, MIN vs DAL",27,11,4,9,1,4,0,0,5,3,8,0,1,0,1,2
401857130,2026,WNBA,ODYSSEY SIMS,DALLAS WINGS,"2026-08-09, MIN vs DAL",31,17,6,9,1,4,2,2,3,0,3,4,0,0,3,0
401857130,2026,WNBA,ARIKE OGUNBOWALE,DALLAS WINGS,"2026-08-09, MIN vs DAL",28,5,1,2,1,2,0,0,0,0,0,4,1,0,4,1
401857130,2026,WNBA,PAIGE BUECKERS,DALLAS WINGS,"2026-08-09, MIN vs DAL",31,23,9,12,1,3,2,2,3,1,4,8,3,0,6,2
401857130,2026,WNBA,MADDY SIEGRIST,DALLAS WINGS,"2026-08-09, MIN vs DAL",6,5,1,2,1,1,0,0,0,0,0,0,0,0,0,1
401857130,2026,WNBA,AWAK KUIER,DALLAS WINGS,"2026-08-09, MIN vs DAL",19,4,2,2,0,4,0,0,6,1,7,1,0,0,1,0
401857130,2026,WNBA,LI YUERU,DALLAS WINGS,"2026-08-09, MIN vs DAL",27,4,1,2,0,1,2,2,4,2,6,0,0,0,0,0
401857130,2026,WNBA,SUG SUTTON,DALLAS WINGS,"2026-08-09, MIN vs DAL",9,2,1,1,0,0,0,0,0,0,0,4,0,0,1,0
401857130,2026,WNBA,AZIAHA JAMES,DALLAS WINGS,"2026-08-09, MIN vs DAL",15,19,6,9,1,1,4,5,5,1,6,2,0,0,2,1
401857130,2026,WNBA,HALEY JONES,DALLAS WINGS,"2026-08-09, MIN vs DAL",2,0,0,0,0,0,0,0,0,0,0,0,0,0,0,0
401857130,2026,WNBA,NATASHA HOWARD,MINNESOTA LYNX,"2026-08-09, MIN vs DAL",24,12,6,9,0,0,0,0,2,2,4,3,2,2,1,5
401857130,2026,WNBA,NAPHEESA COLLIER,MINNESOTA LYNX,"2026-08-09, MIN vs DAL",35,17,4,5,3,5,0,0,7,1,8,3,4,1,3,0
401857130,2026,WNBA,KAYLA MCBRIDE,MINNESOTA LYNX,"2026-08-09, MIN vs DAL",32,43,6,7,10,14,1,1,0,1,1,1,1,0,2,0
401857130,2026,WNBA,COURTNEY WILLIAMS,MINNESOTA LYNX,"2026-08-09, MIN vs DAL",31,3,1,4,0,4,1,2,3,0,3,7,1,0,0,4
401857130,2026,WNBA,OLIVIA MILES,MINNESOTA LYNX,"2026-08-09, MIN vs DAL",34,20,2,4,5,8,1,2,1,0,1,13,1,0,4,2
401857130,2026,WNBA,NIA COFFEY,MINNESOTA LYNX,"2026-08-09, MIN vs DAL",14,4,2,2,0,3,0,0,3,1,4,1,1,0,0,0
401857130,2026,WNBA,DORKA JUHASZ,MINNESOTA LYNX,"2026-08-09, MIN vs DAL",9,0,0,0,0,2,0,0,0,0,0,0,0,0,0,0
401857130,2026,WNBA,ANTONIA DELAERE,MINNESOTA LYNX,"2026-08-09, MIN vs DAL",8,0,0,0,0,3,0,0,0,0,0,0,1,0,0,0
401857130,2026,WNBA,MAYA CALDWELL,MINNESOTA LYNX,"2026-08-09, MIN vs DAL",10,2,1,2,0,0,0,2,1,1,2,1,1,0,1,1
401857130,2026,WNBA,ELISKA JOKLOVA,MINNESOTA LYNX,"2026-08-09, MIN vs DAL",4,2,0,0,0,0,2,2,1,0,1,0,0,0,0,0
401857131,2026,WNBA,KAYLA THORNTON,GOLDEN STATE VALKYRIES,"2026-08-09, LA vs GS",28,11,3,3,1,7,2,2,6,1,7,1,1,0,3,1
401857131,2026,WNBA,GABBY WILLIAMS,GOLDEN STATE VALKYRIES,"2026-08-09, LA vs GS",19,11,5,8,0,3,1,2,1,0,1,1,1,0,1,0
401857131,2026,WNBA,CECILIA ZANDALASINI,GOLDEN STATE VALKYRIES,"2026-08-09, LA vs GS",23,15,0,3,5,5,0,0,5,2,7,2,1,0,0,2
401857131,2026,WNBA,KIAH STOKES,GOLDEN STATE VALKYRIES,"2026-08-09, LA vs GS",20,5,1,4,1,4,0,0,2,5,7,3,0,0,1,5
401857131,2026,WNBA,VERONICA BURTON,GOLDEN STATE VALKYRIES,"2026-08-09, LA vs GS",29,7,2,4,0,2,3,3,0,0,0,7,3,0,1,0
401857131,2026,WNBA,LAETICIA AMIHERE,GOLDEN STATE VALKYRIES,"2026-08-09, LA vs GS",12,2,1,1,0,1,0,0,2,1,3,1,0,2,0,2
401857131,2026,WNBA,JANELLE SALAUN,GOLDEN STATE VALKYRIES,"2026-08-09, LA vs GS",21,8,1,2,2,6,0,0,3,0,3,0,1,0,2,1
401857131,2026,WNBA,TIFFANY HAYES,GOLDEN STATE VALKYRIES,"2026-08-09, LA vs GS",19,14,3,5,2,3,2,2,3,0,3,2,0,0,3,3
401857131,2026,WNBA,KAILA CHARLES,GOLDEN STATE VALKYRIES,"2026-08-09, LA vs GS",18,5,1,2,1,2,0,0,2,2,4,3,0,0,1,2
401857131,2026,WNBA,KAITLYN CHEN,GOLDEN STATE VALKYRIES,"2026-08-09, LA vs GS",11,6,3,3,0,1,0,0,1,0,1,2,0,0,1,0
401857131,2026,WNBA,NNEKA OGWUMIKE,LOS ANGELES SPARKS,"2026-08-09, LA vs GS",32,16,7,15,0,3,2,2,4,3,7,3,0,0,4,0
401857131,2026,WNBA,DEARICA HAMBY,LOS ANGELES SPARKS,"2026-08-09, LA vs GS",26,12,4,6,1,2,1,3,2,1,3,1,1,0,2,1
401857131,2026,WNBA,ERICA WHEELER,LOS ANGELES SPARKS,"2026-08-09, LA vs GS",27,15,3,3,3,9,0,0,2,0,2,4,1,0,1,5
401857131,2026,WNBA,ARIEL ATKINS,LOS ANGELES SPARKS,"2026-08-09, LA vs GS",30,9,1,1,2,4,1,1,2,2,4,4,1,0,0,3
401857131,2026,WNBA,RAE BURRELL,LOS ANGELES SPARKS,"2026-08-09, LA vs GS",32,9,3,5,1,2,0,0,3,0,3,1,1,0,2,2
401857131,2026,WNBA,CAMERON BRINK,LOS ANGELES SPARKS,"2026-08-09, LA vs GS",22,7,2,3,1,3,0,2,4,3,7,0,2,1,2,4
401857131,2026,WNBA,JIHYUN PARK,LOS ANGELES SPARKS,"2026-08-09, LA vs GS",5,0,0,2,0,1,0,0,0,0,0,1,0,0,0,2
401857131,2026,WNBA,KIANA WILLIAMS,LOS ANGELES SPARKS,"2026-08-09, LA vs GS",15,10,2,3,2,5,0,1,0,0,0,3,0,0,0,0
401857131,2026,WNBA,CHANCE GRAY,LOS ANGELES SPARKS,"2026-08-09, LA vs GS",10,0,0,1,0,2,0,0,0,2,2,1,0,0,0,0
401857125,2026,WNBA,STEPHANIE TALBOT,LAS VEGAS ACES,"2026-08-08, MIN vs LV",10,2,1,1,0,1,0,0,1,0,1,0,0,0,0,0
401857125,2026,WNBA,NALYSSA SMITH,LAS VEGAS ACES,"2026-08-08, MIN vs LV",24,14,5,8,0,0,4,4,6,5,11,4,0,1,1,3
401857125,2026,WNBA,A'JA WILSON,LAS VEGAS ACES,"2026-08-08, MIN vs LV",33,16,4,14,1,3,5,6,4,4,8,1,1,2,5,2
401857125,2026,WNBA,CHELSEA GRAY,LAS VEGAS ACES,"2026-08-08, MIN vs LV",36,9,3,4,1,5,0,0,1,1,2,6,1,0,2,3
401857125,2026,WNBA,JACKIE YOUNG,LAS VEGAS ACES,"2026-08-08, MIN vs LV",33,23,3,7,3,6,8,8,4,1,5,1,0,0,5,0
401857125,2026,WNBA,BRIANNA TURNER,LAS VEGAS ACES,"2026-08-08, MIN vs LV",14,2,1,2,0,0,0,0,1,1,2,0,1,1,1,1
401857125,2026,WNBA,JEWELL LOYD,LAS VEGAS ACES,"2026-08-08, MIN vs LV",30,10,2,2,2,7,0,0,3,0,3,2,0,0,1,2
401857125,2026,WNBA,DANA EVANS,LAS VEGAS ACES,"2026-08-08, MIN vs LV",20,11,1,4,3,5,0,0,5,0,5,3,0,0,1,0
401857125,2026,WNBA,NATASHA HOWARD,MINNESOTA LYNX,"2026-08-08, MIN vs LV",29,17,6,10,1,1,2,2,2,6,8,6,2,0,1,3
401857125,2026,WNBA,NAPHEESA COLLIER,MINNESOTA LYNX,"2026-08-08, MIN vs LV",35,22,2,7,5,7,3,4,5,1,6,3,1,3,4,3
401857125,2026,WNBA,KAYLA MCBRIDE,MINNESOTA LYNX,"2026-08-08, MIN vs LV",35,15,0,4,4,8,3,3,3,1,4,0,2,0,0,2
401857125,2026,WNBA,COURTNEY WILLIAMS,MINNESOTA LYNX,"2026-08-08, MIN vs LV",33,13,5,9,1,2,0,0,6,1,7,7,2,1,2,5
401857125,2026,WNBA,OLIVIA MILES,MINNESOTA LYNX,"2026-08-08, MIN vs LV",35,26,8,16,3,7,1,1,4,0,4,7,1,0,5,2
401857125,2026,WNBA,NIA COFFEY,MINNESOTA LYNX,"2026-08-08, MIN vs LV",7,0,0,0,0,1,0,0,3,0,3,0,1,0,2,3
401857125,2026,WNBA,DORKA JUHASZ,MINNESOTA LYNX,"2026-08-08, MIN vs LV",10,3,0,0,1,2,0,0,1,0,1,1,0,0,0,1
401857125,2026,WNBA,ANTONIA DELAERE,MINNESOTA LYNX,"2026-08-08, MIN vs LV",5,0,0,0,0,0,0,0,1,0,1,0,0,0,0,0
401857125,2026,WNBA,MAYA CALDWELL,MINNESOTA LYNX,"2026-08-08, MIN vs LV",12,2,1,1,0,1,0,0,0,0,0,0,1,0,0,1
401857126,2026,WNBA,MAKAYLA TIMPSON,INDIANA FEVER,"2026-08-08, CHI vs IND",31,10,5,7,0,0,0,1,3,0,3,3,1,2,1,4
401857126,2026,WNBA,ALIYAH BOSTON,INDIANA FEVER,"2026-08-08, CHI vs IND",29,13,6,7,0,1,1,2,10,1,11,3,1,2,1,2
401857126,2026,WNBA,KELSEY MITCHELL,INDIANA FEVER,"2026-08-08, CHI vs IND",36,27,8,13,3,9,2,2,3,2,5,2,2,1,2,1
401857126,2026,WNBA,LEXIE HULL,INDIANA FEVER,"2026-08-08, CHI vs IND",19,5,1,2,1,3,0,0,3,3,6,0,0,1,1,3
401857126,2026,WNBA,CAITLIN CLARK,INDIANA FEVER,"2026-08-08, CHI vs IND",36,26,2,9,5,6,7,10,4,0,4,11,2,1,6,3
401857126,2026,WNBA,MYISHA HINES-ALLEN,INDIANA FEVER,"2026-08-08, CHI vs IND",9,0,0,1,0,1,0,0,1,0,1,1,0,0,0,3
401857126,2026,WNBA,MONIQUE BILLINGS,INDIANA FEVER,"2026-08-08, CHI vs IND",12,4,2,3,0,0,0,0,1,1,2,1,0,0,1,1
401857126,2026,WNBA,SOPHIE CUNNINGHAM,INDIANA FEVER,"2026-08-08, CHI vs IND",17,3,1,1,0,2,1,1,1,0,1,0,2,0,0,0
401857126,2026,WNBA,TYASHA HARRIS,INDIANA FEVER,"2026-08-08, CHI vs IND",3,0,0,2,0,0,0,0,0,0,0,1,0,0,0,0
401857126,2026,WNBA,RAVEN JOHNSON,INDIANA FEVER,"2026-08-08, CHI vs IND",9,2,1,1,0,0,0,0,1,0,1,1,0,0,1,1
401857126,2026,WNBA,AZURA STEVENS,CHICAGO SKY,"2026-08-08, CHI vs IND",20,7,2,9,1,4,0,0,3,2,5,0,0,0,1,5
401857126,2026,WNBA,KAMILLA CARDOSO,CHICAGO SKY,"2026-08-08, CHI vs IND",26,14,6,13,0,0,2,4,7,2,9,2,1,1,1,0
401857126,2026,WNBA,COURTNEY VANDERSLOOT,CHICAGO SKY,"2026-08-08, CHI vs IND",25,4,1,5,0,1,2,3,3,0,3,6,2,0,2,0
401857126,2026,WNBA,NATASHA CLOUD,CHICAGO SKY,"2026-08-08, CHI vs IND",27,17,5,5,1,4,4,4,1,1,2,4,1,0,2,4
401857126,2026,WNBA,JACY SHELDON,CHICAGO SKY,"2026-08-08, CHI vs IND",24,9,1,3,2,2,1,2,1,0,1,2,0,0,1,5
401857126,2026,WNBA,ELIZABETH WILLIAMS,CHICAGO SKY,"2026-08-08, CHI vs IND",14,0,0,1,0,0,0,0,2,2,4,2,1,0,2,2
401857126,2026,WNBA,RACHEL BANHAM,CHICAGO SKY,"2026-08-08, CHI vs IND",20,17,3,3,3,8,2,2,1,0,1,3,2,0,3,2
401857126,2026,WNBA,DIJONAI CARRINGTON,CHICAGO SKY,"2026-08-08, CHI vs IND",4,8,2,2,1,1,1,1,1,0,1,0,0,0,0,1
401857126,2026,WNBA,AICHA COULIBALY,CHICAGO SKY,"2026-08-08, CHI vs IND",20,6,2,4,0,1,2,2,2,0,2,4,1,0,0,1
401857126,2026,WNBA,GABRIELA JAQUEZ,CHICAGO SKY,"2026-08-08, CHI vs IND",21,4,0,1,1,1,1,2,2,0,2,2,2,1,0,2
401857127,2026,WNBA,EZI MAGBEGOR,SEATTLE STORM,"2026-08-08, POR vs SEA",26,7,3,4,0,3,1,1,3,0,3,6,1,2,0,2
401857127,2026,WNBA,DOMINIQUE MALONGA,SEATTLE STORM,"2026-08-08, POR vs SEA",28,21,6,10,1,4,6,6,5,4,9,2,0,2,3,4
401857127,2026,WNBA,NATISHA HIEDEMAN,SEATTLE STORM,"2026-08-08, POR vs SEA",32,2,1,2,0,2,0,0,3,0,3,3,0,0,1,3
401857127,2026,WNBA,FLAU'JAE JOHNSON,SEATTLE STORM,"2026-08-08, POR vs SEA",25,8,2,7,1,3,1,2,4,0,4,1,1,0,2,2
401857127,2026,WNBA,JADE MELBOURNE,SEATTLE STORM,"2026-08-08, POR vs SEA",29,23,3,3,4,12,5,6,2,0,2,5,1,1,0,3
401857127,2026,WNBA,JORDAN HORSTON,SEATTLE STORM,"2026-08-08, POR vs SEA",19,17,2,4,4,6,1,2,2,1,3,1,1,0,2,1
401857127,2026,WNBA,STEFANIE DOLSON,SEATTLE STORM,"2026-08-08, POR vs SEA",10,0,0,0,0,1,0,0,1,0,1,0,0,1,1,2
401857127,2026,WNBA,AWA FAM,SEATTLE STORM,"2026-08-08, POR vs SEA",17,3,0,0,1,3,0,0,0,1,1,0,2,0,2,0
401857127,2026,WNBA,ZIA COOKE,SEATTLE STORM,"2026-08-08, POR vs SEA",11,7,1,1,1,1,2,2,1,0,1,1,0,0,1,1
401857127,2026,WNBA,TAINA MAIR,SEATTLE STORM,"2026-08-08, POR vs SEA",5,5,1,1,1,1,0,0,0,0,0,0,0,0,1,2
401857127,2026,WNBA,BRIDGET CARLETON,PORTLAND FIRE,"2026-08-08, POR vs SEA",29,24,5,10,4,9,2,2,6,0,6,4,1,0,1,0
401857127,2026,WNBA,EMILY ENGSTLER,PORTLAND FIRE,"2026-08-08, POR vs SEA",24,10,2,2,2,5,0,0,4,0,4,1,0,0,0,4
401857127,2026,WNBA,NYADIEW PUOCH,PORTLAND FIRE,"2026-08-08, POR vs SEA",25,19,2,2,4,7,3,4,2,0,2,1,3,0,0,1
401857127,2026,WNBA,MEGAN DILEO,PORTLAND FIRE,"2026-08-08, POR vs SEA",24,11,3,3,1,3,2,2,4,0,4,0,0,1,0,3
401857127,2026,WNBA,CARLA LEITE,PORTLAND FIRE,"2026-08-08, POR vs SEA",4,4,0,0,0,0,4,4,0,0,0,2,0,0,1,0
401857127,2026,WNBA,FRIEDA BUHNER,PORTLAND FIRE,"2026-08-08, POR vs SEA",16,3,1,3,0,5,1,2,1,2,3,2,1,0,0,1
401857127,2026,WNBA,SERAH WILLIAMS,PORTLAND FIRE,"2026-08-08, POR vs SEA",16,3,1,1,0,0,1,2,0,0,0,2,0,0,2,1
401857127,2026,WNBA,KARLIE SAMUELSON,PORTLAND FIRE,"2026-08-08, POR vs SEA",17,9,0,0,3,4,0,0,2,1,3,0,0,0,0,2
401857127,2026,WNBA,HOLLY WINTERBURN,PORTLAND FIRE,"2026-08-08, POR vs SEA",17,4,2,2,0,1,0,0,1,1,2,7,0,0,3,2
401857127,2026,WNBA,JORDAN HARRISON,PORTLAND FIRE,"2026-08-08, POR vs SEA",28,13,3,7,1,2,4,4,7,0,7,6,1,0,3,4
401857122,2026,WNBA,DEWANNA BONNER,PHOENIX MERCURY,"2026-08-07, CON vs PHX",34,6,3,6,0,6,0,0,10,1,11,2,0,1,0,2
401857122,2026,WNBA,ALYSSA THOMAS,PHOENIX MERCURY,"2026-08-07, CON vs PHX",35,10,3,9,0,0,4,10,7,1,8,5,4,0,2,4
401857122,2026,WNBA,NOEMIE BROCHANT,PHOENIX MERCURY,"2026-08-07, CON vs PHX",22,6,3,3,0,3,0,0,0,0,0,1,0,0,2,0
401857122,2026,WNBA,KAHLEAH COPPER,PHOENIX MERCURY,"2026-08-07, CON vs PHX",34,16,5,9,1,6,3,5,2,0,2,4,2,0,3,2
401857122,2026,WNBA,KELSEY PLUM,PHOENIX MERCURY,"2026-08-07, CON vs PHX",28,25,6,9,3,7,4,6,0,0,0,3,1,0,3,5
401857122,2026,WNBA,VALERIANE AYAYI,PHOENIX MERCURY,"2026-08-07, CON vs PHX",12,0,0,0,0,1,0,0,1,0,1,0,1,0,0,3
401857122,2026,WNBA,NATASHA MACK,PHOENIX MERCURY,"2026-08-07, CON vs PHX",18,4,2,3,0,0,0,0,2,4,6,2,1,0,0,2
401857122,2026,WNBA,KYARA LINSKENS,PHOENIX MERCURY,"2026-08-07, CON vs PHX",4,0,0,0,0,2,0,0,0,0,0,1,0,0,0,2
401857122,2026,WNBA,SAMI WHITCOMB,PHOENIX MERCURY,"2026-08-07, CON vs PHX",13,5,0,1,1,3,2,2,1,0,1,1,1,0,0,1
401857122,2026,WNBA,DIAMOND MILLER,CONNECTICUT SUN,"2026-08-07, CON vs PHX",24,9,1,4,2,6,1,2,4,0,4,1,0,1,2,4
401857122,2026,WNBA,BRITTNEY GRINER,CONNECTICUT SUN,"2026-08-07, CON vs PHX",24,5,2,6,0,0,1,2,5,2,7,4,0,2,3,1
401857122,2026,WNBA,OLIVIA NELSON-ODODA,CONNECTICUT SUN,"2026-08-07, CON vs PHX",16,7,3,4,0,0,1,2,4,0,4,0,0,0,3,2
401857122,2026,WNBA,CHARLISSE LEGER-WALKER,CONNECTICUT SUN,"2026-08-07, CON vs PHX",20,6,0,0,2,3,0,0,1,0,1,5,0,0,3,4
401857122,2026,WNBA,LEILA LACAN,CONNECTICUT SUN,"2026-08-07, CON vs PHX",31,9,3,6,0,3,3,4,3,0,3,4,1,0,3,3
401857122,2026,WNBA,AALIYAH EDWARDS,CONNECTICUT SUN,"2026-08-07, CON vs PHX",24,14,5,7,0,0,4,5,7,1,8,0,0,0,0,2
401857122,2026,WNBA,NELL ANGLOMA,CONNECTICUT SUN,"2026-08-07, CON vs PHX",11,0,0,0,0,1,0,0,2,0,2,0,1,1,0,1
401857122,2026,WNBA,KENNEDY BURKE,CONNECTICUT SUN,"2026-08-07, CON vs PHX",20,15,3,3,2,4,3,4,2,0,2,0,1,1,2,3
401857122,2026,WNBA,HAILEY VAN LITH,CONNECTICUT SUN,"2026-08-07, CON vs PHX",14,6,1,2,1,2,1,1,2,0,2,1,2,0,1,3
401857122,2026,WNBA,SANIYA RIVERS,CONNECTICUT SUN,"2026-08-07, CON vs PHX",17,4,2,5,0,1,0,0,1,0,1,4,0,0,1,1
401857123,2026,WNBA,NAZ HILLMON,ATLANTA DREAM,"2026-08-07, WSH vs ATL",20,5,2,4,0,0,1,1,2,2,4,1,0,0,1,2
401857123,2026,WNBA,ANGEL REESE,ATLANTA DREAM,"2026-08-07, WSH vs ATL",33,7,1,12,0,0,5,8,9,7,16,2,2,1,2,5
401857123,2026,WNBA,ALLISHA GRAY,ATLANTA DREAM,"2026-08-07, WSH vs ATL",38,26,9,14,2,9,2,3,6,0,6,2,1,1,1,3
401857123,2026,WNBA,JORDIN CANADA,ATLANTA DREAM,"2026-08-07, WSH vs ATL",35,9,2,4,0,2,5,9,2,1,3,7,2,0,5,5
401857123,2026,WNBA,RHYNE HOWARD,ATLANTA DREAM,"2026-08-07, WSH vs ATL",31,19,2,9,4,9,3,4,2,1,3,1,0,3,1,6
401857123,2026,WNBA,BRIONNA JONES,ATLANTA DREAM,"2026-08-07, WSH vs ATL",21,4,2,7,0,1,0,0,5,2,7,3,0,1,3,4
401857123,2026,WNBA,MADINA OKOT,ATLANTA DREAM,"2026-08-07, WSH vs ATL",5,4,1,2,0,0,2,2,0,0,0,0,0,1,1,1
401857123,2026,WNBA,SHATORI WALKER-KIMBROUGH,ATLANTA DREAM,"2026-08-07, WSH vs ATL",2,0,0,0,0,0,0,0,0,0,0,0,0,0,0,1
401857123,2026,WNBA,JAYLYN SHERROD,ATLANTA DREAM,"2026-08-07, WSH vs ATL",5,0,0,2,0,0,0,0,0,0,0,0,0,0,0,1
401857123,2026,WNBA,ISOBEL BORLASE,ATLANTA DREAM,"2026-08-07, WSH vs ATL",9,0,0,2,0,0,0,0,0,1,1,0,0,0,2,1
401857123,2026,WNBA,MICHAELA ONYENWERE,WASHINGTON MYSTICS,"2026-08-07, WSH vs ATL",21,0,0,3,0,3,0,0,3,0,3,0,0,0,1,2
401857123,2026,WNBA,KIKI IRIAFEN,WASHINGTON MYSTICS,"2026-08-07, WSH vs ATL",32,15,5,8,1,2,2,6,4,3,7,5,2,0,4,4
401857123,2026,WNBA,SHAKIRA AUSTIN,WASHINGTON MYSTICS,"2026-08-07, WSH vs ATL",27,21,6,10,1,1,6,8,9,2,11,3,0,5,6,5
401857123,2026,WNBA,SONIA CITRON,WASHINGTON MYSTICS,"2026-08-07, WSH vs ATL",32,14,3,7,2,3,2,4,3,0,3,3,1,1,3,3
401857123,2026,WNBA,GEORGIA AMOORE,WASHINGTON MYSTICS,"2026-08-07, WSH vs ATL",14,0,0,0,0,1,0,0,1,0,1,0,0,0,2,2
401857123,2026,WNBA,LAUREN BETTS,WASHINGTON MYSTICS,"2026-08-07, WSH vs ATL",21,5,2,2,0,0,1,4,9,2,11,2,1,3,1,2
401857123,2026,WNBA,COTIE MCMAHON,WASHINGTON MYSTICS,"2026-08-07, WSH vs ATL",28,11,3,10,1,3,2,6,4,1,5,0,2,0,0,2
401857123,2026,WNBA,CASSANDRE PROSPER,WASHINGTON MYSTICS,"2026-08-07, WSH vs ATL",19,10,3,7,1,1,1,4,1,3,4,1,0,2,0,5
401857123,2026,WNBA,ALICIA FLOREZ,WASHINGTON MYSTICS,"2026-08-07, WSH vs ATL",6,3,1,1,0,0,1,2,1,0,1,0,0,1,0,2
401857124,2026,WNBA,KAYLA THORNTON,GOLDEN STATE VALKYRIES,"2026-08-07, DAL vs GS",27,11,1,3,3,6,0,0,8,2,10,3,1,0,2,1
401857124,2026,WNBA,GABBY WILLIAMS,GOLDEN STATE VALKYRIES,"2026-08-07, DAL vs GS",22,19,6,12,2,6,1,1,0,1,1,4,1,0,0,0
401857124,2026,WNBA,CECILIA ZANDALASINI,GOLDEN STATE VALKYRIES,"2026-08-07, DAL vs GS",18,5,1,3,1,3,0,0,3,0,3,2,0,0,2,3
401857124,2026,WNBA,KIAH STOKES,GOLDEN STATE VALKYRIES,"2026-08-07, DAL vs GS",26,7,2,2,1,2,0,0,7,0,7,3,0,2,0,4
401857124,2026,WNBA,VERONICA BURTON,GOLDEN STATE VALKYRIES,"2026-08-07, DAL vs GS",30,22,5,6,3,7,3,3,3,1,4,7,1,0,0,3
401857124,2026,WNBA,LAETICIA AMIHERE,GOLDEN STATE VALKYRIES,"2026-08-07, DAL vs GS",10,1,0,0,0,1,1,2,4,1,5,0,0,3,1,3
401857124,2026,WNBA,JANELLE SALAUN,GOLDEN STATE VALKYRIES,"2026-08-07, DAL vs GS",17,9,1,2,1,5,4,4,3,0,3,1,1,0,1,2
401857124,2026,WNBA,TIFFANY HAYES,GOLDEN STATE VALKYRIES,"2026-08-07, DAL vs GS",12,9,1,2,0,0,7,8,0,1,1,2,1,0,0,5
401857124,2026,WNBA,KAILA CHARLES,GOLDEN STATE VALKYRIES,"2026-08-07, DAL vs GS",27,9,3,6,1,2,0,0,1,3,4,0,3,0,0,3
401857124,2026,WNBA,KAITLYN CHEN,GOLDEN STATE VALKYRIES,"2026-08-07, DAL vs GS",12,2,1,1,0,2,0,0,0,0,0,5,0,0,1,0
401857124,2026,WNBA,JESSICA SHEPARD,DALLAS WINGS,"2026-08-07, DAL vs GS",26,6,2,6,0,1,2,4,9,2,11,1,0,0,1,0
401857124,2026,WNBA,ALANNA SMITH,DALLAS WINGS,"2026-08-07, DAL vs GS",27,11,0,1,2,5,5,6,2,4,6,0,1,0,1,1
401857124,2026,WNBA,ARIKE OGUNBOWALE,DALLAS WINGS,"2026-08-07, DAL vs GS",27,5,1,4,1,6,0,0,2,2,4,1,2,0,3,2
401857124,2026,WNBA,PAIGE BUECKERS,DALLAS WINGS,"2026-08-07, DAL vs GS",29,17,4,8,2,4,3,4,1,0,1,1,1,0,2,1
401857124,2026,WNBA,AZIAHA JAMES,DALLAS WINGS,"2026-08-07, DAL vs GS",27,13,3,7,0,5,7,11,2,2,4,1,0,1,1,1
401857124,2026,WNBA,MADDY SIEGRIST,DALLAS WINGS,"2026-08-07, DAL vs GS",15,5,1,3,0,1,3,4,4,3,7,0,1,0,0,3
401857124,2026,WNBA,AWAK KUIER,DALLAS WINGS,"2026-08-07, DAL vs GS",9,4,0,0,1,1,1,2,1,0,1,0,0,2,2,1
401857124,2026,WNBA,LI YUERU,DALLAS WINGS,"2026-08-07, DAL vs GS",8,7,2,3,0,0,3,3,1,2,3,0,0,0,1,2
401857124,2026,WNBA,ODYSSEY SIMS,DALLAS WINGS,"2026-08-07, DAL vs GS",25,3,0,3,0,1,3,4,2,0,2,4,0,0,0,2
401857124,2026,WNBA,SUG SUTTON,DALLAS WINGS,"2026-08-07, DAL vs GS",8,5,1,2,1,1,0,0,0,0,0,0,2,0,2,2
401857119,2026,WNBA,STEPHANIE TALBOT,LAS VEGAS ACES,"2026-08-06, IND vs LV",10,4,2,3,0,1,0,0,1,1,2,0,1,0,0,3
401857119,2026,WNBA,NALYSSA SMITH,LAS VEGAS ACES,"2026-08-06, IND vs LV",37,14,7,11,0,0,0,1,4,5,9,1,0,1,3,4
401857119,2026,WNBA,A'JA WILSON,LAS VEGAS ACES,"2026-08-06, IND vs LV",37,26,10,23,0,2,6,6,12,1,13,3,1,2,3,3
401857119,2026,WNBA,CHELSEA GRAY,LAS VEGAS ACES,"2026-08-06, IND vs LV",40,11,1,5,3,5,0,0,2,0,2,7,4,0,5,5
401857119,2026,WNBA,JACKIE YOUNG,LAS VEGAS ACES,"2026-08-06, IND vs LV",35,22,6,13,2,8,4,5,3,1,4,9,1,0,3,5
401857119,2026,WNBA,BRIANNA TURNER,LAS VEGAS ACES,"2026-08-06, IND vs LV",15,0,0,1,0,0,0,0,2,1,3,0,0,1,0,2
401857119,2026,WNBA,KIERSTAN BELL,LAS VEGAS ACES,"2026-08-06, IND vs LV",3,0,0,0,0,0,0,0,0,0,0,0,0,0,0,1
401857119,2026,WNBA,JEWELL LOYD,LAS VEGAS ACES,"2026-08-06, IND vs LV",31,9,4,5,0,4,1,2,2,3,5,2,2,0,2,1
401857119,2026,WNBA,DANA EVANS,LAS VEGAS ACES,"2026-08-06, IND vs LV",16,0,0,3,0,2,0,0,1,0,1,2,0,0,0,0
401857119,2026,WNBA,MONIQUE BILLINGS,INDIANA FEVER,"2026-08-06, IND vs LV",21,8,3,4,0,0,2,2,2,2,4,1,2,0,0,2
401857119,2026,WNBA,ALIYAH BOSTON,INDIANA FEVER,"2026-08-06, IND vs LV",38,21,6,10,3,5,0,0,11,1,12,2,3,2,4,5
401857119,2026,WNBA,KELSEY MITCHELL,INDIANA FEVER,"2026-08-06, IND vs LV",39,28,8,14,2,4,6,8,0,0,0,4,2,0,2,3
401857119,2026,WNBA,LEXIE HULL,INDIANA FEVER,"2026-08-06, IND vs LV",17,1,0,1,0,0,1,2,4,0,4,1,1,1,3,1
401857119,2026,WNBA,CAITLIN CLARK,INDIANA FEVER,"2026-08-06, IND vs LV",38,20,5,10,2,10,4,6,2,1,3,8,1,0,8,4
401857119,2026,WNBA,MAKAYLA TIMPSON,INDIANA FEVER,"2026-08-06, IND vs LV",32,4,2,6,0,0,0,0,9,2,11,0,1,1,3,0
401857119,2026,WNBA,SOPHIE CUNNINGHAM,INDIANA FEVER,"2026-08-06, IND vs LV",28,2,0,1,0,1,2,2,3,0,3,0,0,0,0,0
401857119,2026,WNBA,TYASHA HARRIS,INDIANA FEVER,"2026-08-06, IND vs LV",12,0,0,1,0,0,0,0,1,0,1,0,0,0,1,1
401857120,2026,WNBA,NNEKA OGWUMIKE,LOS ANGELES SPARKS,"2026-08-06, MIN vs LA",30,16,5,9,2,4,0,0,4,3,7,0,2,1,5,0
401857120,2026,WNBA,DEARICA HAMBY,LOS ANGELES SPARKS,"2026-08-06, MIN vs LA",25,16,7,8,0,1,2,3,6,3,9,2,1,0,2,3
401857120,2026,WNBA,ERICA WHEELER,LOS ANGELES SPARKS,"2026-08-06, MIN vs LA",30,12,3,7,2,6,0,0,4,0,4,9,0,0,0,2
401857120,2026,WNBA,ARIEL ATKINS,LOS ANGELES SPARKS,"2026-08-06, MIN vs LA",29,7,1,3,1,2,2,2,2,0,2,6,1,0,2,4
401857120,2026,WNBA,RAE BURRELL,LOS ANGELES SPARKS,"2026-08-06, MIN vs LA",28,17,2,5,3,6,4,4,1,1,2,2,0,0,1,1
401857120,2026,WNBA,CAMERON BRINK,LOS ANGELES SPARKS,"2026-08-06, MIN vs LA",25,12,4,6,1,2,1,4,5,3,8,5,0,3,1,3
401857120,2026,WNBA,JIHYUN PARK,LOS ANGELES SPARKS,"2026-08-06, MIN vs LA",5,0,0,0,0,0,0,0,0,0,0,0,0,0,0,0
401857120,2026,WNBA,CHANCE GRAY,LOS ANGELES SPARKS,"2026-08-06, MIN vs LA",10,2,0,1,0,1,2,2,2,0,2,2,1,0,1,0
401857120,2026,WNBA,MONIQUE AKOA MAKANI,LOS ANGELES SPARKS,"2026-08-06, MIN vs LA",19,7,3,5,0,2,1,1,1,0,1,1,1,0,1,0
401857120,2026,WNBA,NATASHA HOWARD,MINNESOTA LYNX,"2026-08-06, MIN vs LA",25,8,2,4,0,0,4,4,4,2,6,3,2,1,2,5
401857120,2026,WNBA,NAPHEESA COLLIER,MINNESOTA LYNX,"2026-08-06, MIN vs LA",34,21,9,16,1,4,0,0,3,5,8,6,1,0,3,4
401857120,2026,WNBA,KAYLA MCBRIDE,MINNESOTA LYNX,"2026-08-06, MIN vs LA",34,15,2,5,3,8,2,2,0,0,0,1,0,0,2,2
401857120,2026,WNBA,COURTNEY WILLIAMS,MINNESOTA LYNX,"2026-08-06, MIN vs LA",34,12,4,9,1,3,1,1,7,1,8,0,1,1,1,2
401857120,2026,WNBA,OLIVIA MILES,MINNESOTA LYNX,"2026-08-06, MIN vs LA",34,23,5,10,3,6,4,4,7,1,8,5,2,0,5,3
401857120,2026,WNBA,NIA COFFEY,MINNESOTA LYNX,"2026-08-06, MIN vs LA",13,3,0,0,1,2,0,2,0,2,2,0,0,0,0,2
401857120,2026,WNBA,DORKA JUHASZ,MINNESOTA LYNX,"2026-08-06, MIN vs LA",8,0,0,0,0,2,0,0,0,0,0,1,0,0,0,0
401857120,2026,WNBA,ANTONIA DELAERE,MINNESOTA LYNX,"2026-08-06, MIN vs LA",6,0,0,0,0,1,0,0,0,0,0,0,0,0,0,1
401857120,2026,WNBA,MAYA CALDWELL,MINNESOTA LYNX,"2026-08-06, MIN vs LA",8,0,0,0,0,2,0,0,0,2,2,1,0,0,0,2
401857120,2026,WNBA,ELISKA JOKLOVA,MINNESOTA LYNX,"2026-08-06, MIN vs LA",3,0,0,0,0,1,0,0,0,1,1,0,1,0,0,1
401857121,2026,WNBA,MARIA CONDE,TORONTO TEMPO,"2026-08-06, POR vs TOR",29,6,3,5,0,4,0,0,5,1,6,2,1,0,1,3
401857121,2026,WNBA,NYARA SABALLY,TORONTO TEMPO,"2026-08-06, POR vs TOR",24,17,4,9,1,4,6,7,3,2,5,1,2,1,0,0
401857121,2026,WNBA,LAURA JUSKAITE,TORONTO TEMPO,"2026-08-06, POR vs TOR",26,12,5,9,0,5,2,3,4,2,6,3,0,1,3,3
401857121,2026,WNBA,MARINA MABREY,TORONTO TEMPO,"2026-08-06, POR vs TOR",22,9,0,1,3,8,0,1,2,0,2,1,0,0,3,3
401857121,2026,WNBA,JULIE ALLEMAND,TORONTO TEMPO,"2026-08-06, POR vs TOR",32,11,1,1,3,4,0,0,4,1,5,12,1,0,2,3
401857121,2026,WNBA,ISABELLE HARRISON,TORONTO TEMPO,"2026-08-06, POR vs TOR",15,8,2,5,0,1,4,5,1,2,3,1,0,0,3,1
401857121,2026,WNBA,TEONNI KEY,TORONTO TEMPO,"2026-08-06, POR vs TOR",1,0,0,0,0,0,0,0,0,0,0,0,0,0,0,0
401857121,2026,WNBA,ANEESAH MORROW,TORONTO TEMPO,"2026-08-06, POR vs TOR",24,11,5,9,0,1,1,4,5,3,8,1,3,1,2,3
401857121,2026,WNBA,TEMI FAGBENLE,TORONTO TEMPO,"2026-08-06, POR vs TOR",3,0,0,2,0,0,0,0,0,0,0,0,0,0,0,0
401857121,2026,WNBA,KIA NURSE,TORONTO TEMPO,"2026-08-06, POR vs TOR",7,4,0,0,1,3,1,2,0,1,1,1,0,0,0,1
401857121,2026,WNBA,KIKI RICE,TORONTO TEMPO,"2026-08-06, POR vs TOR",18,5,0,0,1,1,2,2,0,0,0,1,0,0,2,1
401857121,2026,WNBA,BRIDGET CARLETON,PORTLAND FIRE,"2026-08-06, POR vs TOR",30,10,1,4,2,5,2,2,10,1,11,0,1,1,0,1
401857121,2026,WNBA,EMILY ENGSTLER,PORTLAND FIRE,"2026-08-06, POR vs TOR",24,7,2,5,1,1,0,0,3,3,6,2,1,0,1,4
401857121,2026,WNBA,NYADIEW PUOCH,PORTLAND FIRE,"2026-08-06, POR vs TOR",17,6,3,5,0,1,0,0,1,0,1,1,2,1,0,0
401857121,2026,WNBA,MEGAN DILEO,PORTLAND FIRE,"2026-08-06, POR vs TOR",28,17,8,10,0,2,1,2,2,1,3,2,0,2,2,2
401857121,2026,WNBA,CARLA LEITE,PORTLAND FIRE,"2026-08-06, POR vs TOR",30,27,3,7,2,5,15,17,3,1,4,11,0,0,4,4
401857121,2026,WNBA,FRIEDA BUHNER,PORTLAND FIRE,"2026-08-06, POR vs TOR",16,10,2,2,2,5,0,0,4,1,5,0,0,0,0,2
401857121,2026,WNBA,SERAH WILLIAMS,PORTLAND FIRE,"2026-08-06, POR vs TOR",12,2,1,4,0,0,0,0,0,0,0,0,0,0,1,4
401857121,2026,WNBA,KARLIE SAMUELSON,PORTLAND FIRE,"2026-08-06, POR vs TOR",19,6,0,0,2,4,0,0,1,1,2,1,0,0,2,1
401857121,2026,WNBA,HOLLY WINTERBURN,PORTLAND FIRE,"2026-08-06, POR vs TOR",14,4,2,2,0,1,0,0,1,0,1,2,1,0,2,1
401857121,2026,WNBA,JORDAN HARRISON,PORTLAND FIRE,"2026-08-06, POR vs TOR",11,8,0,0,2,3,2,3,0,0,0,4,2,0,3,3
401857115,2026,WNBA,DEWANNA BONNER,PHOENIX MERCURY,"2026-08-05, ATL vs PHX",31,11,0,1,1,6,8,8,8,3,11,1,1,1,0,2
401857115,2026,WNBA,ALYSSA THOMAS,PHOENIX MERCURY,"2026-08-05, ATL vs PHX",38,17,7,12,0,0,3,4,5,0,5,7,1,1,4,1
401857115,2026,WNBA,NOEMIE BROCHANT,PHOENIX MERCURY,"2026-08-05, ATL vs PHX",28,7,2,4,1,2,0,0,1,0,1,3,0,0,1,2
401857115,2026,WNBA,KAHLEAH COPPER,PHOENIX MERCURY,"2026-08-05, ATL vs PHX",36,14,4,10,1,6,3,4,2,0,2,5,0,0,3,4
401857115,2026,WNBA,KELSEY PLUM,PHOENIX MERCURY,"2026-08-05, ATL vs PHX",26,19,5,7,1,3,6,6,5,0,5,4,1,0,1,2
401857115,2026,WNBA,VALERIANE AYAYI,PHOENIX MERCURY,"2026-08-05, ATL vs PHX",13,3,1,2,0,1,1,2,1,1,2,0,1,0,0,0
401857115,2026,WNBA,NATASHA MACK,PHOENIX MERCURY,"2026-08-05, ATL vs PHX",14,2,0,2,0,0,2,2,1,0,1,0,0,0,0,2
401857115,2026,WNBA,SAMI WHITCOMB,PHOENIX MERCURY,"2026-08-05, ATL vs PHX",14,9,0,1,3,6,0,0,1,0,1,2,0,0,0,0
401857115,2026,WNBA,LEXI HELD,PHOENIX MERCURY,"2026-08-05, ATL vs PHX",1,0,0,1,0,0,0,0,0,0,0,0,0,0,0,0
401857115,2026,WNBA,NAZ HILLMON,ATLANTA DREAM,"2026-08-05, ATL vs PHX",26,10,1,2,2,5,2,2,5,0,5,1,0,1,2,5
401857115,2026,WNBA,ANGEL REESE,ATLANTA DREAM,"2026-08-05, ATL vs PHX",32,14,7,12,0,2,0,0,8,2,10,4,0,1,3,4
401857115,2026,WNBA,ALLISHA GRAY,ATLANTA DREAM,"2026-08-05, ATL vs PHX",29,20,5,7,3,8,1,1,2,1,3,3,0,1,1,3
401857115,2026,WNBA,JORDIN CANADA,ATLANTA DREAM,"2026-08-05, ATL vs PHX",30,17,2,6,2,7,7,8,2,3,5,4,0,0,5,3
401857115,2026,WNBA,RHYNE HOWARD,ATLANTA DREAM,"2026-08-05, ATL vs PHX",33,23,1,4,5,9,6,6,6,0,6,8,2,1,1,2
401857115,2026,WNBA,BRIONNA JONES,ATLANTA DREAM,"2026-08-05, ATL vs PHX",21,9,3,4,1,1,0,0,3,1,4,6,1,1,0,3
401857115,2026,WNBA,SIKA KONE,ATLANTA DREAM,"2026-08-05, ATL vs PHX",1,0,0,0,0,0,0,0,0,0,0,0,0,0,0,0
401857115,2026,WNBA,MADINA OKOT,ATLANTA DREAM,"2026-08-05, ATL vs PHX",1,0,0,0,0,0,0,0,0,0,0,0,0,0,0,1
401857115,2026,WNBA,SHATORI WALKER-KIMBROUGH,ATLANTA DREAM,"2026-08-05, ATL vs PHX",1,0,0,0,0,0,0,0,0,0,0,0,0,0,0,0
401857115,2026,WNBA,JAYLYN SHERROD,ATLANTA DREAM,"2026-08-05, ATL vs PHX",10,3,0,1,1,1,0,0,2,0,2,1,0,1,0,0
401857115,2026,WNBA,AALIYAH NYE,ATLANTA DREAM,"2026-08-05, ATL vs PHX",1,0,0,0,0,0,0,0,0,0,0,0,0,0,0,0
401857115,2026,WNBA,ISOBEL BORLASE,ATLANTA DREAM,"2026-08-05, ATL vs PHX",17,0,0,1,0,0,0,0,3,0,3,2,0,0,0,1
401857116,2026,WNBA,EZI MAGBEGOR,SEATTLE STORM,"2026-08-05, NY vs SEA",17,7,2,5,1,2,0,2,4,1,5,0,0,1,0,3
401857116,2026,WNBA,DOMINIQUE MALONGA,SEATTLE STORM,"2026-08-05, NY vs SEA",30,31,12,16,2,4,1,2,7,3,10,3,2,1,1,2
401857116,2026,WNBA,NATISHA HIEDEMAN,SEATTLE STORM,"2026-08-05, NY vs SEA",29,2,1,5,0,2,0,0,1,1,2,6,0,0,4,2
401857116,2026,WNBA,FLAU'JAE JOHNSON,SEATTLE STORM,"2026-08-05, NY vs SEA",27,11,4,9,1,3,0,0,2,2,4,3,2,0,1,3
401857116,2026,WNBA,JADE MELBOURNE,SEATTLE STORM,"2026-08-05, NY vs SEA",30,13,5,9,0,2,3,3,1,0,1,7,1,1,2,3
401857116,2026,WNBA,KATIE LOU SAMUELSON,SEATTLE STORM,"2026-08-05, NY vs SEA",9,4,2,2,0,2,0,0,1,1,2,0,0,0,1,0
401857116,2026,WNBA,JORDAN HORSTON,SEATTLE STORM,"2026-08-05, NY vs SEA",11,1,0,0,0,0,1,2,0,1,1,0,0,0,0,2
401857116,2026,WNBA,STEFANIE DOLSON,SEATTLE STORM,"2026-08-05, NY vs SEA",10,0,0,0,0,1,0,0,2,1,3,0,1,0,0,2
401857116,2026,WNBA,AWA FAM,SEATTLE STORM,"2026-08-05, NY vs SEA",23,13,2,5,3,6,0,0,3,2,5,3,0,0,1,2
401857116,2026,WNBA,ZIA COOKE,SEATTLE STORM,"2026-08-05, NY vs SEA",13,4,1,6,0,0,2,2,1,1,2,1,1,0,0,0
401857116,2026,WNBA,BREANNA STEWART,NEW YORK LIBERTY,"2026-08-05, NY vs SEA",33,28,11,18,1,4,3,4,8,0,8,2,0,1,1,2
401857116,2026,WNBA,JONQUEL JONES,NEW YORK LIBERTY,"2026-08-05, NY vs SEA",30,14,4,6,1,6,3,3,11,4,15,7,0,2,2,1
401857116,2026,WNBA,REBECCA ALLEN,NEW YORK LIBERTY,"2026-08-05, NY vs SEA",19,12,2,4,2,2,2,2,1,0,1,0,2,0,1,1
401857116,2026,WNBA,SABRINA IONESCU,NEW YORK LIBERTY,"2026-08-05, NY vs SEA",31,15,3,8,1,6,6,6,3,2,5,6,2,0,0,2
401857116,2026,WNBA,PAULINE ASTIER,NEW YORK LIBERTY,"2026-08-05, NY vs SEA",28,11,4,4,0,0,3,3,2,1,3,5,1,0,2,2
401857116,2026,WNBA,HAN XU,NEW YORK LIBERTY,"2026-08-05, NY vs SEA",17,6,1,3,1,3,1,2,1,0,1,2,0,0,1,2
401857116,2026,WNBA,REBEKAH GARDNER,NEW YORK LIBERTY,"2026-08-05, NY vs SEA",12,0,0,1,0,2,0,0,0,0,0,1,1,0,0,3
401857116,2026,WNBA,MARINE JOHANNES,NEW YORK LIBERTY,"2026-08-05, NY vs SEA",14,0,0,0,0,2,0,0,2,0,2,1,1,0,1,0
401857116,2026,WNBA,MARINE FAUTHOUX,NEW YORK LIBERTY,"2026-08-05, NY vs SEA",16,6,1,2,1,4,1,1,2,1,3,1,0,0,2,0
401857117,2026,WNBA,JESSICA SHEPARD,DALLAS WINGS,"2026-08-05, WSH vs DAL",37,22,11,13,0,0,0,1,8,3,11,7,1,0,1,2
401857117,2026,WNBA,ALANNA SMITH,DALLAS WINGS,"2026-08-05, WSH vs DAL",32,21,7,10,2,7,1,5,8,3,11,1,2,3,3,5
401857117,2026,WNBA,ARIKE OGUNBOWALE,DALLAS WINGS,"2026-08-05, WSH vs DAL",33,15,2,6,2,4,5,6,2,1,3,5,0,0,2,4
401857117,2026,WNBA,PAIGE BUECKERS,DALLAS WINGS,"2026-08-05, WSH vs DAL",37,17,3,9,3,6,2,2,5,0,5,4,0,2,0,4
401857117,2026,WNBA,AZZI FUDD,DALLAS WINGS,"2026-08-05, WSH vs DAL",34,9,1,4,1,4,4,4,1,0,1,3,3,0,3,5
401857117,2026,WNBA,AWAK KUIER,DALLAS WINGS,"2026-08-05, WSH vs DAL",5,5,1,1,0,0,3,3,0,0,0,0,0,1,0,1
401857117,2026,WNBA,LI YUERU,DALLAS WINGS,"2026-08-05, WSH vs DAL",7,0,0,2,0,1,0,0,0,0,0,0,0,0,0,2
401857117,2026,WNBA,ODYSSEY SIMS,DALLAS WINGS,"2026-08-05, WSH vs DAL",10,0,0,0,0,0,0,0,1,0,1,3,0,0,0,2
401857117,2026,WNBA,AZIAHA JAMES,DALLAS WINGS,"2026-08-05, WSH vs DAL",5,3,0,0,1,1,0,0,0,0,0,0,0,0,0,1
401857117,2026,WNBA,MICHAELA ONYENWERE,WASHINGTON MYSTICS,"2026-08-05, WSH vs DAL",19,10,2,4,2,4,0,0,0,2,2,1,1,0,2,6
401857117,2026,WNBA,KIKI IRIAFEN,WASHINGTON MYSTICS,"2026-08-05, WSH vs DAL",25,11,4,7,0,0,3,3,4,2,6,3,1,0,3,4
401857117,2026,WNBA,SHAKIRA AUSTIN,WASHINGTON MYSTICS,"2026-08-05, WSH vs DAL",36,27,8,13,1,2,8,9,11,2,13,2,0,1,2,2
401857117,2026,WNBA,SONIA CITRON,WASHINGTON MYSTICS,"2026-08-05, WSH vs DAL",37,12,3,5,1,6,3,4,2,0,2,3,2,0,1,3
401857117,2026,WNBA,GEORGIA AMOORE,WASHINGTON MYSTICS,"2026-08-05, WSH vs DAL",29,12,0,1,4,6,0,0,0,0,0,5,1,0,2,0
401857117,2026,WNBA,LAUREN BETTS,WASHINGTON MYSTICS,"2026-08-05, WSH vs DAL",19,6,2,4,0,0,2,2,6,1,7,1,0,1,1,0
401857117,2026,WNBA,COTIE MCMAHON,WASHINGTON MYSTICS,"2026-08-05, WSH vs DAL",27,18,6,8,0,2,6,8,3,0,3,3,1,1,0,3
401857117,2026,WNBA,CASSANDRE PROSPER,WASHINGTON MYSTICS,"2026-08-05, WSH vs DAL",6,0,0,2,0,2,0,0,0,1,1,0,0,0,0,2
401857117,2026,WNBA,ALICIA FLOREZ,WASHINGTON MYSTICS,"2026-08-05, WSH vs DAL",4,0,0,0,0,0,0,0,0,0,0,1,0,0,0,1
401857118,2026,WNBA,NNEKA OGWUMIKE,LOS ANGELES SPARKS,"2026-08-05, CHI vs LA",30,10,5,12,0,1,0,0,7,0,7,3,3,0,1,3
401857118,2026,WNBA,DEARICA HAMBY,LOS ANGELES SPARKS,"2026-08-05, CHI vs LA",34,22,7,10,1,2,5,8,10,4,14,4,1,1,1,1
401857118,2026,WNBA,ERICA WHEELER,LOS ANGELES SPARKS,"2026-08-05, CHI vs LA",24,14,4,6,2,3,0,0,2,0,2,5,0,0,2,3
401857118,2026,WNBA,ARIEL ATKINS,LOS ANGELES SPARKS,"2026-08-05, CHI vs LA",21,8,1,3,2,7,0,0,1,0,1,3,2,0,0,2
401857118,2026,WNBA,RAE BURRELL,LOS ANGELES SPARKS,"2026-08-05, CHI vs LA",31,13,2,4,2,4,3,3,1,1,2,5,0,1,3,0
401857118,2026,WNBA,EMMA CANNON,LOS ANGELES SPARKS,"2026-08-05, CHI vs LA",2,0,0,0,0,0,0,0,0,0,0,0,0,0,1,1
401857118,2026,WNBA,CAMERON BRINK,LOS ANGELES SPARKS,"2026-08-05, CHI vs LA",14,11,3,5,0,1,5,5,4,2,6,1,0,3,3,5
401857118,2026,WNBA,JIHYUN PARK,LOS ANGELES SPARKS,"2026-08-05, CHI vs LA",15,7,0,1,2,3,1,2,1,0,1,0,0,0,0,1
401857118,2026,WNBA,CHANCE GRAY,LOS ANGELES SPARKS,"2026-08-05, CHI vs LA",12,0,0,0,0,1,0,0,0,1,1,4,0,0,1,0
401857118,2026,WNBA,MONIQUE AKOA MAKANI,LOS ANGELES SPARKS,"2026-08-05, CHI vs LA",16,3,1,3,0,2,1,2,0,1,1,2,0,0,2,3
401857118,2026,WNBA,KAMILLA CARDOSO,CHICAGO SKY,"2026-08-05, CHI vs LA",29,15,4,9,0,0,7,9,5,2,7,3,0,2,3,5
401857118,2026,WNBA,COURTNEY VANDERSLOOT,CHICAGO SKY,"2026-08-05, CHI vs LA",28,9,1,3,2,4,1,2,4,0,4,5,0,2,5,4
401857118,2026,WNBA,NATASHA CLOUD,CHICAGO SKY,"2026-08-05, CHI vs LA",32,15,4,5,2,5,1,1,5,0,5,9,2,1,1,0
401857118,2026,WNBA,JACY SHELDON,CHICAGO SKY,"2026-08-05, CHI vs LA",29,15,2,5,3,5,2,2,0,0,0,3,1,0,0,2
401857118,2026,WNBA,AICHA COULIBALY,CHICAGO SKY,"2026-08-05, CHI vs LA",24,13,4,4,0,1,5,5,3,0,3,1,1,0,1,1
401857118,2026,WNBA,ELIZABETH WILLIAMS,CHICAGO SKY,"2026-08-05, CHI vs LA",27,14,7,11,0,0,0,0,1,1,2,2,1,0,1,1
401857118,2026,WNBA,RACHEL BANHAM,CHICAGO SKY,"2026-08-05, CHI vs LA",13,8,1,2,2,4,0,0,3,0,3,3,1,1,0,0
401857118,2026,WNBA,DIJONAI CARRINGTON,CHICAGO SKY,"2026-08-05, CHI vs LA",12,6,3,6,0,1,0,0,4,0,4,2,1,0,0,4
401857118,2026,WNBA,GABRIELA JAQUEZ,CHICAGO SKY,"2026-08-05, CHI vs LA",7,0,0,1,0,0,0,0,1,0,1,0,0,0,1,1
401857114,2026,WNBA,MARIA CONDE,TORONTO TEMPO,"2026-08-04, GS vs TOR",30,17,1,2,5,10,0,0,5,1,6,4,0,1,3,1
401857114,2026,WNBA,NYARA SABALLY,TORONTO TEMPO,"2026-08-04, GS vs TOR",32,21,5,6,3,6,2,4,4,2,6,3,1,1,3,3
401857114,2026,WNBA,LAURA JUSKAITE,TORONTO TEMPO,"2026-08-04, GS vs TOR",25,11,2,4,1,3,4,4,3,0,3,1,2,0,2,1
401857114,2026,WNBA,MARINA MABREY,TORONTO TEMPO,"2026-08-04, GS vs TOR",35,12,4,7,0,4,4,4,5,0,5,6,0,0,3,4
401857114,2026,WNBA,JULIE ALLEMAND,TORONTO TEMPO,"2026-08-04, GS vs TOR",31,7,2,3,1,2,0,0,1,0,1,8,4,0,0,3
401857114,2026,WNBA,ISABELLE HARRISON,TORONTO TEMPO,"2026-08-04, GS vs TOR",8,3,0,2,1,1,0,0,0,0,0,0,0,0,0,1
401857114,2026,WNBA,ANEESAH MORROW,TORONTO TEMPO,"2026-08-04, GS vs TOR",16,8,2,4,1,2,1,1,4,1,5,0,0,1,2,1
401857114,2026,WNBA,KIKI RICE,TORONTO TEMPO,"2026-08-04, GS vs TOR",23,2,0,2,0,1,2,2,0,1,1,0,1,0,2,5
401857114,2026,WNBA,KAYLA THORNTON,GOLDEN STATE VALKYRIES,"2026-08-04, GS vs TOR",28,20,2,3,4,7,4,4,2,0,2,1,0,0,0,1
401857114,2026,WNBA,GABBY WILLIAMS,GOLDEN STATE VALKYRIES,"2026-08-04, GS vs TOR",20,10,4,7,0,2,2,3,6,1,7,0,1,0,0,1
401857114,2026,WNBA,CECILIA ZANDALASINI,GOLDEN STATE VALKYRIES,"2026-08-04, GS vs TOR",19,6,0,2,2,4,0,0,2,0,2,3,0,0,1,1
401857114,2026,WNBA,KIAH STOKES,GOLDEN STATE VALKYRIES,"2026-08-04, GS vs TOR",27,7,2,3,1,2,0,0,4,3,7,1,0,2,2,1
401857114,2026,WNBA,VERONICA BURTON,GOLDEN STATE VALKYRIES,"2026-08-04, GS vs TOR",33,12,1,3,1,6,7,9,4,4,8,7,1,0,0,3
401857114,2026,WNBA,LAETICIA AMIHERE,GOLDEN STATE VALKYRIES,"2026-08-04, GS vs TOR",4,0,0,0,0,0,0,0,2,1,3,0,1,0,0,0
401857114,2026,WNBA,JANELLE SALAUN,GOLDEN STATE VALKYRIES,"2026-08-04, GS vs TOR",21,21,4,6,4,6,1,1,0,1,1,0,0,0,0,1
401857114,2026,WNBA,TIFFANY HAYES,GOLDEN STATE VALKYRIES,"2026-08-04, GS vs TOR",24,12,4,8,0,3,4,6,1,3,4,4,4,0,2,2
401857114,2026,WNBA,KAILA CHARLES,GOLDEN STATE VALKYRIES,"2026-08-04, GS vs TOR",17,2,1,2,0,2,0,0,2,1,3,3,2,0,3,3
401857114,2026,WNBA,KAITLYN CHEN,GOLDEN STATE VALKYRIES,"2026-08-04, GS vs TOR",7,2,1,1,0,1,0,0,0,1,1,2,0,0,4,1
401857111,2026,WNBA,STEPHANIE TALBOT,LAS VEGAS ACES,"2026-08-03, ATL vs LV",8,2,1,1,0,0,0,0,0,0,0,1,1,0,2,2
401857111,2026,WNBA,NALYSSA SMITH,LAS VEGAS ACES,"2026-08-03, ATL vs LV",31,18,9,16,0,0,0,0,2,2,4,0,1,1,0,3
401857111,2026,WNBA,A'JA WILSON,LAS VEGAS ACES,"2026-08-03, ATL vs LV",30,23,7,10,1,1,6,6,6,0,6,4,0,3,1,2
401857111,2026,WNBA,CHELSEA GRAY,LAS VEGAS ACES,"2026-08-03, ATL vs LV",30,17,7,8,1,4,0,0,3,0,3,6,2,0,1,0
401857111,2026,WNBA,JACKIE YOUNG,LAS VEGAS ACES,"2026-08-03, ATL vs LV",34,28,7,10,4,7,2,4,10,1,11,10,0,0,4,3
401857111,2026,WNBA,BRIANNA TURNER,LAS VEGAS ACES,"2026-08-03, ATL vs LV",16,4,2,3,0,0,0,0,2,1,3,0,0,1,1,3
401857111,2026,WNBA,KIERSTAN BELL,LAS VEGAS ACES,"2026-08-03, ATL vs LV",13,1,0,0,0,0,1,2,1,1,2,0,0,1,0,1
401857111,2026,WNBA,JEWELL LOYD,LAS VEGAS ACES,"2026-08-03, ATL vs LV",19,6,0,1,2,3,0,0,1,0,1,1,1,0,0,0
401857111,2026,WNBA,DANA EVANS,LAS VEGAS ACES,"2026-08-03, ATL vs LV",13,2,1,3,0,0,0,0,0,0,0,1,0,0,0,2
401857111,2026,WNBA,TA'NIYA LATSON,LAS VEGAS ACES,"2026-08-03, ATL vs LV",2,2,0,0,0,0,2,2,0,0,0,0,0,0,0,0
401857111,2026,WNBA,JUSTINE PISSOTT,LAS VEGAS ACES,"2026-08-03, ATL vs LV",3,3,0,0,1,2,0,0,0,0,0,0,0,0,0,0
401857111,2026,WNBA,MAI YAMAMOTO,LAS VEGAS ACES,"2026-08-03, ATL vs LV",2,3,0,0,1,2,0,0,0,0,0,1,0,0,0,0
401857111,2026,WNBA,NAZ HILLMON,ATLANTA DREAM,"2026-08-03, ATL vs LV",27,7,2,2,1,4,0,0,1,0,1,2,2,0,2,1
401857111,2026,WNBA,ANGEL REESE,ATLANTA DREAM,"2026-08-03, ATL vs LV",27,23,10,17,0,2,3,4,10,6,16,2,0,1,1,3
401857111,2026,WNBA,ALLISHA GRAY,ATLANTA DREAM,"2026-08-03, ATL vs LV",30,7,2,4,0,6,3,4,1,0,1,2,0,0,1,1
401857111,2026,WNBA,JORDIN CANADA,ATLANTA DREAM,"2026-08-03, ATL vs LV",31,7,2,4,0,3,3,4,1,1,2,7,0,0,4,2
401857111,2026,WNBA,RHYNE HOWARD,ATLANTA DREAM,"2026-08-03, ATL vs LV",33,19,4,6,3,7,2,2,0,1,1,2,1,1,0,1
401857111,2026,WNBA,BRIONNA JONES,ATLANTA DREAM,"2026-08-03, ATL vs LV",17,9,4,7,0,1,1,1,4,3,7,0,0,0,1,2
401857111,2026,WNBA,SIKA KONE,ATLANTA DREAM,"2026-08-03, ATL vs LV",3,0,0,0,0,0,0,0,1,0,1,0,0,0,0,0
401857111,2026,WNBA,MADINA OKOT,ATLANTA DREAM,"2026-08-03, ATL vs LV",7,0,0,1,0,0,0,0,2,1,3,0,0,0,1,1
401857111,2026,WNBA,SHATORI WALKER-KIMBROUGH,ATLANTA DREAM,"2026-08-03, ATL vs LV",6,6,2,4,0,0,2,2,1,0,1,2,1,0,0,0
401857111,2026,WNBA,JAYLYN SHERROD,ATLANTA DREAM,"2026-08-03, ATL vs LV",8,7,2,4,0,0,3,3,0,0,0,1,1,0,0,1
401857111,2026,WNBA,AALIYAH NYE,ATLANTA DREAM,"2026-08-03, ATL vs LV",2,2,1,1,0,0,0,0,0,0,0,0,0,0,0,0
401857111,2026,WNBA,ISOBEL BORLASE,ATLANTA DREAM,"2026-08-03, ATL vs LV",9,0,0,1,0,1,0,0,1,0,1,1,0,0,1,2
401857112,2026,WNBA,EZI MAGBEGOR,SEATTLE STORM,"2026-08-03, NY vs SEA",21,4,2,5,0,1,0,0,5,0,5,2,1,1,1,2
401857112,2026,WNBA,DOMINIQUE MALONGA,SEATTLE STORM,"2026-08-03, NY vs SEA",28,17,5,8,1,3,4,4,6,0,6,1,0,1,3,4
401857112,2026,WNBA,NATISHA HIEDEMAN,SEATTLE STORM,"2026-08-03, NY vs SEA",33,17,3,6,3,7,2,2,1,0,1,7,2,0,0,2
401857112,2026,WNBA,FLAU'JAE JOHNSON,SEATTLE STORM,"2026-08-03, NY vs SEA",30,25,6,9,2,6,7,9,3,0,3,3,3,0,1,2
401857112,2026,WNBA,JADE MELBOURNE,SEATTLE STORM,"2026-08-03, NY vs SEA",24,5,1,3,1,1,0,0,0,1,1,4,0,0,0,1
401857112,2026,WNBA,KATIE LOU SAMUELSON,SEATTLE STORM,"2026-08-03, NY vs SEA",14,2,1,2,0,3,0,0,0,1,1,1,1,0,0,0
401857112,2026,WNBA,JORDAN HORSTON,SEATTLE STORM,"2026-08-03, NY vs SEA",10,0,0,2,0,0,0,0,3,0,3,1,0,0,0,2
401857112,2026,WNBA,STEFANIE DOLSON,SEATTLE STORM,"2026-08-03, NY vs SEA",11,5,1,1,1,1,0,0,0,0,0,1,0,1,0,1
401857112,2026,WNBA,AWA FAM,SEATTLE STORM,"2026-08-03, NY vs SEA",20,4,0,4,1,4,1,2,4,5,9,1,0,0,2,4
401857112,2026,WNBA,ZIA COOKE,SEATTLE STORM,"2026-08-03, NY vs SEA",8,4,1,2,0,3,2,2,0,0,0,0,0,0,0,0
401857112,2026,WNBA,BREANNA STEWART,NEW YORK LIBERTY,"2026-08-03, NY vs SEA",31,24,8,12,0,4,8,9,7,1,8,6,0,2,0,3
401857112,2026,WNBA,JONQUEL JONES,NEW YORK LIBERTY,"2026-08-03, NY vs SEA",30,20,3,6,4,10,2,3,5,2,7,2,0,1,2,1
401857112,2026,WNBA,REBECCA ALLEN,NEW YORK LIBERTY,"2026-08-03, NY vs SEA",26,0,0,1,0,3,0,0,3,2,5,1,1,2,0,2
401857112,2026,WNBA,SABRINA IONESCU,NEW YORK LIBERTY,"2026-08-03, NY vs SEA",29,18,3,4,4,6,0,0,2,0,2,5,0,0,5,4
401857112,2026,WNBA,PAULINE ASTIER,NEW YORK LIBERTY,"2026-08-03, NY vs SEA",23,12,3,4,1,1,3,3,0,0,0,2,0,0,1,2
401857112,2026,WNBA,HAN XU,NEW YORK LIBERTY,"2026-08-03, NY vs SEA",18,6,0,1,2,3,0,0,4,3,7,0,1,1,1,0
401857112,2026,WNBA,REBEKAH GARDNER,NEW YORK LIBERTY,"2026-08-03, NY vs SEA",16,6,3,4,0,2,0,0,3,0,3,1,0,0,0,1
401857112,2026,WNBA,MARINE JOHANNES,NEW YORK LIBERTY,"2026-08-03, NY vs SEA",12,6,0,0,2,3,0,0,0,0,0,1,0,0,2,1
401857112,2026,WNBA,MARINE FAUTHOUX,NEW YORK LIBERTY,"2026-08-03, NY vs SEA",14,3,0,2,1,2,0,1,3,1,4,5,0,0,1,0
401857113,2026,WNBA,DEWANNA BONNER,PHOENIX MERCURY,"2026-08-03, CHI vs PHX",31,14,1,2,2,6,6,9,6,2,8,4,3,2,1,1
401857113,2026,WNBA,ALYSSA THOMAS,PHOENIX MERCURY,"2026-08-03, CHI vs PHX",38,19,5,9,0,0,9,9,13,2,15,12,0,1,6,5
401857113,2026,WNBA,NATASHA MACK,PHOENIX MERCURY,"2026-08-03, CHI vs PHX",18,9,3,5,0,0,3,4,3,0,3,1,0,1,0,4
401857113,2026,WNBA,NOEMIE BROCHANT,PHOENIX MERCURY,"2026-08-03, CHI vs PHX",19,2,1,3,0,2,0,0,2,0,2,2,0,1,1,3
401857113,2026,WNBA,KAHLEAH COPPER,PHOENIX MERCURY,"2026-08-03, CHI vs PHX",34,31,6,11,4,8,7,12,3,1,4,1,1,0,1,4
401857113,2026,WNBA,VALERIANE AYAYI,PHOENIX MERCURY,"2026-08-03, CHI vs PHX",22,11,2,2,2,4,1,1,1,1,2,1,1,0,0,0
401857113,2026,WNBA,SAMI WHITCOMB,PHOENIX MERCURY,"2026-08-03, CHI vs PHX",15,0,0,0,0,1,0,0,1,0,1,1,0,0,0,2
401857113,2026,WNBA,KELSEY PLUM,PHOENIX MERCURY,"2026-08-03, CHI vs PHX",21,20,3,5,3,5,5,5,1,0,1,4,0,0,3,2
401857113,2026,WNBA,LEXI HELD,PHOENIX MERCURY,"2026-08-03, CHI vs PHX",3,0,0,0,0,0,0,0,0,0,0,0,0,0,0,0
401857113,2026,WNBA,KAMILLA CARDOSO,CHICAGO SKY,"2026-08-03, CHI vs PHX",28,16,8,15,0,0,0,0,8,5,13,5,0,1,0,4
401857113,2026,WNBA,COURTNEY VANDERSLOOT,CHICAGO SKY,"2026-08-03, CHI vs PHX",27,16,2,7,4,6,0,0,4,1,5,10,2,0,3,1
401857113,2026,WNBA,NATASHA CLOUD,CHICAGO SKY,"2026-08-03, CHI vs PHX",31,13,3,3,1,5,4,4,4,1,5,7,1,0,1,2
401857113,2026,WNBA,AICHA COULIBALY,CHICAGO SKY,"2026-08-03, CHI vs PHX",11,6,3,5,0,1,0,0,0,1,1,0,1,0,1,3
401857113,2026,WNBA,SYDNEY TAYLOR,CHICAGO SKY,"2026-08-03, CHI vs PHX",17,14,2,5,3,5,1,1,2,0,2,3,1,0,0,3
401857113,2026,WNBA,ELIZABETH WILLIAMS,CHICAGO SKY,"2026-08-03, CHI vs PHX",15,5,2,3,0,0,1,3,5,1,6,2,0,0,1,2
401857113,2026,WNBA,RACHEL BANHAM,CHICAGO SKY,"2026-08-03, CHI vs PHX",2,0,0,0,0,0,0,0,1,0,1,0,0,0,1,1
401857113,2026,WNBA,DIJONAI CARRINGTON,CHICAGO SKY,"2026-08-03, CHI vs PHX",20,16,3,6,1,4,7,12,1,0,1,0,0,0,0,4
401857113,2026,WNBA,JACY SHELDON,CHICAGO SKY,"2026-08-03, CHI vs PHX",23,6,1,2,0,3,4,4,1,0,1,1,0,0,0,3
401857113,2026,WNBA,GABRIELA JAQUEZ,CHICAGO SKY,"2026-08-03, CHI vs PHX",26,9,3,4,1,2,0,1,1,0,1,1,0,0,1,3
401857107,2026,WNBA,MONIQUE BILLINGS,INDIANA FEVER,"2026-08-02, MIN vs IND",23,9,3,4,0,1,3,4,3,0,3,2,1,0,0,0
401857107,2026,WNBA,ALIYAH BOSTON,INDIANA FEVER,"2026-08-02, MIN vs IND",33,15,6,10,1,4,0,0,7,1,8,7,0,0,3,5
401857107,2026,WNBA,KELSEY MITCHELL,INDIANA FEVER,"2026-08-02, MIN vs IND",35,37,8,13,6,8,3,4,1,0,1,3,1,0,1,1
401857107,2026,WNBA,LEXIE HULL,INDIANA FEVER,"2026-08-02, MIN vs IND",14,6,1,1,1,1,1,1,1,1,2,1,0,0,1,2
401857107,2026,WNBA,CAITLIN CLARK,INDIANA FEVER,"2026-08-02, MIN vs IND",34,19,6,9,2,9,1,1,1,0,1,10,1,0,4,1
401857107,2026,WNBA,MYISHA HINES-ALLEN,INDIANA FEVER,"2026-08-02, MIN vs IND",2,0,0,1,0,0,0,0,0,2,2,1,0,0,1,0
401857107,2026,WNBA,MAKAYLA TIMPSON,INDIANA FEVER,"2026-08-02, MIN vs IND",21,7,3,4,0,0,1,3,4,1,5,0,1,2,0,3
401857107,2026,WNBA,SOPHIE CUNNINGHAM,INDIANA FEVER,"2026-08-02, MIN vs IND",23,3,0,1,1,1,0,0,1,0,1,2,0,0,0,1
401857107,2026,WNBA,TYASHA HARRIS,INDIANA FEVER,"2026-08-02, MIN vs IND",10,2,0,0,0,0,2,2,0,0,0,1,0,0,1,1
401857107,2026,WNBA,RAVEN JOHNSON,INDIANA FEVER,"2026-08-02, MIN vs IND",4,2,1,1,0,0,0,0,0,0,0,0,0,0,1,1
401857107,2026,WNBA,NATASHA HOWARD,MINNESOTA LYNX,"2026-08-02, MIN vs IND",23,13,6,9,0,0,1,2,1,3,4,5,2,0,1,4
401857107,2026,WNBA,NAPHEESA COLLIER,MINNESOTA LYNX,"2026-08-02, MIN vs IND",31,18,3,8,3,5,3,4,7,1,8,7,1,1,0,1
401857107,2026,WNBA,KAYLA MCBRIDE,MINNESOTA LYNX,"2026-08-02, MIN vs IND",29,10,2,4,2,6,0,0,2,1,3,1,0,0,1,1
401857107,2026,WNBA,COURTNEY WILLIAMS,MINNESOTA LYNX,"2026-08-02, MIN vs IND",34,27,10,16,2,4,1,2,3,1,4,5,0,0,0,2
401857107,2026,WNBA,OLIVIA MILES,MINNESOTA LYNX,"2026-08-02, MIN vs IND",32,28,8,8,3,6,3,3,4,0,4,6,0,1,3,5
401857107,2026,WNBA,NIA COFFEY,MINNESOTA LYNX,"2026-08-02, MIN vs IND",15,4,2,3,0,1,0,0,1,1,2,0,1,0,0,1
401857107,2026,WNBA,DORKA JUHASZ,MINNESOTA LYNX,"2026-08-02, MIN vs IND",11,2,1,1,0,0,0,0,1,0,1,1,2,1,0,1
401857107,2026,WNBA,ANTONIA DELAERE,MINNESOTA LYNX,"2026-08-02, MIN vs IND",9,0,0,1,0,1,0,0,0,0,0,1,0,0,0,0
401857107,2026,WNBA,MAYA CALDWELL,MINNESOTA LYNX,"2026-08-02, MIN vs IND",17,6,0,1,1,2,3,4,3,4,7,2,0,0,1,1
401857108,2026,WNBA,NNEKA OGWUMIKE,LOS ANGELES SPARKS,"2026-08-02, POR vs LA",30,22,5,11,3,7,3,4,8,2,10,2,1,0,2,1
401857108,2026,WNBA,DEARICA HAMBY,LOS ANGELES SPARKS,"2026-08-02, POR vs LA",29,23,11,15,0,0,1,2,6,4,10,4,1,2,2,4
401857108,2026,WNBA,ERICA WHEELER,LOS ANGELES SPARKS,"2026-08-02, POR vs LA",28,12,1,3,2,3,4,4,0,0,0,8,3,0,2,3
401857108,2026,WNBA,ARIEL ATKINS,LOS ANGELES SPARKS,"2026-08-02, POR vs LA",31,12,0,2,4,7,0,0,2,1,3,6,1,1,1,1
401857108,2026,WNBA,RAE BURRELL,LOS ANGELES SPARKS,"2026-08-02, POR vs LA",30,12,1,5,2,3,4,4,2,0,2,4,1,0,2,1
401857108,2026,WNBA,CAMERON BRINK,LOS ANGELES SPARKS,"2026-08-02, POR vs LA",21,7,2,6,1,3,0,0,4,1,5,2,0,2,1,4
401857108,2026,WNBA,JIHYUN PARK,LOS ANGELES SPARKS,"2026-08-02, POR vs LA",18,12,3,4,2,3,0,0,1,1,2,4,1,0,1,1
401857108,2026,WNBA,CHANCE GRAY,LOS ANGELES SPARKS,"2026-08-02, POR vs LA",14,6,0,0,2,3,0,0,0,0,0,3,0,0,2,1
401857108,2026,WNBA,BRIDGET CARLETON,PORTLAND FIRE,"2026-08-02, POR vs LA",30,24,1,2,7,13,1,2,8,3,11,1,2,1,3,1
401857108,2026,WNBA,EMILY ENGSTLER,PORTLAND FIRE,"2026-08-02, POR vs LA",22,7,2,5,1,6,0,0,1,2,3,2,2,0,1,4
401857108,2026,WNBA,NYADIEW PUOCH,PORTLAND FIRE,"2026-08-02, POR vs LA",21,7,0,0,1,1,4,4,4,0,4,0,0,0,0,2
401857108,2026,WNBA,MEGAN DILEO,PORTLAND FIRE,"2026-08-02, POR vs LA",29,19,5,8,2,7,3,3,5,3,8,3,0,1,1,2
401857108,2026,WNBA,CARLA LEITE,PORTLAND FIRE,"2026-08-02, POR vs LA",27,21,5,13,2,2,5,5,1,0,1,8,1,0,4,3
401857108,2026,WNBA,FRIEDA BUHNER,PORTLAND FIRE,"2026-08-02, POR vs LA",18,3,0,2,1,2,0,0,0,0,0,0,0,0,1,5
401857108,2026,WNBA,SERAH WILLIAMS,PORTLAND FIRE,"2026-08-02, POR vs LA",11,2,1,2,0,0,0,0,0,1,1,1,0,0,1,1
401857108,2026,WNBA,KARLIE SAMUELSON,PORTLAND FIRE,"2026-08-02, POR vs LA",19,2,1,2,0,1,0,0,2,0,2,1,0,0,0,3
401857108,2026,WNBA,HOLLY WINTERBURN,PORTLAND FIRE,"2026-08-02, POR vs LA",10,4,1,1,0,3,2,2,1,1,2,2,1,0,0,0
401857108,2026,WNBA,TEJA OBLAK,PORTLAND FIRE,"2026-08-02, POR vs LA",13,12,4,5,1,2,1,2,1,1,2,3,2,0,3,0
401857109,2026,WNBA,DIAMOND MILLER,CONNECTICUT SUN,"2026-08-02, DAL vs CON",30,22,4,7,4,8,2,4,2,2,4,1,2,0,2,4
401857109,2026,WNBA,OLIVIA NELSON-ODODA,CONNECTICUT SUN,"2026-08-02, DAL vs CON",27,8,3,6,0,0,2,4,9,2,11,2,0,0,3,3
401857109,2026,WNBA,KENNEDY BURKE,CONNECTICUT SUN,"2026-08-02, DAL vs CON",30,14,3,7,2,4,2,2,6,1,7,1,2,3,3,0
401857109,2026,WNBA,CHARLISSE LEGER-WALKER,CONNECTICUT SUN,"2026-08-02, DAL vs CON",25,0,0,1,0,2,0,0,0,0,0,2,0,0,2,2
401857109,2026,WNBA,LEILA LACAN,CONNECTICUT SUN,"2026-08-02, DAL vs CON",25,7,2,7,1,3,0,0,1,0,1,2,0,0,2,2
401857109,2026,WNBA,RAEGAN BEERS,CONNECTICUT SUN,"2026-08-02, DAL vs CON",14,2,1,4,0,0,0,0,2,1,3,3,0,0,0,2
401857109,2026,WNBA,NELL ANGLOMA,CONNECTICUT SUN,"2026-08-02, DAL vs CON",10,5,1,4,1,1,0,0,1,0,1,0,1,0,0,0
401857109,2026,WNBA,RAYAH MARSHALL,CONNECTICUT SUN,"2026-08-02, DAL vs CON",4,0,0,2,0,0,0,0,0,1,1,0,0,0,2,1
401857109,2026,WNBA,SANIYA RIVERS,CONNECTICUT SUN,"2026-08-02, DAL vs CON",17,1,0,4,0,2,1,2,1,1,2,2,1,0,1,3
401857109,2026,WNBA,GIANNA KNEEPKENS,CONNECTICUT SUN,"2026-08-02, DAL vs CON",7,4,0,1,1,2,1,1,0,1,1,0,0,0,0,1
401857109,2026,WNBA,ASHLON JACKSON,CONNECTICUT SUN,"2026-08-02, DAL vs CON",11,0,0,1,0,1,0,0,0,0,0,1,0,0,0,0
401857109,2026,WNBA,JESSICA SHEPARD,DALLAS WINGS,"2026-08-02, DAL vs CON",23,15,7,12,0,0,1,1,7,2,9,2,1,0,2,1
401857109,2026,WNBA,ALANNA SMITH,DALLAS WINGS,"2026-08-02, DAL vs CON",14,3,0,4,1,2,0,0,3,0,3,1,0,2,2,3
401857109,2026,WNBA,ARIKE OGUNBOWALE,DALLAS WINGS,"2026-08-02, DAL vs CON",23,15,6,6,1,3,0,0,5,0,5,5,1,0,1,0
401857109,2026,WNBA,PAIGE BUECKERS,DALLAS WINGS,"2026-08-02, DAL vs CON",25,6,3,8,0,1,0,0,2,1,3,4,0,0,1,1
401857109,2026,WNBA,AZZI FUDD,DALLAS WINGS,"2026-08-02, DAL vs CON",24,12,0,3,4,5,0,0,1,1,2,1,2,1,0,1
401857109,2026,WNBA,ALYSHA CLARK,DALLAS WINGS,"2026-08-02, DAL vs CON",17,1,0,0,0,1,1,2,3,0,3,1,1,0,1,3
401857109,2026,WNBA,MADDY SIEGRIST,DALLAS WINGS,"2026-08-02, DAL vs CON",17,4,2,2,0,2,0,0,2,0,2,2,0,0,2,2
401857109,2026,WNBA,AWAK KUIER,DALLAS WINGS,"2026-08-02, DAL vs CON",9,6,3,4,0,0,0,0,1,1,2,0,0,1,0,2
401857109,2026,WNBA,LI YUERU,DALLAS WINGS,"2026-08-02, DAL vs CON",9,6,1,2,1,2,1,2,0,1,1,0,2,0,1,0
401857109,2026,WNBA,ODYSSEY SIMS,DALLAS WINGS,"2026-08-02, DAL vs CON",20,9,2,4,0,1,5,5,2,0,2,2,2,0,1,1
401857109,2026,WNBA,SUG SUTTON,DALLAS WINGS,"2026-08-02, DAL vs CON",7,0,0,0,0,0,0,0,3,1,4,2,0,0,1,0
401857109,2026,WNBA,AZIAHA JAMES,DALLAS WINGS,"2026-08-02, DAL vs CON",12,6,2,6,0,1,2,2,2,0,2,2,1,0,2,1
401857110,2026,WNBA,MARIA CONDE,TORONTO TEMPO,"2026-08-02, GS vs TOR",34,10,5,7,0,7,0,0,4,1,5,5,1,0,2,2
401857110,2026,WNBA,NYARA SABALLY,TORONTO TEMPO,"2026-08-02, GS vs TOR",25,19,3,7,3,5,4,7,6,2,8,1,0,0,3,4
401857110,2026,WNBA,LAURA JUSKAITE,TORONTO TEMPO,"2026-08-02, GS vs TOR",35,15,4,4,1,3,4,6,2,2,4,2,0,0,1,3
401857110,2026,WNBA,JULIE ALLEMAND,TORONTO TEMPO,"2026-08-02, GS vs TOR",34,11,1,1,3,5,0,0,3,0,3,6,1,1,1,3
401857110,2026,WNBA,KIKI RICE,TORONTO TEMPO,"2026-08-02, GS vs TOR",27,16,6,10,0,2,4,4,3,2,5,3,1,0,2,5
401857110,2026,WNBA,ISABELLE HARRISON,TORONTO TEMPO,"2026-08-02, GS vs TOR",17,4,2,5,0,4,0,0,1,1,2,1,0,0,1,1
401857110,2026,WNBA,TEONNI KEY,TORONTO TEMPO,"2026-08-02, GS vs TOR",1,0,0,1,0,0,0,0,0,1,1,0,0,0,1,0
401857110,2026,WNBA,TEMI FAGBENLE,TORONTO TEMPO,"2026-08-02, GS vs TOR",11,0,0,1,0,1,0,0,5,1,6,0,0,0,1,2
401857110,2026,WNBA,KIA NURSE,TORONTO TEMPO,"2026-08-02, GS vs TOR",17,4,1,1,0,3,2,2,0,0,0,2,0,0,0,1
401857110,2026,WNBA,KAYLA THORNTON,GOLDEN STATE VALKYRIES,"2026-08-02, GS vs TOR",11,3,0,0,1,1,0,0,1,0,1,0,0,0,0,0
401857110,2026,WNBA,GABBY WILLIAMS,GOLDEN STATE VALKYRIES,"2026-08-02, GS vs TOR",19,15,2,8,3,3,2,2,2,0,2,1,1,0,1,1
401857110,2026,WNBA,CECILIA ZANDALASINI,GOLDEN STATE VALKYRIES,"2026-08-02, GS vs TOR",16,7,1,3,1,2,2,2,1,0,1,5,0,0,1,1
401857110,2026,WNBA,KIAH STOKES,GOLDEN STATE VALKYRIES,"2026-08-02, GS vs TOR",32,8,4,4,0,2,0,0,8,3,11,1,1,5,0,4
401857110,2026,WNBA,VERONICA BURTON,GOLDEN STATE VALKYRIES,"2026-08-02, GS vs TOR",29,17,3,6,3,4,2,3,1,1,2,6,2,0,1,3
401857110,2026,WNBA,LAETICIA AMIHERE,GOLDEN STATE VALKYRIES,"2026-08-02, GS vs TOR",5,0,0,0,0,0,0,0,1,0,1,1,0,0,0,0
401857110,2026,WNBA,JANELLE SALAUN,GOLDEN STATE VALKYRIES,"2026-08-02, GS vs TOR",30,24,5,6,4,9,2,2,3,0,3,2,1,0,1,4
401857110,2026,WNBA,TIFFANY HAYES,GOLDEN STATE VALKYRIES,"2026-08-02, GS vs TOR",20,15,3,5,1,5,6,7,3,0,3,4,3,0,1,3
401857110,2026,WNBA,KAILA CHARLES,GOLDEN STATE VALKYRIES,"2026-08-02, GS vs TOR",17,5,0,3,1,1,2,2,1,0,1,2,0,0,1,2
401857110,2026,WNBA,KAITLYN CHEN,GOLDEN STATE VALKYRIES,"2026-08-02, GS vs TOR",20,2,1,3,0,2,0,0,1,0,1,4,0,0,1,2
401857105,2026,WNBA,STEPHANIE TALBOT,LAS VEGAS ACES,"2026-08-01, CHI vs LV",7,2,1,2,0,0,0,0,2,0,2,0,0,1,0,0
401857105,2026,WNBA,NALYSSA SMITH,LAS VEGAS ACES,"2026-08-01, CHI vs LV",31,17,7,9,0,2,3,3,3,3,6,0,2,1,2,4
401857105,2026,WNBA,A'JA WILSON,LAS VEGAS ACES,"2026-08-01, CHI vs LV",34,36,12,26,1,1,9,12,7,5,12,4,1,2,2,2
401857105,2026,WNBA,CHELSEA GRAY,LAS VEGAS ACES,"2026-08-01, CHI vs LV",34,5,2,3,0,5,1,2,1,0,1,9,0,1,3,3
401857105,2026,WNBA,JACKIE YOUNG,LAS VEGAS ACES,"2026-08-01, CHI vs LV",33,18,4,7,3,7,1,1,10,1,11,5,1,1,6,2
401857105,2026,WNBA,BRIANNA TURNER,LAS VEGAS ACES,"2026-08-01, CHI vs LV",13,2,1,1,0,0,0,0,2,0,2,0,0,1,0,1
401857105,2026,WNBA,KIERSTAN BELL,LAS VEGAS ACES,"2026-08-01, CHI vs LV",5,0,0,0,0,0,0,0,1,0,1,0,0,1,1,2
401857105,2026,WNBA,JEWELL LOYD,LAS VEGAS ACES,"2026-08-01, CHI vs LV",25,3,0,1,1,4,0,0,2,0,2,1,1,0,2,3
401857105,2026,WNBA,DANA EVANS,LAS VEGAS ACES,"2026-08-01, CHI vs LV",17,0,0,3,0,3,0,0,3,0,3,2,0,0,0,2
401857105,2026,WNBA,KAMILLA CARDOSO,CHICAGO SKY,"2026-08-01, CHI vs LV",26,8,4,11,0,0,0,1,8,4,12,2,1,1,3,4
401857105,2026,WNBA,COURTNEY VANDERSLOOT,CHICAGO SKY,"2026-08-01, CHI vs LV",20,7,2,5,1,2,0,2,5,3,8,5,3,1,2,1
401857105,2026,WNBA,NATASHA CLOUD,CHICAGO SKY,"2026-08-01, CHI vs LV",30,11,2,4,2,3,1,1,1,0,1,4,1,0,2,5
401857105,2026,WNBA,AICHA COULIBALY,CHICAGO SKY,"2026-08-01, CHI vs LV",24,8,2,5,0,1,4,4,1,2,3,0,1,1,0,2
401857105,2026,WNBA,SYDNEY TAYLOR,CHICAGO SKY,"2026-08-01, CHI vs LV",30,29,6,16,5,11,2,4,2,0,2,2,1,1,2,4
401857105,2026,WNBA,ELIZABETH WILLIAMS,CHICAGO SKY,"2026-08-01, CHI vs LV",21,7,3,7,0,0,1,2,1,2,3,1,1,0,2,1
401857105,2026,WNBA,RACHEL BANHAM,CHICAGO SKY,"2026-08-01, CHI vs LV",10,0,0,1,0,2,0,0,1,0,1,3,0,0,0,1
401857105,2026,WNBA,DIJONAI CARRINGTON,CHICAGO SKY,"2026-08-01, CHI vs LV",19,10,3,6,0,0,4,6,2,0,2,0,0,0,0,0
401857105,2026,WNBA,JACY SHELDON,CHICAGO SKY,"2026-08-01, CHI vs LV",16,4,1,1,0,1,2,2,0,0,0,1,1,0,0,1
401857105,2026,WNBA,GABRIELA JAQUEZ,CHICAGO SKY,"2026-08-01, CHI vs LV",4,0,0,1,0,0,0,0,0,0,0,1,0,0,2,1
401857106,2026,WNBA,BREANNA STEWART,NEW YORK LIBERTY,"2026-08-01, PHX vs NY",34,14,4,9,0,1,6,6,9,2,11,2,0,2,2,1
401857106,2026,WNBA,JONQUEL JONES,NEW YORK LIBERTY,"2026-08-01, PHX vs NY",28,16,6,6,0,4,4,4,8,1,9,5,1,1,3,4
401857106,2026,WNBA,REBECCA ALLEN,NEW YORK LIBERTY,"2026-08-01, PHX vs NY",21,5,1,4,1,1,0,0,1,1,2,1,0,0,0,3
401857106,2026,WNBA,SABRINA IONESCU,NEW YORK LIBERTY,"2026-08-01, PHX vs NY",35,27,5,9,4,10,5,5,5,2,7,10,1,0,3,3
401857106,2026,WNBA,PAULINE ASTIER,NEW YORK LIBERTY,"2026-08-01, PHX vs NY",21,6,3,7,0,0,0,0,0,0,0,2,0,0,2,3
401857106,2026,WNBA,RAQUEL CARRERA,NEW YORK LIBERTY,"2026-08-01, PHX vs NY",2,0,0,0,0,1,0,0,1,0,1,1,0,0,0,0
401857106,2026,WNBA,HAN XU,NEW YORK LIBERTY,"2026-08-01, PHX vs NY",22,17,3,3,3,6,2,2,4,2,6,1,0,0,1,3
401857106,2026,WNBA,REBEKAH GARDNER,NEW YORK LIBERTY,"2026-08-01, PHX vs NY",11,2,1,1,0,1,0,0,0,1,1,1,0,0,0,3
401857106,2026,WNBA,MARINE JOHANNES,NEW YORK LIBERTY,"2026-08-01, PHX vs NY",14,5,1,1,1,3,0,0,0,0,0,1,0,0,0,2
401857106,2026,WNBA,MARINE FAUTHOUX,NEW YORK LIBERTY,"2026-08-01, PHX vs NY",13,2,0,0,0,1,2,2,0,0,0,2,0,0,3,2
401857106,2026,WNBA,DEWANNA BONNER,PHOENIX MERCURY,"2026-08-01, PHX vs NY",32,25,7,11,2,6,5,6,7,0,7,3,2,1,0,3
401857106,2026,WNBA,ALYSSA THOMAS,PHOENIX MERCURY,"2026-08-01, PHX vs NY",36,17,7,12,0,0,3,4,6,0,6,7,2,0,4,4
401857106,2026,WNBA,NOEMIE BROCHANT,PHOENIX MERCURY,"2026-08-01, PHX vs NY",26,5,1,2,1,2,0,0,0,0,0,1,1,0,1,2
401857106,2026,WNBA,KAHLEAH COPPER,PHOENIX MERCURY,"2026-08-01, PHX vs NY",37,25,6,8,2,7,7,9,2,0,2,0,1,0,1,3
401857106,2026,WNBA,MONIQUE AKOA MAKANI,PHOENIX MERCURY,"2026-08-01, PHX vs NY",16,4,2,4,0,0,0,0,3,0,3,3,1,0,2,2
401857106,2026,WNBA,VALERIANE AYAYI,PHOENIX MERCURY,"2026-08-01, PHX vs NY",21,5,0,1,0,1,5,6,1,0,1,2,0,1,0,4
401857106,2026,WNBA,NATASHA MACK,PHOENIX MERCURY,"2026-08-01, PHX vs NY",12,5,2,2,0,0,1,2,1,2,3,2,0,0,1,1
401857106,2026,WNBA,SAMI WHITCOMB,PHOENIX MERCURY,"2026-08-01, PHX vs NY",15,4,0,1,1,3,1,1,0,0,0,3,0,0,1,1
401857106,2026,WNBA,LEXI HELD,PHOENIX MERCURY,"2026-08-01, PHX vs NY",6,2,1,3,0,0,0,0,0,1,1,0,0,0,0,0
401857102,2026,WNBA,DOMINIQUE MALONGA,SEATTLE STORM,"2026-07-31, ATL vs SEA",25,16,8,10,0,0,0,0,11,2,13,1,1,1,2,4
401857102,2026,WNBA,AWA FAM,SEATTLE STORM,"2026-07-31, ATL vs SEA",29,8,1,1,1,3,3,4,6,3,9,1,0,1,2,3
401857102,2026,WNBA,NATISHA HIEDEMAN,SEATTLE STORM,"2026-07-31, ATL vs SEA",34,23,9,13,0,6,5,7,4,1,5,5,2,1,1,1
401857102,2026,WNBA,FLAU'JAE JOHNSON,SEATTLE STORM,"2026-07-31, ATL vs SEA",26,9,2,8,0,3,5,6,0,0,0,3,1,0,7,4
401857102,2026,WNBA,JADE MELBOURNE,SEATTLE STORM,"2026-07-31, ATL vs SEA",25,9,1,3,1,4,4,4,0,1,1,6,3,0,3,4
401857102,2026,WNBA,KATIE LOU SAMUELSON,SEATTLE STORM,"2026-07-31, ATL vs SEA",16,8,0,0,2,4,2,2,0,0,0,0,0,0,1,1
401857102,2026,WNBA,EZI MAGBEGOR,SEATTLE STORM,"2026-07-31, ATL vs SEA",14,12,3,4,1,3,3,3,1,0,1,1,2,0,0,6
401857102,2026,WNBA,JORDAN HORSTON,SEATTLE STORM,"2026-07-31, ATL vs SEA",12,2,1,4,0,0,0,0,0,0,0,0,1,2,2,2
401857102,2026,WNBA,STEFANIE DOLSON,SEATTLE STORM,"2026-07-31, ATL vs SEA",5,0,0,0,0,0,0,0,0,0,0,0,0,0,0,0
401857102,2026,WNBA,ZIA COOKE,SEATTLE STORM,"2026-07-31, ATL vs SEA",13,2,0,2,0,0,2,4,0,1,1,0,0,0,1,1
401857102,2026,WNBA,NAZ HILLMON,ATLANTA DREAM,"2026-07-31, ATL vs SEA",25,18,4,4,2,5,4,5,2,0,2,3,1,1,2,3
401857102,2026,WNBA,ANGEL REESE,ATLANTA DREAM,"2026-07-31, ATL vs SEA",38,21,3,7,2,5,9,12,7,6,13,2,2,0,3,4
401857102,2026,WNBA,ALLISHA GRAY,ATLANTA DREAM,"2026-07-31, ATL vs SEA",31,16,4,9,1,4,5,6,1,2,3,2,2,2,4,3
401857102,2026,WNBA,JORDIN CANADA,ATLANTA DREAM,"2026-07-31, ATL vs SEA",31,10,1,4,0,1,8,8,4,0,4,9,3,1,6,3
401857102,2026,WNBA,RHYNE HOWARD,ATLANTA DREAM,"2026-07-31, ATL vs SEA",35,9,0,4,3,9,0,0,1,1,2,5,4,3,1,2
401857102,2026,WNBA,BRIONNA JONES,ATLANTA DREAM,"2026-07-31, ATL vs SEA",17,14,4,5,0,0,6,6,4,1,5,0,0,0,0,3
401857102,2026,WNBA,JAYLYN SHERROD,ATLANTA DREAM,"2026-07-31, ATL vs SEA",9,7,1,3,1,1,2,2,2,0,2,1,1,0,1,0
401857102,2026,WNBA,ISOBEL BORLASE,ATLANTA DREAM,"2026-07-31, ATL vs SEA",14,3,0,2,1,1,0,0,1,1,2,2,1,0,0,1
401857103,2026,WNBA,JESSICA SHEPARD,DALLAS WINGS,"2026-07-31, WSH vs DAL",33,8,3,7,0,1,2,2,6,0,6,8,1,2,0,4
401857103,2026,WNBA,AWAK KUIER,DALLAS WINGS,"2026-07-31, WSH vs DAL",5,0,0,0,0,1,0,0,1,0,1,1,0,0,1,1
401857103,2026,WNBA,ARIKE OGUNBOWALE,DALLAS WINGS,"2026-07-31, WSH vs DAL",31,20,4,5,3,8,3,4,2,0,2,2,2,1,3,1
401857103,2026,WNBA,PAIGE BUECKERS,DALLAS WINGS,"2026-07-31, WSH vs DAL",34,23,7,13,2,5,3,3,4,1,5,2,0,1,0,0
401857103,2026,WNBA,AZZI FUDD,DALLAS WINGS,"2026-07-31, WSH vs DAL",33,8,1,3,2,8,0,0,1,0,1,0,0,2,1,1
401857103,2026,WNBA,ALYSHA CLARK,DALLAS WINGS,"2026-07-31, WSH vs DAL",7,0,0,0,0,0,0,0,3,1,4,0,0,0,0,1
401857103,2026,WNBA,ALANNA SMITH,DALLAS WINGS,"2026-07-31, WSH vs DAL",18,11,3,3,1,3,2,2,4,1,5,0,0,0,0,6
401857103,2026,WNBA,MADDY SIEGRIST,DALLAS WINGS,"2026-07-31, WSH vs DAL",9,4,2,3,0,3,0,0,0,2,2,2,0,1,0,1
401857103,2026,WNBA,LI YUERU,DALLAS WINGS,"2026-07-31, WSH vs DAL",15,0,0,1,0,1,0,0,3,0,3,2,0,0,0,4
401857103,2026,WNBA,ODYSSEY SIMS,DALLAS WINGS,"2026-07-31, WSH vs DAL",7,0,0,2,0,1,0,0,0,1,1,0,0,0,0,1
401857103,2026,WNBA,SUG SUTTON,DALLAS WINGS,"2026-07-31, WSH vs DAL",6,0,0,0,0,1,0,0,1,0,1,1,0,0,0,1
401857103,2026,WNBA,AZIAHA JAMES,DALLAS WINGS,"2026-07-31, WSH vs DAL",3,1,0,0,0,1,1,2,1,0,1,1,0,0,1,2
401857103,2026,WNBA,MICHAELA ONYENWERE,WASHINGTON MYSTICS,"2026-07-31, WSH vs DAL",30,6,1,1,1,4,1,2,3,1,4,2,0,0,2,2
401857103,2026,WNBA,KIKI IRIAFEN,WASHINGTON MYSTICS,"2026-07-31, WSH vs DAL",27,22,7,16,0,1,8,8,5,4,9,1,0,0,0,4
401857103,2026,WNBA,SHAKIRA AUSTIN,WASHINGTON MYSTICS,"2026-07-31, WSH vs DAL",35,28,9,16,1,2,7,9,7,3,10,4,1,0,2,1
401857103,2026,WNBA,SONIA CITRON,WASHINGTON MYSTICS,"2026-07-31, WSH vs DAL",36,16,3,13,0,5,10,10,2,3,5,5,0,3,0,1
401857103,2026,WNBA,GEORGIA AMOORE,WASHINGTON MYSTICS,"2026-07-31, WSH vs DAL",18,2,1,1,0,4,0,0,1,0,1,2,0,0,1,1
401857103,2026,WNBA,LAUREN BETTS,WASHINGTON MYSTICS,"2026-07-31, WSH vs DAL",17,3,1,3,0,0,1,2,5,2,7,1,0,1,0,2
401857103,2026,WNBA,COTIE MCMAHON,WASHINGTON MYSTICS,"2026-07-31, WSH vs DAL",26,2,1,2,0,1,0,0,6,0,6,2,0,0,2,3
401857103,2026,WNBA,CASSANDRE PROSPER,WASHINGTON MYSTICS,"2026-07-31, WSH vs DAL",8,2,1,1,0,0,0,0,0,0,0,0,0,0,0,0
401857103,2026,WNBA,ALICIA FLOREZ,WASHINGTON MYSTICS,"2026-07-31, WSH vs DAL",3,0,0,1,0,0,0,0,0,0,0,0,0,0,0,1
401857104,2026,WNBA,MONIQUE BILLINGS,INDIANA FEVER,"2026-07-31, POR vs IND",29,15,5,9,0,0,5,6,5,2,7,1,2,1,3,2
401857104,2026,WNBA,ALIYAH BOSTON,INDIANA FEVER,"2026-07-31, POR vs IND",30,14,5,8,0,2,4,4,5,4,9,6,5,2,3,3
401857104,2026,WNBA,KELSEY MITCHELL,INDIANA FEVER,"2026-07-31, POR vs IND",36,26,5,9,4,12,4,4,0,0,0,2,0,0,2,1
401857104,2026,WNBA,LEXIE HULL,INDIANA FEVER,"2026-07-31, POR vs IND",14,3,0,0,1,3,0,0,0,0,0,0,1,0,0,5
401857104,2026,WNBA,CAITLIN CLARK,INDIANA FEVER,"2026-07-31, POR vs IND",34,26,3,4,2,5,14,17,10,0,10,10,2,1,4,4
401857104,2026,WNBA,MAKAYLA TIMPSON,INDIANA FEVER,"2026-07-31, POR vs IND",20,15,7,8,0,0,1,1,1,2,3,0,2,0,1,2
401857104,2026,WNBA,SOPHIE CUNNINGHAM,INDIANA FEVER,"2026-07-31, POR vs IND",27,13,1,1,3,5,2,2,0,0,0,3,2,0,0,2
401857104,2026,WNBA,TYASHA HARRIS,INDIANA FEVER,"2026-07-31, POR vs IND",10,0,0,0,0,2,0,0,1,0,1,2,0,0,0,2
401857104,2026,WNBA,RAVEN JOHNSON,INDIANA FEVER,"2026-07-31, POR vs IND",1,0,0,0,0,0,0,0,0,0,0,0,0,0,0,0
401857104,2026,WNBA,BRIDGET CARLETON,PORTLAND FIRE,"2026-07-31, POR vs IND",33,26,2,3,7,11,1,2,3,0,3,2,0,0,1,3
401857104,2026,WNBA,EMILY ENGSTLER,PORTLAND FIRE,"2026-07-31, POR vs IND",28,10,2,2,2,5,0,0,2,0,2,5,3,1,2,2
401857104,2026,WNBA,NYADIEW PUOCH,PORTLAND FIRE,"2026-07-31, POR vs IND",18,10,5,7,0,1,0,0,1,1,2,0,0,0,2,5
401857104,2026,WNBA,MEGAN DILEO,PORTLAND FIRE,"2026-07-31, POR vs IND",25,5,1,5,1,3,0,0,2,0,2,0,1,2,0,2
401857104,2026,WNBA,CARLA LEITE,PORTLAND FIRE,"2026-07-31, POR vs IND",31,20,6,9,0,0,8,9,1,1,2,12,0,0,7,4
401857104,2026,WNBA,FRIEDA BUHNER,PORTLAND FIRE,"2026-07-31, POR vs IND",12,0,0,2,0,0,0,0,3,0,3,2,0,0,2,1
401857104,2026,WNBA,SERAH WILLIAMS,PORTLAND FIRE,"2026-07-31, POR vs IND",15,10,5,6,0,0,0,1,1,3,4,0,1,0,1,2
401857104,2026,WNBA,KARLIE SAMUELSON,PORTLAND FIRE,"2026-07-31, POR vs IND",19,13,0,0,3,8,4,4,2,2,4,2,1,0,0,4
401857104,2026,WNBA,HOLLY WINTERBURN,PORTLAND FIRE,"2026-07-31, POR vs IND",10,1,0,2,0,0,1,2,1,0,1,0,0,0,0,1
401857104,2026,WNBA,TEJA OBLAK,PORTLAND FIRE,"2026-07-31, POR vs IND",9,3,0,0,1,3,0,0,2,0,2,3,2,0,5,0
401857099,2026,WNBA,NATASHA HOWARD,MINNESOTA LYNX,"2026-07-30, TOR vs MIN",24,9,3,8,0,0,3,3,3,5,8,4,2,2,1,0
401857099,2026,WNBA,NAPHEESA COLLIER,MINNESOTA LYNX,"2026-07-30, TOR vs MIN",22,16,5,10,2,2,0,0,3,2,5,2,2,2,2,0
401857099,2026,WNBA,KAYLA MCBRIDE,MINNESOTA LYNX,"2026-07-30, TOR vs MIN",24,13,2,4,3,7,0,0,0,0,0,3,2,0,0,2
401857099,2026,WNBA,COURTNEY WILLIAMS,MINNESOTA LYNX,"2026-07-30, TOR vs MIN",25,16,5,7,1,4,3,4,1,2,3,5,0,0,0,2
401857099,2026,WNBA,OLIVIA MILES,MINNESOTA LYNX,"2026-07-30, TOR vs MIN",23,16,6,13,0,2,4,5,2,1,3,0,2,0,0,1
401857099,2026,WNBA,NIA COFFEY,MINNESOTA LYNX,"2026-07-30, TOR vs MIN",6,3,0,0,1,1,0,0,0,0,0,2,0,0,1,1
401857099,2026,WNBA,DORKA JUHASZ,MINNESOTA LYNX,"2026-07-30, TOR vs MIN",22,12,0,1,4,7,0,0,4,1,5,2,1,1,1,1
401857099,2026,WNBA,ANTONIA DELAERE,MINNESOTA LYNX,"2026-07-30, TOR vs MIN",16,7,2,3,1,2,0,0,2,0,2,3,0,0,1,2
401857099,2026,WNBA,ANASTASIIA OLAIRI KOSU,MINNESOTA LYNX,"2026-07-30, TOR vs MIN",7,3,0,1,1,1,0,0,0,0,0,0,0,0,1,1
401857099,2026,WNBA,MAYA CALDWELL,MINNESOTA LYNX,"2026-07-30, TOR vs MIN",18,4,2,3,0,2,0,0,4,1,5,1,4,0,3,1
401857099,2026,WNBA,ELISKA JOKLOVA,MINNESOTA LYNX,"2026-07-30, TOR vs MIN",14,5,2,4,0,0,1,1,3,2,5,4,1,0,0,2
401857099,2026,WNBA,MARIA CONDE,TORONTO TEMPO,"2026-07-30, TOR vs MIN",28,5,1,2,1,4,0,0,2,0,2,2,1,0,1,1
401857099,2026,WNBA,LAURA JUSKAITE,TORONTO TEMPO,"2026-07-30, TOR vs MIN",30,19,5,8,2,4,3,4,5,0,5,3,1,1,4,4
401857099,2026,WNBA,TEMI FAGBENLE,TORONTO TEMPO,"2026-07-30, TOR vs MIN",19,6,3,5,0,0,0,0,1,2,3,0,0,1,1,0
401857099,2026,WNBA,MARINA MABREY,TORONTO TEMPO,"2026-07-30, TOR vs MIN",28,16,4,5,2,6,2,3,3,0,3,4,1,0,3,2
401857099,2026,WNBA,JULIE ALLEMAND,TORONTO TEMPO,"2026-07-30, TOR vs MIN",22,0,0,0,0,2,0,0,2,0,2,6,1,1,2,0
401857099,2026,WNBA,NYARA SABALLY,TORONTO TEMPO,"2026-07-30, TOR vs MIN",14,10,3,5,1,1,1,3,1,1,2,0,1,0,4,2
401857099,2026,WNBA,TEONNI KEY,TORONTO TEMPO,"2026-07-30, TOR vs MIN",12,0,0,1,0,1,0,0,0,1,1,0,0,0,1,0
401857099,2026,WNBA,KIA NURSE,TORONTO TEMPO,"2026-07-30, TOR vs MIN",19,3,0,2,1,4,0,0,3,0,3,2,0,0,0,0
401857099,2026,WNBA,KIKI RICE,TORONTO TEMPO,"2026-07-30, TOR vs MIN",23,6,0,4,2,5,0,0,3,1,4,2,0,1,4,3
401857099,2026,WNBA,TIMA POUYE,TORONTO TEMPO,"2026-07-30, TOR vs MIN",5,7,2,2,1,1,0,1,0,1,1,0,1,0,2,0
401857100,2026,WNBA,DIAMOND MILLER,CONNECTICUT SUN,"2026-07-30, CHI vs CON",28,14,4,7,1,6,3,3,3,0,3,3,1,0,2,5
401857100,2026,WNBA,ANEESAH MORROW,CONNECTICUT SUN,"2026-07-30, CHI vs CON",31,21,7,9,1,3,4,6,6,1,7,2,1,1,2,3
401857100,2026,WNBA,OLIVIA NELSON-ODODA,CONNECTICUT SUN,"2026-07-30, CHI vs CON",25,16,5,11,0,0,6,6,7,4,11,1,4,3,6,6
401857100,2026,WNBA,CHARLISSE LEGER-WALKER,CONNECTICUT SUN,"2026-07-30, CHI vs CON",30,10,2,6,2,5,0,0,1,0,1,2,0,0,3,1
401857100,2026,WNBA,LEILA LACAN,CONNECTICUT SUN,"2026-07-30, CHI vs CON",29,12,3,5,1,2,3,4,3,2,5,6,2,0,2,3
401857100,2026,WNBA,RAEGAN BEERS,CONNECTICUT SUN,"2026-07-30, CHI vs CON",13,3,1,3,0,0,1,1,3,0,3,0,1,0,1,5
401857100,2026,WNBA,NELL ANGLOMA,CONNECTICUT SUN,"2026-07-30, CHI vs CON",3,0,0,1,0,0,0,0,0,1,1,1,0,0,0,1
401857100,2026,WNBA,KENNEDY BURKE,CONNECTICUT SUN,"2026-07-30, CHI vs CON",21,7,1,1,1,5,2,4,0,0,0,2,0,1,0,0
401857100,2026,WNBA,SANIYA RIVERS,CONNECTICUT SUN,"2026-07-30, CHI vs CON",21,5,1,5,1,1,0,0,3,0,3,3,1,1,0,2
401857100,2026,WNBA,KAMILLA CARDOSO,CHICAGO SKY,"2026-07-30, CHI vs CON",21,26,8,12,0,0,10,11,3,3,6,1,1,0,0,5
401857100,2026,WNBA,COURTNEY VANDERSLOOT,CHICAGO SKY,"2026-07-30, CHI vs CON",23,6,2,5,0,2,2,2,3,2,5,6,1,0,2,1
401857100,2026,WNBA,NATASHA CLOUD,CHICAGO SKY,"2026-07-30, CHI vs CON",31,11,4,7,0,1,3,3,0,0,0,5,2,0,2,0
401857100,2026,WNBA,AICHA COULIBALY,CHICAGO SKY,"2026-07-30, CHI vs CON",13,3,1,2,0,0,1,1,3,0,3,1,1,0,1,3
401857100,2026,WNBA,SYDNEY TAYLOR,CHICAGO SKY,"2026-07-30, CHI vs CON",31,14,4,5,2,7,0,0,2,0,2,6,1,1,2,1
401857100,2026,WNBA,CHLOE BIBBY,CHICAGO SKY,"2026-07-30, CHI vs CON",18,8,1,3,2,4,0,0,1,0,1,2,1,1,0,1
401857100,2026,WNBA,ELIZABETH WILLIAMS,CHICAGO SKY,"2026-07-30, CHI vs CON",19,4,2,5,0,0,0,0,4,0,4,0,1,1,3,2
401857100,2026,WNBA,DIJONAI CARRINGTON,CHICAGO SKY,"2026-07-30, CHI vs CON",17,9,0,2,2,3,3,4,3,0,3,0,0,1,1,2
401857100,2026,WNBA,JACY SHELDON,CHICAGO SKY,"2026-07-30, CHI vs CON",15,7,1,1,1,4,2,2,1,1,2,0,1,0,2,2
401857100,2026,WNBA,GABRIELA JAQUEZ,CHICAGO SKY,"2026-07-30, CHI vs CON",13,6,2,3,0,1,2,3,2,0,2,0,1,0,0,0
401857101,2026,WNBA,BREANNA STEWART,NEW YORK LIBERTY,"2026-07-30, LV vs NY",37,26,9,19,1,1,5,8,10,1,11,1,3,1,2,2
401857101,2026,WNBA,JONQUEL JONES,NEW YORK LIBERTY,"2026-07-30, LV vs NY",28,8,2,7,0,4,4,4,3,4,7,5,0,0,1,5
401857101,2026,WNBA,REBECCA ALLEN,NEW YORK LIBERTY,"2026-07-30, LV vs NY",27,13,2,2,3,4,0,0,1,0,1,0,0,0,0,3
401857101,2026,WNBA,SABRINA IONESCU,NEW YORK LIBERTY,"2026-07-30, LV vs NY",29,15,3,3,1,4,6,7,3,1,4,5,0,0,3,2
401857101,2026,WNBA,PAULINE ASTIER,NEW YORK LIBERTY,"2026-07-30, LV vs NY",21,19,7,9,1,3,2,2,1,0,1,4,2,0,2,2
401857101,2026,WNBA,HAN XU,NEW YORK LIBERTY,"2026-07-30, LV vs NY",15,3,0,0,1,3,0,0,1,0,1,1,1,0,1,3
401857101,2026,WNBA,REBEKAH GARDNER,NEW YORK LIBERTY,"2026-07-30, LV vs NY",15,6,2,4,0,0,2,2,3,2,5,3,2,0,2,2
401857101,2026,WNBA,MARINE JOHANNES,NEW YORK LIBERTY,"2026-07-30, LV vs NY",8,0,0,0,0,0,0,0,0,0,0,0,0,0,0,0
401857101,2026,WNBA,MARINE FAUTHOUX,NEW YORK LIBERTY,"2026-07-30, LV vs NY",18,9,2,2,1,3,2,2,4,0,4,1,1,0,1,1
401857101,2026,WNBA,STEPHANIE TALBOT,LAS VEGAS ACES,"2026-07-30, LV vs NY",11,6,0,0,2,3,0,0,1,0,1,2,0,1,0,0
401857101,2026,WNBA,NALYSSA SMITH,LAS VEGAS ACES,"2026-07-30, LV vs NY",19,7,2,3,0,0,3,4,4,0,4,1,0,0,0,5
401857101,2026,WNBA,A'JA WILSON,LAS VEGAS ACES,"2026-07-30, LV vs NY",36,33,10,18,1,4,10,11,9,1,10,6,1,2,2,1
401857101,2026,WNBA,CHELSEA GRAY,LAS VEGAS ACES,"2026-07-30, LV vs NY",34,16,2,4,4,6,0,0,3,0,3,4,0,0,4,6
401857101,2026,WNBA,JACKIE YOUNG,LAS VEGAS ACES,"2026-07-30, LV vs NY",36,29,4,6,3,5,12,12,2,0,2,9,2,0,2,1
401857101,2026,WNBA,BRIANNA TURNER,LAS VEGAS ACES,"2026-07-30, LV vs NY",21,4,2,3,0,0,0,0,2,1,3,1,1,1,1,4
401857101,2026,WNBA,JEWELL LOYD,LAS VEGAS ACES,"2026-07-30, LV vs NY",27,6,0,1,2,7,0,0,1,1,2,0,1,0,0,2
401857101,2026,WNBA,DANA EVANS,LAS VEGAS ACES,"2026-07-30, LV vs NY",17,3,0,1,1,3,0,0,1,0,1,2,0,0,1,2
401857097,2026,WNBA,NAZ HILLMON,ATLANTA DREAM,"2026-07-29, DAL vs ATL",22,2,1,1,0,1,0,0,1,2,3,1,0,0,0,0
401857097,2026,WNBA,ANGEL REESE,ATLANTA DREAM,"2026-07-29, DAL vs ATL",34,22,9,16,0,2,4,6,7,5,12,4,4,1,3,5
401857097,2026,WNBA,ALLISHA GRAY,ATLANTA DREAM,"2026-07-29, DAL vs ATL",34,25,8,10,0,3,9,9,0,0,0,2,1,0,1,4
401857097,2026,WNBA,JORDIN CANADA,ATLANTA DREAM,"2026-07-29, DAL vs ATL",32,3,1,4,0,2,1,2,5,1,6,8,3,0,7,5
401857097,2026,WNBA,RHYNE HOWARD,ATLANTA DREAM,"2026-07-29, DAL vs ATL",32,9,2,6,1,4,2,3,4,1,5,5,3,0,2,3
401857097,2026,WNBA,BRIONNA JONES,ATLANTA DREAM,"2026-07-29, DAL vs ATL",21,11,5,8,0,2,1,2,5,2,7,1,0,3,2,1
401857097,2026,WNBA,MADINA OKOT,ATLANTA DREAM,"2026-07-29, DAL vs ATL",3,0,0,1,0,0,0,0,1,0,1,0,0,0,0,0
401857097,2026,WNBA,SHATORI WALKER-KIMBROUGH,ATLANTA DREAM,"2026-07-29, DAL vs ATL",1,0,0,0,0,0,0,0,1,0,1,0,0,0,0,0
401857097,2026,WNBA,JAYLYN SHERROD,ATLANTA DREAM,"2026-07-29, DAL vs ATL",4,0,0,1,0,0,0,0,0,0,0,1,0,0,0,0
401857097,2026,WNBA,ISOBEL BORLASE,ATLANTA DREAM,"2026-07-29, DAL vs ATL",17,10,4,7,0,2,2,3,1,1,2,0,0,0,0,2
401857097,2026,WNBA,JESSICA SHEPARD,DALLAS WINGS,"2026-07-29, DAL vs ATL",40,16,8,18,0,0,0,2,10,4,14,5,1,0,2,2
401857097,2026,WNBA,AWAK KUIER,DALLAS WINGS,"2026-07-29, DAL vs ATL",16,4,2,3,0,3,0,0,2,0,2,0,1,2,1,2
401857097,2026,WNBA,ARIKE OGUNBOWALE,DALLAS WINGS,"2026-07-29, DAL vs ATL",38,24,8,15,1,1,5,5,4,2,6,5,4,0,3,5
401857097,2026,WNBA,PAIGE BUECKERS,DALLAS WINGS,"2026-07-29, DAL vs ATL",37,16,5,6,1,5,3,5,3,1,4,6,1,1,5,4
401857097,2026,WNBA,AZZI FUDD,DALLAS WINGS,"2026-07-29, DAL vs ATL",37,20,7,11,2,2,0,0,2,1,3,2,2,0,2,1
401857097,2026,WNBA,LI YUERU,DALLAS WINGS,"2026-07-29, DAL vs ATL",24,1,0,0,0,3,1,2,2,0,2,1,0,2,3,4
401857097,2026,WNBA,ODYSSEY SIMS,DALLAS WINGS,"2026-07-29, DAL vs ATL",3,0,0,0,0,1,0,0,0,0,0,0,0,0,0,1
401857097,2026,WNBA,SUG SUTTON,DALLAS WINGS,"2026-07-29, DAL vs ATL",2,0,0,0,0,0,0,0,0,0,0,0,0,0,0,0
401857097,2026,WNBA,AZIAHA JAMES,DALLAS WINGS,"2026-07-29, DAL vs ATL",3,0,0,1,0,0,0,0,1,0,1,0,0,0,0,0
401857098,2026,WNBA,KAYLA THORNTON,GOLDEN STATE VALKYRIES,"2026-07-29, PHX vs GS",25,6,0,2,2,5,0,0,4,4,8,2,0,0,0,5
401857098,2026,WNBA,CECILIA ZANDALASINI,GOLDEN STATE VALKYRIES,"2026-07-29, PHX vs GS",23,16,3,11,3,6,1,1,0,1,1,3,3,0,2,6
401857098,2026,WNBA,KIAH STOKES,GOLDEN STATE VALKYRIES,"2026-07-29, PHX vs GS",18,2,1,2,0,0,0,0,4,0,4,0,0,1,0,2
401857098,2026,WNBA,KAILA CHARLES,GOLDEN STATE VALKYRIES,"2026-07-29, PHX vs GS",29,10,2,4,2,3,0,0,5,5,10,2,2,0,0,6
401857098,2026,WNBA,VERONICA BURTON,GOLDEN STATE VALKYRIES,"2026-07-29, PHX vs GS",34,15,4,5,2,5,1,1,2,1,3,5,1,0,1,5
401857098,2026,WNBA,LAETICIA AMIHERE,GOLDEN STATE VALKYRIES,"2026-07-29, PHX vs GS",13,12,3,5,1,2,3,4,0,2,2,0,0,0,0,2
401857098,2026,WNBA,JANELLE SALAUN,GOLDEN STATE VALKYRIES,"2026-07-29, PHX vs GS",24,13,0,0,2,5,7,8,2,0,2,3,1,0,1,2
401857098,2026,WNBA,TIFFANY HAYES,GOLDEN STATE VALKYRIES,"2026-07-29, PHX vs GS",23,11,4,7,0,5,3,5,3,0,3,5,0,0,1,4
401857098,2026,WNBA,KAITLYN CHEN,GOLDEN STATE VALKYRIES,"2026-07-29, PHX vs GS",12,4,2,7,0,2,0,0,0,0,0,4,0,0,2,2
401857098,2026,WNBA,DEWANNA BONNER,PHOENIX MERCURY,"2026-07-29, PHX vs GS",34,17,1,6,2,2,9,12,8,2,10,3,1,3,1,2
401857098,2026,WNBA,ALYSSA THOMAS,PHOENIX MERCURY,"2026-07-29, PHX vs GS",38,25,10,14,0,0,5,8,6,3,9,8,0,1,4,2
401857098,2026,WNBA,NOEMIE BROCHANT,PHOENIX MERCURY,"2026-07-29, PHX vs GS",19,4,1,1,0,1,2,2,0,0,0,1,0,0,0,0
401857098,2026,WNBA,KAHLEAH COPPER,PHOENIX MERCURY,"2026-07-29, PHX vs GS",34,27,6,10,3,4,6,9,4,0,4,4,0,0,2,6
401857098,2026,WNBA,MONIQUE AKOA MAKANI,PHOENIX MERCURY,"2026-07-29, PHX vs GS",15,0,0,1,0,2,0,0,0,0,0,1,0,2,2,5
401857098,2026,WNBA,VALERIANE AYAYI,PHOENIX MERCURY,"2026-07-29, PHX vs GS",23,10,1,1,0,1,8,10,7,0,7,1,1,0,1,3
401857098,2026,WNBA,NATASHA MACK,PHOENIX MERCURY,"2026-07-29, PHX vs GS",18,8,3,3,0,1,2,2,2,1,3,1,1,1,0,3
401857098,2026,WNBA,SAMI WHITCOMB,PHOENIX MERCURY,"2026-07-29, PHX vs GS",13,0,0,2,0,2,0,0,1,0,1,0,0,0,0,1
401857098,2026,WNBA,LEXI HELD,PHOENIX MERCURY,"2026-07-29, PHX vs GS",7,0,0,1,0,3,0,0,0,0,0,0,0,0,0,1
401857092,2026,WNBA,DIAMOND MILLER,CONNECTICUT SUN,"2026-07-28, WSH vs CON",21,12,1,3,3,4,1,1,1,0,1,2,1,0,0,2
401857092,2026,WNBA,ANEESAH MORROW,CONNECTICUT SUN,"2026-07-28, WSH vs CON",26,21,4,9,4,7,1,4,3,1,4,4,2,0,1,5
401857092,2026,WNBA,OLIVIA NELSON-ODODA,CONNECTICUT SUN,"2026-07-28, WSH vs CON",30,16,6,10,0,0,4,5,6,0,6,1,1,3,0,5
401857092,2026,WNBA,CHARLISSE LEGER-WALKER,CONNECTICUT SUN,"2026-07-28, WSH vs CON",23,2,0,1,0,2,2,2,2,1,3,8,0,0,3,4
401857092,2026,WNBA,LEILA LACAN,CONNECTICUT SUN,"2026-07-28, WSH vs CON",32,9,3,11,1,2,0,0,2,2,4,6,0,2,3,4
401857092,2026,WNBA,RAEGAN BEERS,CONNECTICUT SUN,"2026-07-28, WSH vs CON",15,0,0,3,0,2,0,0,3,2,5,0,0,1,1,3
401857092,2026,WNBA,NELL ANGLOMA,CONNECTICUT SUN,"2026-07-28, WSH vs CON",4,2,1,3,0,0,0,0,0,1,1,0,0,0,0,0
401857092,2026,WNBA,KENNEDY BURKE,CONNECTICUT SUN,"2026-07-28, WSH vs CON",27,11,1,2,3,6,0,0,4,0,4,1,1,1,2,2
401857092,2026,WNBA,SANIYA RIVERS,CONNECTICUT SUN,"2026-07-28, WSH vs CON",21,11,4,8,0,2,3,6,0,1,1,2,1,1,0,1
401857092,2026,WNBA,MICHAELA ONYENWERE,WASHINGTON MYSTICS,"2026-07-28, WSH vs CON",31,6,1,2,1,2,1,2,3,4,7,4,1,0,2,4
401857092,2026,WNBA,KIKI IRIAFEN,WASHINGTON MYSTICS,"2026-07-28, WSH vs CON",29,20,7,20,1,2,3,3,5,5,10,2,0,1,1,3
401857092,2026,WNBA,SHAKIRA AUSTIN,WASHINGTON MYSTICS,"2026-07-28, WSH vs CON",32,17,7,16,0,0,3,5,3,3,6,1,2,1,2,1
401857092,2026,WNBA,SONIA CITRON,WASHINGTON MYSTICS,"2026-07-28, WSH vs CON",34,22,4,7,2,2,8,9,3,0,3,4,1,2,3,1
401857092,2026,WNBA,GEORGIA AMOORE,WASHINGTON MYSTICS,"2026-07-28, WSH vs CON",25,8,1,3,2,3,0,0,2,1,3,5,1,0,3,4
401857092,2026,WNBA,ANGELA DUGALIC,WASHINGTON MYSTICS,"2026-07-28, WSH vs CON",4,0,0,0,0,0,0,0,1,0,1,1,0,0,2,1
401857092,2026,WNBA,LAUREN BETTS,WASHINGTON MYSTICS,"2026-07-28, WSH vs CON",14,8,1,3,0,0,6,6,7,1,8,1,0,1,1,1
401857092,2026,WNBA,COTIE MCMAHON,WASHINGTON MYSTICS,"2026-07-28, WSH vs CON",22,11,2,3,0,2,7,8,2,0,2,2,0,2,0,1
401857092,2026,WNBA,CASSANDRE PROSPER,WASHINGTON MYSTICS,"2026-07-28, WSH vs CON",3,0,0,0,0,0,0,0,0,0,0,0,0,0,0,0
401857092,2026,WNBA,ALICIA FLOREZ,WASHINGTON MYSTICS,"2026-07-28, WSH vs CON",5,0,0,1,0,1,0,0,1,0,1,0,0,0,0,1
401857093,2026,WNBA,MARIA CONDE,TORONTO TEMPO,"2026-07-28, MIN vs TOR",30,20,3,7,4,9,2,2,7,3,10,1,1,0,4,2
401857093,2026,WNBA,LAURA JUSKAITE,TORONTO TEMPO,"2026-07-28, MIN vs TOR",34,18,4,7,3,7,1,2,3,1,4,1,0,0,3,3
401857093,2026,WNBA,TEMI FAGBENLE,TORONTO TEMPO,"2026-07-28, MIN vs TOR",26,9,4,7,0,1,1,2,4,2,6,0,1,1,1,2
401857093,2026,WNBA,MARINA MABREY,TORONTO TEMPO,"2026-07-28, MIN vs TOR",32,25,4,7,3,10,8,8,7,1,8,6,0,0,3,2
401857093,2026,WNBA,JULIE ALLEMAND,TORONTO TEMPO,"2026-07-28, MIN vs TOR",32,10,2,2,2,3,0,0,0,0,0,7,2,1,2,0
401857093,2026,WNBA,TEONNI KEY,TORONTO TEMPO,"2026-07-28, MIN vs TOR",16,4,2,3,0,1,0,0,2,1,3,0,2,2,0,2
401857093,2026,WNBA,KIA NURSE,TORONTO TEMPO,"2026-07-28, MIN vs TOR",14,3,0,1,1,2,0,0,1,1,2,3,1,0,0,2
401857093,2026,WNBA,KIKI RICE,TORONTO TEMPO,"2026-07-28, MIN vs TOR",17,4,1,4,0,2,2,3,2,1,3,4,0,0,2,5
401857093,2026,WNBA,NATASHA HOWARD,MINNESOTA LYNX,"2026-07-28, MIN vs TOR",29,13,4,7,0,0,5,6,3,3,6,4,0,1,1,3
401857093,2026,WNBA,NAPHEESA COLLIER,MINNESOTA LYNX,"2026-07-28, MIN vs TOR",25,15,6,10,0,3,3,4,5,1,6,3,2,1,2,4
401857093,2026,WNBA,KAYLA MCBRIDE,MINNESOTA LYNX,"2026-07-28, MIN vs TOR",35,18,2,3,4,7,2,2,1,0,1,4,3,0,0,3
401857093,2026,WNBA,COURTNEY WILLIAMS,MINNESOTA LYNX,"2026-07-28, MIN vs TOR",26,5,1,9,1,2,0,0,4,0,4,4,0,0,1,2
401857093,2026,WNBA,OLIVIA MILES,MINNESOTA LYNX,"2026-07-28, MIN vs TOR",32,24,5,12,4,5,2,2,4,2,6,8,1,0,3,2
401857093,2026,WNBA,NIA COFFEY,MINNESOTA LYNX,"2026-07-28, MIN vs TOR",14,0,0,1,0,0,0,0,4,0,4,1,2,0,0,1
401857093,2026,WNBA,DORKA JUHASZ,MINNESOTA LYNX,"2026-07-28, MIN vs TOR",15,2,1,1,0,1,0,2,1,0,1,2,0,1,3,1
401857093,2026,WNBA,ANTONIA DELAERE,MINNESOTA LYNX,"2026-07-28, MIN vs TOR",9,12,0,0,4,5,0,0,1,0,1,0,0,0,0,0
401857093,2026,WNBA,MAYA CALDWELL,MINNESOTA LYNX,"2026-07-28, MIN vs TOR",13,7,2,2,1,2,0,0,1,1,2,0,0,0,1,3
401857093,2026,WNBA,ELISKA JOKLOVA,MINNESOTA LYNX,"2026-07-28, MIN vs TOR",3,4,2,2,0,0,0,0,0,0,0,0,0,1,0,1
401857094,2026,WNBA,MONIQUE BILLINGS,INDIANA FEVER,"2026-07-28, SEA vs IND",30,14,4,6,0,0,6,6,8,3,11,1,0,1,2,4
401857094,2026,WNBA,ALIYAH BOSTON,INDIANA FEVER,"2026-07-28, SEA vs IND",11,11,3,5,1,2,2,2,2,0,2,1,1,0,0,2
401857094,2026,WNBA,KELSEY MITCHELL,INDIANA FEVER,"2026-07-28, SEA vs IND",35,28,5,11,4,7,6,6,2,0,2,2,1,0,2,5
401857094,2026,WNBA,LEXIE HULL,INDIANA FEVER,"2026-07-28, SEA vs IND",17,0,0,2,0,2,0,0,3,0,3,0,0,0,0,0
401857094,2026,WNBA,CAITLIN CLARK,INDIANA FEVER,"2026-07-28, SEA vs IND",33,32,5,7,4,7,10,10,4,0,4,7,1,1,4,4
401857094,2026,WNBA,MYISHA HINES-ALLEN,INDIANA FEVER,"2026-07-28, SEA vs IND",11,5,1,3,1,1,0,0,3,1,4,1,0,0,0,1
401857094,2026,WNBA,MAKAYLA TIMPSON,INDIANA FEVER,"2026-07-28, SEA vs IND",28,4,2,3,0,0,0,0,2,2,4,0,0,1,0,4
401857094,2026,WNBA,SOPHIE CUNNINGHAM,INDIANA FEVER,"2026-07-28, SEA vs IND",24,11,0,2,3,4,2,2,5,0,5,2,0,0,1,1
401857094,2026,WNBA,TYASHA HARRIS,INDIANA FEVER,"2026-07-28, SEA vs IND",12,0,0,1,0,1,0,0,1,0,1,2,0,0,2,0
401857094,2026,WNBA,JORDAN HORSTON,SEATTLE STORM,"2026-07-28, SEA vs IND",27,7,3,5,0,2,1,2,3,1,4,2,1,0,0,4
401857094,2026,WNBA,AWA FAM,SEATTLE STORM,"2026-07-28, SEA vs IND",34,11,3,7,1,6,2,2,1,4,5,2,0,1,0,4
401857094,2026,WNBA,NATISHA HIEDEMAN,SEATTLE STORM,"2026-07-28, SEA vs IND",35,33,5,10,6,10,5,8,6,0,6,4,0,0,0,1
401857094,2026,WNBA,FLAU'JAE JOHNSON,SEATTLE STORM,"2026-07-28, SEA vs IND",24,16,4,9,0,6,8,9,1,2,3,2,2,1,0,6
401857094,2026,WNBA,JADE MELBOURNE,SEATTLE STORM,"2026-07-28, SEA vs IND",29,8,4,5,0,2,0,0,1,2,3,4,0,0,3,4
401857094,2026,WNBA,KATIE LOU SAMUELSON,SEATTLE STORM,"2026-07-28, SEA vs IND",12,5,1,1,1,4,0,0,4,1,5,1,2,0,0,0
401857094,2026,WNBA,MACKENZIE HOLMES,SEATTLE STORM,"2026-07-28, SEA vs IND",5,0,0,1,0,0,0,0,1,1,2,0,1,0,0,0
401857094,2026,WNBA,STEFANIE DOLSON,SEATTLE STORM,"2026-07-28, SEA vs IND",16,5,1,2,1,1,0,0,2,4,6,1,0,0,1,2
401857094,2026,WNBA,ZIA COOKE,SEATTLE STORM,"2026-07-28, SEA vs IND",15,10,0,5,2,3,4,6,1,1,2,0,0,0,0,1
401857094,2026,WNBA,TAINA MAIR,SEATTLE STORM,"2026-07-28, SEA vs IND",2,0,0,0,0,0,0,0,0,0,0,1,0,0,0,0
401857095,2026,WNBA,BRIDGET CARLETON,PORTLAND FIRE,"2026-07-28, LV vs POR",27,13,1,6,3,9,2,2,3,1,4,4,1,0,0,1
401857095,2026,WNBA,EMILY ENGSTLER,PORTLAND FIRE,"2026-07-28, LV vs POR",19,7,2,3,1,3,0,4,8,2,10,0,1,1,3,3
401857095,2026,WNBA,NYADIEW PUOCH,PORTLAND FIRE,"2026-07-28, LV vs POR",20,3,1,2,0,1,1,2,2,1,3,0,1,0,1,1
401857095,2026,WNBA,MEGAN DILEO,PORTLAND FIRE,"2026-07-28, LV vs POR",27,20,7,8,1,5,3,3,2,4,6,1,0,0,1,2
401857095,2026,WNBA,CARLA LEITE,PORTLAND FIRE,"2026-07-28, LV vs POR",22,11,3,7,1,3,2,2,0,0,0,3,0,0,0,6
401857095,2026,WNBA,FRIEDA BUHNER,PORTLAND FIRE,"2026-07-28, LV vs POR",21,16,1,2,2,3,8,8,3,2,5,2,2,0,0,3
401857095,2026,WNBA,LUISA GEISELSODER,PORTLAND FIRE,"2026-07-28, LV vs POR",3,0,0,0,0,1,0,0,2,0,2,0,0,0,1,0
401857095,2026,WNBA,SERAH WILLIAMS,PORTLAND FIRE,"2026-07-28, LV vs POR",13,4,1,3,0,0,2,2,1,1,2,1,0,0,2,2
401857095,2026,WNBA,KARLIE SAMUELSON,PORTLAND FIRE,"2026-07-28, LV vs POR",19,3,0,0,1,3,0,0,0,1,1,2,0,0,0,0
401857095,2026,WNBA,HOLLY WINTERBURN,PORTLAND FIRE,"2026-07-28, LV vs POR",14,0,0,3,0,1,0,0,0,0,0,3,0,0,1,1
401857095,2026,WNBA,TEJA OBLAK,PORTLAND FIRE,"2026-07-28, LV vs POR",15,6,2,3,0,2,2,2,0,0,0,2,0,0,4,4
401857095,2026,WNBA,STEPHANIE TALBOT,LAS VEGAS ACES,"2026-07-28, LV vs POR",15,2,1,2,0,1,0,0,0,0,0,1,2,0,0,3
401857095,2026,WNBA,BRIANNA TURNER,LAS VEGAS ACES,"2026-07-28, LV vs POR",32,8,4,6,0,0,0,0,3,1,4,1,1,2,1,4
401857095,2026,WNBA,A'JA WILSON,LAS VEGAS ACES,"2026-07-28, LV vs POR",30,28,6,7,1,3,13,14,13,1,14,4,2,0,3,2
401857095,2026,WNBA,CHELSEA GRAY,LAS VEGAS ACES,"2026-07-28, LV vs POR",32,17,4,6,2,3,3,3,1,0,1,7,0,0,3,0
401857095,2026,WNBA,JACKIE YOUNG,LAS VEGAS ACES,"2026-07-28, LV vs POR",28,25,7,7,2,7,5,5,2,0,2,2,1,0,2,2
401857095,2026,WNBA,JEWELL LOYD,LAS VEGAS ACES,"2026-07-28, LV vs POR",25,11,0,1,3,6,2,2,5,0,5,3,0,0,0,2
401857095,2026,WNBA,DANA EVANS,LAS VEGAS ACES,"2026-07-28, LV vs POR",18,2,1,3,0,0,0,2,2,0,2,3,1,1,2,2
401857095,2026,WNBA,TA'NIYA LATSON,LAS VEGAS ACES,"2026-07-28, LV vs POR",4,2,1,2,0,0,0,0,0,0,0,0,0,0,1,0
401857095,2026,WNBA,JUSTINE PISSOTT,LAS VEGAS ACES,"2026-07-28, LV vs POR",12,3,0,0,1,2,0,0,2,0,2,0,0,0,0,6
401857095,2026,WNBA,MAI YAMAMOTO,LAS VEGAS ACES,"2026-07-28, LV vs POR",3,0,0,1,0,0,0,0,0,0,0,0,0,0,0,0
401857096,2026,WNBA,BREANNA STEWART,NEW YORK LIBERTY,"2026-07-28, LA vs NY",37,29,9,15,2,4,5,6,4,0,4,7,4,3,1,0
401857096,2026,WNBA,JONQUEL JONES,NEW YORK LIBERTY,"2026-07-28, LA vs NY",24,9,3,4,1,2,0,0,4,1,5,6,1,1,4,3
401857096,2026,WNBA,REBECCA ALLEN,NEW YORK LIBERTY,"2026-07-28, LA vs NY",18,3,0,1,1,4,0,0,1,1,2,1,2,1,0,2
401857096,2026,WNBA,SABRINA IONESCU,NEW YORK LIBERTY,"2026-07-28, LA vs NY",36,27,4,7,5,9,4,4,6,1,7,6,0,0,7,1
401857096,2026,WNBA,PAULINE ASTIER,NEW YORK LIBERTY,"2026-07-28, LA vs NY",16,4,2,2,0,0,0,0,1,1,2,2,1,0,1,4
401857096,2026,WNBA,RAQUEL CARRERA,NEW YORK LIBERTY,"2026-07-28, LA vs NY",3,0,0,0,0,0,0,0,0,0,0,0,0,0,0,0
401857096,2026,WNBA,HAN XU,NEW YORK LIBERTY,"2026-07-28, LA vs NY",21,13,2,4,3,6,0,0,2,1,3,0,1,2,1,0
401857096,2026,WNBA,REBEKAH GARDNER,NEW YORK LIBERTY,"2026-07-28, LA vs NY",23,15,3,3,2,3,3,4,2,0,2,4,0,0,1,0
401857096,2026,WNBA,MARINE FAUTHOUX,NEW YORK LIBERTY,"2026-07-28, LA vs NY",22,13,1,2,3,4,2,2,1,2,3,1,1,0,2,3
401857096,2026,WNBA,NNEKA OGWUMIKE,LOS ANGELES SPARKS,"2026-07-28, LA vs NY",28,21,6,7,3,5,0,0,3,1,4,9,2,0,1,5
401857096,2026,WNBA,DEARICA HAMBY,LOS ANGELES SPARKS,"2026-07-28, LA vs NY",33,12,5,10,0,1,2,3,2,0,2,4,2,0,1,0
401857096,2026,WNBA,ERICA WHEELER,LOS ANGELES SPARKS,"2026-07-28, LA vs NY",27,17,2,4,4,5,1,2,1,0,1,9,0,0,1,4
401857096,2026,WNBA,ARIEL ATKINS,LOS ANGELES SPARKS,"2026-07-28, LA vs NY",34,16,4,4,2,4,2,2,4,1,5,5,1,0,4,4
401857096,2026,WNBA,RAE BURRELL,LOS ANGELES SPARKS,"2026-07-28, LA vs NY",34,24,6,9,4,8,0,0,3,0,3,3,4,0,5,1
401857096,2026,WNBA,CAMERON BRINK,LOS ANGELES SPARKS,"2026-07-28, LA vs NY",19,11,4,6,1,3,0,0,6,0,6,2,0,1,3,3
401857096,2026,WNBA,JIHYUN PARK,LOS ANGELES SPARKS,"2026-07-28, LA vs NY",6,0,0,0,0,0,0,0,0,0,0,0,1,0,0,0
401857096,2026,WNBA,KIANA WILLIAMS,LOS ANGELES SPARKS,"2026-07-28, LA vs NY",5,3,0,1,1,1,0,0,0,0,0,1,0,0,0,0
401857096,2026,WNBA,CHANCE GRAY,LOS ANGELES SPARKS,"2026-07-28, LA vs NY",14,5,1,1,1,4,0,0,0,0,0,2,0,0,0,0
401857086,2026,WNBA,DEWANNA BONNER,PHOENIX MERCURY,"2026-07-22, LA vs PHX",27,9,3,4,1,5,0,0,5,2,7,4,2,0,0,3
401857086,2026,WNBA,ALYSSA THOMAS,PHOENIX MERCURY,"2026-07-22, LA vs PHX",36,19,5,9,0,0,9,13,10,1,11,15,3,1,3,2
401857086,2026,WNBA,NOEMIE BROCHANT,PHOENIX MERCURY,"2026-07-22, LA vs PHX",23,2,1,3,0,2,0,0,1,1,2,0,0,1,0,5
401857086,2026,WNBA,KAHLEAH COPPER,PHOENIX MERCURY,"2026-07-22, LA vs PHX",30,21,9,12,1,4,0,0,2,0,2,3,1,0,1,5
401857086,2026,WNBA,MONIQUE AKOA MAKANI,PHOENIX MERCURY,"2026-07-22, LA vs PHX",24,14,4,7,2,7,0,0,1,0,1,2,2,0,2,2
401857086,2026,WNBA,VALERIANE AYAYI,PHOENIX MERCURY,"2026-07-22, LA vs PHX",13,3,0,2,1,2,0,0,2,1,3,1,1,0,2,0
401857086,2026,WNBA,NATASHA MACK,PHOENIX MERCURY,"2026-07-22, LA vs PHX",15,10,5,8,0,0,0,0,1,2,3,1,0,2,2,2
401857086,2026,WNBA,SAMI WHITCOMB,PHOENIX MERCURY,"2026-07-22, LA vs PHX",18,8,1,1,2,7,0,0,3,0,3,1,1,0,1,4
401857086,2026,WNBA,LEXI HELD,PHOENIX MERCURY,"2026-07-22, LA vs PHX",15,0,0,1,0,0,0,0,1,0,1,1,0,1,1,0
401857086,2026,WNBA,NNEKA OGWUMIKE,LOS ANGELES SPARKS,"2026-07-22, LA vs PHX",30,13,3,9,1,1,4,4,12,1,13,1,0,0,4,3
401857086,2026,WNBA,DEARICA HAMBY,LOS ANGELES SPARKS,"2026-07-22, LA vs PHX",31,18,7,12,0,0,4,5,5,5,10,5,2,2,2,1
401857086,2026,WNBA,ERICA WHEELER,LOS ANGELES SPARKS,"2026-07-22, LA vs PHX",26,5,1,4,0,2,3,3,2,0,2,4,1,0,0,4
401857086,2026,WNBA,ARIEL ATKINS,LOS ANGELES SPARKS,"2026-07-22, LA vs PHX",33,15,2,3,3,6,2,2,1,3,4,3,1,2,1,1
401857086,2026,WNBA,RAE BURRELL,LOS ANGELES SPARKS,"2026-07-22, LA vs PHX",34,20,4,9,3,7,3,5,2,1,3,2,0,0,4,5
401857086,2026,WNBA,CAMERON BRINK,LOS ANGELES SPARKS,"2026-07-22, LA vs PHX",19,5,1,4,1,5,0,0,4,0,4,3,0,1,3,2
401857086,2026,WNBA,JIHYUN PARK,LOS ANGELES SPARKS,"2026-07-22, LA vs PHX",6,2,1,1,0,1,0,0,0,0,0,1,0,0,1,2
401857086,2026,WNBA,KIANA WILLIAMS,LOS ANGELES SPARKS,"2026-07-22, LA vs PHX",7,0,0,0,0,2,0,0,0,0,0,1,0,0,0,0
401857086,2026,WNBA,KATE MARTIN,LOS ANGELES SPARKS,"2026-07-22, LA vs PHX",2,0,0,0,0,0,0,0,0,0,0,0,0,0,0,1
401857086,2026,WNBA,CHANCE GRAY,LOS ANGELES SPARKS,"2026-07-22, LA vs PHX",12,4,0,0,1,4,1,2,1,0,1,0,1,0,3,2
401857087,2026,WNBA,NATASHA HOWARD,MINNESOTA LYNX,"2026-07-22, SEA vs MIN",26,11,5,9,0,0,1,2,0,5,5,3,3,1,2,1
401857087,2026,WNBA,NAPHEESA COLLIER,MINNESOTA LYNX,"2026-07-22, SEA vs MIN",22,24,7,14,2,6,4,4,9,1,10,1,1,0,2,0
401857087,2026,WNBA,KAYLA MCBRIDE,MINNESOTA LYNX,"2026-07-22, SEA vs MIN",36,20,3,8,3,6,5,5,1,2,3,2,3,1,0,1
401857087,2026,WNBA,COURTNEY WILLIAMS,MINNESOTA LYNX,"2026-07-22, SEA vs MIN",20,0,0,3,0,2,0,0,3,2,5,6,1,0,2,5
401857087,2026,WNBA,OLIVIA MILES,MINNESOTA LYNX,"2026-07-22, SEA vs MIN",31,13,5,14,0,1,3,4,3,0,3,6,2,0,3,2
401857087,2026,WNBA,NIA COFFEY,MINNESOTA LYNX,"2026-07-22, SEA vs MIN",16,7,2,3,1,2,0,0,2,0,2,3,0,0,1,1
401857087,2026,WNBA,DORKA JUHASZ,MINNESOTA LYNX,"2026-07-22, SEA vs MIN",16,3,0,2,1,3,0,0,2,0,2,0,1,1,0,0
401857087,2026,WNBA,ANTONIA DELAERE,MINNESOTA LYNX,"2026-07-22, SEA vs MIN",3,0,0,1,0,0,0,0,0,0,0,0,1,0,0,1
401857087,2026,WNBA,MAYA CALDWELL,MINNESOTA LYNX,"2026-07-22, SEA vs MIN",28,8,0,1,2,3,2,2,1,5,6,2,1,0,1,2
401857087,2026,WNBA,ELISKA JOKLOVA,MINNESOTA LYNX,"2026-07-22, SEA vs MIN",2,0,0,1,0,0,0,0,0,0,0,0,0,0,0,0
401857087,2026,WNBA,DOMINIQUE MALONGA,SEATTLE STORM,"2026-07-22, SEA vs MIN",26,21,8,10,1,3,2,2,9,0,9,2,1,4,4,1
401857087,2026,WNBA,AWA FAM,SEATTLE STORM,"2026-07-22, SEA vs MIN",31,10,2,4,2,5,0,0,7,3,10,1,1,2,1,2
401857087,2026,WNBA,NATISHA HIEDEMAN,SEATTLE STORM,"2026-07-22, SEA vs MIN",32,12,3,6,1,7,3,4,1,1,2,3,2,0,4,2
401857087,2026,WNBA,FLAU'JAE JOHNSON,SEATTLE STORM,"2026-07-22, SEA vs MIN",29,16,7,11,0,6,2,3,3,3,6,4,2,0,6,2
401857087,2026,WNBA,JADE MELBOURNE,SEATTLE STORM,"2026-07-22, SEA vs MIN",28,4,2,2,0,4,0,0,2,0,2,4,1,0,0,4
401857087,2026,WNBA,KATIE LOU SAMUELSON,SEATTLE STORM,"2026-07-22, SEA vs MIN",13,3,0,0,0,2,3,4,4,0,4,1,0,0,1,0
401857087,2026,WNBA,JORDAN HORSTON,SEATTLE STORM,"2026-07-22, SEA vs MIN",14,3,1,3,0,0,1,2,2,3,5,2,0,1,1,1
401857087,2026,WNBA,STEFANIE DOLSON,SEATTLE STORM,"2026-07-22, SEA vs MIN",11,0,0,0,0,1,0,0,1,1,2,1,0,0,0,0
401857087,2026,WNBA,ZIA COOKE,SEATTLE STORM,"2026-07-22, SEA vs MIN",17,7,2,6,1,4,0,0,1,0,1,0,0,0,1,0
401857088,2026,WNBA,AZURA STEVENS,CHICAGO SKY,"2026-07-22, NY vs CHI",30,8,2,3,0,2,4,4,7,0,7,3,2,4,2,6
401857088,2026,WNBA,KAMILLA CARDOSO,CHICAGO SKY,"2026-07-22, NY vs CHI",25,10,5,11,0,0,0,0,4,1,5,5,1,1,1,5
401857088,2026,WNBA,COURTNEY VANDERSLOOT,CHICAGO SKY,"2026-07-22, NY vs CHI",22,14,4,6,1,2,3,4,1,0,1,4,1,1,1,1
401857088,2026,WNBA,NATASHA CLOUD,CHICAGO SKY,"2026-07-22, NY vs CHI",32,9,3,4,1,4,0,0,3,0,3,7,0,0,2,3
401857088,2026,WNBA,SYDNEY TAYLOR,CHICAGO SKY,"2026-07-22, NY vs CHI",26,31,5,10,4,7,9,10,2,1,3,3,1,0,1,0
401857088,2026,WNBA,ELIZABETH WILLIAMS,CHICAGO SKY,"2026-07-22, NY vs CHI",15,8,4,5,0,0,0,0,3,0,3,2,1,0,0,1
401857088,2026,WNBA,RACHEL BANHAM,CHICAGO SKY,"2026-07-22, NY vs CHI",3,3,0,1,0,1,3,3,0,0,0,1,0,0,0,0
401857088,2026,WNBA,JACY SHELDON,CHICAGO SKY,"2026-07-22, NY vs CHI",17,2,1,3,0,1,0,0,1,0,1,1,1,0,1,2
401857088,2026,WNBA,AICHA COULIBALY,CHICAGO SKY,"2026-07-22, NY vs CHI",9,4,2,3,0,1,0,0,3,1,4,0,0,0,1,1
401857088,2026,WNBA,GABRIELA JAQUEZ,CHICAGO SKY,"2026-07-22, NY vs CHI",20,5,1,4,1,3,0,0,2,1,3,1,1,0,0,1
401857088,2026,WNBA,BREANNA STEWART,NEW YORK LIBERTY,"2026-07-22, NY vs CHI",37,20,3,15,2,4,8,8,5,4,9,4,0,3,3,5
401857088,2026,WNBA,JONQUEL JONES,NEW YORK LIBERTY,"2026-07-22, NY vs CHI",28,14,2,4,2,5,4,6,7,3,10,2,0,2,3,3
401857088,2026,WNBA,REBECCA ALLEN,NEW YORK LIBERTY,"2026-07-22, NY vs CHI",29,12,3,6,2,6,0,0,3,1,4,0,0,0,1,4
401857088,2026,WNBA,SABRINA IONESCU,NEW YORK LIBERTY,"2026-07-22, NY vs CHI",35,29,3,4,5,7,8,8,4,0,4,4,0,1,4,1
401857088,2026,WNBA,PAULINE ASTIER,NEW YORK LIBERTY,"2026-07-22, NY vs CHI",22,9,3,6,0,0,3,3,1,0,1,5,1,0,2,1
401857088,2026,WNBA,RAQUEL CARRERA,NEW YORK LIBERTY,"2026-07-22, NY vs CHI",3,0,0,0,0,0,0,0,0,0,0,1,0,0,0,0
401857088,2026,WNBA,HAN XU,NEW YORK LIBERTY,"2026-07-22, NY vs CHI",12,5,2,3,0,1,1,1,2,0,2,0,0,0,0,0
401857088,2026,WNBA,REBEKAH GARDNER,NEW YORK LIBERTY,"2026-07-22, NY vs CHI",15,4,1,4,0,2,2,2,4,2,6,0,0,0,0,1
401857088,2026,WNBA,MARINE FAUTHOUX,NEW YORK LIBERTY,"2026-07-22, NY vs CHI",18,2,1,1,0,3,0,0,1,0,1,1,0,0,0,1
401857089,2026,WNBA,STEPHANIE TALBOT,LAS VEGAS ACES,"2026-07-22, WSH vs LV",9,2,1,1,0,0,0,0,0,0,0,0,0,0,0,0
401857089,2026,WNBA,NALYSSA SMITH,LAS VEGAS ACES,"2026-07-22, WSH vs LV",22,4,2,4,0,0,0,1,3,0,3,0,2,3,0,5
401857089,2026,WNBA,A'JA WILSON,LAS VEGAS ACES,"2026-07-22, WSH vs LV",35,38,10,13,2,3,12,13,5,2,7,5,3,2,1,4
401857089,2026,WNBA,CHELSEA GRAY,LAS VEGAS ACES,"2026-07-22, WSH vs LV",37,19,5,9,1,3,6,6,1,0,1,4,1,1,2,4
401857089,2026,WNBA,JACKIE YOUNG,LAS VEGAS ACES,"2026-07-22, WSH vs LV",31,24,9,13,0,4,6,7,5,2,7,7,0,0,1,4
401857089,2026,WNBA,CHEYENNE PARKER-TYUS,LAS VEGAS ACES,"2026-07-22, WSH vs LV",10,0,0,1,0,0,0,0,1,0,1,0,1,0,0,2
401857089,2026,WNBA,BRIANNA TURNER,LAS VEGAS ACES,"2026-07-22, WSH vs LV",12,4,2,2,0,0,0,0,2,0,2,0,0,0,1,1
401857089,2026,WNBA,JEWELL LOYD,LAS VEGAS ACES,"2026-07-22, WSH vs LV",29,8,0,3,2,4,2,2,2,0,2,0,3,0,1,3
401857089,2026,WNBA,DANA EVANS,LAS VEGAS ACES,"2026-07-22, WSH vs LV",14,0,0,2,0,0,0,0,1,0,1,2,0,0,2,2
401857089,2026,WNBA,MICHAELA ONYENWERE,WASHINGTON MYSTICS,"2026-07-22, WSH vs LV",30,10,0,2,2,2,4,4,0,1,1,3,1,0,0,4
401857089,2026,WNBA,KIKI IRIAFEN,WASHINGTON MYSTICS,"2026-07-22, WSH vs LV",26,12,4,11,0,1,4,4,6,4,10,0,0,0,2,3
401857089,2026,WNBA,SHAKIRA AUSTIN,WASHINGTON MYSTICS,"2026-07-22, WSH vs LV",29,25,10,18,0,0,5,9,3,3,6,3,0,0,1,3
401857089,2026,WNBA,SONIA CITRON,WASHINGTON MYSTICS,"2026-07-22, WSH vs LV",32,20,6,13,1,3,5,6,1,3,4,8,1,0,6,2
401857089,2026,WNBA,GEORGIA AMOORE,WASHINGTON MYSTICS,"2026-07-22, WSH vs LV",23,10,2,3,2,3,0,0,2,0,2,1,0,1,2,4
401857089,2026,WNBA,ANGELA DUGALIC,WASHINGTON MYSTICS,"2026-07-22, WSH vs LV",5,0,0,0,0,0,0,0,2,0,2,2,0,0,1,0
401857089,2026,WNBA,LAUREN BETTS,WASHINGTON MYSTICS,"2026-07-22, WSH vs LV",20,13,4,6,0,0,5,6,2,1,3,2,1,0,0,1
401857089,2026,WNBA,COTIE MCMAHON,WASHINGTON MYSTICS,"2026-07-22, WSH vs LV",22,7,2,3,1,2,0,2,6,0,6,3,0,0,1,2
401857089,2026,WNBA,CASSANDRE PROSPER,WASHINGTON MYSTICS,"2026-07-22, WSH vs LV",7,0,0,1,0,0,0,0,0,0,0,0,0,0,0,2
401857089,2026,WNBA,ALICIA FLOREZ,WASHINGTON MYSTICS,"2026-07-22, WSH vs LV",6,3,0,1,1,2,0,0,0,0,0,2,0,0,0,1
401857090,2026,WNBA,DIAMOND MILLER,CONNECTICUT SUN,"2026-07-22, IND vs CON",23,15,0,4,4,5,3,4,2,0,2,0,0,0,3,2
401857090,2026,WNBA,ANEESAH MORROW,CONNECTICUT SUN,"2026-07-22, IND vs CON",21,10,5,8,0,2,0,0,4,4,8,2,1,1,1,3
401857090,2026,WNBA,OLIVIA NELSON-ODODA,CONNECTICUT SUN,"2026-07-22, IND vs CON",22,11,5,9,0,1,1,1,1,0,1,2,0,2,2,1
401857090,2026,WNBA,CHARLISSE LEGER-WALKER,CONNECTICUT SUN,"2026-07-22, IND vs CON",27,1,0,2,0,1,1,1,1,1,2,4,0,0,4,4
401857090,2026,WNBA,LEILA LACAN,CONNECTICUT SUN,"2026-07-22, IND vs CON",17,10,5,10,0,1,0,0,1,1,2,2,3,0,1,2
401857090,2026,WNBA,RAEGAN BEERS,CONNECTICUT SUN,"2026-07-22, IND vs CON",18,10,3,5,1,1,1,3,2,3,5,2,2,0,2,4
401857090,2026,WNBA,NELL ANGLOMA,CONNECTICUT SUN,"2026-07-22, IND vs CON",10,2,0,3,0,0,2,2,1,1,2,1,0,0,0,1
401857090,2026,WNBA,KENNEDY BURKE,CONNECTICUT SUN,"2026-07-22, IND vs CON",23,9,1,4,2,5,1,2,3,1,4,2,1,1,0,2
401857090,2026,WNBA,SANIYA RIVERS,CONNECTICUT SUN,"2026-07-22, IND vs CON",27,13,6,12,0,2,1,2,2,0,2,6,1,0,1,2
401857090,2026,WNBA,GIANNA KNEEPKENS,CONNECTICUT SUN,"2026-07-22, IND vs CON",12,7,2,2,1,2,0,0,0,0,0,0,0,0,0,4
401857090,2026,WNBA,MONIQUE BILLINGS,INDIANA FEVER,"2026-07-22, IND vs CON",20,12,5,7,0,0,2,2,3,2,5,1,1,0,0,2
401857090,2026,WNBA,ALIYAH BOSTON,INDIANA FEVER,"2026-07-22, IND vs CON",20,22,10,14,0,0,2,4,4,2,6,5,3,0,2,2
401857090,2026,WNBA,KELSEY MITCHELL,INDIANA FEVER,"2026-07-22, IND vs CON",26,23,6,10,3,6,2,3,2,2,4,2,1,1,0,1
401857090,2026,WNBA,LEXIE HULL,INDIANA FEVER,"2026-07-22, IND vs CON",25,8,2,2,1,2,1,1,2,1,3,1,0,1,1,3
401857090,2026,WNBA,CAITLIN CLARK,INDIANA FEVER,"2026-07-22, IND vs CON",27,27,3,4,5,9,6,6,2,0,2,11,1,1,6,2
401857090,2026,WNBA,MYISHA HINES-ALLEN,INDIANA FEVER,"2026-07-22, IND vs CON",15,5,1,4,1,1,0,0,3,0,3,1,0,0,0,3
401857090,2026,WNBA,MAKAYLA TIMPSON,INDIANA FEVER,"2026-07-22, IND vs CON",18,4,2,3,0,0,0,0,7,1,8,0,0,4,0,0
401857090,2026,WNBA,GRACE VANSLOOTEN,INDIANA FEVER,"2026-07-22, IND vs CON",8,2,1,1,0,0,0,0,1,0,1,0,0,0,1,0
401857090,2026,WNBA,SOPHIE CUNNINGHAM,INDIANA FEVER,"2026-07-22, IND vs CON",21,8,0,1,0,2,8,10,3,0,3,2,1,0,3,5
401857090,2026,WNBA,TYASHA HARRIS,INDIANA FEVER,"2026-07-22, IND vs CON",19,12,4,5,1,2,1,1,0,0,0,6,0,0,0,0
401857091,2026,WNBA,JESSICA SHEPARD,DALLAS WINGS,"2026-07-22, POR vs DAL",35,18,7,11,0,0,4,4,9,6,15,10,1,0,3,3
401857091,2026,WNBA,AWAK KUIER,DALLAS WINGS,"2026-07-22, POR vs DAL",14,4,2,3,0,2,0,0,2,1,3,0,0,1,1,3
401857091,2026,WNBA,ARIKE OGUNBOWALE,DALLAS WINGS,"2026-07-22, POR vs DAL",35,24,5,7,3,5,5,6,2,1,3,6,0,0,2,3
401857091,2026,WNBA,PAIGE BUECKERS,DALLAS WINGS,"2026-07-22, POR vs DAL",37,21,3,10,4,7,3,5,3,1,4,5,0,0,3,2
401857091,2026,WNBA,AZZI FUDD,DALLAS WINGS,"2026-07-22, POR vs DAL",33,11,1,2,3,8,0,0,0,0,0,2,2,0,3,3
401857091,2026,WNBA,MADDY SIEGRIST,DALLAS WINGS,"2026-07-22, POR vs DAL",26,14,3,4,2,6,2,2,5,0,5,2,1,0,0,2
401857091,2026,WNBA,LI YUERU,DALLAS WINGS,"2026-07-22, POR vs DAL",5,4,1,2,0,0,2,3,2,0,2,0,0,0,0,0
401857091,2026,WNBA,ODYSSEY SIMS,DALLAS WINGS,"2026-07-22, POR vs DAL",4,2,0,1,0,1,2,2,0,0,0,1,1,0,1,1
401857091,2026,WNBA,SUG SUTTON,DALLAS WINGS,"2026-07-22, POR vs DAL",4,2,1,1,0,0,0,0,1,0,1,1,0,0,0,1
401857091,2026,WNBA,AZIAHA JAMES,DALLAS WINGS,"2026-07-22, POR vs DAL",7,1,0,1,0,1,1,2,2,0,2,1,2,1,0,0
401857091,2026,WNBA,BRIDGET CARLETON,PORTLAND FIRE,"2026-07-22, POR vs DAL",31,18,5,7,2,9,2,2,5,0,5,2,0,0,0,1
401857091,2026,WNBA,EMILY ENGSTLER,PORTLAND FIRE,"2026-07-22, POR vs DAL",23,6,3,4,0,2,0,0,1,0,1,2,1,0,2,2
401857091,2026,WNBA,MEGAN DILEO,PORTLAND FIRE,"2026-07-22, POR vs DAL",25,21,7,8,2,5,1,2,2,0,2,1,0,1,1,2
401857091,2026,WNBA,SARAH ASHLEE BARKER,PORTLAND FIRE,"2026-07-22, POR vs DAL",4,2,1,1,0,0,0,0,3,0,3,2,0,0,1,0
401857091,2026,WNBA,CARLA LEITE,PORTLAND FIRE,"2026-07-22, POR vs DAL",31,12,2,5,1,3,5,6,1,2,3,11,1,0,3,2
401857091,2026,WNBA,FRIEDA BUHNER,PORTLAND FIRE,"2026-07-22, POR vs DAL",17,15,3,4,2,2,3,5,1,0,1,1,0,0,0,2
401857091,2026,WNBA,NYADIEW PUOCH,PORTLAND FIRE,"2026-07-22, POR vs DAL",16,0,0,0,0,0,0,0,1,0,1,0,0,0,0,2
401857091,2026,WNBA,SERAH WILLIAMS,PORTLAND FIRE,"2026-07-22, POR vs DAL",15,8,4,4,0,0,0,0,3,1,4,0,3,1,2,2
401857091,2026,WNBA,KARLIE SAMUELSON,PORTLAND FIRE,"2026-07-22, POR vs DAL",20,10,1,1,2,2,2,2,0,0,0,1,1,0,0,4
401857091,2026,WNBA,HOLLY WINTERBURN,PORTLAND FIRE,"2026-07-22, POR vs DAL",9,3,0,0,1,2,0,0,1,0,1,3,0,0,1,2
401857091,2026,WNBA,TEJA OBLAK,PORTLAND FIRE,"2026-07-22, POR vs DAL",9,2,1,5,0,1,0,0,1,0,1,1,0,0,1,2
401857083,2026,WNBA,STEPHANIE TALBOT,LAS VEGAS ACES,"2026-07-20, TOR vs LV",15,4,2,2,0,6,0,0,1,0,1,0,0,1,0,0
401857083,2026,WNBA,NALYSSA SMITH,LAS VEGAS ACES,"2026-07-20, TOR vs LV",19,18,9,10,0,0,0,0,4,1,5,2,0,0,1,3
401857083,2026,WNBA,A'JA WILSON,LAS VEGAS ACES,"2026-07-20, TOR vs LV",28,26,8,11,3,3,1,1,5,1,6,4,1,4,0,0
401857083,2026,WNBA,CHELSEA GRAY,LAS VEGAS ACES,"2026-07-20, TOR vs LV",31,14,1,2,3,5,3,4,4,0,4,7,3,0,2,2
401857083,2026,WNBA,JACKIE YOUNG,LAS VEGAS ACES,"2026-07-20, TOR vs LV",33,24,6,7,4,10,0,0,4,0,4,12,1,0,2,1
401857083,2026,WNBA,CHEYENNE PARKER-TYUS,LAS VEGAS ACES,"2026-07-20, TOR vs LV",11,4,2,2,0,0,0,0,5,1,6,0,0,1,0,2
401857083,2026,WNBA,BRIANNA TURNER,LAS VEGAS ACES,"2026-07-20, TOR vs LV",13,2,1,2,0,0,0,0,2,0,2,0,0,0,0,2
401857083,2026,WNBA,JEWELL LOYD,LAS VEGAS ACES,"2026-07-20, TOR vs LV",23,11,2,2,2,6,1,1,0,1,1,1,1,0,1,2
401857083,2026,WNBA,DANA EVANS,LAS VEGAS ACES,"2026-07-20, TOR vs LV",18,6,0,2,2,5,0,0,2,0,2,2,0,0,1,0
401857083,2026,WNBA,JUSTINE PISSOTT,LAS VEGAS ACES,"2026-07-20, TOR vs LV",10,0,0,0,0,3,0,0,0,0,0,1,0,1,0,0
401857083,2026,WNBA,ISABELLE HARRISON,TORONTO TEMPO,"2026-07-20, TOR vs LV",22,26,7,9,1,2,9,10,7,4,11,2,0,0,1,0
401857083,2026,WNBA,MARIA CONDE,TORONTO TEMPO,"2026-07-20, TOR vs LV",28,15,3,4,3,8,0,0,6,2,8,4,0,0,0,2
401857083,2026,WNBA,LAURA JUSKAITE,TORONTO TEMPO,"2026-07-20, TOR vs LV",29,6,1,4,1,5,1,2,2,1,3,1,2,0,1,2
401857083,2026,WNBA,MARINA MABREY,TORONTO TEMPO,"2026-07-20, TOR vs LV",31,14,4,13,1,8,3,3,1,1,2,5,3,1,3,2
401857083,2026,WNBA,JULIE ALLEMAND,TORONTO TEMPO,"2026-07-20, TOR vs LV",31,3,0,0,1,2,0,0,5,0,5,4,1,0,2,3
401857083,2026,WNBA,TEONNI KEY,TORONTO TEMPO,"2026-07-20, TOR vs LV",3,2,1,1,0,0,0,0,0,1,1,0,0,0,0,0
401857083,2026,WNBA,KAYLA ALEXANDER,TORONTO TEMPO,"2026-07-20, TOR vs LV",16,6,3,5,0,0,0,0,3,3,6,1,0,0,2,1
401857083,2026,WNBA,TEMI FAGBENLE,TORONTO TEMPO,"2026-07-20, TOR vs LV",15,2,1,3,0,1,0,0,1,1,2,0,0,0,2,2
401857083,2026,WNBA,KIA NURSE,TORONTO TEMPO,"2026-07-20, TOR vs LV",18,7,1,2,1,4,2,2,1,0,1,1,0,0,0,1
401857083,2026,WNBA,TIMA POUYE,TORONTO TEMPO,"2026-07-20, TOR vs LV",7,2,0,2,0,1,2,2,1,0,1,1,0,0,0,0
401892393,2026,WNBA,BREANNA STEWART,NEW YORK LIBERTY,"2026-07-20, DAL vs NY",42,33,8,15,2,4,11,12,9,4,13,8,0,2,1,1
401892393,2026,WNBA,JONQUEL JONES,NEW YORK LIBERTY,"2026-07-20, DAL vs NY",33,14,5,10,1,3,1,2,3,7,10,2,0,1,0,4
401892393,2026,WNBA,REBECCA ALLEN,NEW YORK LIBERTY,"2026-07-20, DAL vs NY",32,6,1,1,1,6,1,2,1,2,3,1,1,1,0,3
401892393,2026,WNBA,SABRINA IONESCU,NEW YORK LIBERTY,"2026-07-20, DAL vs NY",36,21,6,15,2,10,3,3,3,1,4,2,0,1,1,1
401892393,2026,WNBA,PAULINE ASTIER,NEW YORK LIBERTY,"2026-07-20, DAL vs NY",25,7,2,7,1,3,0,0,2,0,2,1,1,0,1,3
401892393,2026,WNBA,RAQUEL CARRERA,NEW YORK LIBERTY,"2026-07-20, DAL vs NY",3,0,0,0,0,0,0,0,0,0,0,0,0,0,0,0
401892393,2026,WNBA,HAN XU,NEW YORK LIBERTY,"2026-07-20, DAL vs NY",11,2,1,1,0,1,0,0,2,0,2,1,0,0,0,0
401892393,2026,WNBA,REBEKAH GARDNER,NEW YORK LIBERTY,"2026-07-20, DAL vs NY",15,6,3,3,0,0,0,0,2,2,4,0,0,1,2,3
401892393,2026,WNBA,MARINE FAUTHOUX,NEW YORK LIBERTY,"2026-07-20, DAL vs NY",27,10,0,0,2,5,4,4,9,1,10,2,1,0,1,2
401892393,2026,WNBA,JESSICA SHEPARD,DALLAS WINGS,"2026-07-20, DAL vs NY",38,13,4,7,0,0,5,6,12,4,16,6,0,0,2,4
401892393,2026,WNBA,AWAK KUIER,DALLAS WINGS,"2026-07-20, DAL vs NY",25,10,5,7,0,1,0,1,4,0,4,2,0,4,0,6
401892393,2026,WNBA,ODYSSEY SIMS,DALLAS WINGS,"2026-07-20, DAL vs NY",21,5,1,3,1,1,0,0,2,0,2,1,0,0,1,1
401892393,2026,WNBA,ARIKE OGUNBOWALE,DALLAS WINGS,"2026-07-20, DAL vs NY",38,29,6,19,3,5,8,8,4,1,5,6,1,0,1,4
401892393,2026,WNBA,AZZI FUDD,DALLAS WINGS,"2026-07-20, DAL vs NY",43,15,3,7,3,6,0,0,1,0,1,2,0,1,1,3
401892393,2026,WNBA,ALYSHA CLARK,DALLAS WINGS,"2026-07-20, DAL vs NY",4,0,0,1,0,0,0,0,0,0,0,1,0,0,0,1
401892393,2026,WNBA,MADDY SIEGRIST,DALLAS WINGS,"2026-07-20, DAL vs NY",11,13,2,4,3,3,0,0,2,1,3,0,0,0,0,0
401892393,2026,WNBA,LI YUERU,DALLAS WINGS,"2026-07-20, DAL vs NY",16,7,2,2,1,2,0,2,0,0,0,1,0,0,1,5
401892393,2026,WNBA,SUG SUTTON,DALLAS WINGS,"2026-07-20, DAL vs NY",22,2,1,2,0,3,0,0,1,0,1,7,0,0,0,0
401892393,2026,WNBA,AZIAHA JAMES,DALLAS WINGS,"2026-07-20, DAL vs NY",8,4,1,3,0,0,2,2,1,1,2,1,0,2,1,2
401857084,2026,WNBA,MICHAELA ONYENWERE,WASHINGTON MYSTICS,"2026-07-20, GS vs WSH",31,12,1,3,3,7,1,2,0,0,0,1,1,0,1,0
401857084,2026,WNBA,KIKI IRIAFEN,WASHINGTON MYSTICS,"2026-07-20, GS vs WSH",35,23,7,10,1,2,6,8,8,4,12,4,0,0,1,1
401857084,2026,WNBA,SHAKIRA AUSTIN,WASHINGTON MYSTICS,"2026-07-20, GS vs WSH",31,15,5,8,1,2,2,3,14,1,15,2,1,0,4,2
401857084,2026,WNBA,SONIA CITRON,WASHINGTON MYSTICS,"2026-07-20, GS vs WSH",32,17,5,11,0,1,7,7,2,0,2,6,1,1,3,4
401857084,2026,WNBA,GEORGIA AMOORE,WASHINGTON MYSTICS,"2026-07-20, GS vs WSH",27,9,0,1,3,4,0,0,0,0,0,8,0,0,4,2
401857084,2026,WNBA,LAUREN BETTS,WASHINGTON MYSTICS,"2026-07-20, GS vs WSH",14,4,2,4,0,0,0,0,2,0,2,0,0,4,2,1
401857084,2026,WNBA,COTIE MCMAHON,WASHINGTON MYSTICS,"2026-07-20, GS vs WSH",12,3,1,1,0,0,1,1,2,0,2,2,1,0,0,2
401857084,2026,WNBA,CASSANDRE PROSPER,WASHINGTON MYSTICS,"2026-07-20, GS vs WSH",9,2,1,1,0,4,0,0,1,1,2,1,0,0,1,1
401857084,2026,WNBA,ALICIA FLOREZ,WASHINGTON MYSTICS,"2026-07-20, GS vs WSH",9,5,1,1,1,1,0,0,0,0,0,1,0,0,0,1
401857084,2026,WNBA,KAYLA THORNTON,GOLDEN STATE VALKYRIES,"2026-07-20, GS vs WSH",29,15,1,1,4,7,1,1,3,0,3,0,2,0,1,1
401857084,2026,WNBA,GABBY WILLIAMS,GOLDEN STATE VALKYRIES,"2026-07-20, GS vs WSH",26,8,4,8,0,4,0,0,0,0,0,2,1,0,2,3
401857084,2026,WNBA,CECILIA ZANDALASINI,GOLDEN STATE VALKYRIES,"2026-07-20, GS vs WSH",17,7,2,4,1,3,0,0,1,0,1,1,1,0,0,2
401857084,2026,WNBA,KIAH STOKES,GOLDEN STATE VALKYRIES,"2026-07-20, GS vs WSH",22,3,0,0,1,4,0,0,4,0,4,0,0,2,0,1
401857084,2026,WNBA,VERONICA BURTON,GOLDEN STATE VALKYRIES,"2026-07-20, GS vs WSH",26,12,3,5,2,3,0,0,2,0,2,7,2,0,2,3
401857084,2026,WNBA,LAETICIA AMIHERE,GOLDEN STATE VALKYRIES,"2026-07-20, GS vs WSH",12,3,1,3,0,0,1,2,1,1,2,1,1,1,2,0
401857084,2026,WNBA,JANELLE SALAUN,GOLDEN STATE VALKYRIES,"2026-07-20, GS vs WSH",17,11,2,6,1,6,4,4,0,4,4,2,1,0,0,3
401857084,2026,WNBA,TIFFANY HAYES,GOLDEN STATE VALKYRIES,"2026-07-20, GS vs WSH",10,0,0,2,0,0,0,0,0,0,0,2,0,0,0,1
401857084,2026,WNBA,KAILA CHARLES,GOLDEN STATE VALKYRIES,"2026-07-20, GS vs WSH",18,3,0,0,1,3,0,0,5,0,5,0,1,1,0,1
401857084,2026,WNBA,KAITLYN CHEN,GOLDEN STATE VALKYRIES,"2026-07-20, GS vs WSH",24,20,6,10,2,3,2,4,0,2,2,6,1,0,1,0
401857085,2026,WNBA,NATASHA HOWARD,MINNESOTA LYNX,"2026-07-20, SEA vs MIN",24,6,3,8,0,0,0,0,5,7,12,3,3,0,4,5
401857085,2026,WNBA,NIA COFFEY,MINNESOTA LYNX,"2026-07-20, SEA vs MIN",28,3,0,1,1,3,0,0,1,0,1,1,1,0,0,2
401857085,2026,WNBA,KAYLA MCBRIDE,MINNESOTA LYNX,"2026-07-20, SEA vs MIN",32,33,3,6,6,10,9,9,2,0,2,0,2,0,1,1
401857085,2026,WNBA,COURTNEY WILLIAMS,MINNESOTA LYNX,"2026-07-20, SEA vs MIN",33,21,7,11,1,2,4,4,4,0,4,3,2,0,2,2
401857085,2026,WNBA,OLIVIA MILES,MINNESOTA LYNX,"2026-07-20, SEA vs MIN",36,32,12,20,1,4,5,5,7,1,8,8,1,0,1,4
401857085,2026,WNBA,DORKA JUHASZ,MINNESOTA LYNX,"2026-07-20, SEA vs MIN",19,1,0,1,0,1,1,2,3,1,4,3,1,1,0,1
401857085,2026,WNBA,ANTONIA DELAERE,MINNESOTA LYNX,"2026-07-20, SEA vs MIN",5,0,0,1,0,0,0,0,0,1,1,1,0,0,0,0
401857085,2026,WNBA,ANASTASIIA OLAIRI KOSU,MINNESOTA LYNX,"2026-07-20, SEA vs MIN",9,4,1,2,0,0,2,2,1,1,2,1,0,1,0,1
401857085,2026,WNBA,MAYA CALDWELL,MINNESOTA LYNX,"2026-07-20, SEA vs MIN",13,5,1,2,1,4,0,0,1,0,1,0,0,0,1,1
401857085,2026,WNBA,DOMINIQUE MALONGA,SEATTLE STORM,"2026-07-20, SEA vs MIN",27,14,5,10,0,2,4,4,6,3,9,1,1,2,2,3
401857085,2026,WNBA,AWA FAM,SEATTLE STORM,"2026-07-20, SEA vs MIN",31,8,4,7,0,2,0,0,5,6,11,4,1,1,2,2
401857085,2026,WNBA,NATISHA HIEDEMAN,SEATTLE STORM,"2026-07-20, SEA vs MIN",28,12,3,6,1,6,3,4,1,0,1,10,0,0,0,1
401857085,2026,WNBA,FLAU'JAE JOHNSON,SEATTLE STORM,"2026-07-20, SEA vs MIN",29,26,2,3,5,8,7,8,1,0,1,1,0,1,4,2
401857085,2026,WNBA,JADE MELBOURNE,SEATTLE STORM,"2026-07-20, SEA vs MIN",19,5,2,3,0,0,1,2,1,0,1,3,0,0,3,2
401857085,2026,WNBA,KATIE LOU SAMUELSON,SEATTLE STORM,"2026-07-20, SEA vs MIN",15,7,0,1,2,3,1,1,2,0,2,0,0,0,0,2
401857085,2026,WNBA,JORDAN HORSTON,SEATTLE STORM,"2026-07-20, SEA vs MIN",13,9,3,4,1,1,0,0,3,1,4,0,2,0,2,0
401857085,2026,WNBA,STEFANIE DOLSON,SEATTLE STORM,"2026-07-20, SEA vs MIN",11,3,0,1,1,1,0,0,1,0,1,3,0,0,0,1
401857085,2026,WNBA,ZIA COOKE,SEATTLE STORM,"2026-07-20, SEA vs MIN",28,18,3,7,3,5,3,3,2,0,2,1,0,0,2,2
401857080,2026,WNBA,NNEKA OGWUMIKE,LOS ANGELES SPARKS,"2026-07-19, DAL vs LA",33,17,7,9,0,3,3,4,9,1,10,3,1,2,4,4
401857080,2026,WNBA,DEARICA HAMBY,LOS ANGELES SPARKS,"2026-07-19, DAL vs LA",25,16,8,11,0,1,0,0,5,0,5,3,1,0,3,6
401857080,2026,WNBA,ERICA WHEELER,LOS ANGELES SPARKS,"2026-07-19, DAL vs LA",35,9,4,9,0,5,1,1,3,0,3,10,2,0,1,3
401857080,2026,WNBA,ARIEL ATKINS,LOS ANGELES SPARKS,"2026-07-19, DAL vs LA",32,9,2,4,1,4,2,2,1,1,2,3,2,0,1,1
401857080,2026,WNBA,RAE BURRELL,LOS ANGELES SPARKS,"2026-07-19, DAL vs LA",28,9,3,5,1,1,0,0,1,1,2,3,1,1,3,1
401857080,2026,WNBA,EMMA CANNON,LOS ANGELES SPARKS,"2026-07-19, DAL vs LA",1,2,0,0,0,0,2,2,0,0,0,0,0,0,0,1
401857080,2026,WNBA,CAMERON BRINK,LOS ANGELES SPARKS,"2026-07-19, DAL vs LA",21,10,1,6,2,3,2,2,4,2,6,1,1,3,0,5
401857080,2026,WNBA,JIHYUN PARK,LOS ANGELES SPARKS,"2026-07-19, DAL vs LA",15,4,2,3,0,2,0,0,1,0,1,0,1,0,0,1
401857080,2026,WNBA,CHANCE GRAY,LOS ANGELES SPARKS,"2026-07-19, DAL vs LA",10,6,0,0,2,2,0,0,1,0,1,0,0,0,1,1
401857080,2026,WNBA,JESSICA SHEPARD,DALLAS WINGS,"2026-07-19, DAL vs LA",38,11,4,9,0,0,3,4,12,2,14,6,1,0,4,1
401857080,2026,WNBA,AWAK KUIER,DALLAS WINGS,"2026-07-19, DAL vs LA",9,4,2,2,0,1,0,0,1,0,1,0,0,0,1,4
401857080,2026,WNBA,ARIKE OGUNBOWALE,DALLAS WINGS,"2026-07-19, DAL vs LA",31,20,6,9,1,4,5,6,1,1,2,1,2,0,2,3
401857080,2026,WNBA,PAIGE BUECKERS,DALLAS WINGS,"2026-07-19, DAL vs LA",32,25,8,14,2,4,3,3,1,3,4,5,0,0,4,2
401857080,2026,WNBA,AZZI FUDD,DALLAS WINGS,"2026-07-19, DAL vs LA",33,11,1,5,3,5,0,0,1,3,4,2,3,0,0,3
401857080,2026,WNBA,ALYSHA CLARK,DALLAS WINGS,"2026-07-19, DAL vs LA",7,0,0,1,0,0,0,0,2,0,2,1,0,0,2,3
401857080,2026,WNBA,MADDY SIEGRIST,DALLAS WINGS,"2026-07-19, DAL vs LA",12,3,0,0,1,2,0,0,2,0,2,0,1,0,0,1
401857080,2026,WNBA,LI YUERU,DALLAS WINGS,"2026-07-19, DAL vs LA",13,4,1,1,0,0,2,3,3,1,4,0,0,2,1,2
401857080,2026,WNBA,ODYSSEY SIMS,DALLAS WINGS,"2026-07-19, DAL vs LA",17,7,3,6,0,2,1,1,0,0,0,6,1,0,1,1
401857080,2026,WNBA,AZIAHA JAMES,DALLAS WINGS,"2026-07-19, DAL vs LA",7,5,2,3,0,1,1,2,1,0,1,0,0,0,1,1
401857081,2026,WNBA,AZURA STEVENS,CHICAGO SKY,"2026-07-19, ATL vs CHI",30,20,6,8,2,4,2,3,8,1,9,1,1,0,3,2
401857081,2026,WNBA,KAMILLA CARDOSO,CHICAGO SKY,"2026-07-19, ATL vs CHI",24,15,6,9,0,0,3,5,3,1,4,2,2,1,1,3
401857081,2026,WNBA,COURTNEY VANDERSLOOT,CHICAGO SKY,"2026-07-19, ATL vs CHI",21,11,4,6,0,1,3,3,1,0,1,6,2,1,1,3
401857081,2026,WNBA,NATASHA CLOUD,CHICAGO SKY,"2026-07-19, ATL vs CHI",32,7,2,3,1,4,0,0,2,0,2,4,1,0,2,4
401857081,2026,WNBA,SYDNEY TAYLOR,CHICAGO SKY,"2026-07-19, ATL vs CHI",28,18,4,9,3,7,1,2,2,1,3,2,1,0,0,5
401857081,2026,WNBA,CHLOE BIBBY,CHICAGO SKY,"2026-07-19, ATL vs CHI",5,0,0,0,0,1,0,0,0,0,0,0,0,0,0,0
401857081,2026,WNBA,ELIZABETH WILLIAMS,CHICAGO SKY,"2026-07-19, ATL vs CHI",16,12,4,5,0,0,4,5,2,0,2,0,0,1,2,1
401857081,2026,WNBA,RACHEL BANHAM,CHICAGO SKY,"2026-07-19, ATL vs CHI",5,2,1,1,0,1,0,1,0,0,0,1,0,0,0,0
401857081,2026,WNBA,JACY SHELDON,CHICAGO SKY,"2026-07-19, ATL vs CHI",19,2,1,2,0,2,0,0,1,1,2,2,0,0,1,1
401857081,2026,WNBA,AICHA COULIBALY,CHICAGO SKY,"2026-07-19, ATL vs CHI",5,2,0,1,0,0,2,2,1,0,1,0,1,1,0,1
401857081,2026,WNBA,GABRIELA JAQUEZ,CHICAGO SKY,"2026-07-19, ATL vs CHI",15,2,1,2,0,1,0,0,3,0,3,0,1,0,1,0
401857081,2026,WNBA,NAZ HILLMON,ATLANTA DREAM,"2026-07-19, ATL vs CHI",34,5,1,1,1,5,0,0,2,0,2,1,0,0,2,3
401857081,2026,WNBA,ANGEL REESE,ATLANTA DREAM,"2026-07-19, ATL vs CHI",20,8,3,12,0,1,2,2,1,4,5,1,1,1,3,3
401857081,2026,WNBA,ALLISHA GRAY,ATLANTA DREAM,"2026-07-19, ATL vs CHI",35,29,3,5,4,6,11,13,5,1,6,3,0,0,1,3
401857081,2026,WNBA,JORDIN CANADA,ATLANTA DREAM,"2026-07-19, ATL vs CHI",34,10,4,6,0,3,2,4,1,2,3,9,3,0,3,1
401857081,2026,WNBA,RHYNE HOWARD,ATLANTA DREAM,"2026-07-19, ATL vs CHI",35,11,1,3,3,8,0,0,5,1,6,6,0,3,0,2
401857081,2026,WNBA,BRIONNA JONES,ATLANTA DREAM,"2026-07-19, ATL vs CHI",15,6,1,5,0,1,4,4,6,4,10,1,0,0,0,2
401857081,2026,WNBA,MADINA OKOT,ATLANTA DREAM,"2026-07-19, ATL vs CHI",11,14,6,8,0,0,2,2,4,0,4,0,0,1,1,2
401857081,2026,WNBA,JAYLYN SHERROD,ATLANTA DREAM,"2026-07-19, ATL vs CHI",5,2,1,2,0,1,0,0,1,0,1,2,1,0,1,2
401857081,2026,WNBA,ISOBEL BORLASE,ATLANTA DREAM,"2026-07-19, ATL vs CHI",12,8,3,4,0,3,2,2,1,1,2,1,0,0,0,1
401857082,2026,WNBA,DIAMOND MILLER,CONNECTICUT SUN,"2026-07-19, PHX vs CON",31,6,2,6,0,3,2,2,7,0,7,0,1,0,4,5
401857082,2026,WNBA,BRITTNEY GRINER,CONNECTICUT SUN,"2026-07-19, PHX vs CON",31,19,7,12,0,0,5,7,3,2,5,0,0,2,1,3
401857082,2026,WNBA,OLIVIA NELSON-ODODA,CONNECTICUT SUN,"2026-07-19, PHX vs CON",26,12,5,9,0,0,2,4,10,2,12,3,1,0,0,3
401857082,2026,WNBA,CHARLISSE LEGER-WALKER,CONNECTICUT SUN,"2026-07-19, PHX vs CON",29,5,2,5,0,3,1,1,3,0,3,5,2,0,4,1
401857082,2026,WNBA,LEILA LACAN,CONNECTICUT SUN,"2026-07-19, PHX vs CON",37,7,1,8,1,1,2,2,1,0,1,4,0,1,9,4
401857082,2026,WNBA,AALIYAH EDWARDS,CONNECTICUT SUN,"2026-07-19, PHX vs CON",5,0,0,0,0,1,0,0,0,0,0,0,0,1,0,0
401857082,2026,WNBA,RAEGAN BEERS,CONNECTICUT SUN,"2026-07-19, PHX vs CON",4,0,0,1,0,0,0,0,0,2,2,0,1,0,1,1
401857082,2026,WNBA,NELL ANGLOMA,CONNECTICUT SUN,"2026-07-19, PHX vs CON",12,8,1,1,1,3,3,3,1,2,3,0,0,0,2,3
401857082,2026,WNBA,KENNEDY BURKE,CONNECTICUT SUN,"2026-07-19, PHX vs CON",20,6,0,1,2,3,0,0,1,0,1,0,1,0,0,2
401857082,2026,WNBA,HAILEY VAN LITH,CONNECTICUT SUN,"2026-07-19, PHX vs CON",3,0,0,1,0,0,0,0,0,0,0,1,0,0,0,0
401857082,2026,WNBA,GIANNA KNEEPKENS,CONNECTICUT SUN,"2026-07-19, PHX vs CON",2,0,0,0,0,0,0,0,0,1,1,0,0,0,0,3
401857082,2026,WNBA,DEWANNA BONNER,PHOENIX MERCURY,"2026-07-19, PHX vs CON",29,21,6,10,1,3,6,8,4,2,6,0,1,0,0,4
401857082,2026,WNBA,ALYSSA THOMAS,PHOENIX MERCURY,"2026-07-19, PHX vs CON",34,7,2,9,0,0,3,6,3,3,6,11,1,1,1,4
401857082,2026,WNBA,NOEMIE BROCHANT,PHOENIX MERCURY,"2026-07-19, PHX vs CON",23,4,2,3,0,0,0,0,2,1,3,2,3,0,2,0
401857082,2026,WNBA,KAHLEAH COPPER,PHOENIX MERCURY,"2026-07-19, PHX vs CON",35,18,5,12,0,2,8,8,3,1,4,4,1,1,5,1
401857082,2026,WNBA,MONIQUE AKOA MAKANI,PHOENIX MERCURY,"2026-07-19, PHX vs CON",32,11,4,7,1,4,0,0,6,0,6,1,2,0,1,2
401857082,2026,WNBA,VALERIANE AYAYI,PHOENIX MERCURY,"2026-07-19, PHX vs CON",14,5,2,3,0,4,1,1,1,0,1,1,2,0,4,0
401857082,2026,WNBA,NATASHA MACK,PHOENIX MERCURY,"2026-07-19, PHX vs CON",20,4,2,3,0,1,0,0,4,1,5,0,1,1,1,4
401857082,2026,WNBA,LEXI HELD,PHOENIX MERCURY,"2026-07-19, PHX vs CON",13,2,1,1,0,1,0,0,1,0,1,0,0,0,0,2
401857077,2026,WNBA,BREANNA STEWART,NEW YORK LIBERTY,"2026-07-18, IND vs NY",32,26,8,12,2,4,4,9,6,2,8,3,1,3,4,4
401857077,2026,WNBA,JONQUEL JONES,NEW YORK LIBERTY,"2026-07-18, IND vs NY",27,13,2,5,2,4,3,3,5,1,6,2,2,1,5,3
401857077,2026,WNBA,MARINE JOHANNES,NEW YORK LIBERTY,"2026-07-18, IND vs NY",18,12,0,1,4,11,0,0,2,0,2,1,1,0,3,4
401857077,2026,WNBA,SABRINA IONESCU,NEW YORK LIBERTY,"2026-07-18, IND vs NY",34,12,2,5,2,4,2,4,1,0,1,4,1,0,1,2
401857077,2026,WNBA,PAULINE ASTIER,NEW YORK LIBERTY,"2026-07-18, IND vs NY",23,9,3,5,0,1,3,3,1,1,2,5,3,0,0,4
401857077,2026,WNBA,ANNELI MALEY,NEW YORK LIBERTY,"2026-07-18, IND vs NY",14,5,0,2,1,3,2,2,1,2,3,0,0,0,0,2
401857077,2026,WNBA,RAQUEL CARRERA,NEW YORK LIBERTY,"2026-07-18, IND vs NY",8,4,0,0,1,1,1,2,0,0,0,0,0,0,0,1
401857077,2026,WNBA,HAN XU,NEW YORK LIBERTY,"2026-07-18, IND vs NY",13,3,0,2,1,2,0,0,4,0,4,0,0,1,1,0
401857077,2026,WNBA,REBECCA ALLEN,NEW YORK LIBERTY,"2026-07-18, IND vs NY",18,0,0,0,0,1,0,0,0,1,1,0,0,1,0,4
401857077,2026,WNBA,MARINE FAUTHOUX,NEW YORK LIBERTY,"2026-07-18, IND vs NY",15,4,2,3,0,1,0,2,0,0,0,4,0,0,1,0
401857077,2026,WNBA,MONIQUE BILLINGS,INDIANA FEVER,"2026-07-18, IND vs NY",18,4,2,5,0,0,0,0,4,2,6,2,0,1,0,3
401857077,2026,WNBA,ALIYAH BOSTON,INDIANA FEVER,"2026-07-18, IND vs NY",24,15,5,9,1,2,2,3,5,2,7,4,2,1,5,4
401857077,2026,WNBA,KELSEY MITCHELL,INDIANA FEVER,"2026-07-18, IND vs NY",30,33,6,8,4,6,9,13,0,0,0,1,1,0,3,3
401857077,2026,WNBA,LEXIE HULL,INDIANA FEVER,"2026-07-18, IND vs NY",19,8,1,1,2,4,0,0,1,1,2,2,2,0,1,5
401857077,2026,WNBA,CAITLIN CLARK,INDIANA FEVER,"2026-07-18, IND vs NY",26,17,3,6,2,8,5,5,2,0,2,7,0,0,7,2
401857077,2026,WNBA,MYISHA HINES-ALLEN,INDIANA FEVER,"2026-07-18, IND vs NY",14,5,1,2,1,1,0,2,3,0,3,1,2,0,0,0
401857077,2026,WNBA,MAKAYLA TIMPSON,INDIANA FEVER,"2026-07-18, IND vs NY",24,2,1,2,0,0,0,0,4,1,5,0,0,1,0,3
401857077,2026,WNBA,SOPHIE CUNNINGHAM,INDIANA FEVER,"2026-07-18, IND vs NY",22,11,0,2,3,4,2,2,2,2,4,1,0,2,0,2
401857077,2026,WNBA,TYASHA HARRIS,INDIANA FEVER,"2026-07-18, IND vs NY",21,11,3,5,1,3,2,2,2,0,2,4,0,0,0,1
401857077,2026,WNBA,RAVEN JOHNSON,INDIANA FEVER,"2026-07-18, IND vs NY",4,2,1,1,0,0,0,0,1,0,1,0,0,0,0,1
401857078,2026,WNBA,BRIDGET CARLETON,PORTLAND FIRE,"2026-07-18, MIN vs POR",32,22,2,7,6,9,0,0,8,0,8,4,3,0,0,0
401857078,2026,WNBA,EMILY ENGSTLER,PORTLAND FIRE,"2026-07-18, MIN vs POR",29,12,1,5,2,3,4,4,3,3,6,3,1,1,2,3
401857078,2026,WNBA,SERAH WILLIAMS,PORTLAND FIRE,"2026-07-18, MIN vs POR",23,8,4,8,0,0,0,0,2,0,2,1,0,1,1,2
401857078,2026,WNBA,SARAH ASHLEE BARKER,PORTLAND FIRE,"2026-07-18, MIN vs POR",30,21,6,8,3,6,0,0,3,1,4,4,0,0,1,5
401857078,2026,WNBA,CARLA LEITE,PORTLAND FIRE,"2026-07-18, MIN vs POR",31,21,8,12,1,5,2,3,3,1,4,7,2,0,3,2
401857078,2026,WNBA,FRIEDA BUHNER,PORTLAND FIRE,"2026-07-18, MIN vs POR",17,2,1,1,0,2,0,0,1,1,2,1,1,0,1,0
401857078,2026,WNBA,NYADIEW PUOCH,PORTLAND FIRE,"2026-07-18, MIN vs POR",8,0,0,0,0,0,0,0,1,2,3,1,0,0,0,2
401857078,2026,WNBA,LUISA GEISELSODER,PORTLAND FIRE,"2026-07-18, MIN vs POR",11,0,0,0,0,1,0,0,1,0,1,1,0,0,1,0
401857078,2026,WNBA,JORDAN HARRISON,PORTLAND FIRE,"2026-07-18, MIN vs POR",9,5,1,3,1,1,0,0,2,1,3,2,0,0,0,0
401857078,2026,WNBA,TEJA OBLAK,PORTLAND FIRE,"2026-07-18, MIN vs POR",10,2,1,3,0,3,0,0,0,0,0,1,0,0,1,2
401857078,2026,WNBA,NATASHA HOWARD,MINNESOTA LYNX,"2026-07-18, MIN vs POR",25,16,7,8,0,0,2,2,6,1,7,3,1,3,0,0
401857078,2026,WNBA,NIA COFFEY,MINNESOTA LYNX,"2026-07-18, MIN vs POR",20,9,3,4,1,4,0,1,2,1,3,1,0,0,0,2
401857078,2026,WNBA,KAYLA MCBRIDE,MINNESOTA LYNX,"2026-07-18, MIN vs POR",32,24,5,6,4,8,2,3,3,0,3,0,0,0,2,2
401857078,2026,WNBA,COURTNEY WILLIAMS,MINNESOTA LYNX,"2026-07-18, MIN vs POR",32,15,5,9,1,3,2,2,2,0,2,7,2,0,2,0
401857078,2026,WNBA,OLIVIA MILES,MINNESOTA LYNX,"2026-07-18, MIN vs POR",34,14,3,11,2,3,2,3,4,0,4,10,0,4,2,4
401857078,2026,WNBA,DORKA JUHASZ,MINNESOTA LYNX,"2026-07-18, MIN vs POR",21,12,6,7,0,3,0,0,4,1,5,5,0,1,0,0
401857078,2026,WNBA,ANTONIA DELAERE,MINNESOTA LYNX,"2026-07-18, MIN vs POR",10,5,0,1,1,1,2,2,2,1,3,1,0,0,0,0
401857078,2026,WNBA,ANASTASIIA OLAIRI KOSU,MINNESOTA LYNX,"2026-07-18, MIN vs POR",14,4,2,5,0,0,0,0,1,4,5,0,2,0,2,0
401857078,2026,WNBA,MAYA CALDWELL,MINNESOTA LYNX,"2026-07-18, MIN vs POR",8,2,1,1,0,1,0,0,1,0,1,2,1,0,1,1
401857078,2026,WNBA,ELISKA JOKLOVA,MINNESOTA LYNX,"2026-07-18, MIN vs POR",3,0,0,0,0,0,0,0,1,0,1,0,0,1,1,0
401857079,2026,WNBA,MICHAELA ONYENWERE,WASHINGTON MYSTICS,"2026-07-18, GS vs WSH",34,9,0,1,3,6,0,0,1,2,3,5,0,0,0,4
401857079,2026,WNBA,KIKI IRIAFEN,WASHINGTON MYSTICS,"2026-07-18, GS vs WSH",24,6,3,7,0,1,0,0,2,0,2,0,0,2,1,2
401857079,2026,WNBA,SHAKIRA AUSTIN,WASHINGTON MYSTICS,"2026-07-18, GS vs WSH",31,18,5,10,0,1,8,9,14,2,16,1,0,1,3,0
401857079,2026,WNBA,SONIA CITRON,WASHINGTON MYSTICS,"2026-07-18, GS vs WSH",30,12,4,5,1,1,1,2,1,0,1,4,2,1,3,4
401857079,2026,WNBA,GEORGIA AMOORE,WASHINGTON MYSTICS,"2026-07-18, GS vs WSH",25,8,1,2,2,9,0,0,0,3,3,4,1,0,3,3
401857079,2026,WNBA,ANGELA DUGALIC,WASHINGTON MYSTICS,"2026-07-18, GS vs WSH",3,0,0,1,0,0,0,0,1,0,1,0,0,0,1,0
401857079,2026,WNBA,LAUREN BETTS,WASHINGTON MYSTICS,"2026-07-18, GS vs WSH",21,6,3,5,0,0,0,0,2,2,4,1,0,1,0,1
401857079,2026,WNBA,COTIE MCMAHON,WASHINGTON MYSTICS,"2026-07-18, GS vs WSH",18,6,3,4,0,2,0,0,4,1,5,3,1,0,0,2
401857079,2026,WNBA,CASSANDRE PROSPER,WASHINGTON MYSTICS,"2026-07-18, GS vs WSH",7,0,0,0,0,2,0,0,1,1,2,0,0,0,0,1
401857079,2026,WNBA,ALICIA FLOREZ,WASHINGTON MYSTICS,"2026-07-18, GS vs WSH",7,4,2,2,0,1,0,0,0,0,0,0,1,0,1,0
401857079,2026,WNBA,KAYLA THORNTON,GOLDEN STATE VALKYRIES,"2026-07-18, GS vs WSH",27,11,0,0,3,6,2,2,4,0,4,1,1,0,0,2
401857079,2026,WNBA,GABBY WILLIAMS,GOLDEN STATE VALKYRIES,"2026-07-18, GS vs WSH",28,18,5,8,2,7,2,2,2,1,3,5,3,0,1,2
401857079,2026,WNBA,CECILIA ZANDALASINI,GOLDEN STATE VALKYRIES,"2026-07-18, GS vs WSH",26,6,3,5,0,3,0,1,1,0,1,1,1,0,2,3
401857079,2026,WNBA,KIAH STOKES,GOLDEN STATE VALKYRIES,"2026-07-18, GS vs WSH",22,3,0,2,1,3,0,0,2,2,4,0,0,1,0,4
401857079,2026,WNBA,VERONICA BURTON,GOLDEN STATE VALKYRIES,"2026-07-18, GS vs WSH",33,11,2,3,2,5,1,2,4,1,5,11,2,0,1,1
401857079,2026,WNBA,LAETICIA AMIHERE,GOLDEN STATE VALKYRIES,"2026-07-18, GS vs WSH",13,1,0,3,0,1,1,2,2,3,5,1,1,1,0,0
401857079,2026,WNBA,JANELLE SALAUN,GOLDEN STATE VALKYRIES,"2026-07-18, GS vs WSH",18,9,1,2,2,4,1,2,2,1,3,0,0,0,0,3
401857079,2026,WNBA,TIFFANY HAYES,GOLDEN STATE VALKYRIES,"2026-07-18, GS vs WSH",12,7,1,1,1,2,2,3,1,0,1,1,0,0,1,1
401857079,2026,WNBA,KAILA CHARLES,GOLDEN STATE VALKYRIES,"2026-07-18, GS vs WSH",15,6,0,1,1,1,3,4,0,0,0,0,0,0,1,0
401857079,2026,WNBA,KAITLYN CHEN,GOLDEN STATE VALKYRIES,"2026-07-18, GS vs WSH",7,2,0,1,0,1,2,2,0,0,0,1,0,0,2,0
401857073,2026,WNBA,DOMINIQUE MALONGA,SEATTLE STORM,"2026-07-17, IND vs SEA",29,28,12,19,1,3,1,2,9,5,14,2,0,0,6,2
401857073,2026,WNBA,AWA FAM,SEATTLE STORM,"2026-07-17, IND vs SEA",31,16,1,1,4,5,2,2,6,3,9,4,1,2,0,5
401857073,2026,WNBA,NATISHA HIEDEMAN,SEATTLE STORM,"2026-07-17, IND vs SEA",30,15,5,6,1,5,2,3,2,0,2,8,1,0,3,2
401857073,2026,WNBA,FLAU'JAE JOHNSON,SEATTLE STORM,"2026-07-17, IND vs SEA",31,16,7,14,0,2,2,2,2,4,6,6,3,1,2,3
401857073,2026,WNBA,JADE MELBOURNE,SEATTLE STORM,"2026-07-17, IND vs SEA",30,15,7,11,0,2,1,2,0,1,1,5,1,0,3,4
401857073,2026,WNBA,KATIE LOU SAMUELSON,SEATTLE STORM,"2026-07-17, IND vs SEA",19,8,2,2,1,2,1,1,1,0,1,0,0,0,1,2
401857073,2026,WNBA,JORDAN HORSTON,SEATTLE STORM,"2026-07-17, IND vs SEA",20,2,1,2,0,0,0,0,2,0,2,1,0,0,2,4
401857073,2026,WNBA,STEFANIE DOLSON,SEATTLE STORM,"2026-07-17, IND vs SEA",3,2,0,0,0,0,2,4,0,0,0,0,1,0,0,0
401857073,2026,WNBA,ZIA COOKE,SEATTLE STORM,"2026-07-17, IND vs SEA",8,5,0,0,1,2,2,2,0,0,0,1,1,0,0,2
401857073,2026,WNBA,MONIQUE BILLINGS,INDIANA FEVER,"2026-07-17, IND vs SEA",31,16,5,7,0,0,6,7,5,0,5,3,2,1,0,2
401857073,2026,WNBA,MAKAYLA TIMPSON,INDIANA FEVER,"2026-07-17, IND vs SEA",32,8,3,6,0,0,2,2,1,8,9,2,2,0,3,3
401857073,2026,WNBA,KELSEY MITCHELL,INDIANA FEVER,"2026-07-17, IND vs SEA",34,30,10,17,3,8,1,1,1,0,1,0,0,0,1,2
401857073,2026,WNBA,LEXIE HULL,INDIANA FEVER,"2026-07-17, IND vs SEA",14,2,0,1,0,0,2,2,0,2,2,1,3,0,3,4
401857073,2026,WNBA,CAITLIN CLARK,INDIANA FEVER,"2026-07-17, IND vs SEA",29,45,5,8,6,10,17,19,2,0,2,10,4,2,4,4
401857073,2026,WNBA,MYISHA HINES-ALLEN,INDIANA FEVER,"2026-07-17, IND vs SEA",9,2,1,2,0,0,0,0,2,1,3,2,1,0,1,1
401857073,2026,WNBA,DAMIRIS DANTAS,INDIANA FEVER,"2026-07-17, IND vs SEA",8,0,0,1,0,0,0,0,1,1,2,0,0,0,0,0
401857073,2026,WNBA,SOPHIE CUNNINGHAM,INDIANA FEVER,"2026-07-17, IND vs SEA",27,2,1,1,0,3,0,0,1,1,2,0,0,0,0,1
401857073,2026,WNBA,TYASHA HARRIS,INDIANA FEVER,"2026-07-17, IND vs SEA",14,5,1,3,1,2,0,0,0,0,0,3,0,0,0,0
401857073,2026,WNBA,RAVEN JOHNSON,INDIANA FEVER,"2026-07-17, IND vs SEA",3,0,0,3,0,0,0,0,0,0,0,0,0,0,0,0
401857074,2026,WNBA,NAZ HILLMON,ATLANTA DREAM,"2026-07-17, TOR vs ATL",25,24,4,4,4,4,4,4,1,0,1,0,0,0,2,3
401857074,2026,WNBA,ANGEL REESE,ATLANTA DREAM,"2026-07-17, TOR vs ATL",33,23,7,9,0,2,9,11,9,3,12,2,3,0,5,5
401857074,2026,WNBA,ALLISHA GRAY,ATLANTA DREAM,"2026-07-17, TOR vs ATL",30,18,6,7,2,5,0,0,1,2,3,2,1,0,0,3
401857074,2026,WNBA,JORDIN CANADA,ATLANTA DREAM,"2026-07-17, TOR vs ATL",33,18,5,8,1,4,5,6,0,0,0,13,3,0,0,3
401857074,2026,WNBA,RHYNE HOWARD,ATLANTA DREAM,"2026-07-17, TOR vs ATL",31,10,4,6,0,7,2,3,2,2,4,5,1,0,1,5
401857074,2026,WNBA,BRIONNA JONES,ATLANTA DREAM,"2026-07-17, TOR vs ATL",15,6,2,4,0,0,2,2,3,3,6,4,1,0,0,3
401857074,2026,WNBA,SIKA KONE,ATLANTA DREAM,"2026-07-17, TOR vs ATL",1,0,0,0,0,0,0,0,0,0,0,0,0,0,0,0
401857074,2026,WNBA,MADINA OKOT,ATLANTA DREAM,"2026-07-17, TOR vs ATL",4,2,1,1,0,0,0,0,0,1,1,0,0,0,1,1
401857074,2026,WNBA,SHATORI WALKER-KIMBROUGH,ATLANTA DREAM,"2026-07-17, TOR vs ATL",1,0,0,0,0,0,0,0,0,0,0,0,0,0,0,0
401857074,2026,WNBA,JAYLYN SHERROD,ATLANTA DREAM,"2026-07-17, TOR vs ATL",7,0,0,1,0,1,0,0,0,0,0,2,2,0,0,1
401857074,2026,WNBA,AALIYAH NYE,ATLANTA DREAM,"2026-07-17, TOR vs ATL",1,0,0,0,0,0,0,0,0,0,0,0,0,0,0,0
401857074,2026,WNBA,ISOBEL BORLASE,ATLANTA DREAM,"2026-07-17, TOR vs ATL",19,10,1,3,2,5,2,2,1,0,1,0,0,1,1,2
401857074,2026,WNBA,ISABELLE HARRISON,TORONTO TEMPO,"2026-07-17, TOR vs ATL",21,10,4,7,0,1,2,4,2,1,3,0,0,0,3,1
401857074,2026,WNBA,MARIA CONDE,TORONTO TEMPO,"2026-07-17, TOR vs ATL",31,13,1,3,1,5,8,9,2,2,4,5,0,0,0,2
401857074,2026,WNBA,LAURA JUSKAITE,TORONTO TEMPO,"2026-07-17, TOR vs ATL",28,8,4,7,0,1,0,0,3,1,4,0,0,1,4,2
401857074,2026,WNBA,MARINA MABREY,TORONTO TEMPO,"2026-07-17, TOR vs ATL",31,26,4,6,3,6,9,9,4,0,4,3,1,0,5,5
401857074,2026,WNBA,JULIE ALLEMAND,TORONTO TEMPO,"2026-07-17, TOR vs ATL",32,9,0,1,3,4,0,0,5,0,5,6,1,1,3,3
401857074,2026,WNBA,NYARA SABALLY,TORONTO TEMPO,"2026-07-17, TOR vs ATL",21,16,5,8,2,2,0,0,1,0,1,2,0,0,2,3
401857074,2026,WNBA,TEONNI KEY,TORONTO TEMPO,"2026-07-17, TOR vs ATL",1,0,0,0,0,0,0,0,0,0,0,0,0,0,0,0
401857074,2026,WNBA,KAYLA ALEXANDER,TORONTO TEMPO,"2026-07-17, TOR vs ATL",1,0,0,0,0,0,0,0,0,0,0,0,0,0,0,0
401857074,2026,WNBA,TEMI FAGBENLE,TORONTO TEMPO,"2026-07-17, TOR vs ATL",15,4,2,2,0,1,0,0,1,0,1,1,0,1,2,6
401857074,2026,WNBA,KIA NURSE,TORONTO TEMPO,"2026-07-17, TOR vs ATL",18,6,0,1,1,1,3,3,0,0,0,1,1,0,0,1
401857074,2026,WNBA,TIMA POUYE,TORONTO TEMPO,"2026-07-17, TOR vs ATL",3,0,0,0,0,0,0,0,0,0,0,1,0,0,1,0
401857075,2026,WNBA,NNEKA OGWUMIKE,LOS ANGELES SPARKS,"2026-07-17, CHI vs LA",31,18,6,10,2,5,0,0,10,2,12,4,1,1,1,1
401857075,2026,WNBA,DEARICA HAMBY,LOS ANGELES SPARKS,"2026-07-17, CHI vs LA",26,18,6,9,0,1,6,8,4,2,6,2,2,1,3,3
401857075,2026,WNBA,ERICA WHEELER,LOS ANGELES SPARKS,"2026-07-17, CHI vs LA",32,14,4,5,1,7,3,4,4,0,4,4,0,0,2,3
401857075,2026,WNBA,ARIEL ATKINS,LOS ANGELES SPARKS,"2026-07-17, CHI vs LA",34,9,2,5,1,6,2,2,4,0,4,3,0,1,3,2
401857075,2026,WNBA,RAE BURRELL,LOS ANGELES SPARKS,"2026-07-17, CHI vs LA",31,9,3,6,0,1,3,5,1,0,1,5,1,0,2,0
401857075,2026,WNBA,EMMA CANNON,LOS ANGELES SPARKS,"2026-07-17, CHI vs LA",2,0,0,0,0,0,0,0,0,0,0,0,0,0,0,1
401857075,2026,WNBA,CAMERON BRINK,LOS ANGELES SPARKS,"2026-07-17, CHI vs LA",19,9,1,2,1,4,4,4,4,2,6,0,0,2,4,5
401857075,2026,WNBA,JIHYUN PARK,LOS ANGELES SPARKS,"2026-07-17, CHI vs LA",8,2,1,1,0,0,0,0,1,0,1,0,0,0,1,1
401857075,2026,WNBA,KATE MARTIN,LOS ANGELES SPARKS,"2026-07-17, CHI vs LA",1,0,0,0,0,0,0,0,0,0,0,0,0,0,0,0
401857075,2026,WNBA,CHANCE GRAY,LOS ANGELES SPARKS,"2026-07-17, CHI vs LA",15,3,0,1,1,2,0,0,0,0,0,2,0,0,1,1
401857075,2026,WNBA,AZURA STEVENS,CHICAGO SKY,"2026-07-17, CHI vs LA",28,12,5,9,0,3,2,5,6,0,6,5,3,0,1,2
401857075,2026,WNBA,KAMILLA CARDOSO,CHICAGO SKY,"2026-07-17, CHI vs LA",24,13,6,8,0,0,1,2,8,3,11,3,0,2,2,3
401857075,2026,WNBA,COURTNEY VANDERSLOOT,CHICAGO SKY,"2026-07-17, CHI vs LA",15,9,2,5,1,4,2,2,0,0,0,1,1,0,1,5
401857075,2026,WNBA,NATASHA CLOUD,CHICAGO SKY,"2026-07-17, CHI vs LA",32,15,2,4,3,6,2,2,6,0,6,9,0,0,0,2
401857075,2026,WNBA,SYDNEY TAYLOR,CHICAGO SKY,"2026-07-17, CHI vs LA",26,19,2,3,4,7,3,4,1,0,1,2,0,0,1,3
401857075,2026,WNBA,CHLOE BIBBY,CHICAGO SKY,"2026-07-17, CHI vs LA",9,0,0,0,0,1,0,0,0,0,0,0,1,0,2,3
401857075,2026,WNBA,ELIZABETH WILLIAMS,CHICAGO SKY,"2026-07-17, CHI vs LA",16,4,2,6,0,0,0,0,0,1,1,0,0,1,1,2
401857075,2026,WNBA,RACHEL BANHAM,CHICAGO SKY,"2026-07-17, CHI vs LA",5,0,0,0,0,1,0,0,0,0,0,3,0,0,0,0
401857075,2026,WNBA,JACY SHELDON,CHICAGO SKY,"2026-07-17, CHI vs LA",28,14,5,7,1,5,1,1,0,3,3,2,0,0,0,2
401857075,2026,WNBA,AICHA COULIBALY,CHICAGO SKY,"2026-07-17, CHI vs LA",3,2,1,1,0,1,0,0,2,0,2,0,0,0,0,0
401857075,2026,WNBA,GABRIELA JAQUEZ,CHICAGO SKY,"2026-07-17, CHI vs LA",14,8,1,5,2,4,0,0,3,1,4,2,0,0,1,0
401857076,2026,WNBA,DIAMOND MILLER,CONNECTICUT SUN,"2026-07-17, PHX vs CON",22,11,2,3,2,7,1,1,1,0,1,0,1,1,1,3
401857076,2026,WNBA,BRITTNEY GRINER,CONNECTICUT SUN,"2026-07-17, PHX vs CON",26,12,5,12,0,0,2,3,4,2,6,4,0,1,2,1
401857076,2026,WNBA,OLIVIA NELSON-ODODA,CONNECTICUT SUN,"2026-07-17, PHX vs CON",21,6,2,3,0,0,2,4,6,0,6,3,0,0,0,1
401857076,2026,WNBA,CHARLISSE LEGER-WALKER,CONNECTICUT SUN,"2026-07-17, PHX vs CON",29,4,2,6,0,2,0,0,4,0,4,7,1,0,2,3
401857076,2026,WNBA,LEILA LACAN,CONNECTICUT SUN,"2026-07-17, PHX vs CON",28,26,9,10,1,3,5,5,4,0,4,5,2,1,1,2
401857076,2026,WNBA,AALIYAH EDWARDS,CONNECTICUT SUN,"2026-07-17, PHX vs CON",24,12,5,7,0,0,2,4,5,2,7,1,0,0,3,3
401857076,2026,WNBA,RAEGAN BEERS,CONNECTICUT SUN,"2026-07-17, PHX vs CON",3,4,0,0,0,0,4,4,0,1,1,0,0,0,0,2
401857076,2026,WNBA,NELL ANGLOMA,CONNECTICUT SUN,"2026-07-17, PHX vs CON",3,0,0,0,0,1,0,0,0,0,0,0,0,0,0,0
401857076,2026,WNBA,KENNEDY BURKE,CONNECTICUT SUN,"2026-07-17, PHX vs CON",27,13,2,3,3,6,0,0,2,2,4,2,1,1,2,3
401857076,2026,WNBA,SANIYA RIVERS,CONNECTICUT SUN,"2026-07-17, PHX vs CON",14,6,3,5,0,1,0,0,0,0,0,2,2,1,0,2
401857076,2026,WNBA,GIANNA KNEEPKENS,CONNECTICUT SUN,"2026-07-17, PHX vs CON",3,2,0,0,0,0,2,2,1,0,1,0,0,0,0,1
401857076,2026,WNBA,DEWANNA BONNER,PHOENIX MERCURY,"2026-07-17, PHX vs CON",30,8,4,8,0,3,0,0,10,0,10,1,1,1,2,1
401857076,2026,WNBA,ALYSSA THOMAS,PHOENIX MERCURY,"2026-07-17, PHX vs CON",36,17,7,12,0,0,3,4,7,1,8,6,0,1,3,5
401857076,2026,WNBA,NOEMIE BROCHANT,PHOENIX MERCURY,"2026-07-17, PHX vs CON",23,6,0,2,2,2,0,0,0,0,0,1,1,0,0,1
401857076,2026,WNBA,KAHLEAH COPPER,PHOENIX MERCURY,"2026-07-17, PHX vs CON",35,21,8,12,0,4,5,7,2,1,3,1,1,0,2,1
401857076,2026,WNBA,MONIQUE AKOA MAKANI,PHOENIX MERCURY,"2026-07-17, PHX vs CON",19,0,0,4,0,2,0,0,1,1,2,4,0,0,2,2
401857076,2026,WNBA,VALERIANE AYAYI,PHOENIX MERCURY,"2026-07-17, PHX vs CON",18,13,1,2,1,1,8,8,1,0,1,1,0,0,2,3
401857076,2026,WNBA,MARTA SUAREZ,PHOENIX MERCURY,"2026-07-17, PHX vs CON",7,5,1,2,0,0,3,4,1,1,2,0,2,0,0,2
401857076,2026,WNBA,SAMI WHITCOMB,PHOENIX MERCURY,"2026-07-17, PHX vs CON",13,4,2,2,0,0,0,0,1,0,1,0,0,0,1,2
401857076,2026,WNBA,LEXI HELD,PHOENIX MERCURY,"2026-07-17, PHX vs CON",19,9,3,6,1,3,0,0,0,0,0,4,0,0,1,1
401857071,2026,WNBA,BRIDGET CARLETON,PORTLAND FIRE,"2026-07-16, WSH vs POR",26,6,0,0,2,6,0,0,3,0,3,3,1,0,0,3
401857071,2026,WNBA,EMILY ENGSTLER,PORTLAND FIRE,"2026-07-16, WSH vs POR",22,8,4,4,0,3,0,0,1,2,3,5,2,0,2,5
401857071,2026,WNBA,SERAH WILLIAMS,PORTLAND FIRE,"2026-07-16, WSH vs POR",25,12,5,6,0,0,2,2,4,1,5,1,1,1,1,2
401857071,2026,WNBA,SARAH ASHLEE BARKER,PORTLAND FIRE,"2026-07-16, WSH vs POR",24,10,2,4,2,3,0,1,5,2,7,2,4,0,1,2
401857071,2026,WNBA,CARLA LEITE,PORTLAND FIRE,"2026-07-16, WSH vs POR",23,14,5,8,0,4,4,4,1,0,1,5,1,0,0,1
401857071,2026,WNBA,FRIEDA BUHNER,PORTLAND FIRE,"2026-07-16, WSH vs POR",18,9,0,2,3,5,0,0,3,2,5,1,0,1,2,2
401857071,2026,WNBA,NYADIEW PUOCH,PORTLAND FIRE,"2026-07-16, WSH vs POR",14,0,0,0,0,1,0,0,2,0,2,0,1,0,0,3
401857071,2026,WNBA,LUISA GEISELSODER,PORTLAND FIRE,"2026-07-16, WSH vs POR",15,1,0,0,0,3,1,2,2,0,2,0,0,0,0,3
401857071,2026,WNBA,KARLIE SAMUELSON,PORTLAND FIRE,"2026-07-16, WSH vs POR",13,3,0,0,1,4,0,0,1,0,1,1,0,0,2,0
401857071,2026,WNBA,HOLLY WINTERBURN,PORTLAND FIRE,"2026-07-16, WSH vs POR",3,3,0,0,1,2,0,0,0,0,0,0,0,0,0,0
401857071,2026,WNBA,TEJA OBLAK,PORTLAND FIRE,"2026-07-16, WSH vs POR",17,9,3,7,1,5,0,0,0,1,1,2,0,0,3,5
401857071,2026,WNBA,MICHAELA ONYENWERE,WASHINGTON MYSTICS,"2026-07-16, WSH vs POR",26,5,1,6,1,4,0,0,2,4,6,1,1,0,1,2
401857071,2026,WNBA,KIKI IRIAFEN,WASHINGTON MYSTICS,"2026-07-16, WSH vs POR",24,2,1,6,0,2,0,0,1,4,5,0,1,1,3,2
401857071,2026,WNBA,SHAKIRA AUSTIN,WASHINGTON MYSTICS,"2026-07-16, WSH vs POR",33,19,6,13,0,2,7,9,7,2,9,4,0,2,3,1
401857071,2026,WNBA,SONIA CITRON,WASHINGTON MYSTICS,"2026-07-16, WSH vs POR",29,8,2,3,0,5,4,4,5,1,6,3,0,0,2,1
401857071,2026,WNBA,GEORGIA AMOORE,WASHINGTON MYSTICS,"2026-07-16, WSH vs POR",16,3,1,2,0,1,1,2,1,0,1,2,0,0,4,3
401857071,2026,WNBA,ANGELA DUGALIC,WASHINGTON MYSTICS,"2026-07-16, WSH vs POR",8,2,0,0,0,1,2,2,2,1,3,0,0,1,1,1
401857071,2026,WNBA,LAUREN BETTS,WASHINGTON MYSTICS,"2026-07-16, WSH vs POR",12,6,3,6,0,0,0,0,2,2,4,0,1,0,0,2
401857071,2026,WNBA,RORI HARMON,WASHINGTON MYSTICS,"2026-07-16, WSH vs POR",3,2,1,1,0,0,0,0,0,0,0,0,0,0,0,1
401857071,2026,WNBA,LUCY OLSEN,WASHINGTON MYSTICS,"2026-07-16, WSH vs POR",3,0,0,0,0,1,0,0,1,0,1,0,0,0,0,0
401857071,2026,WNBA,COTIE MCMAHON,WASHINGTON MYSTICS,"2026-07-16, WSH vs POR",12,1,0,2,0,1,1,4,2,2,4,0,1,0,1,1
401857071,2026,WNBA,CASSANDRE PROSPER,WASHINGTON MYSTICS,"2026-07-16, WSH vs POR",17,3,0,1,1,3,0,0,1,1,2,0,0,0,2,0
401857071,2026,WNBA,ALICIA FLOREZ,WASHINGTON MYSTICS,"2026-07-16, WSH vs POR",18,5,2,3,0,1,1,2,2,2,4,1,0,0,2,1
401857068,2026,WNBA,DOMINIQUE MALONGA,SEATTLE STORM,"2026-07-15, CHI vs SEA",29,16,6,13,0,3,4,9,5,7,12,4,2,1,2,4
401857068,2026,WNBA,AWA FAM,SEATTLE STORM,"2026-07-15, CHI vs SEA",31,14,4,9,2,6,0,0,6,1,7,3,1,2,2,3
401857068,2026,WNBA,NATISHA HIEDEMAN,SEATTLE STORM,"2026-07-15, CHI vs SEA",30,6,3,6,0,5,0,0,2,1,3,3,0,0,3,1
401857068,2026,WNBA,FLAU'JAE JOHNSON,SEATTLE STORM,"2026-07-15, CHI vs SEA",31,25,10,12,1,5,2,3,5,1,6,4,3,1,3,1
401857068,2026,WNBA,JADE MELBOURNE,SEATTLE STORM,"2026-07-15, CHI vs SEA",26,11,4,6,0,1,3,4,3,0,3,5,1,0,2,4
401857068,2026,WNBA,KATIE LOU SAMUELSON,SEATTLE STORM,"2026-07-15, CHI vs SEA",20,11,3,3,1,1,2,3,1,2,3,0,2,0,0,2
401857068,2026,WNBA,JORDAN HORSTON,SEATTLE STORM,"2026-07-15, CHI vs SEA",14,1,0,0,0,1,1,2,3,1,4,2,0,0,3,2
401857068,2026,WNBA,STEFANIE DOLSON,SEATTLE STORM,"2026-07-15, CHI vs SEA",9,0,0,0,0,1,0,0,4,2,6,2,1,0,1,0
401857068,2026,WNBA,ZIA COOKE,SEATTLE STORM,"2026-07-15, CHI vs SEA",9,6,2,4,0,2,2,2,0,1,1,1,0,0,0,1
401857068,2026,WNBA,AZURA STEVENS,CHICAGO SKY,"2026-07-15, CHI vs SEA",33,20,5,10,3,6,1,2,8,0,8,4,0,0,3,4
401857068,2026,WNBA,ELIZABETH WILLIAMS,CHICAGO SKY,"2026-07-15, CHI vs SEA",28,5,2,6,0,0,1,2,3,4,7,4,2,3,1,3
401857068,2026,WNBA,COURTNEY VANDERSLOOT,CHICAGO SKY,"2026-07-15, CHI vs SEA",20,8,1,2,1,3,3,4,1,0,1,6,3,0,1,2
401857068,2026,WNBA,NATASHA CLOUD,CHICAGO SKY,"2026-07-15, CHI vs SEA",30,13,1,2,2,3,5,6,2,0,2,6,4,1,4,1
401857068,2026,WNBA,SYDNEY TAYLOR,CHICAGO SKY,"2026-07-15, CHI vs SEA",25,17,6,9,1,6,2,3,4,1,5,0,1,0,2,4
401857068,2026,WNBA,CHLOE BIBBY,CHICAGO SKY,"2026-07-15, CHI vs SEA",19,14,3,5,2,6,2,2,1,0,1,4,0,0,0,1
401857068,2026,WNBA,RACHEL BANHAM,CHICAGO SKY,"2026-07-15, CHI vs SEA",10,6,0,1,2,3,0,0,2,0,2,1,0,0,1,0
401857068,2026,WNBA,JACY SHELDON,CHICAGO SKY,"2026-07-15, CHI vs SEA",17,2,1,1,0,1,0,0,0,1,1,1,0,0,1,1
401857068,2026,WNBA,GABRIELA JAQUEZ,CHICAGO SKY,"2026-07-15, CHI vs SEA",19,10,5,6,0,4,0,0,2,0,2,1,1,0,0,0
401857069,2026,WNBA,NNEKA OGWUMIKE,LOS ANGELES SPARKS,"2026-07-15, MIN vs LA",33,23,8,12,2,4,1,1,10,2,12,5,1,0,0,1
401857069,2026,WNBA,DEARICA HAMBY,LOS ANGELES SPARKS,"2026-07-15, MIN vs LA",32,10,4,8,0,2,2,2,7,1,8,1,1,0,3,4
401857069,2026,WNBA,ERICA WHEELER,LOS ANGELES SPARKS,"2026-07-15, MIN vs LA",30,10,1,2,2,6,2,2,1,1,2,6,0,0,4,2
401857069,2026,WNBA,ARIEL ATKINS,LOS ANGELES SPARKS,"2026-07-15, MIN vs LA",35,8,1,4,2,7,0,0,2,0,2,6,1,0,2,4
401857069,2026,WNBA,RAE BURRELL,LOS ANGELES SPARKS,"2026-07-15, MIN vs LA",33,24,6,9,2,5,6,6,4,0,4,2,1,1,3,0
401857069,2026,WNBA,CAMERON BRINK,LOS ANGELES SPARKS,"2026-07-15, MIN vs LA",15,10,2,2,1,3,3,4,1,0,1,0,1,0,2,1
401857069,2026,WNBA,JIHYUN PARK,LOS ANGELES SPARKS,"2026-07-15, MIN vs LA",8,1,0,0,0,1,1,2,1,1,2,1,0,0,0,1
401857069,2026,WNBA,KIANA WILLIAMS,LOS ANGELES SPARKS,"2026-07-15, MIN vs LA",11,1,0,0,0,0,1,2,0,0,0,1,1,0,3,3
401857069,2026,WNBA,CHANCE GRAY,LOS ANGELES SPARKS,"2026-07-15, MIN vs LA",3,0,0,0,0,0,0,0,0,0,0,0,0,0,0,1
401857069,2026,WNBA,NATASHA HOWARD,MINNESOTA LYNX,"2026-07-15, MIN vs LA",32,10,5,8,0,0,0,0,7,3,10,6,3,1,2,2
401857069,2026,WNBA,NIA COFFEY,MINNESOTA LYNX,"2026-07-15, MIN vs LA",29,8,1,2,2,4,0,0,4,1,5,2,1,2,1,1
401857069,2026,WNBA,KAYLA MCBRIDE,MINNESOTA LYNX,"2026-07-15, MIN vs LA",31,24,6,8,2,8,6,7,1,0,1,1,1,0,1,1
401857069,2026,WNBA,COURTNEY WILLIAMS,MINNESOTA LYNX,"2026-07-15, MIN vs LA",35,19,6,9,1,4,4,5,2,0,2,4,1,0,3,1
401857069,2026,WNBA,OLIVIA MILES,MINNESOTA LYNX,"2026-07-15, MIN vs LA",26,18,6,10,1,4,3,4,3,1,4,5,3,0,0,3
401857069,2026,WNBA,LIATU KING,MINNESOTA LYNX,"2026-07-15, MIN vs LA",3,0,0,0,0,0,0,0,0,0,0,0,0,0,0,2
401857069,2026,WNBA,ANTONIA DELAERE,MINNESOTA LYNX,"2026-07-15, MIN vs LA",14,5,1,1,1,2,0,0,0,0,0,1,1,0,0,1
401857069,2026,WNBA,ANASTASIIA OLAIRI KOSU,MINNESOTA LYNX,"2026-07-15, MIN vs LA",17,9,1,3,0,0,7,8,1,2,3,1,2,0,2,3
401857069,2026,WNBA,MAYA CALDWELL,MINNESOTA LYNX,"2026-07-15, MIN vs LA",7,3,0,1,1,3,0,0,0,0,0,0,1,1,0,1
401857069,2026,WNBA,ELISKA JOKLOVA,MINNESOTA LYNX,"2026-07-15, MIN vs LA",7,0,0,1,0,0,0,0,0,0,0,1,0,0,2,2
401857070,2026,WNBA,KAYLA THORNTON,GOLDEN STATE VALKYRIES,"2026-07-15, IND vs GS",31,11,1,3,2,5,3,3,6,2,8,1,0,0,1,2
401857070,2026,WNBA,GABBY WILLIAMS,GOLDEN STATE VALKYRIES,"2026-07-15, IND vs GS",27,16,4,7,2,5,2,4,2,1,3,1,3,1,5,1
401857070,2026,WNBA,CECILIA ZANDALASINI,GOLDEN STATE VALKYRIES,"2026-07-15, IND vs GS",18,10,2,3,2,5,0,0,2,0,2,0,0,1,0,1
401857070,2026,WNBA,KIAH STOKES,GOLDEN STATE VALKYRIES,"2026-07-15, IND vs GS",23,4,2,3,0,4,0,0,7,0,7,1,0,2,0,2
401857070,2026,WNBA,VERONICA BURTON,GOLDEN STATE VALKYRIES,"2026-07-15, IND vs GS",30,4,1,3,0,1,2,2,3,2,5,4,3,0,3,2
401857070,2026,WNBA,LAETICIA AMIHERE,GOLDEN STATE VALKYRIES,"2026-07-15, IND vs GS",4,2,1,1,0,0,0,0,0,0,0,1,0,0,1,0
401857070,2026,WNBA,JANELLE SALAUN,GOLDEN STATE VALKYRIES,"2026-07-15, IND vs GS",22,12,2,3,2,4,2,2,2,0,2,2,1,0,0,3
401857070,2026,WNBA,TIFFANY HAYES,GOLDEN STATE VALKYRIES,"2026-07-15, IND vs GS",22,13,3,4,0,0,7,7,1,1,2,2,0,0,3,3
401857070,2026,WNBA,KAILA CHARLES,GOLDEN STATE VALKYRIES,"2026-07-15, IND vs GS",13,2,1,2,0,0,0,0,1,0,1,1,1,0,0,2
401857070,2026,WNBA,KAITLYN CHEN,GOLDEN STATE VALKYRIES,"2026-07-15, IND vs GS",10,14,5,5,0,0,4,5,0,0,0,3,1,0,1,0
401857070,2026,WNBA,MONIQUE BILLINGS,INDIANA FEVER,"2026-07-15, IND vs GS",26,4,1,5,0,0,2,4,3,2,5,2,0,0,0,1
401857070,2026,WNBA,ALIYAH BOSTON,INDIANA FEVER,"2026-07-15, IND vs GS",25,15,4,8,2,3,1,2,5,2,7,1,2,0,3,4
401857070,2026,WNBA,KELSEY MITCHELL,INDIANA FEVER,"2026-07-15, IND vs GS",35,20,4,11,3,5,3,3,0,1,1,4,1,0,2,4
401857070,2026,WNBA,LEXIE HULL,INDIANA FEVER,"2026-07-15, IND vs GS",22,2,1,3,0,1,0,0,0,1,1,0,0,1,1,3
401857070,2026,WNBA,CAITLIN CLARK,INDIANA FEVER,"2026-07-15, IND vs GS",26,13,3,6,1,8,4,5,1,2,3,6,1,1,4,0
401857070,2026,WNBA,MAKAYLA TIMPSON,INDIANA FEVER,"2026-07-15, IND vs GS",19,6,3,4,0,0,0,0,4,1,5,0,0,0,1,1
401857070,2026,WNBA,GRACE VANSLOOTEN,INDIANA FEVER,"2026-07-15, IND vs GS",1,0,0,0,0,0,0,0,0,0,0,0,0,0,0,0
401857070,2026,WNBA,SOPHIE CUNNINGHAM,INDIANA FEVER,"2026-07-15, IND vs GS",27,10,1,3,2,4,2,2,1,1,2,0,4,0,2,2
401857070,2026,WNBA,TYASHA HARRIS,INDIANA FEVER,"2026-07-15, IND vs GS",19,5,1,1,1,4,0,0,2,0,2,1,0,0,2,4
401857070,2026,WNBA,RAVEN JOHNSON,INDIANA FEVER,"2026-07-15, IND vs GS",1,0,0,1,0,0,0,0,0,0,0,0,0,0,0,0
401857066,2026,WNBA,BRIDGET CARLETON,PORTLAND FIRE,"2026-07-14, CON vs POR",32,12,3,4,2,7,0,0,2,1,3,3,3,1,1,3
401857066,2026,WNBA,EMILY ENGSTLER,PORTLAND FIRE,"2026-07-14, CON vs POR",29,14,4,7,1,5,3,4,6,0,6,7,3,1,1,5
401857066,2026,WNBA,MEGAN DILEO,PORTLAND FIRE,"2026-07-14, CON vs POR",31,15,4,6,2,6,1,1,5,0,5,0,1,1,0,1
401857066,2026,WNBA,SARAH ASHLEE BARKER,PORTLAND FIRE,"2026-07-14, CON vs POR",25,9,3,5,0,2,3,3,4,1,5,2,0,0,3,1
401857066,2026,WNBA,CARLA LEITE,PORTLAND FIRE,"2026-07-14, CON vs POR",33,18,6,11,0,0,6,6,0,1,1,6,0,0,6,1
401857066,2026,WNBA,FRIEDA BUHNER,PORTLAND FIRE,"2026-07-14, CON vs POR",11,7,0,1,2,3,1,1,1,0,1,1,0,0,0,1
401857066,2026,WNBA,NYADIEW PUOCH,PORTLAND FIRE,"2026-07-14, CON vs POR",8,0,0,0,0,0,0,0,1,0,1,0,0,0,0,0
401857066,2026,WNBA,SERAH WILLIAMS,PORTLAND FIRE,"2026-07-14, CON vs POR",9,2,0,0,0,0,2,2,1,1,2,0,1,0,0,0
401857066,2026,WNBA,KARLIE SAMUELSON,PORTLAND FIRE,"2026-07-14, CON vs POR",16,8,0,0,2,2,2,2,0,0,0,0,1,0,0,1
401857066,2026,WNBA,TEJA OBLAK,PORTLAND FIRE,"2026-07-14, CON vs POR",7,2,0,0,0,1,2,2,0,0,0,0,1,0,4,1
401857066,2026,WNBA,DIAMOND MILLER,CONNECTICUT SUN,"2026-07-14, CON vs POR",32,8,1,3,2,5,0,0,1,0,1,5,2,0,2,3
401857066,2026,WNBA,BRITTNEY GRINER,CONNECTICUT SUN,"2026-07-14, CON vs POR",24,20,8,11,0,0,4,5,3,1,4,6,1,2,2,2
401857066,2026,WNBA,OLIVIA NELSON-ODODA,CONNECTICUT SUN,"2026-07-14, CON vs POR",26,16,4,9,0,0,8,8,3,3,6,1,0,0,3,3
401857066,2026,WNBA,CHARLISSE LEGER-WALKER,CONNECTICUT SUN,"2026-07-14, CON vs POR",33,4,2,3,0,5,0,0,4,0,4,7,3,0,2,2
401857066,2026,WNBA,LEILA LACAN,CONNECTICUT SUN,"2026-07-14, CON vs POR",30,14,5,9,1,2,1,2,1,0,1,3,3,1,2,2
401857066,2026,WNBA,AALIYAH EDWARDS,CONNECTICUT SUN,"2026-07-14, CON vs POR",24,21,9,12,0,1,3,3,5,3,8,3,0,0,1,2
401857066,2026,WNBA,RAEGAN BEERS,CONNECTICUT SUN,"2026-07-14, CON vs POR",6,1,0,0,0,0,1,2,0,0,0,0,1,0,0,0
401857066,2026,WNBA,NELL ANGLOMA,CONNECTICUT SUN,"2026-07-14, CON vs POR",11,4,2,2,0,0,0,0,1,0,1,2,1,1,1,4
401857066,2026,WNBA,KENNEDY BURKE,CONNECTICUT SUN,"2026-07-14, CON vs POR",14,2,1,4,0,1,0,0,2,4,6,1,0,0,1,3
401857067,2026,WNBA,MICHAELA ONYENWERE,WASHINGTON MYSTICS,"2026-07-14, TOR vs WSH",23,15,3,5,2,4,3,4,1,4,5,3,0,0,1,4
401857067,2026,WNBA,KIKI IRIAFEN,WASHINGTON MYSTICS,"2026-07-14, TOR vs WSH",28,25,9,13,0,1,7,8,10,4,14,1,0,0,4,3
401857067,2026,WNBA,SHAKIRA AUSTIN,WASHINGTON MYSTICS,"2026-07-14, TOR vs WSH",28,17,7,11,0,3,3,4,8,2,10,0,1,3,1,1
401857067,2026,WNBA,SONIA CITRON,WASHINGTON MYSTICS,"2026-07-14, TOR vs WSH",31,2,1,4,0,2,0,0,1,1,2,4,0,2,2,0
401857067,2026,WNBA,GEORGIA AMOORE,WASHINGTON MYSTICS,"2026-07-14, TOR vs WSH",22,7,2,4,1,4,0,1,0,1,1,2,0,0,1,1
401857067,2026,WNBA,ANGELA DUGALIC,WASHINGTON MYSTICS,"2026-07-14, TOR vs WSH",4,0,0,1,0,0,0,0,1,1,2,0,0,0,0,0
401857067,2026,WNBA,LAUREN BETTS,WASHINGTON MYSTICS,"2026-07-14, TOR vs WSH",20,6,3,4,0,0,0,0,5,1,6,0,2,1,1,2
401857067,2026,WNBA,RORI HARMON,WASHINGTON MYSTICS,"2026-07-14, TOR vs WSH",1,0,0,0,0,0,0,0,0,0,0,0,0,0,0,0
401857067,2026,WNBA,LUCY OLSEN,WASHINGTON MYSTICS,"2026-07-14, TOR vs WSH",5,5,1,1,1,2,0,0,0,0,0,0,0,0,0,0
401857067,2026,WNBA,COTIE MCMAHON,WASHINGTON MYSTICS,"2026-07-14, TOR vs WSH",17,2,0,3,0,1,2,2,3,2,5,3,0,0,1,3
401857067,2026,WNBA,CASSANDRE PROSPER,WASHINGTON MYSTICS,"2026-07-14, TOR vs WSH",8,0,0,4,0,2,0,0,0,2,2,0,0,0,0,3
401857067,2026,WNBA,ALICIA FLOREZ,WASHINGTON MYSTICS,"2026-07-14, TOR vs WSH",13,0,0,2,0,4,0,0,0,0,0,5,0,0,0,0
401857067,2026,WNBA,ISABELLE HARRISON,TORONTO TEMPO,"2026-07-14, TOR vs WSH",21,8,4,10,0,0,0,0,4,1,5,1,0,0,1,6
401857067,2026,WNBA,MARIA CONDE,TORONTO TEMPO,"2026-07-14, TOR vs WSH",30,2,1,3,0,2,0,0,4,0,4,3,1,0,1,2
401857067,2026,WNBA,LAURA JUSKAITE,TORONTO TEMPO,"2026-07-14, TOR vs WSH",25,7,3,4,0,4,1,2,3,1,4,1,0,0,1,3
401857067,2026,WNBA,MARINA MABREY,TORONTO TEMPO,"2026-07-14, TOR vs WSH",30,8,1,6,2,7,0,0,1,0,1,3,1,0,4,4
401857067,2026,WNBA,JULIE ALLEMAND,TORONTO TEMPO,"2026-07-14, TOR vs WSH",33,15,3,4,3,6,0,0,3,2,5,2,0,0,2,1
401857067,2026,WNBA,NYARA SABALLY,TORONTO TEMPO,"2026-07-14, TOR vs WSH",26,13,2,8,1,3,6,6,3,1,4,1,0,2,0,3
401857067,2026,WNBA,TEONNI KEY,TORONTO TEMPO,"2026-07-14, TOR vs WSH",1,0,0,0,0,0,0,0,0,0,0,1,0,1,0,0
401857067,2026,WNBA,KAYLA ALEXANDER,TORONTO TEMPO,"2026-07-14, TOR vs WSH",13,2,0,1,0,0,2,2,3,0,3,1,1,1,1,1
401857067,2026,WNBA,KIA NURSE,TORONTO TEMPO,"2026-07-14, TOR vs WSH",9,2,1,2,0,2,0,0,0,0,0,1,0,0,0,0
401857067,2026,WNBA,TIMA POUYE,TORONTO TEMPO,"2026-07-14, TOR vs WSH",12,5,1,1,1,2,0,0,0,0,0,1,0,0,0,2
401857064,2026,WNBA,NNEKA OGWUMIKE,LOS ANGELES SPARKS,"2026-07-13, ATL vs LA",32,19,4,8,3,5,2,2,3,2,5,5,0,0,3,3
401857064,2026,WNBA,DEARICA HAMBY,LOS ANGELES SPARKS,"2026-07-13, ATL vs LA",36,12,6,11,0,0,0,1,3,2,5,2,3,2,5,3
401857064,2026,WNBA,ERICA WHEELER,LOS ANGELES SPARKS,"2026-07-13, ATL vs LA",32,20,6,10,2,6,2,2,3,0,3,4,1,0,3,5
401857064,2026,WNBA,ARIEL ATKINS,LOS ANGELES SPARKS,"2026-07-13, ATL vs LA",34,13,5,8,0,3,3,3,3,0,3,2,3,1,2,4
401857064,2026,WNBA,RAE BURRELL,LOS ANGELES SPARKS,"2026-07-13, ATL vs LA",33,18,3,4,2,5,6,6,3,1,4,4,3,0,2,3
401857064,2026,WNBA,EMMA CANNON,LOS ANGELES SPARKS,"2026-07-13, ATL vs LA",11,5,1,1,1,1,0,0,1,0,1,0,0,0,1,1
401857064,2026,WNBA,JIHYUN PARK,LOS ANGELES SPARKS,"2026-07-13, ATL vs LA",8,0,0,0,0,0,0,2,3,0,3,0,0,0,0,0
401857064,2026,WNBA,ALISSA PILI,LOS ANGELES SPARKS,"2026-07-13, ATL vs LA",2,0,0,0,0,0,0,0,0,1,1,0,0,0,1,2
401857064,2026,WNBA,KIANA WILLIAMS,LOS ANGELES SPARKS,"2026-07-13, ATL vs LA",8,5,1,1,1,3,0,0,0,0,0,1,1,0,1,2
401857064,2026,WNBA,KATE MARTIN,LOS ANGELES SPARKS,"2026-07-13, ATL vs LA",2,0,0,0,0,1,0,0,0,0,0,0,0,0,0,0
401857064,2026,WNBA,CHANCE GRAY,LOS ANGELES SPARKS,"2026-07-13, ATL vs LA",4,0,0,0,0,0,0,0,0,0,0,0,0,0,0,0
401857064,2026,WNBA,NAZ HILLMON,ATLANTA DREAM,"2026-07-13, ATL vs LA",32,10,3,4,1,3,1,2,2,3,5,2,0,0,3,1
401857064,2026,WNBA,ANGEL REESE,ATLANTA DREAM,"2026-07-13, ATL vs LA",33,23,6,10,1,1,8,8,10,3,13,2,3,0,3,4
401857064,2026,WNBA,ALLISHA GRAY,ATLANTA DREAM,"2026-07-13, ATL vs LA",33,20,5,9,3,6,1,2,0,1,1,2,2,1,1,3
401857064,2026,WNBA,JORDIN CANADA,ATLANTA DREAM,"2026-07-13, ATL vs LA",35,16,4,7,1,5,5,5,2,1,3,9,2,0,3,1
401857064,2026,WNBA,RHYNE HOWARD,ATLANTA DREAM,"2026-07-13, ATL vs LA",34,11,1,3,3,7,0,0,5,0,5,3,2,0,3,0
401857064,2026,WNBA,SIKA KONE,ATLANTA DREAM,"2026-07-13, ATL vs LA",4,0,0,0,0,2,0,0,0,1,1,0,0,0,1,1
401857064,2026,WNBA,MADINA OKOT,ATLANTA DREAM,"2026-07-13, ATL vs LA",10,9,3,4,0,0,3,4,4,2,6,1,1,0,1,2
401857064,2026,WNBA,TE-HINA PAOPAO,ATLANTA DREAM,"2026-07-13, ATL vs LA",5,2,0,1,0,2,2,2,0,0,0,2,1,0,0,2
401857064,2026,WNBA,ISOBEL BORLASE,ATLANTA DREAM,"2026-07-13, ATL vs LA",14,10,5,7,0,2,0,0,0,1,1,1,0,0,2,3
401857065,2026,WNBA,DEWANNA BONNER,PHOENIX MERCURY,"2026-07-13, MIN vs PHX",33,17,4,5,2,7,3,4,8,1,9,3,1,0,1,2
401857065,2026,WNBA,ALYSSA THOMAS,PHOENIX MERCURY,"2026-07-13, MIN vs PHX",37,19,8,14,0,0,3,4,6,2,8,12,1,0,4,1
401857065,2026,WNBA,NOEMIE BROCHANT,PHOENIX MERCURY,"2026-07-13, MIN vs PHX",17,2,1,1,0,2,0,0,2,0,2,2,1,0,1,2
401857065,2026,WNBA,KAHLEAH COPPER,PHOENIX MERCURY,"2026-07-13, MIN vs PHX",32,26,6,9,3,5,5,5,3,0,3,1,1,0,2,3
401857065,2026,WNBA,MONIQUE AKOA MAKANI,PHOENIX MERCURY,"2026-07-13, MIN vs PHX",27,17,3,4,3,5,2,2,1,0,1,4,1,0,2,6
401857065,2026,WNBA,VALERIANE AYAYI,PHOENIX MERCURY,"2026-07-13, MIN vs PHX",18,4,0,3,0,0,4,4,1,0,1,1,0,0,1,1
401857065,2026,WNBA,MARTA SUAREZ,PHOENIX MERCURY,"2026-07-13, MIN vs PHX",5,2,1,1,0,0,0,0,1,0,1,0,0,0,1,1
401857065,2026,WNBA,SAMI WHITCOMB,PHOENIX MERCURY,"2026-07-13, MIN vs PHX",19,9,0,0,3,4,0,0,0,1,1,2,0,0,1,2
401857065,2026,WNBA,LEXI HELD,PHOENIX MERCURY,"2026-07-13, MIN vs PHX",12,4,1,1,0,2,2,2,0,0,0,3,0,0,1,0
401857065,2026,WNBA,NATASHA HOWARD,MINNESOTA LYNX,"2026-07-13, MIN vs PHX",35,13,5,9,0,2,3,4,3,0,3,7,2,0,4,3
401857065,2026,WNBA,NIA COFFEY,MINNESOTA LYNX,"2026-07-13, MIN vs PHX",30,5,1,1,1,3,0,0,3,0,3,0,1,2,0,0
401857065,2026,WNBA,KAYLA MCBRIDE,MINNESOTA LYNX,"2026-07-13, MIN vs PHX",35,37,5,6,6,11,9,9,6,0,6,1,4,2,2,2
401857065,2026,WNBA,COURTNEY WILLIAMS,MINNESOTA LYNX,"2026-07-13, MIN vs PHX",35,8,3,4,0,3,2,2,4,3,7,3,2,0,0,4
401857065,2026,WNBA,OLIVIA MILES,MINNESOTA LYNX,"2026-07-13, MIN vs PHX",31,33,5,8,5,8,8,9,3,0,3,8,0,0,5,5
401857065,2026,WNBA,ANTONIA DELAERE,MINNESOTA LYNX,"2026-07-13, MIN vs PHX",10,0,0,0,0,0,0,0,0,0,0,0,0,0,1,3
401857065,2026,WNBA,ANASTASIIA OLAIRI KOSU,MINNESOTA LYNX,"2026-07-13, MIN vs PHX",8,0,0,0,0,0,0,0,0,0,0,0,0,0,0,1
401857065,2026,WNBA,MAYA CALDWELL,MINNESOTA LYNX,"2026-07-13, MIN vs PHX",7,0,0,0,0,1,0,0,1,0,1,1,0,0,0,3
401857065,2026,WNBA,ELISKA JOKLOVA,MINNESOTA LYNX,"2026-07-13, MIN vs PHX",9,8,3,4,0,1,2,2,0,1,1,0,0,0,0,0
401857060,2026,WNBA,BREANNA STEWART,NEW YORK LIBERTY,"2026-07-12, TOR vs NY",34,22,8,18,0,3,6,6,5,3,8,2,2,1,1,1
401857060,2026,WNBA,JONQUEL JONES,NEW YORK LIBERTY,"2026-07-12, TOR vs NY",31,10,2,3,1,5,3,4,7,3,10,0,0,1,2,2
401857060,2026,WNBA,HAN XU,NEW YORK LIBERTY,"2026-07-12, TOR vs NY",19,4,2,3,0,4,0,0,1,0,1,1,0,1,1,0
401857060,2026,WNBA,SABRINA IONESCU,NEW YORK LIBERTY,"2026-07-12, TOR vs NY",33,28,6,11,3,7,7,8,3,1,4,8,3,0,1,3
401857060,2026,WNBA,PAULINE ASTIER,NEW YORK LIBERTY,"2026-07-12, TOR vs NY",25,14,5,7,0,1,4,4,3,0,3,2,3,0,4,5
401857060,2026,WNBA,ANNELI MALEY,NEW YORK LIBERTY,"2026-07-12, TOR vs NY",11,0,0,1,0,0,0,0,0,0,0,0,1,0,0,3
401857060,2026,WNBA,RAQUEL CARRERA,NEW YORK LIBERTY,"2026-07-12, TOR vs NY",7,0,0,0,0,0,0,0,1,0,1,0,0,1,1,1
401857060,2026,WNBA,REBEKAH GARDNER,NEW YORK LIBERTY,"2026-07-12, TOR vs NY",2,0,0,0,0,0,0,0,0,0,0,0,0,0,0,0
401857060,2026,WNBA,BETNIJAH LANEY-HAMILTON,NEW YORK LIBERTY,"2026-07-12, TOR vs NY",16,6,3,3,0,1,0,0,2,1,3,1,0,0,4,2
401857060,2026,WNBA,MARINE JOHANNES,NEW YORK LIBERTY,"2026-07-12, TOR vs NY",22,7,2,4,1,5,0,0,1,2,3,2,2,0,3,2
401857060,2026,WNBA,ISABELLE HARRISON,TORONTO TEMPO,"2026-07-12, TOR vs NY",23,9,3,7,1,2,0,0,7,0,7,0,1,1,4,6
401857060,2026,WNBA,MARIA CONDE,TORONTO TEMPO,"2026-07-12, TOR vs NY",34,15,2,4,3,7,2,2,2,0,2,2,2,1,1,4
401857060,2026,WNBA,LAURA JUSKAITE,TORONTO TEMPO,"2026-07-12, TOR vs NY",31,18,5,5,2,3,2,2,3,1,4,3,3,0,6,5
401857060,2026,WNBA,MARINA MABREY,TORONTO TEMPO,"2026-07-12, TOR vs NY",35,30,6,11,3,8,9,11,2,0,2,5,0,1,6,3
401857060,2026,WNBA,JULIE ALLEMAND,TORONTO TEMPO,"2026-07-12, TOR vs NY",34,4,2,2,0,2,0,0,5,0,5,10,2,0,1,2
401857060,2026,WNBA,NYARA SABALLY,TORONTO TEMPO,"2026-07-12, TOR vs NY",26,13,5,8,0,1,3,3,4,3,7,1,2,0,2,3
401857060,2026,WNBA,KIA NURSE,TORONTO TEMPO,"2026-07-12, TOR vs NY",5,2,1,2,0,0,0,0,0,1,1,1,0,0,0,1
401857060,2026,WNBA,TIMA POUYE,TORONTO TEMPO,"2026-07-12, TOR vs NY",10,2,1,3,0,1,0,0,2,0,2,0,0,0,3,3
401857060,2026,WNBA,ORNELLA BANKOLE,TORONTO TEMPO,"2026-07-12, TOR vs NY",2,0,0,0,0,0,0,0,0,0,0,0,0,0,0,1
401857061,2026,WNBA,DOMINIQUE MALONGA,SEATTLE STORM,"2026-07-12, WSH vs SEA",22,10,4,9,0,1,2,2,7,8,15,2,2,2,4,5
401857061,2026,WNBA,AWA FAM,SEATTLE STORM,"2026-07-12, WSH vs SEA",32,5,1,3,1,6,0,0,6,3,9,2,0,2,3,2
401857061,2026,WNBA,NATISHA HIEDEMAN,SEATTLE STORM,"2026-07-12, WSH vs SEA",33,31,12,19,2,5,1,1,3,0,3,3,3,0,4,1
401857061,2026,WNBA,FLAU'JAE JOHNSON,SEATTLE STORM,"2026-07-12, WSH vs SEA",31,9,2,7,0,2,5,6,7,0,7,3,4,0,2,2
401857061,2026,WNBA,JADE MELBOURNE,SEATTLE STORM,"2026-07-12, WSH vs SEA",30,9,3,5,0,2,3,6,0,1,1,2,1,0,2,3
401857061,2026,WNBA,KATIE LOU SAMUELSON,SEATTLE STORM,"2026-07-12, WSH vs SEA",12,3,0,0,1,2,0,0,0,0,0,0,0,0,1,0
401857061,2026,WNBA,JORDAN HORSTON,SEATTLE STORM,"2026-07-12, WSH vs SEA",15,4,1,2,0,0,2,2,3,0,3,0,1,0,1,4
401857061,2026,WNBA,MACKENZIE HOLMES,SEATTLE STORM,"2026-07-12, WSH vs SEA",3,2,1,1,0,0,0,0,1,2,3,0,0,0,0,2
401857061,2026,WNBA,STEFANIE DOLSON,SEATTLE STORM,"2026-07-12, WSH vs SEA",14,3,0,1,1,1,0,0,0,1,1,0,1,0,2,5
401857061,2026,WNBA,ZIA COOKE,SEATTLE STORM,"2026-07-12, WSH vs SEA",8,3,1,4,0,0,1,1,0,1,1,0,0,0,0,1
401857061,2026,WNBA,MICHAELA ONYENWERE,WASHINGTON MYSTICS,"2026-07-12, WSH vs SEA",24,0,0,2,0,1,0,0,0,2,2,2,0,1,2,4
401857061,2026,WNBA,KIKI IRIAFEN,WASHINGTON MYSTICS,"2026-07-12, WSH vs SEA",29,12,3,9,1,1,3,5,7,5,12,3,1,0,0,2
401857061,2026,WNBA,SHAKIRA AUSTIN,WASHINGTON MYSTICS,"2026-07-12, WSH vs SEA",33,27,8,14,2,4,5,7,4,2,6,3,1,1,3,2
401857061,2026,WNBA,SONIA CITRON,WASHINGTON MYSTICS,"2026-07-12, WSH vs SEA",33,19,6,9,1,4,4,5,4,0,4,1,3,0,3,2
401857061,2026,WNBA,GEORGIA AMOORE,WASHINGTON MYSTICS,"2026-07-12, WSH vs SEA",22,4,2,3,0,4,0,0,3,0,3,4,1,0,3,2
401857061,2026,WNBA,ANGELA DUGALIC,WASHINGTON MYSTICS,"2026-07-12, WSH vs SEA",2,0,0,0,0,0,0,0,0,0,0,0,0,0,0,0
401857061,2026,WNBA,LAUREN BETTS,WASHINGTON MYSTICS,"2026-07-12, WSH vs SEA",16,11,4,8,0,0,3,3,2,0,2,3,2,1,1,1
401857061,2026,WNBA,COTIE MCMAHON,WASHINGTON MYSTICS,"2026-07-12, WSH vs SEA",14,4,2,4,0,2,0,1,1,0,1,2,1,0,1,0
401857061,2026,WNBA,CASSANDRE PROSPER,WASHINGTON MYSTICS,"2026-07-12, WSH vs SEA",10,3,0,0,1,2,0,0,0,0,0,1,0,0,1,2
401857061,2026,WNBA,ALICIA FLOREZ,WASHINGTON MYSTICS,"2026-07-12, WSH vs SEA",18,4,1,4,0,1,2,2,2,0,2,4,1,0,1,2
401857062,2026,WNBA,AZURA STEVENS,CHICAGO SKY,"2026-07-12, DAL vs CHI",32,18,4,7,3,6,1,1,12,1,13,3,2,0,3,4
401857062,2026,WNBA,KAMILLA CARDOSO,CHICAGO SKY,"2026-07-12, DAL vs CHI",29,12,6,12,0,0,0,0,11,2,13,2,1,1,1,2
401857062,2026,WNBA,COURTNEY VANDERSLOOT,CHICAGO SKY,"2026-07-12, DAL vs CHI",20,9,2,7,1,1,2,2,1,0,1,3,0,0,0,1
401857062,2026,WNBA,NATASHA CLOUD,CHICAGO SKY,"2026-07-12, DAL vs CHI",32,15,5,6,0,2,5,5,2,0,2,3,0,0,2,3
401857062,2026,WNBA,SYDNEY TAYLOR,CHICAGO SKY,"2026-07-12, DAL vs CHI",26,20,7,12,2,8,0,1,1,0,1,2,0,0,0,1
401857062,2026,WNBA,MADDY WESTBELD,CHICAGO SKY,"2026-07-12, DAL vs CHI",8,0,0,0,0,1,0,0,1,1,2,1,0,0,0,0
401857062,2026,WNBA,ELIZABETH WILLIAMS,CHICAGO SKY,"2026-07-12, DAL vs CHI",11,6,2,3,0,0,2,2,1,1,2,0,0,0,0,2
401857062,2026,WNBA,RACHEL BANHAM,CHICAGO SKY,"2026-07-12, DAL vs CHI",11,3,0,0,1,2,0,0,0,0,0,1,0,0,0,1
401857062,2026,WNBA,JACY SHELDON,CHICAGO SKY,"2026-07-12, DAL vs CHI",14,0,0,0,0,1,0,0,0,0,0,1,0,0,0,1
401857062,2026,WNBA,GABRIELA JAQUEZ,CHICAGO SKY,"2026-07-12, DAL vs CHI",17,8,3,6,0,1,2,2,1,1,2,0,0,0,0,1
401857062,2026,WNBA,JESSICA SHEPARD,DALLAS WINGS,"2026-07-12, DAL vs CHI",34,19,9,13,0,0,1,2,6,4,10,5,0,0,1,1
401857062,2026,WNBA,AWAK KUIER,DALLAS WINGS,"2026-07-12, DAL vs CHI",8,0,0,0,0,1,0,0,2,0,2,0,0,0,0,0
401857062,2026,WNBA,ARIKE OGUNBOWALE,DALLAS WINGS,"2026-07-12, DAL vs CHI",30,17,4,8,2,6,3,4,2,1,3,1,1,0,1,0
401857062,2026,WNBA,PAIGE BUECKERS,DALLAS WINGS,"2026-07-12, DAL vs CHI",36,22,6,12,1,3,7,8,6,0,6,11,0,1,1,4
401857062,2026,WNBA,AZZI FUDD,DALLAS WINGS,"2026-07-12, DAL vs CHI",35,16,2,6,3,8,3,3,1,0,1,3,2,1,0,1
401857062,2026,WNBA,ALYSHA CLARK,DALLAS WINGS,"2026-07-12, DAL vs CHI",6,2,1,2,0,0,0,0,0,0,0,0,0,0,0,2
401857062,2026,WNBA,ALANNA SMITH,DALLAS WINGS,"2026-07-12, DAL vs CHI",6,2,1,3,0,0,0,1,1,0,1,0,0,0,0,0
401857062,2026,WNBA,MADDY SIEGRIST,DALLAS WINGS,"2026-07-12, DAL vs CHI",9,5,1,1,1,1,0,0,0,0,0,1,0,0,0,1
401857062,2026,WNBA,LI YUERU,DALLAS WINGS,"2026-07-12, DAL vs CHI",23,10,3,3,1,3,1,1,8,2,10,0,1,1,0,1
401857062,2026,WNBA,ODYSSEY SIMS,DALLAS WINGS,"2026-07-12, DAL vs CHI",6,3,0,0,1,2,0,0,0,0,0,1,0,0,1,2
401857062,2026,WNBA,SUG SUTTON,DALLAS WINGS,"2026-07-12, DAL vs CHI",2,0,0,0,0,0,0,0,0,0,0,1,0,0,1,1
401857062,2026,WNBA,AZIAHA JAMES,DALLAS WINGS,"2026-07-12, DAL vs CHI",6,0,0,2,0,1,0,0,0,0,0,0,0,0,0,0
401857063,2026,WNBA,MONIQUE BILLINGS,INDIANA FEVER,"2026-07-12, LV vs IND",25,10,2,5,1,1,3,3,3,2,5,0,0,0,1,1
401857063,2026,WNBA,ALIYAH BOSTON,INDIANA FEVER,"2026-07-12, LV vs IND",29,19,8,11,1,3,0,0,10,1,11,4,3,1,1,2
401857063,2026,WNBA,KELSEY MITCHELL,INDIANA FEVER,"2026-07-12, LV vs IND",30,27,5,8,3,8,8,8,3,0,3,3,2,0,2,1
401857063,2026,WNBA,LEXIE HULL,INDIANA FEVER,"2026-07-12, LV vs IND",20,0,0,0,0,2,0,0,1,1,2,0,0,0,1,1
401857063,2026,WNBA,CAITLIN CLARK,INDIANA FEVER,"2026-07-12, LV vs IND",24,12,4,6,1,5,1,2,7,0,7,6,0,0,4,3
401857063,2026,WNBA,MAKAYLA TIMPSON,INDIANA FEVER,"2026-07-12, LV vs IND",19,6,1,3,0,0,4,4,2,1,3,2,0,0,0,3
401857063,2026,WNBA,GRACE VANSLOOTEN,INDIANA FEVER,"2026-07-12, LV vs IND",3,0,0,0,0,0,0,0,0,0,0,0,0,0,0,1
401857063,2026,WNBA,DAMIRIS DANTAS,INDIANA FEVER,"2026-07-12, LV vs IND",2,0,0,0,0,0,0,0,1,0,1,0,0,0,0,0
401857063,2026,WNBA,SOPHIE CUNNINGHAM,INDIANA FEVER,"2026-07-12, LV vs IND",23,20,1,2,6,7,0,0,0,0,0,1,0,0,0,2
401857063,2026,WNBA,TYASHA HARRIS,INDIANA FEVER,"2026-07-12, LV vs IND",23,10,1,1,2,4,2,2,2,0,2,2,1,0,0,3
401857063,2026,WNBA,RAVEN JOHNSON,INDIANA FEVER,"2026-07-12, LV vs IND",3,5,1,1,1,1,0,0,1,0,1,0,0,0,0,0
401857063,2026,WNBA,STEPHANIE TALBOT,LAS VEGAS ACES,"2026-07-12, LV vs IND",13,0,0,0,0,1,0,0,1,1,2,1,0,0,1,2
401857063,2026,WNBA,NALYSSA SMITH,LAS VEGAS ACES,"2026-07-12, LV vs IND",21,9,4,7,0,0,1,4,3,2,5,1,0,1,0,2
401857063,2026,WNBA,A'JA WILSON,LAS VEGAS ACES,"2026-07-12, LV vs IND",31,20,9,22,0,1,2,2,8,4,12,2,1,2,3,2
401857063,2026,WNBA,CHELSEA GRAY,LAS VEGAS ACES,"2026-07-12, LV vs IND",30,9,2,5,1,3,2,2,1,1,2,6,1,0,5,2
401857063,2026,WNBA,JACKIE YOUNG,LAS VEGAS ACES,"2026-07-12, LV vs IND",32,15,3,6,1,2,6,6,1,0,1,3,0,0,1,3
401857063,2026,WNBA,CHEYENNE PARKER-TYUS,LAS VEGAS ACES,"2026-07-12, LV vs IND",4,0,0,1,0,0,0,0,0,0,0,0,1,0,0,1
401857063,2026,WNBA,BRIANNA TURNER,LAS VEGAS ACES,"2026-07-12, LV vs IND",11,4,2,2,0,0,0,0,1,0,1,0,0,0,0,2
401857063,2026,WNBA,JEWELL LOYD,LAS VEGAS ACES,"2026-07-12, LV vs IND",28,8,2,3,0,3,4,4,1,1,2,3,1,0,0,3
401857063,2026,WNBA,DANA EVANS,LAS VEGAS ACES,"2026-07-12, LV vs IND",18,8,0,4,2,4,2,2,2,0,2,1,0,0,1,1
401857063,2026,WNBA,JUSTINE PISSOTT,LAS VEGAS ACES,"2026-07-12, LV vs IND",14,2,1,2,0,3,0,0,1,0,1,0,0,1,0,1
401857057,2026,WNBA,BREANNA STEWART,NEW YORK LIBERTY,"2026-07-11, MIN vs NY",37,17,5,13,2,3,1,1,4,3,7,3,2,1,4,1
401857057,2026,WNBA,JONQUEL JONES,NEW YORK LIBERTY,"2026-07-11, MIN vs NY",33,15,3,6,2,5,3,4,9,3,12,2,0,1,0,4
401857057,2026,WNBA,REBEKAH GARDNER,NEW YORK LIBERTY,"2026-07-11, MIN vs NY",14,0,0,3,0,2,0,0,1,0,1,2,1,0,1,2
401857057,2026,WNBA,SABRINA IONESCU,NEW YORK LIBERTY,"2026-07-11, MIN vs NY",35,25,6,8,3,12,4,4,5,3,8,5,2,0,3,0
401857057,2026,WNBA,PAULINE ASTIER,NEW YORK LIBERTY,"2026-07-11, MIN vs NY",23,4,2,4,0,1,0,0,0,0,0,2,2,0,4,3
401857057,2026,WNBA,RAQUEL CARRERA,NEW YORK LIBERTY,"2026-07-11, MIN vs NY",3,2,1,1,0,0,0,0,0,0,0,0,0,0,0,1
401857057,2026,WNBA,HAN XU,NEW YORK LIBERTY,"2026-07-11, MIN vs NY",18,8,1,1,2,3,0,0,1,0,1,1,0,0,1,0
401857057,2026,WNBA,BETNIJAH LANEY-HAMILTON,NEW YORK LIBERTY,"2026-07-11, MIN vs NY",7,0,0,0,0,1,0,0,0,0,0,2,0,0,0,0
401857057,2026,WNBA,REBECCA ALLEN,NEW YORK LIBERTY,"2026-07-11, MIN vs NY",7,0,0,0,0,2,0,0,1,1,2,2,0,0,1,2
401857057,2026,WNBA,MARINE JOHANNES,NEW YORK LIBERTY,"2026-07-11, MIN vs NY",23,14,1,1,4,9,0,0,2,1,3,1,1,0,0,3
401857057,2026,WNBA,NATASHA HOWARD,MINNESOTA LYNX,"2026-07-11, MIN vs NY",36,16,4,8,1,1,5,6,4,5,9,2,2,0,2,3
401857057,2026,WNBA,NIA COFFEY,MINNESOTA LYNX,"2026-07-11, MIN vs NY",28,3,0,0,1,2,0,0,4,1,5,5,0,2,2,4
401857057,2026,WNBA,KAYLA MCBRIDE,MINNESOTA LYNX,"2026-07-11, MIN vs NY",33,25,3,6,5,11,4,4,3,1,4,2,4,0,0,4
401857057,2026,WNBA,COURTNEY WILLIAMS,MINNESOTA LYNX,"2026-07-11, MIN vs NY",36,12,3,14,2,3,0,0,7,5,12,1,0,0,3,2
401857057,2026,WNBA,OLIVIA MILES,MINNESOTA LYNX,"2026-07-11, MIN vs NY",32,23,2,9,4,7,7,10,4,1,5,4,1,0,2,3
401857057,2026,WNBA,DORKA JUHASZ,MINNESOTA LYNX,"2026-07-11, MIN vs NY",16,0,0,0,0,2,0,0,2,1,3,1,0,1,1,1
401857057,2026,WNBA,ANTONIA DELAERE,MINNESOTA LYNX,"2026-07-11, MIN vs NY",7,6,1,1,1,2,1,1,0,1,1,1,1,0,0,0
401857057,2026,WNBA,ANASTASIIA OLAIRI KOSU,MINNESOTA LYNX,"2026-07-11, MIN vs NY",1,0,0,0,0,0,0,0,0,0,0,0,0,0,0,0
401857057,2026,WNBA,MAYA CALDWELL,MINNESOTA LYNX,"2026-07-11, MIN vs NY",7,5,2,3,0,0,1,2,1,0,1,0,1,0,0,0
401857057,2026,WNBA,ELISKA JOKLOVA,MINNESOTA LYNX,"2026-07-11, MIN vs NY",4,0,0,0,0,0,0,0,0,0,0,2,0,0,2,1
401857059,2026,WNBA,BRIDGET CARLETON,PORTLAND FIRE,"2026-07-11, ATL vs POR",34,12,0,1,4,8,0,0,2,1,3,4,2,2,1,1
401857059,2026,WNBA,EMILY ENGSTLER,PORTLAND FIRE,"2026-07-11, ATL vs POR",25,14,3,4,2,4,2,2,11,0,11,4,3,1,2,3
401857059,2026,WNBA,NYADIEW PUOCH,PORTLAND FIRE,"2026-07-11, ATL vs POR",25,9,3,5,1,3,0,0,0,0,0,0,1,0,0,3
401857059,2026,WNBA,MEGAN DILEO,PORTLAND FIRE,"2026-07-11, ATL vs POR",27,17,5,7,2,4,1,1,4,0,4,1,1,0,3,3
401857059,2026,WNBA,CARLA LEITE,PORTLAND FIRE,"2026-07-11, ATL vs POR",26,13,1,4,1,3,8,9,2,1,3,10,0,0,6,5
401857059,2026,WNBA,FRIEDA BUHNER,PORTLAND FIRE,"2026-07-11, ATL vs POR",15,11,1,1,3,4,0,0,2,0,2,0,0,0,1,5
401857059,2026,WNBA,SERAH WILLIAMS,PORTLAND FIRE,"2026-07-11, ATL vs POR",13,15,6,6,0,0,3,3,2,0,2,1,0,1,0,2
401857059,2026,WNBA,KARLIE SAMUELSON,PORTLAND FIRE,"2026-07-11, ATL vs POR",8,0,0,0,0,0,0,0,0,0,0,0,0,0,1,1
401857059,2026,WNBA,HOLLY WINTERBURN,PORTLAND FIRE,"2026-07-11, ATL vs POR",13,1,0,0,0,2,1,2,0,0,0,1,0,0,0,1
401857059,2026,WNBA,TEJA OBLAK,PORTLAND FIRE,"2026-07-11, ATL vs POR",14,10,3,3,1,1,1,2,1,0,1,7,0,0,2,2
401857059,2026,WNBA,NAZ HILLMON,ATLANTA DREAM,"2026-07-11, ATL vs POR",36,15,5,6,1,5,2,3,5,3,8,2,1,1,3,3
401857059,2026,WNBA,MADINA OKOT,ATLANTA DREAM,"2026-07-11, ATL vs POR",22,19,7,13,0,1,5,5,4,4,8,0,0,1,2,1
401857059,2026,WNBA,ALLISHA GRAY,ATLANTA DREAM,"2026-07-11, ATL vs POR",31,20,7,12,1,6,3,3,3,0,3,2,1,0,1,4
401857059,2026,WNBA,JORDIN CANADA,ATLANTA DREAM,"2026-07-11, ATL vs POR",35,10,4,6,0,2,2,5,2,2,4,12,2,0,3,5
401857059,2026,WNBA,RHYNE HOWARD,ATLANTA DREAM,"2026-07-11, ATL vs POR",31,10,1,1,2,8,2,2,2,1,3,4,4,0,1,2
401857059,2026,WNBA,SIKA KONE,ATLANTA DREAM,"2026-07-11, ATL vs POR",17,11,2,4,1,4,4,4,3,2,5,0,0,0,0,5
401857059,2026,WNBA,TE-HINA PAOPAO,ATLANTA DREAM,"2026-07-11, ATL vs POR",6,3,0,0,1,1,0,0,0,0,0,2,0,0,0,1
401857059,2026,WNBA,AALIYAH NYE,ATLANTA DREAM,"2026-07-11, ATL vs POR",2,0,0,0,0,1,0,0,0,0,0,0,0,0,0,0
401857059,2026,WNBA,INDYA NIVAR,ATLANTA DREAM,"2026-07-11, ATL vs POR",1,0,0,0,0,0,0,0,0,0,0,0,0,0,0,1
401857059,2026,WNBA,ISOBEL BORLASE,ATLANTA DREAM,"2026-07-11, ATL vs POR",18,4,1,3,0,2,2,2,1,0,1,3,0,1,2,1
401857058,2026,WNBA,DEWANNA BONNER,PHOENIX MERCURY,"2026-07-11, LV vs PHX",22,2,1,2,0,4,0,1,4,0,4,3,0,0,2,1
401857058,2026,WNBA,ALYSSA THOMAS,PHOENIX MERCURY,"2026-07-11, LV vs PHX",29,7,3,8,0,0,1,2,5,1,6,1,0,0,2,1
401857058,2026,WNBA,VALERIANE AYAYI,PHOENIX MERCURY,"2026-07-11, LV vs PHX",31,5,1,3,0,2,3,3,6,1,7,1,0,0,2,2
401857058,2026,WNBA,KAHLEAH COPPER,PHOENIX MERCURY,"2026-07-11, LV vs PHX",29,9,3,8,1,6,0,0,4,0,4,0,0,0,3,3
401857058,2026,WNBA,MONIQUE AKOA MAKANI,PHOENIX MERCURY,"2026-07-11, LV vs PHX",26,13,2,6,3,7,0,0,1,0,1,1,0,0,3,3
401857058,2026,WNBA,MARTA SUAREZ,PHOENIX MERCURY,"2026-07-11, LV vs PHX",12,5,2,3,0,1,1,2,0,0,0,2,0,0,0,0
401857058,2026,WNBA,NOEMIE BROCHANT,PHOENIX MERCURY,"2026-07-11, LV vs PHX",20,6,0,1,2,2,0,0,1,0,1,1,0,0,2,2
401857058,2026,WNBA,SAMI WHITCOMB,PHOENIX MERCURY,"2026-07-11, LV vs PHX",11,0,0,0,0,3,0,0,3,0,3,3,2,0,2,2
401857058,2026,WNBA,LEXI HELD,PHOENIX MERCURY,"2026-07-11, LV vs PHX",23,11,4,4,1,6,0,0,2,1,3,2,1,0,1,2
401857058,2026,WNBA,STEPHANIE TALBOT,LAS VEGAS ACES,"2026-07-11, LV vs PHX",24,4,2,4,0,1,0,0,3,4,7,1,1,0,1,0
401857058,2026,WNBA,NALYSSA SMITH,LAS VEGAS ACES,"2026-07-11, LV vs PHX",18,14,6,7,0,0,2,2,3,0,3,0,1,0,1,1
401857058,2026,WNBA,A'JA WILSON,LAS VEGAS ACES,"2026-07-11, LV vs PHX",25,21,7,13,1,3,4,4,12,3,15,3,1,1,1,2
401857058,2026,WNBA,CHELSEA GRAY,LAS VEGAS ACES,"2026-07-11, LV vs PHX",28,15,3,4,3,8,0,0,1,0,1,12,1,0,1,2
401857058,2026,WNBA,JACKIE YOUNG,LAS VEGAS ACES,"2026-07-11, LV vs PHX",24,8,1,3,2,6,0,0,2,0,2,6,2,0,0,0
401857058,2026,WNBA,CHEYENNE PARKER-TYUS,LAS VEGAS ACES,"2026-07-11, LV vs PHX",14,15,4,7,0,0,7,8,5,2,7,0,0,1,1,2
401857058,2026,WNBA,BRIANNA TURNER,LAS VEGAS ACES,"2026-07-11, LV vs PHX",12,0,0,1,0,0,0,0,4,2,6,0,0,0,0,1
401857058,2026,WNBA,KIERSTAN BELL,LAS VEGAS ACES,"2026-07-11, LV vs PHX",17,3,0,1,1,5,0,0,3,0,3,4,0,0,1,1
401857058,2026,WNBA,JEWELL LOYD,LAS VEGAS ACES,"2026-07-11, LV vs PHX",28,9,1,1,2,6,1,2,0,1,1,3,2,0,1,4
401857058,2026,WNBA,JUSTINE PISSOTT,LAS VEGAS ACES,"2026-07-11, LV vs PHX",10,17,1,1,5,6,0,0,2,0,2,2,0,0,1,1
401857054,2026,WNBA,KAYLA THORNTON,GOLDEN STATE VALKYRIES,"2026-07-10, CON vs GS",13,2,1,3,0,1,0,0,2,2,4,0,1,0,2,4
401857054,2026,WNBA,CECILIA ZANDALASINI,GOLDEN STATE VALKYRIES,"2026-07-10, CON vs GS",17,4,2,5,0,0,0,0,1,0,1,0,2,0,3,3
401857054,2026,WNBA,KIAH STOKES,GOLDEN STATE VALKYRIES,"2026-07-10, CON vs GS",20,5,1,1,1,3,0,0,2,2,4,2,0,0,0,1
401857054,2026,WNBA,KAILA CHARLES,GOLDEN STATE VALKYRIES,"2026-07-10, CON vs GS",30,9,2,4,1,1,2,2,2,3,5,1,1,0,2,1
401857054,2026,WNBA,VERONICA BURTON,GOLDEN STATE VALKYRIES,"2026-07-10, CON vs GS",33,17,6,9,1,3,2,3,2,1,3,6,1,2,1,4
401857054,2026,WNBA,LAETICIA AMIHERE,GOLDEN STATE VALKYRIES,"2026-07-10, CON vs GS",17,6,3,6,0,1,0,0,4,1,5,3,1,3,1,1
401857054,2026,WNBA,JANELLE SALAUN,GOLDEN STATE VALKYRIES,"2026-07-10, CON vs GS",27,16,1,4,4,7,2,2,7,0,7,1,3,1,1,2
401857054,2026,WNBA,NADIA FINGALL,GOLDEN STATE VALKYRIES,"2026-07-10, CON vs GS",2,3,0,0,1,1,0,0,0,0,0,0,0,0,0,1
401857054,2026,WNBA,TIFFANY HAYES,GOLDEN STATE VALKYRIES,"2026-07-10, CON vs GS",17,9,3,3,0,0,3,4,0,0,0,5,0,0,0,3
401857054,2026,WNBA,KAITLYN CHEN,GOLDEN STATE VALKYRIES,"2026-07-10, CON vs GS",21,8,4,6,0,1,0,2,1,0,1,1,2,0,4,0
401857054,2026,WNBA,JUSTE JOCYTE,GOLDEN STATE VALKYRIES,"2026-07-10, CON vs GS",2,0,0,1,0,0,0,0,0,0,0,0,0,0,1,1
401857054,2026,WNBA,AALIYAH EDWARDS,CONNECTICUT SUN,"2026-07-10, CON vs GS",27,11,4,8,1,1,0,0,2,0,2,0,2,0,3,3
401857054,2026,WNBA,DIAMOND MILLER,CONNECTICUT SUN,"2026-07-10, CON vs GS",27,14,3,5,1,3,5,5,3,0,3,0,0,0,3,3
401857054,2026,WNBA,OLIVIA NELSON-ODODA,CONNECTICUT SUN,"2026-07-10, CON vs GS",25,12,5,13,0,0,2,4,6,2,8,4,1,1,4,2
401857054,2026,WNBA,CHARLISSE LEGER-WALKER,CONNECTICUT SUN,"2026-07-10, CON vs GS",25,10,3,5,1,5,1,1,1,0,1,2,1,0,2,3
401857054,2026,WNBA,LEILA LACAN,CONNECTICUT SUN,"2026-07-10, CON vs GS",32,8,2,3,1,2,1,1,2,1,3,6,2,0,4,2
401857054,2026,WNBA,RAEGAN BEERS,CONNECTICUT SUN,"2026-07-10, CON vs GS",10,3,0,1,0,0,3,4,1,1,2,1,0,0,1,1
401857054,2026,WNBA,NELL ANGLOMA,CONNECTICUT SUN,"2026-07-10, CON vs GS",16,6,3,4,0,4,0,0,1,0,1,4,1,2,2,3
401857054,2026,WNBA,KENNEDY BURKE,CONNECTICUT SUN,"2026-07-10, CON vs GS",20,0,0,2,0,1,0,2,0,2,2,0,1,0,1,0
401857054,2026,WNBA,HAILEY VAN LITH,CONNECTICUT SUN,"2026-07-10, CON vs GS",9,0,0,0,0,0,0,0,0,0,0,2,1,0,0,0
401857054,2026,WNBA,GIANNA KNEEPKENS,CONNECTICUT SUN,"2026-07-10, CON vs GS",9,0,0,1,0,0,0,0,1,0,1,0,1,0,0,3
401857055,2026,WNBA,JESSICA SHEPARD,DALLAS WINGS,"2026-07-10, TOR vs DAL",40,20,7,9,0,0,6,8,11,6,17,3,1,0,4,2
401857055,2026,WNBA,AWAK KUIER,DALLAS WINGS,"2026-07-10, TOR vs DAL",11,3,0,2,1,1,0,0,1,0,1,1,1,1,0,1
401857055,2026,WNBA,ARIKE OGUNBOWALE,DALLAS WINGS,"2026-07-10, TOR vs DAL",30,20,5,8,1,3,7,7,2,1,3,7,0,0,0,2
401857055,2026,WNBA,PAIGE BUECKERS,DALLAS WINGS,"2026-07-10, TOR vs DAL",38,34,11,17,2,5,6,6,5,1,6,6,2,0,1,2
401857055,2026,WNBA,AZZI FUDD,DALLAS WINGS,"2026-07-10, TOR vs DAL",36,13,2,6,3,7,0,0,1,1,2,2,1,0,0,3
401857055,2026,WNBA,ALYSHA CLARK,DALLAS WINGS,"2026-07-10, TOR vs DAL",17,10,2,2,2,2,0,0,0,0,0,2,0,0,0,4
401857055,2026,WNBA,ALANNA SMITH,DALLAS WINGS,"2026-07-10, TOR vs DAL",8,0,0,1,0,0,0,0,0,0,0,0,0,0,1,1
401857055,2026,WNBA,MADDY SIEGRIST,DALLAS WINGS,"2026-07-10, TOR vs DAL",3,0,0,0,0,1,0,0,0,0,0,0,0,0,0,0
401857055,2026,WNBA,ODYSSEY SIMS,DALLAS WINGS,"2026-07-10, TOR vs DAL",12,8,1,3,2,6,0,0,1,0,1,0,0,0,0,1
401857055,2026,WNBA,AZIAHA JAMES,DALLAS WINGS,"2026-07-10, TOR vs DAL",4,0,0,1,0,0,0,0,0,2,2,1,0,0,0,1
401857055,2026,WNBA,ISABELLE HARRISON,TORONTO TEMPO,"2026-07-10, TOR vs DAL",26,18,6,7,2,3,0,2,5,3,8,1,0,1,1,2
401857055,2026,WNBA,MARIA CONDE,TORONTO TEMPO,"2026-07-10, TOR vs DAL",35,12,3,5,2,4,0,0,3,0,3,9,0,0,3,2
401857055,2026,WNBA,LAURA JUSKAITE,TORONTO TEMPO,"2026-07-10, TOR vs DAL",36,25,7,10,3,6,2,2,3,0,3,3,1,1,0,3
401857055,2026,WNBA,MARINA MABREY,TORONTO TEMPO,"2026-07-10, TOR vs DAL",27,34,4,9,6,9,8,8,1,0,1,1,0,0,3,4
401857055,2026,WNBA,JULIE ALLEMAND,TORONTO TEMPO,"2026-07-10, TOR vs DAL",34,3,0,0,1,3,0,0,5,0,5,8,1,0,4,1
401857055,2026,WNBA,TEONNI KEY,TORONTO TEMPO,"2026-07-10, TOR vs DAL",7,0,0,0,0,0,0,0,0,0,0,0,1,0,0,1
401857055,2026,WNBA,KAYLA ALEXANDER,TORONTO TEMPO,"2026-07-10, TOR vs DAL",10,1,0,1,0,0,1,2,1,1,2,0,0,0,1,2
401857055,2026,WNBA,KIA NURSE,TORONTO TEMPO,"2026-07-10, TOR vs DAL",15,0,0,1,0,5,0,0,1,0,1,1,0,0,0,0
401857055,2026,WNBA,TIMA POUYE,TORONTO TEMPO,"2026-07-10, TOR vs DAL",9,2,1,1,0,0,0,0,1,0,1,1,0,0,0,4
401857056,2026,WNBA,AZURA STEVENS,CHICAGO SKY,"2026-07-10, LA vs CHI",30,10,3,4,1,3,1,1,7,1,8,2,0,1,2,2
401857056,2026,WNBA,KAMILLA CARDOSO,CHICAGO SKY,"2026-07-10, LA vs CHI",28,15,6,9,0,0,3,3,7,1,8,2,0,1,0,5
401857056,2026,WNBA,COURTNEY VANDERSLOOT,CHICAGO SKY,"2026-07-10, LA vs CHI",19,6,2,4,0,1,2,2,3,0,3,4,1,0,4,2
401857056,2026,WNBA,NATASHA CLOUD,CHICAGO SKY,"2026-07-10, LA vs CHI",27,9,1,6,1,5,4,6,2,0,2,7,2,0,1,5
401857056,2026,WNBA,SYDNEY TAYLOR,CHICAGO SKY,"2026-07-10, LA vs CHI",21,15,3,4,2,7,3,3,1,0,1,2,0,0,3,3
401857056,2026,WNBA,ELIZABETH WILLIAMS,CHICAGO SKY,"2026-07-10, LA vs CHI",9,0,0,2,0,0,0,0,2,3,5,2,0,1,3,0
401857056,2026,WNBA,RACHEL BANHAM,CHICAGO SKY,"2026-07-10, LA vs CHI",12,0,0,2,0,2,0,0,2,1,3,0,0,0,0,0
401857056,2026,WNBA,JACY SHELDON,CHICAGO SKY,"2026-07-10, LA vs CHI",21,10,2,3,2,4,0,0,0,0,0,2,2,0,1,1
401857056,2026,WNBA,AICHA COULIBALY,CHICAGO SKY,"2026-07-10, LA vs CHI",13,7,2,2,0,1,3,4,1,0,1,0,0,0,1,2
401857056,2026,WNBA,GABRIELA JAQUEZ,CHICAGO SKY,"2026-07-10, LA vs CHI",20,15,6,10,0,2,3,3,3,2,5,0,0,0,0,0
401857056,2026,WNBA,NNEKA OGWUMIKE,LOS ANGELES SPARKS,"2026-07-10, LA vs CHI",33,25,6,9,3,7,4,5,12,0,12,5,1,1,2,2
401857056,2026,WNBA,DEARICA HAMBY,LOS ANGELES SPARKS,"2026-07-10, LA vs CHI",30,17,6,12,1,1,2,4,7,0,7,3,3,1,1,2
401857056,2026,WNBA,ERICA WHEELER,LOS ANGELES SPARKS,"2026-07-10, LA vs CHI",28,15,3,4,3,6,0,0,2,0,2,8,3,0,2,3
401857056,2026,WNBA,ARIEL ATKINS,LOS ANGELES SPARKS,"2026-07-10, LA vs CHI",29,17,5,8,2,5,1,1,2,1,3,6,3,0,1,4
401857056,2026,WNBA,RAE BURRELL,LOS ANGELES SPARKS,"2026-07-10, LA vs CHI",33,17,2,7,4,6,1,3,1,0,1,4,0,2,4,3
401857056,2026,WNBA,EMMA CANNON,LOS ANGELES SPARKS,"2026-07-10, LA vs CHI",13,9,2,3,1,1,2,2,1,3,4,0,0,0,0,2
401857056,2026,WNBA,JIHYUN PARK,LOS ANGELES SPARKS,"2026-07-10, LA vs CHI",8,0,0,1,0,0,0,0,1,0,1,0,0,0,0,1
401857056,2026,WNBA,ALISSA PILI,LOS ANGELES SPARKS,"2026-07-10, LA vs CHI",4,0,0,0,0,1,0,0,0,0,0,0,0,0,0,2
401857056,2026,WNBA,KIANA WILLIAMS,LOS ANGELES SPARKS,"2026-07-10, LA vs CHI",15,0,0,0,0,2,0,0,0,0,0,5,1,0,1,0
401857056,2026,WNBA,KATE MARTIN,LOS ANGELES SPARKS,"2026-07-10, LA vs CHI",5,2,1,1,0,1,0,0,1,1,2,1,0,0,0,1
401857056,2026,WNBA,CHANCE GRAY,LOS ANGELES SPARKS,"2026-07-10, LA vs CHI",3,0,0,0,0,1,0,0,0,0,0,0,0,0,0,0
401857051,2026,WNBA,DOMINIQUE MALONGA,SEATTLE STORM,"2026-07-09, ATL vs SEA",29,15,6,11,0,1,3,4,7,2,9,2,1,1,4,3
401857051,2026,WNBA,AWA FAM,SEATTLE STORM,"2026-07-09, ATL vs SEA",30,4,2,3,0,5,0,0,5,0,5,4,0,0,0,0
401857051,2026,WNBA,NATISHA HIEDEMAN,SEATTLE STORM,"2026-07-09, ATL vs SEA",34,20,4,8,3,9,3,3,5,0,5,3,0,0,4,3
401857051,2026,WNBA,FLAU'JAE JOHNSON,SEATTLE STORM,"2026-07-09, ATL vs SEA",29,14,5,9,0,3,4,5,2,0,2,5,2,1,3,2
401857051,2026,WNBA,JADE MELBOURNE,SEATTLE STORM,"2026-07-09, ATL vs SEA",25,5,2,2,0,0,1,2,2,0,2,4,1,0,4,4
401857051,2026,WNBA,KATIE LOU SAMUELSON,SEATTLE STORM,"2026-07-09, ATL vs SEA",12,3,1,1,0,0,1,1,0,0,0,0,0,0,0,2
401857051,2026,WNBA,EZI MAGBEGOR,SEATTLE STORM,"2026-07-09, ATL vs SEA",8,2,1,3,0,0,0,0,4,1,5,0,0,0,1,1
401857051,2026,WNBA,JORDAN HORSTON,SEATTLE STORM,"2026-07-09, ATL vs SEA",11,6,3,4,0,0,0,0,1,2,3,1,1,0,1,2
401857051,2026,WNBA,STEFANIE DOLSON,SEATTLE STORM,"2026-07-09, ATL vs SEA",13,4,1,2,0,0,2,2,1,1,2,1,0,1,2,2
401857051,2026,WNBA,ZIA COOKE,SEATTLE STORM,"2026-07-09, ATL vs SEA",9,5,2,3,0,2,1,2,2,0,2,1,1,0,2,1
401857051,2026,WNBA,NAZ HILLMON,ATLANTA DREAM,"2026-07-09, ATL vs SEA",29,7,1,2,1,7,2,2,2,0,2,1,3,0,1,1
401857051,2026,WNBA,ANGEL REESE,ATLANTA DREAM,"2026-07-09, ATL vs SEA",30,18,7,15,0,0,4,4,8,3,11,2,2,0,3,1
401857051,2026,WNBA,ALLISHA GRAY,ATLANTA DREAM,"2026-07-09, ATL vs SEA",32,22,6,10,1,3,7,7,3,0,3,5,1,1,3,2
401857051,2026,WNBA,JORDIN CANADA,ATLANTA DREAM,"2026-07-09, ATL vs SEA",34,14,4,9,0,1,6,7,6,3,9,8,3,1,2,3
401857051,2026,WNBA,RHYNE HOWARD,ATLANTA DREAM,"2026-07-09, ATL vs SEA",35,19,2,3,4,11,3,4,4,0,4,2,4,2,3,4
401857051,2026,WNBA,SIKA KONE,ATLANTA DREAM,"2026-07-09, ATL vs SEA",11,0,0,0,0,3,0,0,0,0,0,0,0,0,1,3
401857051,2026,WNBA,MADINA OKOT,ATLANTA DREAM,"2026-07-09, ATL vs SEA",9,5,2,5,0,0,1,2,2,4,6,0,1,0,2,2
401857051,2026,WNBA,TE-HINA PAOPAO,ATLANTA DREAM,"2026-07-09, ATL vs SEA",10,0,0,0,0,1,0,0,0,0,0,0,0,0,0,0
401857051,2026,WNBA,ISOBEL BORLASE,ATLANTA DREAM,"2026-07-09, ATL vs SEA",10,4,2,2,0,0,0,0,2,0,2,0,0,0,0,2
401857052,2026,WNBA,MONIQUE BILLINGS,INDIANA FEVER,"2026-07-09, PHX vs IND",15,2,1,1,0,1,0,0,1,1,2,0,0,0,1,2
401857052,2026,WNBA,ALIYAH BOSTON,INDIANA FEVER,"2026-07-09, PHX vs IND",38,21,6,11,3,5,0,0,9,0,9,0,1,1,1,2
401857052,2026,WNBA,KELSEY MITCHELL,INDIANA FEVER,"2026-07-09, PHX vs IND",35,29,7,16,3,6,6,6,1,1,2,8,3,1,0,3
401857052,2026,WNBA,TYASHA HARRIS,INDIANA FEVER,"2026-07-09, PHX vs IND",22,15,3,4,3,4,0,0,1,0,1,5,2,1,1,5
401857052,2026,WNBA,LEXIE HULL,INDIANA FEVER,"2026-07-09, PHX vs IND",18,10,2,3,2,3,0,0,0,0,0,0,0,0,0,1
401857052,2026,WNBA,MYISHA HINES-ALLEN,INDIANA FEVER,"2026-07-09, PHX vs IND",7,0,0,0,0,0,0,0,3,0,3,0,0,0,3,1
401857052,2026,WNBA,MAKAYLA TIMPSON,INDIANA FEVER,"2026-07-09, PHX vs IND",15,0,0,2,0,0,0,0,3,2,5,1,0,1,0,0
401857052,2026,WNBA,SOPHIE CUNNINGHAM,INDIANA FEVER,"2026-07-09, PHX vs IND",29,9,1,2,1,5,4,4,2,0,2,2,1,0,1,1
401857052,2026,WNBA,RAVEN JOHNSON,INDIANA FEVER,"2026-07-09, PHX vs IND",23,6,3,4,0,3,0,0,4,2,6,2,1,0,3,1
401857052,2026,WNBA,DEWANNA BONNER,PHOENIX MERCURY,"2026-07-09, PHX vs IND",27,9,3,5,1,3,0,0,7,0,7,2,1,0,1,0
401857052,2026,WNBA,ALYSSA THOMAS,PHOENIX MERCURY,"2026-07-09, PHX vs IND",33,22,10,18,0,0,2,2,5,1,6,7,1,1,1,4
401857052,2026,WNBA,VALERIANE AYAYI,PHOENIX MERCURY,"2026-07-09, PHX vs IND",30,10,2,3,2,5,0,1,1,1,2,3,0,0,2,2
401857052,2026,WNBA,KAHLEAH COPPER,PHOENIX MERCURY,"2026-07-09, PHX vs IND",32,22,6,11,3,6,1,2,5,0,5,2,1,0,1,2
401857052,2026,WNBA,LEXI HELD,PHOENIX MERCURY,"2026-07-09, PHX vs IND",12,0,0,0,0,1,0,0,0,0,0,4,0,0,1,1
401857052,2026,WNBA,MARTA SUAREZ,PHOENIX MERCURY,"2026-07-09, PHX vs IND",11,10,2,4,2,2,0,0,1,1,2,0,0,0,0,2
401857052,2026,WNBA,NOEMIE BROCHANT,PHOENIX MERCURY,"2026-07-09, PHX vs IND",19,0,0,0,0,2,0,0,1,0,1,1,0,0,0,0
401857052,2026,WNBA,SAMI WHITCOMB,PHOENIX MERCURY,"2026-07-09, PHX vs IND",11,2,0,0,0,5,2,2,3,1,4,1,1,0,1,1
401857052,2026,WNBA,MONIQUE AKOA MAKANI,PHOENIX MERCURY,"2026-07-09, PHX vs IND",24,14,1,3,3,3,3,3,0,0,0,3,0,0,4,2
401857053,2026,WNBA,STEPHANIE TALBOT,LAS VEGAS ACES,"2026-07-09, POR vs LV",17,0,0,1,0,2,0,0,2,0,2,1,1,0,1,3
401857053,2026,WNBA,NALYSSA SMITH,LAS VEGAS ACES,"2026-07-09, POR vs LV",28,16,7,12,0,0,2,4,1,1,2,0,2,0,0,4
401857053,2026,WNBA,A'JA WILSON,LAS VEGAS ACES,"2026-07-09, POR vs LV",30,32,9,17,1,2,11,13,10,0,10,3,2,2,1,0
401857053,2026,WNBA,CHELSEA GRAY,LAS VEGAS ACES,"2026-07-09, POR vs LV",34,8,1,2,1,4,3,3,1,0,1,7,3,0,2,4
401857053,2026,WNBA,JACKIE YOUNG,LAS VEGAS ACES,"2026-07-09, POR vs LV",31,19,5,6,3,5,0,0,4,0,4,11,3,1,3,1
401857053,2026,WNBA,CHEYENNE PARKER-TYUS,LAS VEGAS ACES,"2026-07-09, POR vs LV",5,0,0,0,0,0,0,0,0,0,0,0,0,0,2,0
401857053,2026,WNBA,BRIANNA TURNER,LAS VEGAS ACES,"2026-07-09, POR vs LV",14,2,1,1,0,0,0,0,2,1,3,0,0,2,1,0
401857053,2026,WNBA,KIERSTAN BELL,LAS VEGAS ACES,"2026-07-09, POR vs LV",12,5,0,0,1,3,2,2,3,1,4,1,0,0,1,2
401857053,2026,WNBA,JEWELL LOYD,LAS VEGAS ACES,"2026-07-09, POR vs LV",29,6,0,2,2,4,0,0,0,1,1,0,2,0,1,3
401857053,2026,WNBA,BRIDGET CARLETON,PORTLAND FIRE,"2026-07-09, POR vs LV",28,9,0,2,3,8,0,0,4,2,6,3,1,0,2,1
401857053,2026,WNBA,EMILY ENGSTLER,PORTLAND FIRE,"2026-07-09, POR vs LV",29,10,2,3,1,4,3,4,5,2,7,2,1,2,1,5
401857053,2026,WNBA,MEGAN DILEO,PORTLAND FIRE,"2026-07-09, POR vs LV",26,11,4,6,1,3,0,0,3,0,3,0,1,1,1,2
401857053,2026,WNBA,SARAH ASHLEE BARKER,PORTLAND FIRE,"2026-07-09, POR vs LV",25,8,2,2,1,4,1,2,6,0,6,3,1,0,1,2
401857053,2026,WNBA,CARLA LEITE,PORTLAND FIRE,"2026-07-09, POR vs LV",21,13,2,5,0,1,9,11,2,1,3,5,0,0,5,3
401857053,2026,WNBA,FRIEDA BUHNER,PORTLAND FIRE,"2026-07-09, POR vs LV",16,6,2,3,0,2,2,2,1,0,1,0,2,0,3,1
401857053,2026,WNBA,NYADIEW PUOCH,PORTLAND FIRE,"2026-07-09, POR vs LV",13,4,2,2,0,1,0,1,1,1,2,1,0,0,1,1
401857053,2026,WNBA,LUISA GEISELSODER,PORTLAND FIRE,"2026-07-09, POR vs LV",6,3,0,1,1,2,0,0,1,0,1,0,0,0,0,1
401857053,2026,WNBA,SERAH WILLIAMS,PORTLAND FIRE,"2026-07-09, POR vs LV",6,2,1,3,0,0,0,0,0,0,0,1,0,0,1,3
401857053,2026,WNBA,KARLIE SAMUELSON,PORTLAND FIRE,"2026-07-09, POR vs LV",11,0,0,0,0,0,0,0,0,0,0,0,0,0,0,0
401857053,2026,WNBA,HOLLY WINTERBURN,PORTLAND FIRE,"2026-07-09, POR vs LV",3,3,0,0,1,1,0,0,0,0,0,0,0,0,0,0
401857053,2026,WNBA,TEJA OBLAK,PORTLAND FIRE,"2026-07-09, POR vs LV",17,11,1,2,3,6,0,0,1,0,1,2,2,0,2,0
401857048,2026,WNBA,KAYLA THORNTON,GOLDEN STATE VALKYRIES,"2026-07-08, TOR vs GS",25,15,1,1,3,5,4,4,5,4,9,0,1,1,2,4
401857048,2026,WNBA,GABBY WILLIAMS,GOLDEN STATE VALKYRIES,"2026-07-08, TOR vs GS",18,7,2,6,1,3,0,0,1,0,1,2,1,0,2,3
401857048,2026,WNBA,CECILIA ZANDALASINI,GOLDEN STATE VALKYRIES,"2026-07-08, TOR vs GS",15,3,0,1,1,5,0,0,1,0,1,2,0,0,1,1
401857048,2026,WNBA,KIAH STOKES,GOLDEN STATE VALKYRIES,"2026-07-08, TOR vs GS",14,0,0,1,0,1,0,0,2,1,3,0,0,1,2,1
401857048,2026,WNBA,VERONICA BURTON,GOLDEN STATE VALKYRIES,"2026-07-08, TOR vs GS",21,6,0,0,1,2,3,4,2,0,2,6,2,0,1,2
401857048,2026,WNBA,LAETICIA AMIHERE,GOLDEN STATE VALKYRIES,"2026-07-08, TOR vs GS",15,3,1,1,0,0,1,2,2,1,3,0,0,0,1,3
401857048,2026,WNBA,JANELLE SALAUN,GOLDEN STATE VALKYRIES,"2026-07-08, TOR vs GS",23,26,2,4,5,6,7,9,4,2,6,1,1,0,3,1
401857048,2026,WNBA,NADIA FINGALL,GOLDEN STATE VALKYRIES,"2026-07-08, TOR vs GS",2,0,0,0,0,0,0,0,0,0,0,0,0,0,0,0
401857048,2026,WNBA,TIFFANY HAYES,GOLDEN STATE VALKYRIES,"2026-07-08, TOR vs GS",19,2,0,0,0,3,2,2,0,0,0,3,1,1,0,0
401857048,2026,WNBA,KAILA CHARLES,GOLDEN STATE VALKYRIES,"2026-07-08, TOR vs GS",25,5,1,4,0,3,3,4,3,2,5,1,0,0,1,4
401857048,2026,WNBA,KAITLYN CHEN,GOLDEN STATE VALKYRIES,"2026-07-08, TOR vs GS",22,16,8,10,0,2,0,0,0,1,1,3,1,0,1,1
401857048,2026,WNBA,ISABELLE HARRISON,TORONTO TEMPO,"2026-07-08, TOR vs GS",31,24,9,15,1,2,3,3,5,3,8,2,0,0,4,4
401857048,2026,WNBA,MARIA CONDE,TORONTO TEMPO,"2026-07-08, TOR vs GS",35,9,2,4,1,4,2,2,2,1,3,1,0,0,3,1
401857048,2026,WNBA,NYARA SABALLY,TORONTO TEMPO,"2026-07-08, TOR vs GS",7,2,1,1,0,0,0,0,1,0,1,1,0,0,1,1
401857048,2026,WNBA,MARINA MABREY,TORONTO TEMPO,"2026-07-08, TOR vs GS",34,11,2,6,0,3,7,8,6,0,6,4,1,0,5,1
401857048,2026,WNBA,JULIE ALLEMAND,TORONTO TEMPO,"2026-07-08, TOR vs GS",36,9,3,3,1,4,0,0,3,0,3,7,2,0,2,4
401857048,2026,WNBA,TEONNI KEY,TORONTO TEMPO,"2026-07-08, TOR vs GS",11,5,2,2,0,1,1,1,1,0,1,0,0,0,1,1
401857048,2026,WNBA,LAURA JUSKAITE,TORONTO TEMPO,"2026-07-08, TOR vs GS",18,5,0,0,1,2,2,2,0,0,0,1,3,0,3,5
401857048,2026,WNBA,KIA NURSE,TORONTO TEMPO,"2026-07-08, TOR vs GS",15,8,0,0,2,3,2,2,1,0,1,2,0,0,1,2
401857048,2026,WNBA,TIMA POUYE,TORONTO TEMPO,"2026-07-08, TOR vs GS",13,2,1,1,0,3,0,0,0,0,0,1,0,0,0,1
401857049,2026,WNBA,NATASHA HOWARD,MINNESOTA LYNX,"2026-07-08, CON vs MIN",31,12,4,9,0,1,4,6,7,3,10,2,1,3,3,2
401857049,2026,WNBA,NIA COFFEY,MINNESOTA LYNX,"2026-07-08, CON vs MIN",14,1,0,1,0,1,1,4,1,0,1,0,0,1,1,4
401857049,2026,WNBA,KAYLA MCBRIDE,MINNESOTA LYNX,"2026-07-08, CON vs MIN",38,23,4,8,2,2,9,9,3,1,4,4,2,1,0,2
401857049,2026,WNBA,COURTNEY WILLIAMS,MINNESOTA LYNX,"2026-07-08, CON vs MIN",30,12,6,10,0,3,0,0,4,0,4,7,2,0,5,1
401857049,2026,WNBA,MAYA CALDWELL,MINNESOTA LYNX,"2026-07-08, CON vs MIN",17,6,0,1,2,5,0,0,1,1,2,1,1,0,0,2
401857049,2026,WNBA,DORKA JUHASZ,MINNESOTA LYNX,"2026-07-08, CON vs MIN",19,12,0,1,4,6,0,0,5,1,6,1,0,1,1,2
401857049,2026,WNBA,ANTONIA DELAERE,MINNESOTA LYNX,"2026-07-08, CON vs MIN",23,10,2,3,2,4,0,0,0,0,0,0,2,0,3,4
401857049,2026,WNBA,ANASTASIIA OLAIRI KOSU,MINNESOTA LYNX,"2026-07-08, CON vs MIN",15,5,1,3,0,0,3,4,1,3,4,3,0,0,1,2
401857049,2026,WNBA,ELISKA JOKLOVA,MINNESOTA LYNX,"2026-07-08, CON vs MIN",11,5,1,2,0,0,3,4,2,0,2,3,0,1,0,1
401857049,2026,WNBA,AALIYAH EDWARDS,CONNECTICUT SUN,"2026-07-08, CON vs MIN",17,2,0,4,0,0,2,2,4,0,4,0,0,0,1,1
401857049,2026,WNBA,DIAMOND MILLER,CONNECTICUT SUN,"2026-07-08, CON vs MIN",23,13,2,4,0,3,9,9,3,1,4,2,1,1,4,4
401857049,2026,WNBA,OLIVIA NELSON-ODODA,CONNECTICUT SUN,"2026-07-08, CON vs MIN",27,14,6,9,0,0,2,3,4,1,5,2,1,1,2,2
401857049,2026,WNBA,CHARLISSE LEGER-WALKER,CONNECTICUT SUN,"2026-07-08, CON vs MIN",31,7,2,6,1,5,0,0,4,0,4,3,3,1,4,2
401857049,2026,WNBA,LEILA LACAN,CONNECTICUT SUN,"2026-07-08, CON vs MIN",29,15,3,3,2,6,3,3,5,1,6,6,1,0,1,4
401857049,2026,WNBA,RAEGAN BEERS,CONNECTICUT SUN,"2026-07-08, CON vs MIN",13,5,1,3,0,0,3,4,0,1,1,1,0,0,1,1
401857049,2026,WNBA,NELL ANGLOMA,CONNECTICUT SUN,"2026-07-08, CON vs MIN",15,10,4,6,0,0,2,4,3,4,7,0,0,0,2,2
401857049,2026,WNBA,KENNEDY BURKE,CONNECTICUT SUN,"2026-07-08, CON vs MIN",27,3,0,4,1,4,0,0,2,2,4,3,1,3,1,4
401857049,2026,WNBA,SANIYA RIVERS,CONNECTICUT SUN,"2026-07-08, CON vs MIN",9,5,2,3,0,2,1,2,1,0,1,2,2,1,2,0
401857049,2026,WNBA,GIANNA KNEEPKENS,CONNECTICUT SUN,"2026-07-08, CON vs MIN",9,6,0,0,2,3,0,0,0,0,0,1,0,0,0,0
401857050,2026,WNBA,MYISHA HINES-ALLEN,INDIANA FEVER,"2026-07-08, LA vs IND",13,0,0,0,0,0,0,0,2,0,2,0,1,1,0,4
401857050,2026,WNBA,MONIQUE BILLINGS,INDIANA FEVER,"2026-07-08, LA vs IND",18,4,1,3,0,0,2,4,7,5,12,3,1,1,2,3
401857050,2026,WNBA,KELSEY MITCHELL,INDIANA FEVER,"2026-07-08, LA vs IND",33,29,4,9,5,9,6,6,3,1,4,3,2,0,2,1
401857050,2026,WNBA,LEXIE HULL,INDIANA FEVER,"2026-07-08, LA vs IND",21,14,4,7,2,6,0,0,0,2,2,0,1,0,0,1
401857050,2026,WNBA,CAITLIN CLARK,INDIANA FEVER,"2026-07-08, LA vs IND",16,9,3,6,1,6,0,0,4,0,4,3,1,0,4,1
401857050,2026,WNBA,MAKAYLA TIMPSON,INDIANA FEVER,"2026-07-08, LA vs IND",23,9,4,6,0,0,1,3,4,1,5,0,0,3,1,3
401857050,2026,WNBA,GRACE VANSLOOTEN,INDIANA FEVER,"2026-07-08, LA vs IND",4,0,0,0,0,0,0,0,2,0,2,0,0,0,1,1
401857050,2026,WNBA,DAMIRIS DANTAS,INDIANA FEVER,"2026-07-08, LA vs IND",22,12,2,3,2,3,2,2,4,0,4,2,0,0,2,3
401857050,2026,WNBA,SOPHIE CUNNINGHAM,INDIANA FEVER,"2026-07-08, LA vs IND",11,2,1,1,0,3,0,0,1,0,1,1,1,0,1,1
401857050,2026,WNBA,TYASHA HARRIS,INDIANA FEVER,"2026-07-08, LA vs IND",26,10,2,2,1,4,3,4,2,1,3,4,0,0,1,3
401857050,2026,WNBA,RAVEN JOHNSON,INDIANA FEVER,"2026-07-08, LA vs IND",13,3,1,6,0,3,1,2,0,2,2,2,1,0,2,1
401857050,2026,WNBA,BREE HALL,INDIANA FEVER,"2026-07-08, LA vs IND",1,0,0,0,0,0,0,0,0,0,0,0,0,0,0,0
401857050,2026,WNBA,NNEKA OGWUMIKE,LOS ANGELES SPARKS,"2026-07-08, LA vs IND",31,24,7,15,2,4,4,4,8,0,8,5,0,0,1,3
401857050,2026,WNBA,DEARICA HAMBY,LOS ANGELES SPARKS,"2026-07-08, LA vs IND",34,21,8,14,0,1,5,6,7,2,9,2,4,0,3,2
401857050,2026,WNBA,ERICA WHEELER,LOS ANGELES SPARKS,"2026-07-08, LA vs IND",29,12,4,7,1,3,1,1,4,0,4,6,1,0,1,3
401857050,2026,WNBA,ARIEL ATKINS,LOS ANGELES SPARKS,"2026-07-08, LA vs IND",31,12,2,5,2,5,2,2,3,0,3,1,2,0,2,5
401857050,2026,WNBA,RAE BURRELL,LOS ANGELES SPARKS,"2026-07-08, LA vs IND",36,22,7,12,2,3,2,3,2,1,3,4,1,0,3,1
401857050,2026,WNBA,EMMA CANNON,LOS ANGELES SPARKS,"2026-07-08, LA vs IND",3,3,0,0,1,1,0,0,0,0,0,0,0,0,0,2
401857050,2026,WNBA,JIHYUN PARK,LOS ANGELES SPARKS,"2026-07-08, LA vs IND",10,3,0,2,0,0,3,4,2,2,4,1,3,0,0,0
401857050,2026,WNBA,ALISSA PILI,LOS ANGELES SPARKS,"2026-07-08, LA vs IND",12,4,2,3,0,0,0,0,3,2,5,2,0,0,0,1
401857050,2026,WNBA,KIANA WILLIAMS,LOS ANGELES SPARKS,"2026-07-08, LA vs IND",15,5,1,1,1,3,0,0,1,0,1,4,0,0,1,1
401857046,2026,WNBA,JESSICA SHEPARD,DALLAS WINGS,"2026-07-07, NY vs DAL",37,22,11,16,0,0,0,0,9,3,12,11,0,0,4,3
401857046,2026,WNBA,AWAK KUIER,DALLAS WINGS,"2026-07-07, NY vs DAL",28,10,0,2,3,4,1,1,8,4,12,7,0,3,1,4
401857046,2026,WNBA,ARIKE OGUNBOWALE,DALLAS WINGS,"2026-07-07, NY vs DAL",32,8,3,4,0,4,2,2,0,1,1,1,1,0,1,4
401857046,2026,WNBA,PAIGE BUECKERS,DALLAS WINGS,"2026-07-07, NY vs DAL",33,15,4,10,1,5,4,4,6,1,7,6,0,2,1,1
401857046,2026,WNBA,AZZI FUDD,DALLAS WINGS,"2026-07-07, NY vs DAL",34,12,6,9,0,4,0,0,0,0,0,3,2,0,0,1
401857046,2026,WNBA,ALANNA SMITH,DALLAS WINGS,"2026-07-07, NY vs DAL",16,8,2,5,1,3,1,1,4,1,5,1,0,0,1,2
401857046,2026,WNBA,ODYSSEY SIMS,DALLAS WINGS,"2026-07-07, NY vs DAL",12,8,2,4,0,1,4,4,1,0,1,0,0,0,0,1
401857046,2026,WNBA,AZIAHA JAMES,DALLAS WINGS,"2026-07-07, NY vs DAL",9,5,1,3,1,2,0,0,0,0,0,0,0,0,1,1
401857046,2026,WNBA,BREANNA STEWART,NEW YORK LIBERTY,"2026-07-07, NY vs DAL",33,29,10,13,0,3,9,11,7,2,9,4,1,0,2,4
401857046,2026,WNBA,JONQUEL JONES,NEW YORK LIBERTY,"2026-07-07, NY vs DAL",32,17,3,5,3,6,2,2,11,1,12,2,0,2,4,4
401857046,2026,WNBA,REBEKAH GARDNER,NEW YORK LIBERTY,"2026-07-07, NY vs DAL",26,4,0,3,0,1,4,4,2,1,3,1,1,0,0,3
401857046,2026,WNBA,SABRINA IONESCU,NEW YORK LIBERTY,"2026-07-07, NY vs DAL",33,14,3,8,2,7,2,2,2,1,3,5,0,1,4,3
401857046,2026,WNBA,PAULINE ASTIER,NEW YORK LIBERTY,"2026-07-07, NY vs DAL",23,4,2,2,0,2,0,0,2,0,2,1,0,0,2,1
401857046,2026,WNBA,RAQUEL CARRERA,NEW YORK LIBERTY,"2026-07-07, NY vs DAL",5,0,0,0,0,0,0,0,0,0,0,1,0,0,0,0
401857046,2026,WNBA,HAN XU,NEW YORK LIBERTY,"2026-07-07, NY vs DAL",8,2,1,2,0,1,0,0,1,2,3,0,0,0,0,0
401857046,2026,WNBA,BETNIJAH LANEY-HAMILTON,NEW YORK LIBERTY,"2026-07-07, NY vs DAL",15,0,0,4,0,1,0,0,0,0,0,1,0,0,0,2
401857046,2026,WNBA,REBECCA ALLEN,NEW YORK LIBERTY,"2026-07-07, NY vs DAL",4,0,0,0,0,0,0,0,0,0,0,0,0,1,1,0
401857046,2026,WNBA,MARINE JOHANNES,NEW YORK LIBERTY,"2026-07-07, NY vs DAL",21,7,2,2,0,5,3,3,2,0,2,1,1,0,1,1
401857047,2026,WNBA,AZURA STEVENS,CHICAGO SKY,"2026-07-07, PHX vs CHI",26,9,2,7,1,3,2,2,8,2,10,2,2,0,3,4
401857047,2026,WNBA,KAMILLA CARDOSO,CHICAGO SKY,"2026-07-07, PHX vs CHI",28,9,4,7,0,0,1,3,3,1,4,4,2,4,1,2
401857047,2026,WNBA,COURTNEY VANDERSLOOT,CHICAGO SKY,"2026-07-07, PHX vs CHI",18,7,1,2,1,4,2,4,2,1,3,1,0,0,2,1
401857047,2026,WNBA,NATASHA CLOUD,CHICAGO SKY,"2026-07-07, PHX vs CHI",32,11,0,1,3,7,2,2,4,0,4,6,2,0,1,4
401857047,2026,WNBA,SYDNEY TAYLOR,CHICAGO SKY,"2026-07-07, PHX vs CHI",23,16,3,4,3,7,1,1,1,0,1,1,0,0,4,5
401857047,2026,WNBA,ELIZABETH WILLIAMS,CHICAGO SKY,"2026-07-07, PHX vs CHI",12,4,2,4,0,0,0,0,0,2,2,2,0,0,1,2
401857047,2026,WNBA,RACHEL BANHAM,CHICAGO SKY,"2026-07-07, PHX vs CHI",12,7,1,3,1,2,2,2,2,0,2,1,1,1,2,2
401857047,2026,WNBA,JACY SHELDON,CHICAGO SKY,"2026-07-07, PHX vs CHI",17,3,0,1,1,2,0,2,1,0,1,2,1,0,0,1
401857047,2026,WNBA,AICHA COULIBALY,CHICAGO SKY,"2026-07-07, PHX vs CHI",14,8,2,3,0,0,4,4,6,1,7,1,1,0,1,1
401857047,2026,WNBA,GABRIELA JAQUEZ,CHICAGO SKY,"2026-07-07, PHX vs CHI",18,3,0,3,1,2,0,0,1,0,1,1,2,0,2,1
401857047,2026,WNBA,DEWANNA BONNER,PHOENIX MERCURY,"2026-07-07, PHX vs CHI",31,12,1,1,2,5,4,4,7,0,7,0,1,1,1,2
401857047,2026,WNBA,ALYSSA THOMAS,PHOENIX MERCURY,"2026-07-07, PHX vs CHI",31,11,3,7,0,0,5,7,7,0,7,5,4,1,5,2
401857047,2026,WNBA,VALERIANE AYAYI,PHOENIX MERCURY,"2026-07-07, PHX vs CHI",28,9,2,2,1,4,2,2,4,2,6,0,1,0,4,3
401857047,2026,WNBA,KAHLEAH COPPER,PHOENIX MERCURY,"2026-07-07, PHX vs CHI",34,25,5,9,4,10,3,5,1,3,4,1,1,0,4,3
401857047,2026,WNBA,LEXI HELD,PHOENIX MERCURY,"2026-07-07, PHX vs CHI",27,0,0,3,0,1,0,0,0,1,1,2,1,0,1,2
401857047,2026,WNBA,MARTA SUAREZ,PHOENIX MERCURY,"2026-07-07, PHX vs CHI",6,0,0,2,0,1,0,0,1,0,1,0,0,0,1,0
401857047,2026,WNBA,NOEMIE BROCHANT,PHOENIX MERCURY,"2026-07-07, PHX vs CHI",17,0,0,0,0,2,0,0,3,0,3,0,2,0,0,0
401857047,2026,WNBA,KYARA LINSKENS,PHOENIX MERCURY,"2026-07-07, PHX vs CHI",8,0,0,1,0,1,0,0,1,0,1,0,0,1,1,3
401857047,2026,WNBA,MONIQUE AKOA MAKANI,PHOENIX MERCURY,"2026-07-07, PHX vs CHI",17,9,2,5,0,0,5,6,1,0,1,1,1,0,3,4
401857043,2026,WNBA,KAYLA THORNTON,GOLDEN STATE VALKYRIES,"2026-07-06, WSH vs GS",15,2,0,1,0,6,2,2,0,0,0,1,0,0,0,0
401857043,2026,WNBA,GABBY WILLIAMS,GOLDEN STATE VALKYRIES,"2026-07-06, WSH vs GS",17,2,1,4,0,2,0,0,3,0,3,0,2,0,1,2
401857043,2026,WNBA,CECILIA ZANDALASINI,GOLDEN STATE VALKYRIES,"2026-07-06, WSH vs GS",15,6,3,6,0,2,0,0,0,2,2,1,1,0,0,2
401857043,2026,WNBA,KIAH STOKES,GOLDEN STATE VALKYRIES,"2026-07-06, WSH vs GS",28,6,0,0,2,4,0,0,9,0,9,2,1,3,0,1
401857043,2026,WNBA,VERONICA BURTON,GOLDEN STATE VALKYRIES,"2026-07-06, WSH vs GS",23,7,3,7,0,3,1,1,2,1,3,3,2,0,0,1
401857043,2026,WNBA,LAETICIA AMIHERE,GOLDEN STATE VALKYRIES,"2026-07-06, WSH vs GS",12,0,0,0,0,0,0,0,2,2,4,0,2,0,2,3
401857043,2026,WNBA,JANELLE SALAUN,GOLDEN STATE VALKYRIES,"2026-07-06, WSH vs GS",25,8,1,4,2,9,0,0,1,0,1,0,1,1,0,2
401857043,2026,WNBA,TIFFANY HAYES,GOLDEN STATE VALKYRIES,"2026-07-06, WSH vs GS",19,9,3,4,1,3,0,0,1,1,2,2,0,1,1,1
401857043,2026,WNBA,KAILA CHARLES,GOLDEN STATE VALKYRIES,"2026-07-06, WSH vs GS",25,8,4,8,0,2,0,0,2,3,5,1,1,0,0,3
401857043,2026,WNBA,KAITLYN CHEN,GOLDEN STATE VALKYRIES,"2026-07-06, WSH vs GS",21,14,5,6,1,3,1,1,1,0,1,4,0,0,1,1
401857043,2026,WNBA,MICHAELA ONYENWERE,WASHINGTON MYSTICS,"2026-07-06, WSH vs GS",28,2,1,1,0,5,0,1,1,2,3,1,0,0,3,1
401857043,2026,WNBA,KIKI IRIAFEN,WASHINGTON MYSTICS,"2026-07-06, WSH vs GS",30,12,6,11,0,1,0,0,7,2,9,1,0,0,2,1
401857043,2026,WNBA,SHAKIRA AUSTIN,WASHINGTON MYSTICS,"2026-07-06, WSH vs GS",24,11,3,10,0,1,5,6,9,2,11,0,0,2,0,2
401857043,2026,WNBA,COTIE MCMAHON,WASHINGTON MYSTICS,"2026-07-06, WSH vs GS",29,8,1,3,1,4,3,3,5,0,5,3,0,0,3,2
401857043,2026,WNBA,GEORGIA AMOORE,WASHINGTON MYSTICS,"2026-07-06, WSH vs GS",22,3,0,1,1,6,0,0,2,0,2,0,0,0,1,4
401857043,2026,WNBA,ANGELA DUGALIC,WASHINGTON MYSTICS,"2026-07-06, WSH vs GS",10,0,0,0,0,1,0,0,0,1,1,0,0,0,0,0
401857043,2026,WNBA,LAUREN BETTS,WASHINGTON MYSTICS,"2026-07-06, WSH vs GS",16,7,3,7,0,0,1,1,3,2,5,3,0,1,2,1
401857043,2026,WNBA,LUCY OLSEN,WASHINGTON MYSTICS,"2026-07-06, WSH vs GS",15,5,1,2,1,3,0,2,0,0,0,3,0,0,0,0
401857043,2026,WNBA,CASSANDRE PROSPER,WASHINGTON MYSTICS,"2026-07-06, WSH vs GS",9,0,0,0,0,1,0,0,0,1,1,0,0,0,1,0
401857043,2026,WNBA,ALICIA FLOREZ,WASHINGTON MYSTICS,"2026-07-06, WSH vs GS",17,1,0,1,0,2,1,2,4,0,4,3,1,0,2,2
401857044,2026,WNBA,DIAMOND MILLER,CONNECTICUT SUN,"2026-07-06, MIN vs CON",19,5,2,6,0,1,1,2,4,0,4,3,0,1,1,3
401857044,2026,WNBA,BRITTNEY GRINER,CONNECTICUT SUN,"2026-07-06, MIN vs CON",34,29,11,14,0,0,7,11,8,2,10,3,2,2,1,4
401857044,2026,WNBA,OLIVIA NELSON-ODODA,CONNECTICUT SUN,"2026-07-06, MIN vs CON",29,10,4,6,0,0,2,8,6,2,8,3,1,2,2,3
401857044,2026,WNBA,CHARLISSE LEGER-WALKER,CONNECTICUT SUN,"2026-07-06, MIN vs CON",28,6,0,4,2,4,0,0,3,1,4,5,1,0,2,3
401857044,2026,WNBA,LEILA LACAN,CONNECTICUT SUN,"2026-07-06, MIN vs CON",34,13,3,10,2,3,1,2,1,1,2,3,4,0,0,3
401857044,2026,WNBA,AALIYAH EDWARDS,CONNECTICUT SUN,"2026-07-06, MIN vs CON",12,5,2,4,0,0,1,1,1,1,2,1,0,1,2,2
401857044,2026,WNBA,KENNEDY BURKE,CONNECTICUT SUN,"2026-07-06, MIN vs CON",23,16,3,4,3,4,1,1,0,0,0,2,2,0,3,0
401857044,2026,WNBA,SANIYA RIVERS,CONNECTICUT SUN,"2026-07-06, MIN vs CON",16,4,1,3,0,1,2,2,2,0,2,1,1,0,1,0
401857044,2026,WNBA,GIANNA KNEEPKENS,CONNECTICUT SUN,"2026-07-06, MIN vs CON",5,2,0,0,0,2,2,2,0,0,0,0,0,0,0,2
401857044,2026,WNBA,NATASHA HOWARD,MINNESOTA LYNX,"2026-07-06, MIN vs CON",26,18,6,9,0,1,6,7,3,3,6,4,0,2,2,5
401857044,2026,WNBA,NIA COFFEY,MINNESOTA LYNX,"2026-07-06, MIN vs CON",20,2,0,2,0,4,2,2,4,0,4,3,0,3,0,3
401857044,2026,WNBA,KAYLA MCBRIDE,MINNESOTA LYNX,"2026-07-06, MIN vs CON",38,28,6,11,4,8,4,5,3,0,3,2,0,1,6,2
401857044,2026,WNBA,COURTNEY WILLIAMS,MINNESOTA LYNX,"2026-07-06, MIN vs CON",36,23,7,15,3,6,0,0,7,2,9,6,3,0,2,3
401857044,2026,WNBA,MAYA CALDWELL,MINNESOTA LYNX,"2026-07-06, MIN vs CON",13,2,0,0,0,2,2,2,1,1,2,3,0,0,1,1
401857044,2026,WNBA,DORKA JUHASZ,MINNESOTA LYNX,"2026-07-06, MIN vs CON",25,3,0,1,1,6,0,0,4,0,4,3,0,1,1,2
401857044,2026,WNBA,ANTONIA DELAERE,MINNESOTA LYNX,"2026-07-06, MIN vs CON",25,8,1,1,2,3,0,0,1,1,2,0,1,0,0,3
401857044,2026,WNBA,ANASTASIIA OLAIRI KOSU,MINNESOTA LYNX,"2026-07-06, MIN vs CON",9,3,1,2,0,0,1,1,0,0,0,0,1,0,0,2
401857044,2026,WNBA,ELISKA JOKLOVA,MINNESOTA LYNX,"2026-07-06, MIN vs CON",8,2,0,0,0,0,2,2,1,1,2,3,0,0,0,2
401857045,2026,WNBA,DOMINIQUE MALONGA,SEATTLE STORM,"2026-07-06, LA vs SEA",23,2,1,9,0,1,0,0,8,1,9,2,1,1,5,2
401857045,2026,WNBA,AWA FAM,SEATTLE STORM,"2026-07-06, LA vs SEA",25,7,2,2,1,7,0,0,5,0,5,2,4,1,1,2
401857045,2026,WNBA,NATISHA HIEDEMAN,SEATTLE STORM,"2026-07-06, LA vs SEA",25,15,4,7,1,2,4,4,5,1,6,4,3,0,2,1
401857045,2026,WNBA,FLAU'JAE JOHNSON,SEATTLE STORM,"2026-07-06, LA vs SEA",27,23,6,10,3,9,2,2,3,2,5,3,1,0,4,1
401857045,2026,WNBA,JADE MELBOURNE,SEATTLE STORM,"2026-07-06, LA vs SEA",23,11,3,4,1,3,2,3,1,1,2,4,0,0,0,4
401857045,2026,WNBA,KATIE LOU SAMUELSON,SEATTLE STORM,"2026-07-06, LA vs SEA",15,9,0,0,3,4,0,0,4,1,5,0,0,0,0,1
401857045,2026,WNBA,EZI MAGBEGOR,SEATTLE STORM,"2026-07-06, LA vs SEA",15,0,0,0,0,2,0,0,4,0,4,0,1,1,0,1
401857045,2026,WNBA,JORDAN HORSTON,SEATTLE STORM,"2026-07-06, LA vs SEA",17,6,3,4,0,2,0,0,2,0,2,1,3,0,0,4
401857045,2026,WNBA,MACKENZIE HOLMES,SEATTLE STORM,"2026-07-06, LA vs SEA",3,0,0,0,0,0,0,0,1,0,1,0,1,0,0,0
401857045,2026,WNBA,TAYLOR THIERRY,SEATTLE STORM,"2026-07-06, LA vs SEA",3,0,0,0,0,0,0,0,1,0,1,0,0,0,0,0
401857045,2026,WNBA,STEFANIE DOLSON,SEATTLE STORM,"2026-07-06, LA vs SEA",11,2,1,1,0,0,0,0,1,1,2,2,0,0,0,1
401857045,2026,WNBA,ZIA COOKE,SEATTLE STORM,"2026-07-06, LA vs SEA",13,7,2,5,1,3,0,0,2,0,2,0,0,0,1,3
401857045,2026,WNBA,NNEKA OGWUMIKE,LOS ANGELES SPARKS,"2026-07-06, LA vs SEA",28,14,4,8,1,5,3,4,10,1,11,3,2,0,2,0
401857045,2026,WNBA,DEARICA HAMBY,LOS ANGELES SPARKS,"2026-07-06, LA vs SEA",29,17,6,8,0,1,5,7,4,0,4,2,1,0,3,1
401857045,2026,WNBA,ERICA WHEELER,LOS ANGELES SPARKS,"2026-07-06, LA vs SEA",24,3,0,1,1,3,0,0,1,0,1,7,1,0,3,2
401857045,2026,WNBA,ARIEL ATKINS,LOS ANGELES SPARKS,"2026-07-06, LA vs SEA",22,5,2,3,0,3,1,1,3,2,5,0,0,0,3,3
401857045,2026,WNBA,RAE BURRELL,LOS ANGELES SPARKS,"2026-07-06, LA vs SEA",25,5,2,9,0,2,1,2,1,0,1,0,1,0,4,1
401857045,2026,WNBA,EMMA CANNON,LOS ANGELES SPARKS,"2026-07-06, LA vs SEA",15,5,1,2,1,2,0,0,3,0,3,3,0,1,1,2
401857045,2026,WNBA,JIHYUN PARK,LOS ANGELES SPARKS,"2026-07-06, LA vs SEA",10,0,0,2,0,2,0,0,1,0,1,0,0,0,1,2
401857045,2026,WNBA,KIANA WILLIAMS,LOS ANGELES SPARKS,"2026-07-06, LA vs SEA",16,4,2,2,0,3,0,0,0,0,0,3,1,0,1,1
401857045,2026,WNBA,KATE MARTIN,LOS ANGELES SPARKS,"2026-07-06, LA vs SEA",17,8,0,1,1,6,5,6,5,1,6,0,1,0,0,1
401857045,2026,WNBA,CHANCE GRAY,LOS ANGELES SPARKS,"2026-07-06, LA vs SEA",14,3,0,0,1,2,0,0,3,0,3,0,0,0,0,0
401857041,2026,WNBA,JESSICA SHEPARD,DALLAS WINGS,"2026-07-05, TOR vs DAL",32,14,5,10,0,1,4,4,9,6,15,3,1,0,3,3
401857041,2026,WNBA,AWAK KUIER,DALLAS WINGS,"2026-07-05, TOR vs DAL",21,10,2,4,2,2,0,0,5,1,6,0,1,3,0,1
401857041,2026,WNBA,ARIKE OGUNBOWALE,DALLAS WINGS,"2026-07-05, TOR vs DAL",27,10,3,6,1,7,1,1,3,3,6,2,0,0,0,2
401857041,2026,WNBA,PAIGE BUECKERS,DALLAS WINGS,"2026-07-05, TOR vs DAL",31,22,8,13,1,3,3,3,2,1,3,7,0,0,2,3
401857041,2026,WNBA,AZZI FUDD,DALLAS WINGS,"2026-07-05, TOR vs DAL",30,17,1,5,5,11,0,1,2,1,3,2,3,1,0,3
401857041,2026,WNBA,ALYSHA CLARK,DALLAS WINGS,"2026-07-05, TOR vs DAL",6,3,0,0,1,2,0,0,1,0,1,0,1,1,1,0
401857041,2026,WNBA,ALANNA SMITH,DALLAS WINGS,"2026-07-05, TOR vs DAL",14,2,0,0,0,2,2,2,1,3,4,1,1,1,0,2
401857041,2026,WNBA,MADDY SIEGRIST,DALLAS WINGS,"2026-07-05, TOR vs DAL",8,2,0,1,0,0,2,2,0,0,0,0,0,0,1,0
401857041,2026,WNBA,LI YUERU,DALLAS WINGS,"2026-07-05, TOR vs DAL",4,0,0,0,0,0,0,0,0,0,0,0,0,0,2,2
401857041,2026,WNBA,ODYSSEY SIMS,DALLAS WINGS,"2026-07-05, TOR vs DAL",8,2,1,2,0,0,0,0,0,0,0,0,0,0,0,4
401857041,2026,WNBA,SUG SUTTON,DALLAS WINGS,"2026-07-05, TOR vs DAL",9,4,2,2,0,0,0,0,0,0,0,1,0,0,1,2
401857041,2026,WNBA,AZIAHA JAMES,DALLAS WINGS,"2026-07-05, TOR vs DAL",10,3,1,4,0,0,1,1,3,1,4,0,0,0,1,0
401857041,2026,WNBA,ISABELLE HARRISON,TORONTO TEMPO,"2026-07-05, TOR vs DAL",27,13,5,9,0,1,3,4,3,2,5,1,1,1,3,2
401857041,2026,WNBA,MARIA CONDE,TORONTO TEMPO,"2026-07-05, TOR vs DAL",29,3,0,7,1,3,0,0,6,4,10,3,0,0,3,0
401857041,2026,WNBA,NYARA SABALLY,TORONTO TEMPO,"2026-07-05, TOR vs DAL",29,14,5,8,1,2,1,3,6,1,7,5,1,0,2,3
401857041,2026,WNBA,MARINA MABREY,TORONTO TEMPO,"2026-07-05, TOR vs DAL",31,19,4,9,3,9,2,2,2,3,5,5,1,1,1,2
401857041,2026,WNBA,TIMA POUYE,TORONTO TEMPO,"2026-07-05, TOR vs DAL",21,3,0,3,1,3,0,0,0,0,0,1,0,0,1,1
401857041,2026,WNBA,TEONNI KEY,TORONTO TEMPO,"2026-07-05, TOR vs DAL",10,2,1,1,0,0,0,0,0,0,0,0,0,0,1,1
401857041,2026,WNBA,LAURA JUSKAITE,TORONTO TEMPO,"2026-07-05, TOR vs DAL",24,8,2,4,1,3,1,2,3,2,5,1,1,1,1,2
401857041,2026,WNBA,KIA NURSE,TORONTO TEMPO,"2026-07-05, TOR vs DAL",21,12,1,2,3,7,1,1,1,0,1,0,0,0,1,2
401857041,2026,WNBA,ORNELLA BANKOLE,TORONTO TEMPO,"2026-07-05, TOR vs DAL",8,2,0,0,0,1,2,2,1,1,2,0,1,0,0,1
401857042,2026,WNBA,MONIQUE BILLINGS,INDIANA FEVER,"2026-07-05, LV vs IND",21,6,3,5,0,0,0,0,4,2,6,2,2,1,2,2
401857042,2026,WNBA,ALIYAH BOSTON,INDIANA FEVER,"2026-07-05, LV vs IND",31,18,4,9,3,4,1,4,7,3,10,1,0,2,1,2
401857042,2026,WNBA,KELSEY MITCHELL,INDIANA FEVER,"2026-07-05, LV vs IND",33,27,4,9,3,9,10,12,1,1,2,3,1,0,1,3
401857042,2026,WNBA,TYASHA HARRIS,INDIANA FEVER,"2026-07-05, LV vs IND",26,4,0,4,0,0,4,4,1,0,1,5,0,0,0,2
401857042,2026,WNBA,LEXIE HULL,INDIANA FEVER,"2026-07-05, LV vs IND",22,10,5,8,0,2,0,0,2,2,4,1,2,0,1,4
401857042,2026,WNBA,MYISHA HINES-ALLEN,INDIANA FEVER,"2026-07-05, LV vs IND",14,2,1,3,0,0,0,0,4,1,5,2,0,0,1,2
401857042,2026,WNBA,MAKAYLA TIMPSON,INDIANA FEVER,"2026-07-05, LV vs IND",8,2,1,2,0,0,0,0,3,1,4,1,0,0,0,1
401857042,2026,WNBA,GRACE VANSLOOTEN,INDIANA FEVER,"2026-07-05, LV vs IND",2,0,0,0,0,0,0,0,0,0,0,0,0,0,0,0
401857042,2026,WNBA,SOPHIE CUNNINGHAM,INDIANA FEVER,"2026-07-05, LV vs IND",21,9,0,1,3,5,0,0,1,0,1,1,0,0,1,2
401857042,2026,WNBA,RAVEN JOHNSON,INDIANA FEVER,"2026-07-05, LV vs IND",22,6,3,6,0,3,0,0,3,3,6,2,0,0,0,2
401857042,2026,WNBA,CHEYENNE PARKER-TYUS,LAS VEGAS ACES,"2026-07-05, LV vs IND",13,9,3,3,0,2,3,4,0,0,0,0,0,0,1,2
401857042,2026,WNBA,NALYSSA SMITH,LAS VEGAS ACES,"2026-07-05, LV vs IND",24,9,3,7,0,1,3,6,9,1,10,1,0,0,0,3
401857042,2026,WNBA,CHELSEA GRAY,LAS VEGAS ACES,"2026-07-05, LV vs IND",31,10,2,8,0,3,6,6,4,0,4,6,2,0,2,1
401857042,2026,WNBA,JEWELL LOYD,LAS VEGAS ACES,"2026-07-05, LV vs IND",32,12,1,4,2,5,4,5,2,1,3,1,1,0,2,3
401857042,2026,WNBA,JACKIE YOUNG,LAS VEGAS ACES,"2026-07-05, LV vs IND",33,15,5,8,1,5,2,2,2,0,2,4,1,0,5,2
401857042,2026,WNBA,STEPHANIE TALBOT,LAS VEGAS ACES,"2026-07-05, LV vs IND",17,7,1,1,1,2,2,2,2,2,4,1,0,0,0,1
401857042,2026,WNBA,BRIANNA TURNER,LAS VEGAS ACES,"2026-07-05, LV vs IND",28,6,3,3,0,0,0,0,4,1,5,0,0,1,2,2
401857042,2026,WNBA,KIERSTAN BELL,LAS VEGAS ACES,"2026-07-05, LV vs IND",6,0,0,0,0,1,0,0,0,0,0,0,0,0,1,0
401857042,2026,WNBA,CHENNEDY CARTER,LAS VEGAS ACES,"2026-07-05, LV vs IND",15,0,0,2,0,0,0,0,1,1,2,1,1,0,0,3
401857039,2026,WNBA,KAYLA THORNTON,GOLDEN STATE VALKYRIES,"2026-07-04, ATL vs GS",23,2,1,3,0,4,0,0,4,0,4,1,1,0,0,1
401857039,2026,WNBA,GABBY WILLIAMS,GOLDEN STATE VALKYRIES,"2026-07-04, ATL vs GS",27,19,3,6,4,8,1,1,1,0,1,2,3,0,0,3
401857039,2026,WNBA,CECILIA ZANDALASINI,GOLDEN STATE VALKYRIES,"2026-07-04, ATL vs GS",22,9,2,3,1,4,2,2,2,0,2,1,2,1,6,3
401857039,2026,WNBA,KIAH STOKES,GOLDEN STATE VALKYRIES,"2026-07-04, ATL vs GS",22,5,1,2,1,2,0,0,5,2,7,1,3,2,1,5
401857039,2026,WNBA,VERONICA BURTON,GOLDEN STATE VALKYRIES,"2026-07-04, ATL vs GS",31,21,4,6,2,3,7,8,1,0,1,4,1,1,4,3
401857039,2026,WNBA,LAETICIA AMIHERE,GOLDEN STATE VALKYRIES,"2026-07-04, ATL vs GS",14,2,1,2,0,0,0,1,4,1,5,2,0,0,1,3
401857039,2026,WNBA,JANELLE SALAUN,GOLDEN STATE VALKYRIES,"2026-07-04, ATL vs GS",20,14,2,3,3,6,1,1,1,1,2,0,0,0,0,2
401857039,2026,WNBA,TIFFANY HAYES,GOLDEN STATE VALKYRIES,"2026-07-04, ATL vs GS",13,5,1,5,1,2,0,0,0,0,0,1,2,0,0,2
401857039,2026,WNBA,KAILA CHARLES,GOLDEN STATE VALKYRIES,"2026-07-04, ATL vs GS",18,7,1,1,1,5,2,2,4,4,8,5,3,0,2,4
401857039,2026,WNBA,KAITLYN CHEN,GOLDEN STATE VALKYRIES,"2026-07-04, ATL vs GS",9,4,2,2,0,0,0,2,0,0,0,2,0,0,0,2
401857039,2026,WNBA,ANGEL REESE,ATLANTA DREAM,"2026-07-04, ATL vs GS",35,17,6,12,0,1,5,8,8,5,13,3,2,0,4,6
401857039,2026,WNBA,ALLISHA GRAY,ATLANTA DREAM,"2026-07-04, ATL vs GS",36,22,4,12,1,5,11,16,3,1,4,3,1,0,4,4
401857039,2026,WNBA,JORDIN CANADA,ATLANTA DREAM,"2026-07-04, ATL vs GS",35,7,2,6,1,3,0,0,3,1,4,8,2,0,4,2
401857039,2026,WNBA,RHYNE HOWARD,ATLANTA DREAM,"2026-07-04, ATL vs GS",37,19,2,4,4,11,3,4,3,2,5,3,0,1,0,2
401857039,2026,WNBA,ISOBEL BORLASE,ATLANTA DREAM,"2026-07-04, ATL vs GS",10,0,0,1,0,2,0,0,2,1,3,0,0,0,1,0
401857039,2026,WNBA,NAZ HILLMON,ATLANTA DREAM,"2026-07-04, ATL vs GS",24,3,0,0,1,1,0,0,4,1,5,1,0,0,0,3
401857039,2026,WNBA,SIKA KONE,ATLANTA DREAM,"2026-07-04, ATL vs GS",6,4,0,1,1,1,1,2,0,0,0,0,1,0,0,0
401857039,2026,WNBA,MADINA OKOT,ATLANTA DREAM,"2026-07-04, ATL vs GS",10,11,4,4,0,0,3,3,1,1,2,0,0,0,1,1
401857039,2026,WNBA,TE-HINA PAOPAO,ATLANTA DREAM,"2026-07-04, ATL vs GS",5,0,0,0,0,2,0,0,0,0,0,0,0,0,2,1
401857039,2026,WNBA,INDYA NIVAR,ATLANTA DREAM,"2026-07-04, ATL vs GS",4,0,0,0,0,0,0,0,1,0,1,0,0,0,1,1
401857040,2026,WNBA,BRIDGET CARLETON,PORTLAND FIRE,"2026-07-04, SEA vs POR",31,14,3,8,1,6,5,6,5,2,7,2,2,0,2,2
401857040,2026,WNBA,EMILY ENGSTLER,PORTLAND FIRE,"2026-07-04, SEA vs POR",22,9,2,3,1,5,2,2,6,2,8,0,2,0,5,1
401857040,2026,WNBA,MEGAN DILEO,PORTLAND FIRE,"2026-07-04, SEA vs POR",27,10,3,3,1,4,1,1,6,3,9,3,0,1,0,3
401857040,2026,WNBA,SARAH ASHLEE BARKER,PORTLAND FIRE,"2026-07-04, SEA vs POR",28,4,2,5,0,2,0,0,6,0,6,3,0,2,1,4
401857040,2026,WNBA,CARLA LEITE,PORTLAND FIRE,"2026-07-04, SEA vs POR",22,20,4,8,0,0,12,12,3,0,3,4,0,0,4,5
401857040,2026,WNBA,FRIEDA BUHNER,PORTLAND FIRE,"2026-07-04, SEA vs POR",18,9,4,7,0,2,1,2,5,2,7,2,0,0,2,2
401857040,2026,WNBA,NYADIEW PUOCH,PORTLAND FIRE,"2026-07-04, SEA vs POR",15,2,1,2,0,2,0,0,2,0,2,0,2,0,1,0
401857040,2026,WNBA,SERAH WILLIAMS,PORTLAND FIRE,"2026-07-04, SEA vs POR",13,0,0,1,0,0,0,0,2,0,2,0,0,0,1,2
401857040,2026,WNBA,HOLLY WINTERBURN,PORTLAND FIRE,"2026-07-04, SEA vs POR",8,4,1,2,0,1,2,2,1,0,1,2,1,0,0,0
401857040,2026,WNBA,TEJA OBLAK,PORTLAND FIRE,"2026-07-04, SEA vs POR",16,5,1,4,1,3,0,0,1,1,2,1,2,0,3,0
401857040,2026,WNBA,DOMINIQUE MALONGA,SEATTLE STORM,"2026-07-04, SEA vs POR",19,22,5,12,2,5,6,7,2,3,5,1,0,0,2,3
401857040,2026,WNBA,AWA FAM,SEATTLE STORM,"2026-07-04, SEA vs POR",34,12,2,7,2,8,2,2,3,0,3,1,4,1,2,3
401857040,2026,WNBA,NATISHA HIEDEMAN,SEATTLE STORM,"2026-07-04, SEA vs POR",34,15,4,7,2,6,1,1,2,0,2,4,4,0,4,1
401857040,2026,WNBA,FLAU'JAE JOHNSON,SEATTLE STORM,"2026-07-04, SEA vs POR",31,1,0,2,0,3,1,2,8,0,8,3,1,0,3,3
401857040,2026,WNBA,JADE MELBOURNE,SEATTLE STORM,"2026-07-04, SEA vs POR",18,5,1,1,1,1,0,0,1,0,1,3,2,0,2,5
401857040,2026,WNBA,KATIE LOU SAMUELSON,SEATTLE STORM,"2026-07-04, SEA vs POR",18,5,0,1,1,2,2,2,1,0,1,0,2,0,0,0
401857040,2026,WNBA,EZI MAGBEGOR,SEATTLE STORM,"2026-07-04, SEA vs POR",14,4,2,7,0,0,0,0,5,2,7,1,0,2,1,2
401857040,2026,WNBA,JORDAN HORSTON,SEATTLE STORM,"2026-07-04, SEA vs POR",8,2,1,3,0,0,0,0,1,1,2,2,0,0,0,1
401857040,2026,WNBA,STEFANIE DOLSON,SEATTLE STORM,"2026-07-04, SEA vs POR",9,2,1,1,0,1,0,0,1,0,1,0,1,0,0,1
401857040,2026,WNBA,ZIA COOKE,SEATTLE STORM,"2026-07-04, SEA vs POR",16,4,0,1,0,3,4,4,1,0,1,1,0,0,0,3
401857037,2026,WNBA,NATASHA HOWARD,MINNESOTA LYNX,"2026-07-03, NY vs MIN",31,7,3,10,0,0,1,1,4,2,6,2,0,0,0,4
401857037,2026,WNBA,NIA COFFEY,MINNESOTA LYNX,"2026-07-03, NY vs MIN",28,7,1,5,1,6,2,2,4,1,5,3,1,1,1,0
401857037,2026,WNBA,KAYLA MCBRIDE,MINNESOTA LYNX,"2026-07-03, NY vs MIN",33,18,3,7,4,9,0,0,0,1,1,1,3,0,3,1
401857037,2026,WNBA,COURTNEY WILLIAMS,MINNESOTA LYNX,"2026-07-03, NY vs MIN",25,16,5,9,2,4,0,0,3,2,5,3,0,0,2,3
401857037,2026,WNBA,OLIVIA MILES,MINNESOTA LYNX,"2026-07-03, NY vs MIN",26,14,5,12,0,4,4,4,1,4,5,5,1,0,1,3
401857037,2026,WNBA,LIATU KING,MINNESOTA LYNX,"2026-07-03, NY vs MIN",7,6,3,3,0,0,0,0,1,1,2,0,1,0,0,0
401857037,2026,WNBA,ANTONIA DELAERE,MINNESOTA LYNX,"2026-07-03, NY vs MIN",13,6,0,0,2,7,0,0,1,1,2,2,0,0,0,1
401857037,2026,WNBA,ANASTASIIA OLAIRI KOSU,MINNESOTA LYNX,"2026-07-03, NY vs MIN",14,9,4,6,0,0,1,2,0,3,3,3,1,0,0,2
401857037,2026,WNBA,MAYA CALDWELL,MINNESOTA LYNX,"2026-07-03, NY vs MIN",23,3,0,2,1,1,0,0,1,1,2,3,1,0,1,1
401857037,2026,WNBA,BREANNA STEWART,NEW YORK LIBERTY,"2026-07-03, NY vs MIN",36,36,12,15,2,4,6,6,6,1,7,0,0,2,4,1
401857037,2026,WNBA,LEONIE FIEBICH,NEW YORK LIBERTY,"2026-07-03, NY vs MIN",36,13,2,4,3,6,0,0,2,1,3,4,3,0,0,4
401857037,2026,WNBA,JONQUEL JONES,NEW YORK LIBERTY,"2026-07-03, NY vs MIN",33,14,3,7,2,3,2,3,12,3,15,5,2,0,3,2
401857037,2026,WNBA,SABRINA IONESCU,NEW YORK LIBERTY,"2026-07-03, NY vs MIN",35,17,2,2,3,10,4,4,2,0,2,6,2,2,2,1
401857037,2026,WNBA,PAULINE ASTIER,NEW YORK LIBERTY,"2026-07-03, NY vs MIN",30,14,5,6,0,0,4,4,1,1,2,6,0,0,3,2
401857037,2026,WNBA,RAQUEL CARRERA,NEW YORK LIBERTY,"2026-07-03, NY vs MIN",3,0,0,0,0,0,0,0,0,0,0,0,0,0,0,0
401857037,2026,WNBA,HAN XU,NEW YORK LIBERTY,"2026-07-03, NY vs MIN",8,5,2,2,0,0,1,1,0,1,1,0,0,2,0,1
401857037,2026,WNBA,REBEKAH GARDNER,NEW YORK LIBERTY,"2026-07-03, NY vs MIN",4,0,0,1,0,1,0,0,0,0,0,0,0,0,0,1
401857037,2026,WNBA,MARINE JOHANNES,NEW YORK LIBERTY,"2026-07-03, NY vs MIN",15,0,0,0,0,1,0,0,4,0,4,5,1,0,3,1
401857038,2026,WNBA,AZURA STEVENS,CHICAGO SKY,"2026-07-03, LV vs CHI",26,11,4,5,0,1,3,3,1,1,2,0,2,0,3,3
401857038,2026,WNBA,KAMILLA CARDOSO,CHICAGO SKY,"2026-07-03, LV vs CHI",27,16,4,11,0,0,8,8,6,4,10,4,1,2,5,4
401857038,2026,WNBA,SKYLAR DIGGINS,CHICAGO SKY,"2026-07-03, LV vs CHI",34,19,5,9,2,4,3,3,1,0,1,4,0,1,3,2
401857038,2026,WNBA,SYDNEY TAYLOR,CHICAGO SKY,"2026-07-03, LV vs CHI",26,6,1,5,1,5,1,1,0,1,1,1,0,0,0,5
401857038,2026,WNBA,GABRIELA JAQUEZ,CHICAGO SKY,"2026-07-03, LV vs CHI",12,2,0,1,0,1,2,2,2,0,2,0,1,0,1,2
401857038,2026,WNBA,ELIZABETH WILLIAMS,CHICAGO SKY,"2026-07-03, LV vs CHI",18,5,2,4,0,0,1,2,4,0,4,2,0,1,0,2
401857038,2026,WNBA,COURTNEY VANDERSLOOT,CHICAGO SKY,"2026-07-03, LV vs CHI",19,11,3,5,1,1,2,4,2,0,2,3,2,0,2,2
401857038,2026,WNBA,NATASHA CLOUD,CHICAGO SKY,"2026-07-03, LV vs CHI",34,15,2,4,2,4,5,6,3,0,3,5,2,0,2,4
401857038,2026,WNBA,JACY SHELDON,CHICAGO SKY,"2026-07-03, LV vs CHI",19,5,0,1,1,2,2,2,2,0,2,1,0,0,0,3
401857038,2026,WNBA,AICHA COULIBALY,CHICAGO SKY,"2026-07-03, LV vs CHI",9,0,0,0,0,2,0,0,5,0,5,0,0,0,2,2
401857038,2026,WNBA,STEPHANIE TALBOT,LAS VEGAS ACES,"2026-07-03, LV vs CHI",28,4,2,2,0,0,0,0,5,0,5,0,2,0,1,2
401857038,2026,WNBA,NALYSSA SMITH,LAS VEGAS ACES,"2026-07-03, LV vs CHI",33,29,11,14,0,0,7,10,6,2,8,1,0,0,1,4
401857038,2026,WNBA,CHELSEA GRAY,LAS VEGAS ACES,"2026-07-03, LV vs CHI",41,18,7,13,0,4,4,4,4,0,4,6,2,0,3,2
401857038,2026,WNBA,JEWELL LOYD,LAS VEGAS ACES,"2026-07-03, LV vs CHI",39,19,3,4,3,9,4,5,4,1,5,3,1,1,0,1
401857038,2026,WNBA,JACKIE YOUNG,LAS VEGAS ACES,"2026-07-03, LV vs CHI",39,16,6,7,0,4,4,4,6,0,6,5,2,0,5,3
401857038,2026,WNBA,CHEYENNE PARKER-TYUS,LAS VEGAS ACES,"2026-07-03, LV vs CHI",20,5,1,4,0,2,3,5,2,1,3,1,3,2,2,2
401857038,2026,WNBA,KIERSTAN BELL,LAS VEGAS ACES,"2026-07-03, LV vs CHI",13,3,0,2,1,3,0,0,1,2,3,0,0,2,0,3
401857038,2026,WNBA,CHENNEDY CARTER,LAS VEGAS ACES,"2026-07-03, LV vs CHI",11,4,1,1,0,0,2,2,0,0,0,1,0,1,1,2
401857034,2026,WNBA,ANGEL REESE,ATLANTA DREAM,"2026-07-02, WSH vs ATL",34,13,6,15,0,0,1,3,7,6,13,3,2,1,2,5
401857034,2026,WNBA,SIKA KONE,ATLANTA DREAM,"2026-07-02, WSH vs ATL",13,0,0,0,0,2,0,0,0,2,2,0,0,0,1,2
401857034,2026,WNBA,ALLISHA GRAY,ATLANTA DREAM,"2026-07-02, WSH vs ATL",33,17,7,11,0,4,3,8,2,2,4,3,2,1,2,2
401857034,2026,WNBA,JORDIN CANADA,ATLANTA DREAM,"2026-07-02, WSH vs ATL",34,10,4,9,0,2,2,2,3,0,3,7,2,0,2,5
401857034,2026,WNBA,RHYNE HOWARD,ATLANTA DREAM,"2026-07-02, WSH vs ATL",38,24,3,7,5,13,3,3,2,0,2,3,4,0,2,2
401857034,2026,WNBA,NAZ HILLMON,ATLANTA DREAM,"2026-07-02, WSH vs ATL",26,5,0,0,1,5,2,2,1,4,5,1,1,1,2,2
401857034,2026,WNBA,MADINA OKOT,ATLANTA DREAM,"2026-07-02, WSH vs ATL",8,4,2,4,0,0,0,0,1,2,3,0,0,0,1,2
401857034,2026,WNBA,TE-HINA PAOPAO,ATLANTA DREAM,"2026-07-02, WSH vs ATL",6,0,0,1,0,2,0,0,1,0,1,1,0,0,0,0
401857034,2026,WNBA,INDYA NIVAR,ATLANTA DREAM,"2026-07-02, WSH vs ATL",1,0,0,1,0,0,0,0,0,0,0,0,0,0,0,1
401857034,2026,WNBA,ISOBEL BORLASE,ATLANTA DREAM,"2026-07-02, WSH vs ATL",8,3,0,1,1,2,0,0,0,0,0,1,1,0,3,2
401857034,2026,WNBA,MICHAELA ONYENWERE,WASHINGTON MYSTICS,"2026-07-02, WSH vs ATL",24,4,2,6,0,0,0,0,3,0,3,3,0,0,3,2
401857034,2026,WNBA,KIKI IRIAFEN,WASHINGTON MYSTICS,"2026-07-02, WSH vs ATL",30,14,4,6,1,2,3,4,7,3,10,2,1,0,5,4
401857034,2026,WNBA,SHAKIRA AUSTIN,WASHINGTON MYSTICS,"2026-07-02, WSH vs ATL",30,21,7,12,2,2,1,5,8,1,9,3,0,3,3,3
401857034,2026,WNBA,COTIE MCMAHON,WASHINGTON MYSTICS,"2026-07-02, WSH vs ATL",33,7,0,2,2,5,1,2,2,1,3,2,1,0,4,4
401857034,2026,WNBA,GEORGIA AMOORE,WASHINGTON MYSTICS,"2026-07-02, WSH vs ATL",13,11,2,3,1,1,4,4,1,0,1,0,0,0,1,3
401857034,2026,WNBA,ANGELA DUGALIC,WASHINGTON MYSTICS,"2026-07-02, WSH vs ATL",8,2,1,2,0,0,0,2,0,0,0,1,0,0,0,0
401857034,2026,WNBA,LAUREN BETTS,WASHINGTON MYSTICS,"2026-07-02, WSH vs ATL",12,4,2,2,0,0,0,0,3,1,4,1,0,0,3,1
401857034,2026,WNBA,LUCY OLSEN,WASHINGTON MYSTICS,"2026-07-02, WSH vs ATL",5,3,0,0,1,1,0,0,0,0,0,0,0,0,2,0
401857034,2026,WNBA,CASSANDRE PROSPER,WASHINGTON MYSTICS,"2026-07-02, WSH vs ATL",18,2,1,2,0,2,0,0,1,1,2,1,0,0,1,3
401857034,2026,WNBA,ALICIA FLOREZ,WASHINGTON MYSTICS,"2026-07-02, WSH vs ATL",27,13,3,5,2,3,1,2,5,1,6,7,0,0,4,2
401857035,2026,WNBA,JESSICA SHEPARD,DALLAS WINGS,"2026-07-02, CON vs DAL",30,14,6,10,0,0,2,4,5,1,6,1,1,0,2,3
401857035,2026,WNBA,AWAK KUIER,DALLAS WINGS,"2026-07-02, CON vs DAL",14,5,2,4,0,1,1,1,0,0,0,0,0,0,0,3
401857035,2026,WNBA,ARIKE OGUNBOWALE,DALLAS WINGS,"2026-07-02, CON vs DAL",26,9,0,1,3,9,0,0,2,0,2,1,1,0,1,3
401857035,2026,WNBA,PAIGE BUECKERS,DALLAS WINGS,"2026-07-02, CON vs DAL",37,25,7,9,2,5,5,6,6,1,7,7,0,0,4,5
401857035,2026,WNBA,AZZI FUDD,DALLAS WINGS,"2026-07-02, CON vs DAL",32,4,2,5,0,2,0,0,2,2,4,5,0,0,5,3
401857035,2026,WNBA,ALANNA SMITH,DALLAS WINGS,"2026-07-02, CON vs DAL",14,11,2,3,2,3,1,3,2,1,3,0,0,0,0,2
401857035,2026,WNBA,MADDY SIEGRIST,DALLAS WINGS,"2026-07-02, CON vs DAL",13,7,2,3,1,3,0,0,3,0,3,0,2,1,0,3
401857035,2026,WNBA,LI YUERU,DALLAS WINGS,"2026-07-02, CON vs DAL",10,5,0,0,1,1,2,2,2,0,2,0,0,0,0,0
401857035,2026,WNBA,ODYSSEY SIMS,DALLAS WINGS,"2026-07-02, CON vs DAL",12,2,1,4,0,0,0,0,1,0,1,4,0,2,2,0
401857035,2026,WNBA,SUG SUTTON,DALLAS WINGS,"2026-07-02, CON vs DAL",2,0,0,0,0,1,0,0,0,0,0,0,0,0,0,0
401857035,2026,WNBA,AZIAHA JAMES,DALLAS WINGS,"2026-07-02, CON vs DAL",12,4,2,3,0,1,0,0,3,0,3,0,0,0,0,3
401857035,2026,WNBA,DIAMOND MILLER,CONNECTICUT SUN,"2026-07-02, CON vs DAL",22,3,1,5,0,1,1,2,2,1,3,1,2,1,1,5
401857035,2026,WNBA,BRITTNEY GRINER,CONNECTICUT SUN,"2026-07-02, CON vs DAL",30,13,5,12,0,0,3,6,8,3,11,1,0,1,3,5
401857035,2026,WNBA,OLIVIA NELSON-ODODA,CONNECTICUT SUN,"2026-07-02, CON vs DAL",24,11,4,6,0,0,3,5,5,3,8,1,1,0,4,4
401857035,2026,WNBA,CHARLISSE LEGER-WALKER,CONNECTICUT SUN,"2026-07-02, CON vs DAL",30,14,4,6,1,2,3,5,2,0,2,1,1,1,0,2
401857035,2026,WNBA,LEILA LACAN,CONNECTICUT SUN,"2026-07-02, CON vs DAL",32,18,3,10,2,4,6,6,0,2,2,5,3,0,2,0
401857035,2026,WNBA,AALIYAH EDWARDS,CONNECTICUT SUN,"2026-07-02, CON vs DAL",19,11,4,7,0,0,3,7,1,2,3,4,0,0,2,5
401857035,2026,WNBA,ANEESAH MORROW,CONNECTICUT SUN,"2026-07-02, CON vs DAL",4,3,1,2,0,0,1,1,1,0,1,0,0,0,0,0
401857035,2026,WNBA,KENNEDY BURKE,CONNECTICUT SUN,"2026-07-02, CON vs DAL",26,8,3,4,0,2,2,3,2,0,2,1,0,1,0,0
401857035,2026,WNBA,SANIYA RIVERS,CONNECTICUT SUN,"2026-07-02, CON vs DAL",13,2,1,3,0,0,0,0,2,0,2,2,0,0,2,2
401857036,2026,WNBA,DOMINIQUE MALONGA,SEATTLE STORM,"2026-07-02, PHX vs SEA",21,5,2,11,0,0,1,2,5,1,6,1,0,1,2,3
401857036,2026,WNBA,AWA FAM,SEATTLE STORM,"2026-07-02, PHX vs SEA",27,13,5,5,1,3,0,0,5,1,6,3,1,2,1,3
401857036,2026,WNBA,NATISHA HIEDEMAN,SEATTLE STORM,"2026-07-02, PHX vs SEA",27,13,5,7,1,4,0,0,3,1,4,2,1,1,4,0
401857036,2026,WNBA,FLAU'JAE JOHNSON,SEATTLE STORM,"2026-07-02, PHX vs SEA",29,11,2,7,2,5,1,2,3,0,3,3,1,1,1,3
401857036,2026,WNBA,JADE MELBOURNE,SEATTLE STORM,"2026-07-02, PHX vs SEA",26,11,1,1,2,4,3,4,4,0,4,5,1,0,3,2
401857036,2026,WNBA,KATIE LOU SAMUELSON,SEATTLE STORM,"2026-07-02, PHX vs SEA",8,0,0,0,0,1,0,0,1,0,1,0,0,1,0,3
401857036,2026,WNBA,EZI MAGBEGOR,SEATTLE STORM,"2026-07-02, PHX vs SEA",17,8,1,2,2,2,0,0,0,0,0,3,1,0,2,0
401857036,2026,WNBA,JORDAN HORSTON,SEATTLE STORM,"2026-07-02, PHX vs SEA",21,6,2,4,0,2,2,4,1,1,2,2,0,0,0,1
401857036,2026,WNBA,MACKENZIE HOLMES,SEATTLE STORM,"2026-07-02, PHX vs SEA",2,0,0,0,0,0,0,0,0,1,1,0,0,0,0,0
401857036,2026,WNBA,TAYLOR THIERRY,SEATTLE STORM,"2026-07-02, PHX vs SEA",2,0,0,0,0,0,0,0,0,0,0,0,0,0,0,1
401857036,2026,WNBA,STEFANIE DOLSON,SEATTLE STORM,"2026-07-02, PHX vs SEA",12,0,0,0,0,2,0,0,1,0,1,0,0,0,0,0
401857036,2026,WNBA,ZIA COOKE,SEATTLE STORM,"2026-07-02, PHX vs SEA",7,0,0,0,0,2,0,0,1,0,1,0,0,0,0,1
401857036,2026,WNBA,DEWANNA BONNER,PHOENIX MERCURY,"2026-07-02, PHX vs SEA",31,6,3,5,0,5,0,0,8,0,8,2,2,2,1,3
401857036,2026,WNBA,ALYSSA THOMAS,PHOENIX MERCURY,"2026-07-02, PHX vs SEA",33,9,4,10,0,0,1,1,7,6,13,9,2,1,2,1
401857036,2026,WNBA,VALERIANE AYAYI,PHOENIX MERCURY,"2026-07-02, PHX vs SEA",27,18,2,4,3,7,5,7,1,1,2,3,0,0,2,3
401857036,2026,WNBA,KAHLEAH COPPER,PHOENIX MERCURY,"2026-07-02, PHX vs SEA",36,30,10,16,2,5,4,7,5,2,7,3,2,0,2,2
401857036,2026,WNBA,LEXI HELD,PHOENIX MERCURY,"2026-07-02, PHX vs SEA",31,17,1,5,5,6,0,0,4,1,5,2,1,0,2,0
401857036,2026,WNBA,MARTA SUAREZ,PHOENIX MERCURY,"2026-07-02, PHX vs SEA",8,6,2,4,0,0,2,2,0,3,3,0,0,0,1,1
401857036,2026,WNBA,KYARA LINSKENS,PHOENIX MERCURY,"2026-07-02, PHX vs SEA",7,0,0,1,0,0,0,0,0,0,0,1,1,1,0,0
401857036,2026,WNBA,QUIONCHE CARTER,PHOENIX MERCURY,"2026-07-02, PHX vs SEA",11,1,0,1,0,2,1,2,1,0,1,1,0,0,0,1
401857036,2026,WNBA,MONIQUE AKOA MAKANI,PHOENIX MERCURY,"2026-07-02, PHX vs SEA",14,3,0,1,1,1,0,0,1,0,1,2,1,0,0,2
401857321,2026,WNBA,STEPHANIE TALBOT,LAS VEGAS ACES,"2026-06-30, NY vs LV",13,0,0,0,0,1,0,0,1,0,1,1,0,0,0,0
401857321,2026,WNBA,NALYSSA SMITH,LAS VEGAS ACES,"2026-06-30, NY vs LV",20,9,4,8,0,0,1,2,2,4,6,1,0,0,1,2
401857321,2026,WNBA,CHELSEA GRAY,LAS VEGAS ACES,"2026-06-30, NY vs LV",36,7,2,8,1,4,0,0,3,0,3,7,0,0,5,5
401857321,2026,WNBA,JEWELL LOYD,LAS VEGAS ACES,"2026-06-30, NY vs LV",32,5,1,2,1,7,0,1,3,0,3,0,3,0,0,3
401857321,2026,WNBA,JACKIE YOUNG,LAS VEGAS ACES,"2026-06-30, NY vs LV",36,31,9,13,3,8,4,4,2,0,2,7,2,0,2,4
401857321,2026,WNBA,CHEYENNE PARKER-TYUS,LAS VEGAS ACES,"2026-06-30, NY vs LV",19,8,3,6,0,2,2,2,4,4,8,2,1,0,0,4
401857321,2026,WNBA,BRIANNA TURNER,LAS VEGAS ACES,"2026-06-30, NY vs LV",8,0,0,1,0,0,0,0,1,0,1,0,0,0,0,3
401857321,2026,WNBA,KIERSTAN BELL,LAS VEGAS ACES,"2026-06-30, NY vs LV",11,7,2,2,1,3,0,0,2,1,3,0,0,0,0,0
401857321,2026,WNBA,CHENNEDY CARTER,LAS VEGAS ACES,"2026-06-30, NY vs LV",25,18,7,13,0,1,4,5,2,1,3,3,2,0,1,3
401857321,2026,WNBA,BREANNA STEWART,NEW YORK LIBERTY,"2026-06-30, NY vs LV",35,25,9,15,0,1,7,9,7,4,11,4,2,2,3,2
401857321,2026,WNBA,LEONIE FIEBICH,NEW YORK LIBERTY,"2026-06-30, NY vs LV",33,2,1,4,0,1,0,1,6,2,8,2,1,1,1,5
401857321,2026,WNBA,JONQUEL JONES,NEW YORK LIBERTY,"2026-06-30, NY vs LV",33,9,1,2,0,4,7,8,8,1,9,3,0,2,0,3
401857321,2026,WNBA,SABRINA IONESCU,NEW YORK LIBERTY,"2026-06-30, NY vs LV",31,26,4,6,5,13,3,4,4,1,5,5,0,0,3,3
401857321,2026,WNBA,PAULINE ASTIER,NEW YORK LIBERTY,"2026-06-30, NY vs LV",31,15,4,7,1,1,4,4,3,2,5,4,0,0,2,4
401857321,2026,WNBA,RAQUEL CARRERA,NEW YORK LIBERTY,"2026-06-30, NY vs LV",6,2,0,0,0,0,2,2,0,0,0,0,0,0,2,2
401857321,2026,WNBA,REBEKAH GARDNER,NEW YORK LIBERTY,"2026-06-30, NY vs LV",12,7,3,4,0,1,1,1,1,0,1,0,1,0,2,0
401857321,2026,WNBA,MARINE JOHANNES,NEW YORK LIBERTY,"2026-06-30, NY vs LV",19,7,2,3,1,4,0,0,3,0,3,0,2,0,0,0
401857030,2026,WNBA,NATASHA HOWARD,MINNESOTA LYNX,"2026-06-28, DAL vs MIN",36,21,9,17,0,0,3,4,10,4,14,2,3,1,0,2
401857030,2026,WNBA,NIA COFFEY,MINNESOTA LYNX,"2026-06-28, DAL vs MIN",34,9,1,4,2,3,1,2,5,3,8,2,2,1,0,3
401857030,2026,WNBA,KAYLA MCBRIDE,MINNESOTA LYNX,"2026-06-28, DAL vs MIN",38,17,2,6,4,10,1,1,1,0,1,2,0,0,1,2
401857030,2026,WNBA,COURTNEY WILLIAMS,MINNESOTA LYNX,"2026-06-28, DAL vs MIN",36,12,4,11,1,5,1,2,5,0,5,4,2,1,2,2
401857030,2026,WNBA,OLIVIA MILES,MINNESOTA LYNX,"2026-06-28, DAL vs MIN",34,21,5,9,1,4,8,8,2,1,3,8,1,1,5,2
401857030,2026,WNBA,LIATU KING,MINNESOTA LYNX,"2026-06-28, DAL vs MIN",6,0,0,0,0,0,0,0,1,1,2,0,0,0,1,2
401857030,2026,WNBA,ANTONIA DELAERE,MINNESOTA LYNX,"2026-06-28, DAL vs MIN",2,0,0,0,0,0,0,0,0,0,0,0,0,0,1,1
401857030,2026,WNBA,ANASTASIIA OLAIRI KOSU,MINNESOTA LYNX,"2026-06-28, DAL vs MIN",4,0,0,0,0,0,0,0,0,0,0,0,0,1,0,0
401857030,2026,WNBA,MAYA CALDWELL,MINNESOTA LYNX,"2026-06-28, DAL vs MIN",10,5,1,2,1,1,0,0,3,0,3,1,1,0,0,1
401857030,2026,WNBA,JESSICA SHEPARD,DALLAS WINGS,"2026-06-28, DAL vs MIN",35,8,4,6,0,0,0,0,11,5,16,3,0,0,3,4
401857030,2026,WNBA,AWAK KUIER,DALLAS WINGS,"2026-06-28, DAL vs MIN",16,2,1,3,0,2,0,0,3,0,3,0,0,1,1,0
401857030,2026,WNBA,ARIKE OGUNBOWALE,DALLAS WINGS,"2026-06-28, DAL vs MIN",26,5,0,6,1,3,2,2,3,1,4,0,1,0,2,1
401857030,2026,WNBA,PAIGE BUECKERS,DALLAS WINGS,"2026-06-28, DAL vs MIN",36,25,8,13,2,4,3,3,3,0,3,4,1,1,4,3
401857030,2026,WNBA,AZZI FUDD,DALLAS WINGS,"2026-06-28, DAL vs MIN",38,21,4,14,4,9,1,1,0,1,1,3,4,1,2,3
401857030,2026,WNBA,MADDY SIEGRIST,DALLAS WINGS,"2026-06-28, DAL vs MIN",24,12,3,3,0,1,6,7,2,3,5,2,0,0,1,2
401857030,2026,WNBA,LI YUERU,DALLAS WINGS,"2026-06-28, DAL vs MIN",5,0,0,1,0,1,0,0,3,1,4,0,0,0,1,1
401857030,2026,WNBA,SUG SUTTON,DALLAS WINGS,"2026-06-28, DAL vs MIN",9,2,1,2,0,2,0,0,1,0,1,1,1,0,0,0
401857030,2026,WNBA,AZIAHA JAMES,DALLAS WINGS,"2026-06-28, DAL vs MIN",11,2,0,3,0,1,2,2,1,0,1,0,0,0,1,1
401857031,2026,WNBA,BRIDGET CARLETON,PORTLAND FIRE,"2026-06-28, WSH vs POR",51,16,2,6,3,7,3,3,3,0,3,2,3,2,3,6
401857031,2026,WNBA,EMILY ENGSTLER,PORTLAND FIRE,"2026-06-28, WSH vs POR",38,6,3,7,0,4,0,0,11,0,11,2,2,3,3,6
401857031,2026,WNBA,MEGAN DILEO,PORTLAND FIRE,"2026-06-28, WSH vs POR",46,20,3,7,4,7,2,2,3,2,5,4,3,1,2,6
401857031,2026,WNBA,SARAH ASHLEE BARKER,PORTLAND FIRE,"2026-06-28, WSH vs POR",46,25,9,12,1,4,4,4,5,1,6,3,0,0,5,5
401857031,2026,WNBA,CARLA LEITE,PORTLAND FIRE,"2026-06-28, WSH vs POR",48,32,9,20,3,6,5,6,3,3,6,9,3,0,6,5
401857031,2026,WNBA,FRIEDA BUHNER,PORTLAND FIRE,"2026-06-28, WSH vs POR",22,9,2,4,1,6,2,2,0,1,1,1,1,1,0,3
401857031,2026,WNBA,NYADIEW PUOCH,PORTLAND FIRE,"2026-06-28, WSH vs POR",19,9,1,2,2,4,1,2,1,1,2,1,0,0,0,3
401857031,2026,WNBA,SERAH WILLIAMS,PORTLAND FIRE,"2026-06-28, WSH vs POR",14,4,1,3,0,0,2,2,3,4,7,0,0,0,0,2
401857031,2026,WNBA,JORDAN HARRISON,PORTLAND FIRE,"2026-06-28, WSH vs POR",7,0,0,0,0,0,0,0,0,0,0,4,0,1,0,2
401857031,2026,WNBA,TEJA OBLAK,PORTLAND FIRE,"2026-06-28, WSH vs POR",9,2,1,1,0,1,0,0,3,0,3,3,0,0,3,1
401857031,2026,WNBA,MICHAELA ONYENWERE,WASHINGTON MYSTICS,"2026-06-28, WSH vs POR",49,30,3,7,6,9,6,6,3,2,5,5,1,1,1,2
401857031,2026,WNBA,KIKI IRIAFEN,WASHINGTON MYSTICS,"2026-06-28, WSH vs POR",48,27,10,23,1,2,4,9,8,3,11,6,2,1,2,6
401857031,2026,WNBA,SHAKIRA AUSTIN,WASHINGTON MYSTICS,"2026-06-28, WSH vs POR",47,9,2,6,1,3,2,2,9,4,13,6,0,4,1,1
401857031,2026,WNBA,SONIA CITRON,WASHINGTON MYSTICS,"2026-06-28, WSH vs POR",53,32,8,13,1,7,13,14,6,0,6,4,1,1,8,3
401857031,2026,WNBA,GEORGIA AMOORE,WASHINGTON MYSTICS,"2026-06-28, WSH vs POR",12,2,0,0,0,3,2,2,0,0,0,3,0,0,1,2
401857031,2026,WNBA,ANGELA DUGALIC,WASHINGTON MYSTICS,"2026-06-28, WSH vs POR",11,3,1,2,0,1,1,2,1,1,2,0,0,1,2,1
401857031,2026,WNBA,LAUREN BETTS,WASHINGTON MYSTICS,"2026-06-28, WSH vs POR",13,4,2,6,0,0,0,2,0,2,2,1,1,0,0,1
401857031,2026,WNBA,LUCY OLSEN,WASHINGTON MYSTICS,"2026-06-28, WSH vs POR",14,4,1,3,0,1,2,2,2,0,2,1,0,0,0,3
401857031,2026,WNBA,COTIE MCMAHON,WASHINGTON MYSTICS,"2026-06-28, WSH vs POR",21,5,1,2,1,3,0,0,1,0,1,2,0,0,0,3
401857031,2026,WNBA,ALICIA FLOREZ,WASHINGTON MYSTICS,"2026-06-28, WSH vs POR",34,8,4,7,0,0,0,2,3,0,3,4,5,1,2,1
401857032,2026,WNBA,STEPHANIE TALBOT,LAS VEGAS ACES,"2026-06-28, CHI vs LV",20,3,1,1,0,1,1,2,0,1,1,0,2,0,1,3
401857032,2026,WNBA,NALYSSA SMITH,LAS VEGAS ACES,"2026-06-28, CHI vs LV",14,6,2,6,0,0,2,3,1,0,1,2,1,1,1,5
401857032,2026,WNBA,A'JA WILSON,LAS VEGAS ACES,"2026-06-28, CHI vs LV",34,30,7,11,1,3,13,16,11,4,15,1,4,3,4,2
401857032,2026,WNBA,CHELSEA GRAY,LAS VEGAS ACES,"2026-06-28, CHI vs LV",35,18,5,6,1,3,5,5,6,0,6,8,0,0,3,3
401857032,2026,WNBA,JACKIE YOUNG,LAS VEGAS ACES,"2026-06-28, CHI vs LV",36,28,5,8,4,6,6,6,5,0,5,8,0,0,1,2
401857032,2026,WNBA,CHEYENNE PARKER-TYUS,LAS VEGAS ACES,"2026-06-28, CHI vs LV",4,0,0,1,0,0,0,0,1,0,1,0,0,0,0,0
401857032,2026,WNBA,BRIANNA TURNER,LAS VEGAS ACES,"2026-06-28, CHI vs LV",4,0,0,0,0,0,0,0,1,0,1,0,0,0,0,0
401857032,2026,WNBA,KIERSTAN BELL,LAS VEGAS ACES,"2026-06-28, CHI vs LV",10,5,1,1,1,3,0,0,0,0,0,0,0,0,0,1
401857032,2026,WNBA,JEWELL LOYD,LAS VEGAS ACES,"2026-06-28, CHI vs LV",28,6,0,0,2,7,0,0,1,0,1,0,2,0,0,3
401857032,2026,WNBA,CHENNEDY CARTER,LAS VEGAS ACES,"2026-06-28, CHI vs LV",16,11,2,4,1,2,4,5,0,1,1,1,0,0,1,2
401857032,2026,WNBA,AZURA STEVENS,CHICAGO SKY,"2026-06-28, CHI vs LV",30,24,5,8,3,6,5,7,4,2,6,3,2,0,1,4
401857032,2026,WNBA,KAMILLA CARDOSO,CHICAGO SKY,"2026-06-28, CHI vs LV",30,24,10,15,0,0,4,4,5,3,8,2,2,0,1,4
401857032,2026,WNBA,SKYLAR DIGGINS,CHICAGO SKY,"2026-06-28, CHI vs LV",28,7,0,6,2,5,1,5,6,0,6,5,0,0,2,4
401857032,2026,WNBA,SYDNEY TAYLOR,CHICAGO SKY,"2026-06-28, CHI vs LV",32,14,4,7,2,6,0,0,3,0,3,0,2,1,4,3
401857032,2026,WNBA,GABRIELA JAQUEZ,CHICAGO SKY,"2026-06-28, CHI vs LV",12,2,1,3,0,0,0,0,1,2,3,2,1,0,0,1
401857032,2026,WNBA,ELIZABETH WILLIAMS,CHICAGO SKY,"2026-06-28, CHI vs LV",10,10,5,7,0,0,0,1,2,1,3,1,0,0,0,1
401857032,2026,WNBA,COURTNEY VANDERSLOOT,CHICAGO SKY,"2026-06-28, CHI vs LV",16,5,0,3,0,1,5,6,3,1,4,8,1,0,1,1
401857032,2026,WNBA,NATASHA CLOUD,CHICAGO SKY,"2026-06-28, CHI vs LV",23,6,1,2,1,2,1,2,1,1,2,4,0,0,2,5
401857032,2026,WNBA,JACY SHELDON,CHICAGO SKY,"2026-06-28, CHI vs LV",11,5,1,3,1,3,0,0,0,1,1,2,0,0,0,2
401857032,2026,WNBA,AICHA COULIBALY,CHICAGO SKY,"2026-06-28, CHI vs LV",9,2,1,2,0,1,0,0,0,0,0,0,0,0,0,1
401857033,2026,WNBA,BREANNA STEWART,NEW YORK LIBERTY,"2026-06-28, GS vs NY",26,15,3,8,1,3,6,6,4,0,4,0,1,0,3,3
401857033,2026,WNBA,LEONIE FIEBICH,NEW YORK LIBERTY,"2026-06-28, GS vs NY",31,6,3,3,0,1,0,0,0,0,0,1,1,0,0,2
401857033,2026,WNBA,JONQUEL JONES,NEW YORK LIBERTY,"2026-06-28, GS vs NY",27,21,2,2,3,6,8,10,7,0,7,2,0,0,3,4
401857033,2026,WNBA,SABRINA IONESCU,NEW YORK LIBERTY,"2026-06-28, GS vs NY",26,9,1,4,2,6,1,1,3,0,3,2,0,0,1,1
401857033,2026,WNBA,PAULINE ASTIER,NEW YORK LIBERTY,"2026-06-28, GS vs NY",23,5,1,4,1,2,0,0,0,0,0,4,1,0,0,4
401857033,2026,WNBA,RAQUEL CARRERA,NEW YORK LIBERTY,"2026-06-28, GS vs NY",8,0,0,0,0,0,0,2,3,1,4,0,1,0,1,2
401857033,2026,WNBA,HAN XU,NEW YORK LIBERTY,"2026-06-28, GS vs NY",10,4,0,0,1,1,1,2,0,0,0,0,0,0,0,0
401857033,2026,WNBA,REBEKAH GARDNER,NEW YORK LIBERTY,"2026-06-28, GS vs NY",15,4,2,5,0,1,0,0,2,3,5,1,0,0,0,1
401857033,2026,WNBA,BETNIJAH LANEY-HAMILTON,NEW YORK LIBERTY,"2026-06-28, GS vs NY",13,0,0,0,0,0,0,0,0,0,0,1,0,0,1,2
401857033,2026,WNBA,REBECCA ALLEN,NEW YORK LIBERTY,"2026-06-28, GS vs NY",4,0,0,0,0,1,0,0,0,0,0,0,0,1,0,0
401857033,2026,WNBA,MARINE JOHANNES,NEW YORK LIBERTY,"2026-06-28, GS vs NY",18,3,0,1,1,4,0,0,1,0,1,3,1,1,2,2
401857033,2026,WNBA,KAYLA THORNTON,GOLDEN STATE VALKYRIES,"2026-06-28, GS vs NY",26,11,2,2,2,5,1,1,4,0,4,0,0,0,2,4
401857033,2026,WNBA,GABBY WILLIAMS,GOLDEN STATE VALKYRIES,"2026-06-28, GS vs NY",20,7,1,5,1,4,2,5,2,0,2,1,0,0,2,0
401857033,2026,WNBA,CECILIA ZANDALASINI,GOLDEN STATE VALKYRIES,"2026-06-28, GS vs NY",17,10,2,2,1,3,3,3,2,0,2,1,1,0,2,1
401857033,2026,WNBA,KIAH STOKES,GOLDEN STATE VALKYRIES,"2026-06-28, GS vs NY",23,1,0,0,0,1,1,2,3,1,4,1,2,2,0,3
401857033,2026,WNBA,VERONICA BURTON,GOLDEN STATE VALKYRIES,"2026-06-28, GS vs NY",27,8,2,6,1,1,1,1,5,1,6,8,0,0,0,2
401857033,2026,WNBA,LAETICIA AMIHERE,GOLDEN STATE VALKYRIES,"2026-06-28, GS vs NY",15,0,0,2,0,0,0,0,3,2,5,3,0,0,2,4
401857033,2026,WNBA,JANELLE SALAUN,GOLDEN STATE VALKYRIES,"2026-06-28, GS vs NY",14,10,4,4,0,4,2,2,3,1,4,1,0,0,0,1
401857033,2026,WNBA,NADIA FINGALL,GOLDEN STATE VALKYRIES,"2026-06-28, GS vs NY",2,0,0,0,0,0,0,0,0,0,0,0,0,0,0,0
401857033,2026,WNBA,TIFFANY HAYES,GOLDEN STATE VALKYRIES,"2026-06-28, GS vs NY",18,8,1,3,2,5,0,0,0,1,1,2,2,0,0,3
401857033,2026,WNBA,KAILA CHARLES,GOLDEN STATE VALKYRIES,"2026-06-28, GS vs NY",23,13,6,8,0,4,1,2,1,1,2,1,0,0,0,1
401857033,2026,WNBA,KAITLYN CHEN,GOLDEN STATE VALKYRIES,"2026-06-28, GS vs NY",13,8,3,5,0,0,2,2,0,0,0,2,0,0,0,5
401857033,2026,WNBA,JUSTE JOCYTE,GOLDEN STATE VALKYRIES,"2026-06-28, GS vs NY",2,0,0,0,0,1,0,0,0,0,0,0,0,0,0,0
401857027,2026,WNBA,DEWANNA BONNER,PHOENIX MERCURY,"2026-06-27, TOR vs PHX",33,13,1,5,3,8,2,2,9,2,11,3,3,0,1,1
401857027,2026,WNBA,NOEMIE BROCHANT,PHOENIX MERCURY,"2026-06-27, TOR vs PHX",28,3,0,1,1,3,0,0,2,0,2,2,3,0,0,1
401857027,2026,WNBA,KYARA LINSKENS,PHOENIX MERCURY,"2026-06-27, TOR vs PHX",14,4,0,2,0,0,4,6,2,2,4,3,1,1,1,3
401857027,2026,WNBA,KAHLEAH COPPER,PHOENIX MERCURY,"2026-06-27, TOR vs PHX",34,27,9,11,1,4,6,8,4,1,5,1,0,0,1,3
401857027,2026,WNBA,LEXI HELD,PHOENIX MERCURY,"2026-06-27, TOR vs PHX",30,16,2,5,3,6,3,3,1,1,2,2,1,0,2,0
401857027,2026,WNBA,VALERIANE AYAYI,PHOENIX MERCURY,"2026-06-27, TOR vs PHX",27,20,5,9,2,5,4,4,5,1,6,2,1,1,3,5
401857027,2026,WNBA,MARTA SUAREZ,PHOENIX MERCURY,"2026-06-27, TOR vs PHX",15,4,2,5,0,0,0,0,0,0,0,0,0,0,0,1
401857027,2026,WNBA,SHAY CIEZKI,PHOENIX MERCURY,"2026-06-27, TOR vs PHX",8,0,0,1,0,0,0,0,1,0,1,1,0,0,0,0
401857027,2026,WNBA,QUIONCHE CARTER,PHOENIX MERCURY,"2026-06-27, TOR vs PHX",11,2,0,1,0,1,2,6,1,0,1,2,1,0,0,2
401857027,2026,WNBA,ISABELLE HARRISON,TORONTO TEMPO,"2026-06-27, TOR vs PHX",27,12,5,10,0,1,2,2,5,2,7,0,0,1,3,4
401857027,2026,WNBA,MARIA CONDE,TORONTO TEMPO,"2026-06-27, TOR vs PHX",37,10,3,6,1,8,1,1,6,0,6,6,3,0,2,3
401857027,2026,WNBA,NYARA SABALLY,TORONTO TEMPO,"2026-06-27, TOR vs PHX",26,14,3,7,2,3,2,5,4,0,4,1,0,0,2,5
401857027,2026,WNBA,KIA NURSE,TORONTO TEMPO,"2026-06-27, TOR vs PHX",22,12,1,4,3,5,1,2,1,0,1,1,0,0,0,3
401857027,2026,WNBA,JULIE ALLEMAND,TORONTO TEMPO,"2026-06-27, TOR vs PHX",39,11,1,1,3,5,0,0,7,0,7,10,0,1,2,0
401857027,2026,WNBA,LAURA JUSKAITE,TORONTO TEMPO,"2026-06-27, TOR vs PHX",11,0,0,1,0,0,0,0,4,0,4,1,0,0,2,2
401857027,2026,WNBA,TEMI FAGBENLE,TORONTO TEMPO,"2026-06-27, TOR vs PHX",19,8,4,5,0,1,0,2,3,1,4,3,0,0,0,2
401857027,2026,WNBA,TIMA POUYE,TORONTO TEMPO,"2026-06-27, TOR vs PHX",20,13,2,3,3,7,0,0,1,1,2,4,1,0,1,5
401857028,2026,WNBA,NNEKA OGWUMIKE,LOS ANGELES SPARKS,"2026-06-27, IND vs LA",26,17,7,10,0,3,3,4,7,0,7,2,1,2,3,0
401857028,2026,WNBA,DEARICA HAMBY,LOS ANGELES SPARKS,"2026-06-27, IND vs LA",26,15,6,13,0,1,3,4,2,2,4,4,0,0,2,6
401857028,2026,WNBA,ERICA WHEELER,LOS ANGELES SPARKS,"2026-06-27, IND vs LA",21,2,1,1,0,2,0,0,0,0,0,5,0,1,2,2
401857028,2026,WNBA,ARIEL ATKINS,LOS ANGELES SPARKS,"2026-06-27, IND vs LA",22,12,3,6,2,2,0,0,2,1,3,3,1,0,0,4
401857028,2026,WNBA,RAE BURRELL,LOS ANGELES SPARKS,"2026-06-27, IND vs LA",28,11,4,12,0,3,3,4,1,1,2,1,0,0,2,4
401857028,2026,WNBA,EMMA CANNON,LOS ANGELES SPARKS,"2026-06-27, IND vs LA",7,6,0,0,1,2,3,4,1,0,1,1,0,0,0,2
401857028,2026,WNBA,JIHYUN PARK,LOS ANGELES SPARKS,"2026-06-27, IND vs LA",24,8,2,3,1,3,1,1,4,0,4,1,1,1,0,1
401857028,2026,WNBA,LAURA ZIEGLER,LOS ANGELES SPARKS,"2026-06-27, IND vs LA",8,4,1,2,0,0,2,2,1,0,1,0,1,0,0,2
401857028,2026,WNBA,KIANA WILLIAMS,LOS ANGELES SPARKS,"2026-06-27, IND vs LA",19,4,2,4,0,3,0,0,1,0,1,0,0,0,0,1
401857028,2026,WNBA,TA'NIYA LATSON,LOS ANGELES SPARKS,"2026-06-27, IND vs LA",7,2,1,3,0,0,0,0,1,1,2,0,0,0,0,0
401857028,2026,WNBA,CHANCE GRAY,LOS ANGELES SPARKS,"2026-06-27, IND vs LA",11,6,2,3,0,1,2,2,0,0,0,4,0,0,0,1
401857028,2026,WNBA,MONIQUE BILLINGS,INDIANA FEVER,"2026-06-27, IND vs LA",22,15,6,10,0,0,3,5,3,3,6,2,2,0,0,2
401857028,2026,WNBA,ALIYAH BOSTON,INDIANA FEVER,"2026-06-27, IND vs LA",21,17,4,5,1,1,6,6,5,2,7,3,0,3,2,2
401857028,2026,WNBA,KELSEY MITCHELL,INDIANA FEVER,"2026-06-27, IND vs LA",26,26,5,7,4,6,4,4,3,0,3,2,0,0,2,2
401857028,2026,WNBA,TYASHA HARRIS,INDIANA FEVER,"2026-06-27, IND vs LA",30,16,3,4,2,4,4,5,5,0,5,3,0,0,2,0
401857028,2026,WNBA,LEXIE HULL,INDIANA FEVER,"2026-06-27, IND vs LA",22,5,1,3,1,4,0,0,6,1,7,3,1,1,0,5
401857028,2026,WNBA,MYISHA HINES-ALLEN,INDIANA FEVER,"2026-06-27, IND vs LA",9,7,3,6,0,0,1,2,2,1,3,3,1,1,1,2
401857028,2026,WNBA,MAKAYLA TIMPSON,INDIANA FEVER,"2026-06-27, IND vs LA",10,5,0,0,0,0,5,6,1,1,2,0,1,0,0,1
401857028,2026,WNBA,GRACE VANSLOOTEN,INDIANA FEVER,"2026-06-27, IND vs LA",5,4,2,2,0,0,0,0,1,0,1,1,0,1,0,1
401857028,2026,WNBA,DAMIRIS DANTAS,INDIANA FEVER,"2026-06-27, IND vs LA",4,0,0,3,0,1,0,0,1,0,1,1,0,0,1,2
401857028,2026,WNBA,SOPHIE CUNNINGHAM,INDIANA FEVER,"2026-06-27, IND vs LA",20,9,1,3,1,1,4,5,2,0,2,1,1,0,1,3
401857028,2026,WNBA,RAVEN JOHNSON,INDIANA FEVER,"2026-06-27, IND vs LA",21,2,1,1,0,1,0,0,2,1,3,4,0,0,3,4
401857028,2026,WNBA,BREE HALL,INDIANA FEVER,"2026-06-27, IND vs LA",10,5,1,4,1,1,0,0,1,0,1,0,0,0,0,0
401857029,2026,WNBA,ANGEL REESE,ATLANTA DREAM,"2026-06-27, SEA vs ATL",32,17,4,10,0,0,9,11,8,1,9,0,2,0,4,1
401857029,2026,WNBA,MADINA OKOT,ATLANTA DREAM,"2026-06-27, SEA vs ATL",11,6,2,4,0,0,2,2,2,3,5,0,0,0,2,1
401857029,2026,WNBA,ALLISHA GRAY,ATLANTA DREAM,"2026-06-27, SEA vs ATL",35,15,4,9,1,7,4,4,2,1,3,2,1,0,1,5
401857029,2026,WNBA,JORDIN CANADA,ATLANTA DREAM,"2026-06-27, SEA vs ATL",36,8,3,4,0,1,2,2,3,1,4,10,1,0,3,4
401857029,2026,WNBA,RHYNE HOWARD,ATLANTA DREAM,"2026-06-27, SEA vs ATL",38,27,6,7,4,10,3,3,0,0,0,3,1,0,1,1
401857029,2026,WNBA,AMY OKONKWO,ATLANTA DREAM,"2026-06-27, SEA vs ATL",1,1,0,0,0,1,1,2,1,0,1,0,0,0,0,1
401857029,2026,WNBA,SIKA KONE,ATLANTA DREAM,"2026-06-27, SEA vs ATL",14,6,2,3,0,2,2,2,2,0,2,2,0,0,0,1
401857029,2026,WNBA,TE-HINA PAOPAO,ATLANTA DREAM,"2026-06-27, SEA vs ATL",18,3,0,1,1,5,0,0,0,0,0,4,1,0,0,1
401857029,2026,WNBA,INDYA NIVAR,ATLANTA DREAM,"2026-06-27, SEA vs ATL",1,0,0,0,0,0,0,0,0,0,0,0,0,0,1,1
401857029,2026,WNBA,ISOBEL BORLASE,ATLANTA DREAM,"2026-06-27, SEA vs ATL",14,7,2,3,1,3,0,0,2,0,2,1,1,0,1,2
401857029,2026,WNBA,DOMINIQUE MALONGA,SEATTLE STORM,"2026-06-27, SEA vs ATL",28,16,6,11,1,2,1,2,10,1,11,3,2,3,6,6
401857029,2026,WNBA,AWA FAM,SEATTLE STORM,"2026-06-27, SEA vs ATL",28,21,3,3,5,6,0,0,0,1,1,1,0,1,4,4
401857029,2026,WNBA,NATISHA HIEDEMAN,SEATTLE STORM,"2026-06-27, SEA vs ATL",31,20,4,5,2,5,6,6,2,0,2,6,0,0,1,1
401857029,2026,WNBA,FLAU'JAE JOHNSON,SEATTLE STORM,"2026-06-27, SEA vs ATL",33,24,7,9,2,3,4,5,9,2,11,4,2,0,4,3
401857029,2026,WNBA,JADE MELBOURNE,SEATTLE STORM,"2026-06-27, SEA vs ATL",31,10,2,7,2,2,0,0,3,1,4,5,1,0,0,2
401857029,2026,WNBA,KATIE LOU SAMUELSON,SEATTLE STORM,"2026-06-27, SEA vs ATL",17,2,0,1,0,3,2,2,1,1,2,3,0,0,0,0
401857029,2026,WNBA,MACKENZIE HOLMES,SEATTLE STORM,"2026-06-27, SEA vs ATL",1,1,0,0,0,0,1,2,0,0,0,0,0,0,0,0
401857029,2026,WNBA,TAYLOR THIERRY,SEATTLE STORM,"2026-06-27, SEA vs ATL",6,0,0,1,0,0,0,0,0,0,0,0,0,0,0,0
401857029,2026,WNBA,STEFANIE DOLSON,SEATTLE STORM,"2026-06-27, SEA vs ATL",13,5,1,2,1,1,0,0,0,2,2,3,0,0,1,4
401857029,2026,WNBA,ZIA COOKE,SEATTLE STORM,"2026-06-27, SEA vs ATL",11,6,1,1,1,1,1,3,1,0,1,2,0,0,1,1
401857024,2026,WNBA,MICHAELA ONYENWERE,WASHINGTON MYSTICS,"2026-06-26, CON vs WSH",28,4,1,3,0,2,2,2,2,0,2,1,0,0,4,1
401857024,2026,WNBA,KIKI IRIAFEN,WASHINGTON MYSTICS,"2026-06-26, CON vs WSH",32,11,5,11,0,0,1,4,9,5,14,0,1,0,1,5
401857024,2026,WNBA,SHAKIRA AUSTIN,WASHINGTON MYSTICS,"2026-06-26, CON vs WSH",23,6,1,5,1,2,1,4,9,3,12,1,0,1,7,1
401857024,2026,WNBA,SONIA CITRON,WASHINGTON MYSTICS,"2026-06-26, CON vs WSH",31,11,2,6,0,4,7,7,4,2,6,3,0,1,2,0
401857024,2026,WNBA,GEORGIA AMOORE,WASHINGTON MYSTICS,"2026-06-26, CON vs WSH",33,14,1,1,4,9,0,0,2,0,2,5,0,0,4,4
401857024,2026,WNBA,ANGELA DUGALIC,WASHINGTON MYSTICS,"2026-06-26, CON vs WSH",8,2,1,2,0,0,0,0,1,0,1,2,0,1,0,1
401857024,2026,WNBA,LAUREN BETTS,WASHINGTON MYSTICS,"2026-06-26, CON vs WSH",17,5,2,5,0,0,1,4,6,0,6,2,1,1,1,3
401857024,2026,WNBA,LUCY OLSEN,WASHINGTON MYSTICS,"2026-06-26, CON vs WSH",4,0,0,1,0,0,0,0,0,0,0,0,1,0,0,0
401857024,2026,WNBA,COTIE MCMAHON,WASHINGTON MYSTICS,"2026-06-26, CON vs WSH",24,4,1,3,0,1,2,4,0,2,2,2,0,0,2,0
401857024,2026,WNBA,DIAMOND MILLER,CONNECTICUT SUN,"2026-06-26, CON vs WSH",25,4,2,5,0,1,0,0,4,0,4,1,1,0,1,1
401857024,2026,WNBA,BRITTNEY GRINER,CONNECTICUT SUN,"2026-06-26, CON vs WSH",21,10,5,14,0,0,0,0,1,1,2,2,0,1,1,5
401857024,2026,WNBA,OLIVIA NELSON-ODODA,CONNECTICUT SUN,"2026-06-26, CON vs WSH",30,12,6,12,0,0,0,1,6,3,9,3,2,3,1,4
401857024,2026,WNBA,CHARLISSE LEGER-WALKER,CONNECTICUT SUN,"2026-06-26, CON vs WSH",31,10,2,5,2,4,0,0,3,0,3,5,3,0,0,3
401857024,2026,WNBA,LEILA LACAN,CONNECTICUT SUN,"2026-06-26, CON vs WSH",29,12,4,9,0,1,4,4,0,0,0,5,4,0,2,3
401857024,2026,WNBA,AALIYAH EDWARDS,CONNECTICUT SUN,"2026-06-26, CON vs WSH",18,6,3,4,0,1,0,0,4,1,5,0,0,0,2,1
401857024,2026,WNBA,RAEGAN BEERS,CONNECTICUT SUN,"2026-06-26, CON vs WSH",9,3,1,2,0,0,1,2,1,0,1,0,0,0,0,0
401857024,2026,WNBA,NELL ANGLOMA,CONNECTICUT SUN,"2026-06-26, CON vs WSH",4,0,0,1,0,0,0,0,0,0,0,0,0,0,1,0
401857024,2026,WNBA,KENNEDY BURKE,CONNECTICUT SUN,"2026-06-26, CON vs WSH",28,11,0,4,3,5,2,3,3,0,3,2,1,2,1,2
401857024,2026,WNBA,ASHLON JACKSON,CONNECTICUT SUN,"2026-06-26, CON vs WSH",5,0,0,0,0,0,0,0,0,0,0,0,1,0,0,1
401857025,2026,WNBA,BRIDGET CARLETON,PORTLAND FIRE,"2026-06-26, CHI vs POR",29,20,3,7,2,7,8,8,4,0,4,1,1,0,0,3
401857025,2026,WNBA,EMILY ENGSTLER,PORTLAND FIRE,"2026-06-26, CHI vs POR",18,4,2,3,0,0,0,0,3,2,5,3,2,2,0,2
401857025,2026,WNBA,MEGAN DILEO,PORTLAND FIRE,"2026-06-26, CHI vs POR",29,13,1,4,3,6,2,3,0,1,1,3,1,0,1,5
401857025,2026,WNBA,SARAH ASHLEE BARKER,PORTLAND FIRE,"2026-06-26, CHI vs POR",29,11,4,7,1,4,0,0,1,2,3,1,3,2,1,1
401857025,2026,WNBA,CARLA LEITE,PORTLAND FIRE,"2026-06-26, CHI vs POR",23,18,3,6,1,4,9,10,1,0,1,4,1,0,4,1
401857025,2026,WNBA,FRIEDA BUHNER,PORTLAND FIRE,"2026-06-26, CHI vs POR",21,10,3,5,1,2,1,1,4,1,5,2,0,0,0,1
401857025,2026,WNBA,NYADIEW PUOCH,PORTLAND FIRE,"2026-06-26, CHI vs POR",14,2,1,2,0,2,0,1,0,1,1,1,0,0,0,3
401857025,2026,WNBA,SERAH WILLIAMS,PORTLAND FIRE,"2026-06-26, CHI vs POR",11,6,3,6,0,0,0,2,0,0,0,1,1,0,0,2
401857025,2026,WNBA,HOLLY WINTERBURN,PORTLAND FIRE,"2026-06-26, CHI vs POR",3,2,1,2,0,1,0,0,0,0,0,0,0,0,1,0
401857025,2026,WNBA,JORDAN HARRISON,PORTLAND FIRE,"2026-06-26, CHI vs POR",13,3,1,4,0,0,1,2,0,2,2,3,0,0,0,3
401857025,2026,WNBA,TEJA OBLAK,PORTLAND FIRE,"2026-06-26, CHI vs POR",10,5,1,3,1,4,0,0,0,2,2,0,1,0,2,2
401857025,2026,WNBA,AZURA STEVENS,CHICAGO SKY,"2026-06-26, CHI vs POR",28,12,1,4,3,6,1,1,5,1,6,6,0,2,1,2
401857025,2026,WNBA,KAMILLA CARDOSO,CHICAGO SKY,"2026-06-26, CHI vs POR",24,30,13,13,0,0,4,6,5,3,8,1,0,1,3,2
401857025,2026,WNBA,SKYLAR DIGGINS,CHICAGO SKY,"2026-06-26, CHI vs POR",23,10,2,4,2,4,0,0,3,0,3,9,0,1,2,1
401857025,2026,WNBA,SYDNEY TAYLOR,CHICAGO SKY,"2026-06-26, CHI vs POR",23,29,2,4,6,7,7,7,3,0,3,3,0,0,2,3
401857025,2026,WNBA,GABRIELA JAQUEZ,CHICAGO SKY,"2026-06-26, CHI vs POR",24,4,1,2,0,2,2,2,1,0,1,3,0,0,2,0
401857025,2026,WNBA,ELIZABETH WILLIAMS,CHICAGO SKY,"2026-06-26, CHI vs POR",19,8,3,5,0,0,2,5,4,1,5,4,0,1,0,2
401857025,2026,WNBA,COURTNEY VANDERSLOOT,CHICAGO SKY,"2026-06-26, CHI vs POR",14,10,3,3,1,1,1,1,3,0,3,7,0,0,2,2
401857025,2026,WNBA,NATASHA CLOUD,CHICAGO SKY,"2026-06-26, CHI vs POR",18,2,1,1,0,2,0,0,0,1,1,4,1,2,2,3
401857025,2026,WNBA,RACHEL BANHAM,CHICAGO SKY,"2026-06-26, CHI vs POR",12,8,1,1,2,3,0,0,0,0,0,1,0,0,0,1
401857025,2026,WNBA,JACY SHELDON,CHICAGO SKY,"2026-06-26, CHI vs POR",15,11,3,3,1,3,2,2,2,0,2,0,1,2,0,3
401857026,2026,WNBA,NAZ HILLMON,ATLANTA DREAM,"2026-06-26, GS vs ATL",29,2,0,3,0,1,2,2,3,0,3,1,0,0,1,2
401857026,2026,WNBA,ANGEL REESE,ATLANTA DREAM,"2026-06-26, GS vs ATL",29,15,4,11,0,0,7,8,7,5,12,0,6,0,2,5
401857026,2026,WNBA,ALLISHA GRAY,ATLANTA DREAM,"2026-06-26, GS vs ATL",36,14,4,9,1,4,3,5,1,1,2,2,2,0,2,4
401857026,2026,WNBA,JORDIN CANADA,ATLANTA DREAM,"2026-06-26, GS vs ATL",35,23,4,8,3,3,6,6,3,0,3,2,2,1,4,3
401857026,2026,WNBA,RHYNE HOWARD,ATLANTA DREAM,"2026-06-26, GS vs ATL",36,9,1,8,1,8,4,4,5,0,5,2,3,1,2,5
401857026,2026,WNBA,MADINA OKOT,ATLANTA DREAM,"2026-06-26, GS vs ATL",11,7,3,4,0,1,1,2,1,1,2,0,0,2,2,1
401857026,2026,WNBA,TE-HINA PAOPAO,ATLANTA DREAM,"2026-06-26, GS vs ATL",5,3,0,1,1,1,0,0,0,0,0,1,0,0,0,0
401857026,2026,WNBA,ISOBEL BORLASE,ATLANTA DREAM,"2026-06-26, GS vs ATL",18,2,1,3,0,2,0,0,0,0,0,2,1,0,1,0
401857026,2026,WNBA,KAYLA THORNTON,GOLDEN STATE VALKYRIES,"2026-06-26, GS vs ATL",19,0,0,2,0,3,0,0,2,0,2,0,0,0,0,0
401857026,2026,WNBA,GABBY WILLIAMS,GOLDEN STATE VALKYRIES,"2026-06-26, GS vs ATL",22,16,5,7,0,4,6,10,4,0,4,2,2,0,2,0
401857026,2026,WNBA,CECILIA ZANDALASINI,GOLDEN STATE VALKYRIES,"2026-06-26, GS vs ATL",18,4,2,2,0,2,0,0,2,0,2,3,0,0,2,1
401857026,2026,WNBA,KIAH STOKES,GOLDEN STATE VALKYRIES,"2026-06-26, GS vs ATL",30,13,3,3,2,4,1,2,4,0,4,0,0,7,2,6
401857026,2026,WNBA,VERONICA BURTON,GOLDEN STATE VALKYRIES,"2026-06-26, GS vs ATL",22,10,4,8,0,2,2,2,1,0,1,2,4,0,2,1
401857026,2026,WNBA,LAETICIA AMIHERE,GOLDEN STATE VALKYRIES,"2026-06-26, GS vs ATL",10,0,0,1,0,0,0,0,1,2,3,1,0,0,1,3
401857026,2026,WNBA,JANELLE SALAUN,GOLDEN STATE VALKYRIES,"2026-06-26, GS vs ATL",22,8,0,2,2,5,2,2,5,2,7,0,0,0,0,2
401857026,2026,WNBA,TIFFANY HAYES,GOLDEN STATE VALKYRIES,"2026-06-26, GS vs ATL",22,12,4,6,0,0,4,5,2,0,2,5,0,1,5,3
401857026,2026,WNBA,KAILA CHARLES,GOLDEN STATE VALKYRIES,"2026-06-26, GS vs ATL",18,2,0,2,0,0,2,2,3,1,4,0,0,1,0,3
401857026,2026,WNBA,KAITLYN CHEN,GOLDEN STATE VALKYRIES,"2026-06-26, GS vs ATL",18,13,4,7,1,2,2,2,2,1,3,1,0,0,4,3
401857021,2026,WNBA,NNEKA OGWUMIKE,LOS ANGELES SPARKS,"2026-06-25, TOR vs LA",27,21,7,9,1,4,4,4,5,2,7,4,1,0,0,1
401857021,2026,WNBA,DEARICA HAMBY,LOS ANGELES SPARKS,"2026-06-25, TOR vs LA",29,21,6,10,1,3,6,7,8,1,9,0,3,0,2,3
401857021,2026,WNBA,ERICA WHEELER,LOS ANGELES SPARKS,"2026-06-25, TOR vs LA",24,8,3,4,0,3,2,2,1,0,1,5,0,0,0,4
401857021,2026,WNBA,ARIEL ATKINS,LOS ANGELES SPARKS,"2026-06-25, TOR vs LA",14,0,0,2,0,1,0,0,0,0,0,1,1,0,2,4
401857021,2026,WNBA,RAE BURRELL,LOS ANGELES SPARKS,"2026-06-25, TOR vs LA",29,17,4,8,2,4,3,5,1,1,2,4,2,1,1,2
401857021,2026,WNBA,EMMA CANNON,LOS ANGELES SPARKS,"2026-06-25, TOR vs LA",14,10,0,2,2,5,4,6,1,0,1,0,0,0,1,1
401857021,2026,WNBA,JIHYUN PARK,LOS ANGELES SPARKS,"2026-06-25, TOR vs LA",19,5,1,1,1,5,0,0,1,1,2,1,0,0,1,3
401857021,2026,WNBA,LAURA ZIEGLER,LOS ANGELES SPARKS,"2026-06-25, TOR vs LA",11,0,0,1,0,3,0,0,1,1,2,2,0,1,0,2
401857021,2026,WNBA,KIANA WILLIAMS,LOS ANGELES SPARKS,"2026-06-25, TOR vs LA",17,8,1,2,2,6,0,0,0,1,1,1,0,0,1,2
401857021,2026,WNBA,TA'NIYA LATSON,LOS ANGELES SPARKS,"2026-06-25, TOR vs LA",3,0,0,0,0,0,0,0,1,0,1,0,0,0,0,0
401857021,2026,WNBA,CHANCE GRAY,LOS ANGELES SPARKS,"2026-06-25, TOR vs LA",14,7,0,0,2,4,1,2,3,1,4,2,0,0,0,1
401857021,2026,WNBA,ISABELLE HARRISON,TORONTO TEMPO,"2026-06-25, TOR vs LA",21,9,3,3,1,1,0,0,5,1,6,2,0,2,2,1
401857021,2026,WNBA,MARIA CONDE,TORONTO TEMPO,"2026-06-25, TOR vs LA",29,13,1,3,3,5,2,2,7,0,7,0,1,0,2,2
401857021,2026,WNBA,NYARA SABALLY,TORONTO TEMPO,"2026-06-25, TOR vs LA",19,5,2,4,0,1,1,2,4,0,4,0,0,1,0,5
401857021,2026,WNBA,MARINA MABREY,TORONTO TEMPO,"2026-06-25, TOR vs LA",32,53,8,10,9,18,10,12,4,2,6,2,0,0,3,2
401857021,2026,WNBA,JULIE ALLEMAND,TORONTO TEMPO,"2026-06-25, TOR vs LA",30,13,1,1,3,3,2,2,6,0,6,14,3,1,0,2
401857021,2026,WNBA,TEONNI KEY,TORONTO TEMPO,"2026-06-25, TOR vs LA",2,0,0,0,0,0,0,0,0,0,0,0,0,0,0,1
401857021,2026,WNBA,LAURA JUSKAITE,TORONTO TEMPO,"2026-06-25, TOR vs LA",20,10,2,8,2,5,0,0,6,6,12,2,0,0,0,1
401857021,2026,WNBA,TEMI FAGBENLE,TORONTO TEMPO,"2026-06-25, TOR vs LA",19,4,2,3,0,2,0,0,3,3,6,3,0,0,1,2
401857021,2026,WNBA,KIA NURSE,TORONTO TEMPO,"2026-06-25, TOR vs LA",15,12,1,2,2,6,4,4,1,2,3,0,1,0,0,3
401857021,2026,WNBA,TIMA POUYE,TORONTO TEMPO,"2026-06-25, TOR vs LA",14,6,1,4,0,1,4,5,1,1,2,3,0,0,2,4
401857022,2026,WNBA,JESSICA SHEPARD,DALLAS WINGS,"2026-06-25, LV vs DAL",35,22,8,11,0,0,6,8,12,2,14,4,1,0,2,3
401857022,2026,WNBA,AWAK KUIER,DALLAS WINGS,"2026-06-25, LV vs DAL",21,8,4,6,0,1,0,0,1,1,2,1,0,0,1,4
401857022,2026,WNBA,ARIKE OGUNBOWALE,DALLAS WINGS,"2026-06-25, LV vs DAL",29,4,1,5,0,5,2,2,1,0,1,2,0,0,1,4
401857022,2026,WNBA,PAIGE BUECKERS,DALLAS WINGS,"2026-06-25, LV vs DAL",37,25,11,16,0,3,3,3,2,0,2,6,3,0,1,3
401857022,2026,WNBA,AZZI FUDD,DALLAS WINGS,"2026-06-25, LV vs DAL",32,7,2,5,1,4,0,0,1,0,1,1,2,0,1,2
401857022,2026,WNBA,ALYSHA CLARK,DALLAS WINGS,"2026-06-25, LV vs DAL",8,0,0,0,0,1,0,0,1,0,1,0,0,0,1,2
401857022,2026,WNBA,MADDY SIEGRIST,DALLAS WINGS,"2026-06-25, LV vs DAL",12,2,1,1,0,2,0,0,1,0,1,0,0,1,0,3
401857022,2026,WNBA,LI YUERU,DALLAS WINGS,"2026-06-25, LV vs DAL",7,5,2,2,0,2,1,1,1,0,1,1,0,0,0,1
401857022,2026,WNBA,SUG SUTTON,DALLAS WINGS,"2026-06-25, LV vs DAL",7,3,0,0,1,1,0,0,0,0,0,0,0,0,2,1
401857022,2026,WNBA,AZIAHA JAMES,DALLAS WINGS,"2026-06-25, LV vs DAL",13,8,3,3,0,2,2,2,1,0,1,3,1,1,3,2
401857022,2026,WNBA,STEPHANIE TALBOT,LAS VEGAS ACES,"2026-06-25, LV vs DAL",16,0,0,0,0,1,0,0,1,0,1,0,1,0,2,2
401857022,2026,WNBA,NALYSSA SMITH,LAS VEGAS ACES,"2026-06-25, LV vs DAL",30,4,1,3,0,1,2,4,9,2,11,0,1,1,1,2
401857022,2026,WNBA,A'JA WILSON,LAS VEGAS ACES,"2026-06-25, LV vs DAL",32,32,12,20,0,1,8,11,7,2,9,0,0,0,2,3
401857022,2026,WNBA,CHELSEA GRAY,LAS VEGAS ACES,"2026-06-25, LV vs DAL",33,12,3,6,2,5,0,0,1,0,1,9,1,0,5,3
401857022,2026,WNBA,JACKIE YOUNG,LAS VEGAS ACES,"2026-06-25, LV vs DAL",32,20,2,3,2,3,10,10,7,1,8,6,1,0,4,3
401857022,2026,WNBA,CHEYENNE PARKER-TYUS,LAS VEGAS ACES,"2026-06-25, LV vs DAL",17,13,4,7,0,0,5,6,0,2,2,3,0,1,0,4
401857022,2026,WNBA,BRIANNA TURNER,LAS VEGAS ACES,"2026-06-25, LV vs DAL",2,0,0,0,0,0,0,0,0,0,0,0,0,0,0,0
401857022,2026,WNBA,KIERSTAN BELL,LAS VEGAS ACES,"2026-06-25, LV vs DAL",13,10,2,2,2,2,0,0,1,0,1,0,0,0,0,0
401857022,2026,WNBA,JEWELL LOYD,LAS VEGAS ACES,"2026-06-25, LV vs DAL",26,8,0,1,2,5,2,2,2,0,2,2,1,0,1,3
401857023,2026,WNBA,LEONIE FIEBICH,NEW YORK LIBERTY,"2026-06-25, SEA vs NY",31,19,3,6,3,6,4,5,1,1,2,2,2,0,1,2
401857023,2026,WNBA,JONQUEL JONES,NEW YORK LIBERTY,"2026-06-25, SEA vs NY",30,26,7,9,3,8,3,7,6,2,8,1,1,1,1,1
401857023,2026,WNBA,BETNIJAH LANEY-HAMILTON,NEW YORK LIBERTY,"2026-06-25, SEA vs NY",21,3,0,1,1,4,0,0,5,0,5,0,0,0,3,3
401857023,2026,WNBA,SABRINA IONESCU,NEW YORK LIBERTY,"2026-06-25, SEA vs NY",29,14,4,5,1,7,3,3,2,0,2,5,1,0,2,4
401857023,2026,WNBA,PAULINE ASTIER,NEW YORK LIBERTY,"2026-06-25, SEA vs NY",25,3,1,4,0,1,1,1,1,0,1,5,3,0,2,3
401857023,2026,WNBA,RAQUEL CARRERA,NEW YORK LIBERTY,"2026-06-25, SEA vs NY",17,7,3,3,0,1,1,2,2,3,5,0,0,0,1,0
401857023,2026,WNBA,HAN XU,NEW YORK LIBERTY,"2026-06-25, SEA vs NY",14,8,4,5,0,2,0,0,0,0,0,2,1,1,0,0
401857023,2026,WNBA,REBEKAH GARDNER,NEW YORK LIBERTY,"2026-06-25, SEA vs NY",13,2,0,2,0,0,2,2,3,1,4,4,1,1,0,1
401857023,2026,WNBA,MARINE JOHANNES,NEW YORK LIBERTY,"2026-06-25, SEA vs NY",19,6,0,0,2,7,0,0,1,0,1,2,0,0,3,1
401857023,2026,WNBA,DOMINIQUE MALONGA,SEATTLE STORM,"2026-06-25, SEA vs NY",34,20,8,10,1,2,1,1,7,3,10,2,0,1,2,5
401857023,2026,WNBA,AWA FAM,SEATTLE STORM,"2026-06-25, SEA vs NY",33,15,4,6,2,3,1,1,5,1,6,2,0,1,3,3
401857023,2026,WNBA,NATISHA HIEDEMAN,SEATTLE STORM,"2026-06-25, SEA vs NY",33,11,4,6,1,6,0,0,0,0,0,3,2,0,2,1
401857023,2026,WNBA,FLAU'JAE JOHNSON,SEATTLE STORM,"2026-06-25, SEA vs NY",33,28,7,13,4,10,2,4,5,4,9,2,3,1,2,4
401857023,2026,WNBA,JADE MELBOURNE,SEATTLE STORM,"2026-06-25, SEA vs NY",25,18,6,8,0,3,6,7,2,0,2,7,2,0,2,2
401857023,2026,WNBA,KATIE LOU SAMUELSON,SEATTLE STORM,"2026-06-25, SEA vs NY",13,2,1,1,0,0,0,0,3,2,5,2,0,0,1,1
401857023,2026,WNBA,TAYLOR THIERRY,SEATTLE STORM,"2026-06-25, SEA vs NY",3,0,0,0,0,0,0,0,0,1,1,0,0,0,0,0
401857023,2026,WNBA,STEFANIE DOLSON,SEATTLE STORM,"2026-06-25, SEA vs NY",13,2,0,0,0,1,2,2,1,1,2,0,0,0,2,4
401857023,2026,WNBA,ZIA COOKE,SEATTLE STORM,"2026-06-25, SEA vs NY",13,3,0,3,1,3,0,0,3,1,4,0,1,0,1,1
401857017,2026,WNBA,DEWANNA BONNER,PHOENIX MERCURY,"2026-06-24, IND vs PHX",33,13,3,5,2,6,1,1,8,0,8,1,2,1,1,3
401857017,2026,WNBA,ALYSSA THOMAS,PHOENIX MERCURY,"2026-06-24, IND vs PHX",38,24,12,16,0,1,0,1,3,1,4,8,1,1,6,4
401857017,2026,WNBA,NOEMIE BROCHANT,PHOENIX MERCURY,"2026-06-24, IND vs PHX",33,12,3,5,2,4,0,2,4,1,5,9,3,0,1,1
401857017,2026,WNBA,KAHLEAH COPPER,PHOENIX MERCURY,"2026-06-24, IND vs PHX",31,28,5,7,1,3,15,16,2,1,3,1,1,0,0,4
401857017,2026,WNBA,LEXI HELD,PHOENIX MERCURY,"2026-06-24, IND vs PHX",26,9,2,5,1,1,2,3,1,0,1,0,0,1,0,2
401857017,2026,WNBA,VALERIANE AYAYI,PHOENIX MERCURY,"2026-06-24, IND vs PHX",28,19,4,4,1,4,8,9,1,2,3,2,1,0,1,2
401857017,2026,WNBA,MARTA SUAREZ,PHOENIX MERCURY,"2026-06-24, IND vs PHX",10,6,3,3,0,1,0,1,1,1,2,0,0,0,1,3
401857017,2026,WNBA,QUIONCHE CARTER,PHOENIX MERCURY,"2026-06-24, IND vs PHX",2,0,0,1,0,0,0,0,0,0,0,0,0,0,0,0
401857017,2026,WNBA,MONIQUE BILLINGS,INDIANA FEVER,"2026-06-24, IND vs PHX",20,8,2,2,0,0,4,4,3,2,5,0,0,0,0,3
401857017,2026,WNBA,ALIYAH BOSTON,INDIANA FEVER,"2026-06-24, IND vs PHX",35,23,8,12,1,4,4,4,8,1,9,5,1,0,3,5
401857017,2026,WNBA,KELSEY MITCHELL,INDIANA FEVER,"2026-06-24, IND vs PHX",38,30,4,7,7,9,1,1,0,0,0,6,2,0,3,6
401857017,2026,WNBA,LEXIE HULL,INDIANA FEVER,"2026-06-24, IND vs PHX",24,9,3,3,1,3,0,0,2,0,2,2,1,0,2,4
401857017,2026,WNBA,CAITLIN CLARK,INDIANA FEVER,"2026-06-24, IND vs PHX",20,19,2,5,3,4,6,6,0,0,0,8,1,0,4,2
401857017,2026,WNBA,MYISHA HINES-ALLEN,INDIANA FEVER,"2026-06-24, IND vs PHX",21,13,5,8,0,2,3,4,3,2,5,2,0,1,1,2
401857017,2026,WNBA,SOPHIE CUNNINGHAM,INDIANA FEVER,"2026-06-24, IND vs PHX",20,5,1,1,1,2,0,0,0,0,0,0,0,0,3,3
401857017,2026,WNBA,TYASHA HARRIS,INDIANA FEVER,"2026-06-24, IND vs PHX",3,0,0,0,0,2,0,0,0,0,0,0,0,0,0,1
401857017,2026,WNBA,RAVEN JOHNSON,INDIANA FEVER,"2026-06-24, IND vs PHX",19,2,1,1,0,1,0,0,5,0,5,7,1,0,0,3
401857018,2026,WNBA,NATASHA HOWARD,MINNESOTA LYNX,"2026-06-24, WSH vs MIN",36,21,7,12,0,1,7,8,12,3,15,3,2,1,4,5
401857018,2026,WNBA,NIA COFFEY,MINNESOTA LYNX,"2026-06-24, WSH vs MIN",23,5,1,1,1,5,0,0,4,1,5,5,2,1,1,6
401857018,2026,WNBA,KAYLA MCBRIDE,MINNESOTA LYNX,"2026-06-24, WSH vs MIN",38,19,2,4,5,14,0,0,5,1,6,2,1,0,4,3
401857018,2026,WNBA,COURTNEY WILLIAMS,MINNESOTA LYNX,"2026-06-24, WSH vs MIN",25,5,2,7,0,2,1,2,2,0,2,3,0,1,0,1
401857018,2026,WNBA,OLIVIA MILES,MINNESOTA LYNX,"2026-06-24, WSH vs MIN",35,21,5,12,1,6,8,12,3,1,4,5,1,1,1,3
401857018,2026,WNBA,ANTONIA DELAERE,MINNESOTA LYNX,"2026-06-24, WSH vs MIN",8,0,0,0,0,0,0,0,0,0,0,0,0,0,2,1
401857018,2026,WNBA,ANASTASIIA OLAIRI KOSU,MINNESOTA LYNX,"2026-06-24, WSH vs MIN",14,2,1,2,0,0,0,0,2,0,2,0,1,1,1,3
401857018,2026,WNBA,TEAIRA MCCOWAN,MINNESOTA LYNX,"2026-06-24, WSH vs MIN",7,0,0,1,0,0,0,0,1,0,1,0,0,1,0,2
401857018,2026,WNBA,MAYA CALDWELL,MINNESOTA LYNX,"2026-06-24, WSH vs MIN",14,5,1,2,1,2,0,0,1,1,2,1,0,0,0,1
401857018,2026,WNBA,MICHAELA ONYENWERE,WASHINGTON MYSTICS,"2026-06-24, WSH vs MIN",23,2,1,2,0,3,0,0,1,0,1,1,1,0,1,5
401857018,2026,WNBA,KIKI IRIAFEN,WASHINGTON MYSTICS,"2026-06-24, WSH vs MIN",30,13,5,9,0,1,3,8,10,1,11,3,1,0,1,2
401857018,2026,WNBA,SHAKIRA AUSTIN,WASHINGTON MYSTICS,"2026-06-24, WSH vs MIN",26,11,5,14,0,1,1,2,14,2,16,3,1,0,3,2
401857018,2026,WNBA,SONIA CITRON,WASHINGTON MYSTICS,"2026-06-24, WSH vs MIN",34,28,5,9,4,5,6,6,3,0,3,3,1,1,3,3
401857018,2026,WNBA,GEORGIA AMOORE,WASHINGTON MYSTICS,"2026-06-24, WSH vs MIN",26,6,0,1,1,3,3,3,1,0,1,3,0,0,4,4
401857018,2026,WNBA,ANGELA DUGALIC,WASHINGTON MYSTICS,"2026-06-24, WSH vs MIN",8,3,0,0,0,0,3,4,0,0,0,1,0,0,0,1
401857018,2026,WNBA,LAUREN BETTS,WASHINGTON MYSTICS,"2026-06-24, WSH vs MIN",16,4,2,3,0,0,0,0,2,2,4,1,0,1,3,4
401857018,2026,WNBA,LUCY OLSEN,WASHINGTON MYSTICS,"2026-06-24, WSH vs MIN",5,2,0,0,0,2,2,2,1,0,1,1,0,0,0,0
401857018,2026,WNBA,COTIE MCMAHON,WASHINGTON MYSTICS,"2026-06-24, WSH vs MIN",29,7,3,7,0,1,1,2,2,1,3,1,0,0,1,0
401857018,2026,WNBA,ALICIA FLOREZ,WASHINGTON MYSTICS,"2026-06-24, WSH vs MIN",2,0,0,0,0,0,0,0,0,0,0,0,0,0,1,1
401857019,2026,WNBA,BRIDGET CARLETON,PORTLAND FIRE,"2026-06-24, CHI vs POR",29,7,2,4,0,2,3,4,3,2,5,2,0,1,2,1
401857019,2026,WNBA,EMILY ENGSTLER,PORTLAND FIRE,"2026-06-24, CHI vs POR",17,10,2,4,2,2,0,0,4,0,4,2,2,0,2,5
401857019,2026,WNBA,MEGAN DILEO,PORTLAND FIRE,"2026-06-24, CHI vs POR",23,17,4,9,2,3,3,3,1,1,2,1,2,0,0,5
401857019,2026,WNBA,SARAH ASHLEE BARKER,PORTLAND FIRE,"2026-06-24, CHI vs POR",26,13,3,7,2,5,1,3,5,0,5,2,1,0,1,1
401857019,2026,WNBA,CARLA LEITE,PORTLAND FIRE,"2026-06-24, CHI vs POR",28,10,0,7,1,1,7,8,0,1,1,6,0,0,1,3
401857019,2026,WNBA,FRIEDA BUHNER,PORTLAND FIRE,"2026-06-24, CHI vs POR",16,2,0,1,0,2,2,2,3,0,3,2,1,0,1,1
401857019,2026,WNBA,NYADIEW PUOCH,PORTLAND FIRE,"2026-06-24, CHI vs POR",13,0,0,1,0,5,0,0,0,0,0,2,1,2,0,0
401857019,2026,WNBA,LUISA GEISELSODER,PORTLAND FIRE,"2026-06-24, CHI vs POR",14,2,1,3,0,1,0,0,1,2,3,2,0,2,0,3
401857019,2026,WNBA,SERAH WILLIAMS,PORTLAND FIRE,"2026-06-24, CHI vs POR",7,6,3,3,0,0,0,0,2,1,3,0,0,0,1,2
401857019,2026,WNBA,KARLIE SAMUELSON,PORTLAND FIRE,"2026-06-24, CHI vs POR",15,6,0,0,2,3,0,0,2,0,2,0,0,0,0,1
401857019,2026,WNBA,HOLLY WINTERBURN,PORTLAND FIRE,"2026-06-24, CHI vs POR",4,2,1,2,0,0,0,0,0,0,0,1,0,0,1,1
401857019,2026,WNBA,TEJA OBLAK,PORTLAND FIRE,"2026-06-24, CHI vs POR",8,3,0,3,1,1,0,0,0,1,1,0,0,0,2,0
401857019,2026,WNBA,AZURA STEVENS,CHICAGO SKY,"2026-06-24, CHI vs POR",27,11,2,8,1,5,4,4,5,6,11,5,1,0,3,1
401857019,2026,WNBA,KAMILLA CARDOSO,CHICAGO SKY,"2026-06-24, CHI vs POR",27,13,6,7,0,0,1,2,8,0,8,3,0,2,1,2
401857019,2026,WNBA,SKYLAR DIGGINS,CHICAGO SKY,"2026-06-24, CHI vs POR",25,15,5,7,0,3,5,5,1,2,3,6,1,0,3,2
401857019,2026,WNBA,SYDNEY TAYLOR,CHICAGO SKY,"2026-06-24, CHI vs POR",21,14,3,4,2,4,2,3,1,0,1,4,1,0,1,4
401857019,2026,WNBA,GABRIELA JAQUEZ,CHICAGO SKY,"2026-06-24, CHI vs POR",23,10,3,6,0,1,4,5,3,2,5,1,0,0,0,1
401857019,2026,WNBA,ELIZABETH WILLIAMS,CHICAGO SKY,"2026-06-24, CHI vs POR",13,2,1,3,0,0,0,0,2,0,2,0,0,1,1,0
401857019,2026,WNBA,NATASHA CLOUD,CHICAGO SKY,"2026-06-24, CHI vs POR",21,9,2,2,1,1,2,2,4,0,4,4,0,0,2,1
401857019,2026,WNBA,RACHEL BANHAM,CHICAGO SKY,"2026-06-24, CHI vs POR",6,3,0,0,1,2,0,0,0,0,0,0,0,0,0,2
401857019,2026,WNBA,JACY SHELDON,CHICAGO SKY,"2026-06-24, CHI vs POR",22,14,5,9,1,3,1,2,0,1,1,3,1,2,0,5
401857019,2026,WNBA,AICHA COULIBALY,CHICAGO SKY,"2026-06-24, CHI vs POR",15,10,3,4,0,0,4,6,2,1,3,1,2,1,1,0
401857020,2026,WNBA,NAZ HILLMON,ATLANTA DREAM,"2026-06-24, GS vs ATL",16,2,1,1,0,0,0,0,1,1,2,0,0,0,0,1
401857020,2026,WNBA,ANGEL REESE,ATLANTA DREAM,"2026-06-24, GS vs ATL",27,10,3,12,0,0,4,9,5,7,12,4,1,0,1,2
401857020,2026,WNBA,ALLISHA GRAY,ATLANTA DREAM,"2026-06-24, GS vs ATL",25,8,2,5,1,5,1,3,1,0,1,0,1,0,1,2
401857020,2026,WNBA,JORDIN CANADA,ATLANTA DREAM,"2026-06-24, GS vs ATL",28,8,1,6,1,4,3,4,3,1,4,2,1,1,1,1
401857020,2026,WNBA,RHYNE HOWARD,ATLANTA DREAM,"2026-06-24, GS vs ATL",31,12,4,6,1,5,1,1,5,0,5,3,1,1,1,2
401857020,2026,WNBA,SIKA KONE,ATLANTA DREAM,"2026-06-24, GS vs ATL",12,4,1,2,0,1,2,2,1,2,3,1,0,0,1,3
401857020,2026,WNBA,MADINA OKOT,ATLANTA DREAM,"2026-06-24, GS vs ATL",19,16,6,8,1,1,1,1,4,1,5,1,1,1,2,0
401857020,2026,WNBA,TE-HINA PAOPAO,ATLANTA DREAM,"2026-06-24, GS vs ATL",12,2,1,2,0,1,0,0,0,0,0,2,0,0,1,2
401857020,2026,WNBA,INDYA NIVAR,ATLANTA DREAM,"2026-06-24, GS vs ATL",11,2,1,3,0,0,0,2,1,0,1,1,1,0,0,1
401857020,2026,WNBA,ISOBEL BORLASE,ATLANTA DREAM,"2026-06-24, GS vs ATL",19,2,1,1,0,1,0,0,1,0,1,2,0,0,3,2
401857020,2026,WNBA,KAYLA THORNTON,GOLDEN STATE VALKYRIES,"2026-06-24, GS vs ATL",32,17,1,2,5,10,0,2,5,0,5,1,0,0,1,3
401857020,2026,WNBA,GABBY WILLIAMS,GOLDEN STATE VALKYRIES,"2026-06-24, GS vs ATL",32,23,6,11,3,5,2,2,4,1,5,5,1,1,0,1
401857020,2026,WNBA,CECILIA ZANDALASINI,GOLDEN STATE VALKYRIES,"2026-06-24, GS vs ATL",21,14,0,3,4,6,2,2,1,0,1,3,0,0,1,5
401857020,2026,WNBA,KIAH STOKES,GOLDEN STATE VALKYRIES,"2026-06-24, GS vs ATL",24,1,0,0,0,1,1,2,4,1,5,2,1,3,1,4
401857020,2026,WNBA,VERONICA BURTON,GOLDEN STATE VALKYRIES,"2026-06-24, GS vs ATL",35,8,3,4,0,1,2,2,3,2,5,7,2,0,4,1
401857020,2026,WNBA,LAETICIA AMIHERE,GOLDEN STATE VALKYRIES,"2026-06-24, GS vs ATL",13,6,1,4,1,1,1,2,4,1,5,1,1,2,3,2
401857020,2026,WNBA,JANELLE SALAUN,GOLDEN STATE VALKYRIES,"2026-06-24, GS vs ATL",10,6,0,1,2,4,0,0,2,0,2,1,0,0,1,2
401857020,2026,WNBA,TIFFANY HAYES,GOLDEN STATE VALKYRIES,"2026-06-24, GS vs ATL",18,0,0,2,0,1,0,0,1,0,1,0,0,1,0,1
401857020,2026,WNBA,KAILA CHARLES,GOLDEN STATE VALKYRIES,"2026-06-24, GS vs ATL",9,2,1,1,0,2,0,0,2,1,3,0,0,0,1,0
401857020,2026,WNBA,KAITLYN CHEN,GOLDEN STATE VALKYRIES,"2026-06-24, GS vs ATL",5,0,0,0,0,1,0,0,0,0,0,0,0,0,0,1
401857016,2026,WNBA,BREANNA STEWART,NEW YORK LIBERTY,"2026-06-23, LV vs NY",36,20,5,13,2,3,4,6,4,2,6,4,0,3,4,0
401857016,2026,WNBA,SATOU SABALLY,NEW YORK LIBERTY,"2026-06-23, LV vs NY",8,0,0,0,0,3,0,0,3,0,3,1,0,1,0,1
401857016,2026,WNBA,LEONIE FIEBICH,NEW YORK LIBERTY,"2026-06-23, LV vs NY",30,12,0,2,4,5,0,0,1,0,1,1,2,0,1,0
401857016,2026,WNBA,JONQUEL JONES,NEW YORK LIBERTY,"2026-06-23, LV vs NY",28,14,4,4,1,4,3,3,4,1,5,3,0,0,0,4
401857016,2026,WNBA,SABRINA IONESCU,NEW YORK LIBERTY,"2026-06-23, LV vs NY",30,16,3,6,2,6,4,4,9,1,10,4,1,0,2,0
401857016,2026,WNBA,HAN XU,NEW YORK LIBERTY,"2026-06-23, LV vs NY",13,12,2,2,2,2,2,2,1,1,2,0,0,0,1,0
401857016,2026,WNBA,BETNIJAH LANEY-HAMILTON,NEW YORK LIBERTY,"2026-06-23, LV vs NY",17,0,0,0,0,3,0,0,3,0,3,1,0,1,2,2
401857016,2026,WNBA,MARINE JOHANNES,NEW YORK LIBERTY,"2026-06-23, LV vs NY",18,6,0,1,2,5,0,0,2,0,2,3,0,0,1,0
401857016,2026,WNBA,PAULINE ASTIER,NEW YORK LIBERTY,"2026-06-23, LV vs NY",20,7,3,6,0,0,1,1,2,0,2,2,0,0,0,5
401857016,2026,WNBA,STEPHANIE TALBOT,LAS VEGAS ACES,"2026-06-23, LV vs NY",13,3,0,1,1,4,0,0,3,0,3,0,0,0,0,1
401857016,2026,WNBA,NALYSSA SMITH,LAS VEGAS ACES,"2026-06-23, LV vs NY",23,7,3,6,0,0,1,2,1,0,1,0,1,2,0,2
401857016,2026,WNBA,A'JA WILSON,LAS VEGAS ACES,"2026-06-23, LV vs NY",36,16,7,15,0,3,2,3,8,1,9,5,4,0,3,2
401857016,2026,WNBA,CHELSEA GRAY,LAS VEGAS ACES,"2026-06-23, LV vs NY",35,11,2,3,2,5,1,1,5,0,5,8,2,1,1,0
401857016,2026,WNBA,JACKIE YOUNG,LAS VEGAS ACES,"2026-06-23, LV vs NY",38,19,8,13,1,6,0,0,4,0,4,7,0,1,2,2
401857016,2026,WNBA,CHEYENNE PARKER-TYUS,LAS VEGAS ACES,"2026-06-23, LV vs NY",17,14,3,5,2,2,2,2,3,3,6,0,1,0,0,3
401857016,2026,WNBA,KIERSTAN BELL,LAS VEGAS ACES,"2026-06-23, LV vs NY",9,0,0,0,0,2,0,0,2,1,3,3,0,0,0,1
401857016,2026,WNBA,JEWELL LOYD,LAS VEGAS ACES,"2026-06-23, LV vs NY",30,6,0,2,2,5,0,0,1,0,1,0,1,0,1,3
401857012,2026,WNBA,AZURA STEVENS,CHICAGO SKY,"2026-06-22, CON vs CHI",26,11,2,7,1,5,4,5,2,1,3,1,0,0,1,3
401857012,2026,WNBA,KAMILLA CARDOSO,CHICAGO SKY,"2026-06-22, CON vs CHI",23,16,6,12,0,0,4,5,9,5,14,0,2,2,2,4
401857012,2026,WNBA,SKYLAR DIGGINS,CHICAGO SKY,"2026-06-22, CON vs CHI",20,3,0,5,0,2,3,3,1,0,1,4,2,0,0,3
401857012,2026,WNBA,SYDNEY TAYLOR,CHICAGO SKY,"2026-06-22, CON vs CHI",22,10,1,4,1,8,5,6,0,1,1,2,0,0,2,1
401857012,2026,WNBA,GABRIELA JAQUEZ,CHICAGO SKY,"2026-06-22, CON vs CHI",21,5,2,5,0,3,1,1,1,3,4,0,0,0,3,1
401857012,2026,WNBA,MADDY WESTBELD,CHICAGO SKY,"2026-06-22, CON vs CHI",11,3,0,1,1,3,0,0,1,0,1,0,0,0,0,4
401857012,2026,WNBA,ELIZABETH WILLIAMS,CHICAGO SKY,"2026-06-22, CON vs CHI",15,2,0,3,0,0,2,6,2,1,3,2,1,0,0,1
401857012,2026,WNBA,NATASHA CLOUD,CHICAGO SKY,"2026-06-22, CON vs CHI",21,4,1,2,0,4,2,2,1,0,1,0,0,0,2,0
401857012,2026,WNBA,RACHEL BANHAM,CHICAGO SKY,"2026-06-22, CON vs CHI",16,3,0,0,1,2,0,0,0,0,0,1,0,0,1,1
401857012,2026,WNBA,JACY SHELDON,CHICAGO SKY,"2026-06-22, CON vs CHI",20,6,1,4,0,2,4,4,0,0,0,0,1,0,2,2
401857012,2026,WNBA,SAYLOR POFFENBARGER,CHICAGO SKY,"2026-06-22, CON vs CHI",5,0,0,0,0,1,0,0,0,0,0,0,0,0,0,1
401857012,2026,WNBA,DIAMOND MILLER,CONNECTICUT SUN,"2026-06-22, CON vs CHI",24,9,3,4,1,3,0,1,1,0,1,4,0,1,1,4
401857012,2026,WNBA,BRITTNEY GRINER,CONNECTICUT SUN,"2026-06-22, CON vs CHI",22,14,6,10,0,0,2,3,6,2,8,3,0,4,3,3
401857012,2026,WNBA,OLIVIA NELSON-ODODA,CONNECTICUT SUN,"2026-06-22, CON vs CHI",27,11,4,8,0,0,3,4,12,3,15,3,2,2,2,3
401857012,2026,WNBA,CHARLISSE LEGER-WALKER,CONNECTICUT SUN,"2026-06-22, CON vs CHI",29,13,3,7,1,4,4,4,7,0,7,5,1,0,3,3
401857012,2026,WNBA,LEILA LACAN,CONNECTICUT SUN,"2026-06-22, CON vs CHI",20,12,5,5,0,1,2,3,1,0,1,2,3,0,1,4
401857012,2026,WNBA,AALIYAH EDWARDS,CONNECTICUT SUN,"2026-06-22, CON vs CHI",14,11,3,7,1,1,2,2,2,3,5,0,1,1,0,2
401857012,2026,WNBA,ANEESAH MORROW,CONNECTICUT SUN,"2026-06-22, CON vs CHI",9,1,0,3,0,0,1,1,2,0,2,0,1,0,1,0
401857012,2026,WNBA,RAEGAN BEERS,CONNECTICUT SUN,"2026-06-22, CON vs CHI",5,4,2,2,0,0,0,0,0,1,1,0,0,0,2,2
401857012,2026,WNBA,NELL ANGLOMA,CONNECTICUT SUN,"2026-06-22, CON vs CHI",8,1,0,0,0,0,1,2,1,0,1,1,0,0,1,4
401857012,2026,WNBA,KENNEDY BURKE,CONNECTICUT SUN,"2026-06-22, CON vs CHI",24,8,2,4,1,3,1,2,4,0,4,3,2,0,1,1
401857012,2026,WNBA,SANIYA RIVERS,CONNECTICUT SUN,"2026-06-22, CON vs CHI",13,4,0,2,0,0,4,4,2,1,3,0,0,1,1,2
401857012,2026,WNBA,GIANNA KNEEPKENS,CONNECTICUT SUN,"2026-06-22, CON vs CHI",5,4,2,2,0,1,0,0,1,0,1,0,0,0,0,1
401857013,2026,WNBA,ISABELLE HARRISON,TORONTO TEMPO,"2026-06-22, ATL vs TOR",32,21,6,12,1,4,6,7,9,1,10,2,1,1,1,1
401857013,2026,WNBA,MARIA CONDE,TORONTO TEMPO,"2026-06-22, ATL vs TOR",29,8,1,3,2,3,0,0,3,1,4,2,0,0,3,1
401857013,2026,WNBA,NYARA SABALLY,TORONTO TEMPO,"2026-06-22, ATL vs TOR",18,9,3,4,0,3,3,3,4,0,4,2,1,4,1,3
401857013,2026,WNBA,MARINA MABREY,TORONTO TEMPO,"2026-06-22, ATL vs TOR",31,23,5,9,3,8,4,5,3,1,4,4,1,0,3,4
401857013,2026,WNBA,JULIE ALLEMAND,TORONTO TEMPO,"2026-06-22, ATL vs TOR",28,4,0,1,1,2,1,2,2,0,2,3,2,1,2,3
401857013,2026,WNBA,TEONNI KEY,TORONTO TEMPO,"2026-06-22, ATL vs TOR",2,0,0,0,0,0,0,0,0,1,1,1,0,0,0,1
401857013,2026,WNBA,LAURA JUSKAITE,TORONTO TEMPO,"2026-06-22, ATL vs TOR",22,8,1,1,0,2,6,8,2,0,2,2,1,0,2,4
401857013,2026,WNBA,TEMI FAGBENLE,TORONTO TEMPO,"2026-06-22, ATL vs TOR",14,10,3,3,1,3,1,2,2,0,2,1,1,0,3,6
401857013,2026,WNBA,KIA NURSE,TORONTO TEMPO,"2026-06-22, ATL vs TOR",15,4,0,1,1,3,1,1,1,0,1,4,1,0,1,0
401857013,2026,WNBA,TIMA POUYE,TORONTO TEMPO,"2026-06-22, ATL vs TOR",8,0,0,0,0,0,0,0,0,1,1,1,0,0,1,0
401857013,2026,WNBA,NAZ HILLMON,ATLANTA DREAM,"2026-06-22, ATL vs TOR",23,6,3,3,0,1,0,0,3,0,3,1,0,0,1,1
401857013,2026,WNBA,ANGEL REESE,ATLANTA DREAM,"2026-06-22, ATL vs TOR",29,11,4,11,0,2,3,4,6,3,9,2,0,1,4,5
401857013,2026,WNBA,ALLISHA GRAY,ATLANTA DREAM,"2026-06-22, ATL vs TOR",33,18,4,9,1,6,7,8,1,0,1,3,5,0,2,2
401857013,2026,WNBA,JORDIN CANADA,ATLANTA DREAM,"2026-06-22, ATL vs TOR",29,11,3,4,1,4,2,2,2,0,2,13,2,0,2,1
401857013,2026,WNBA,RHYNE HOWARD,ATLANTA DREAM,"2026-06-22, ATL vs TOR",32,20,2,6,5,11,1,2,4,3,7,1,0,0,1,6
401857013,2026,WNBA,SIKA KONE,ATLANTA DREAM,"2026-06-22, ATL vs TOR",1,0,0,0,0,0,0,0,0,0,0,0,0,0,0,2
401857013,2026,WNBA,MADINA OKOT,ATLANTA DREAM,"2026-06-22, ATL vs TOR",18,18,7,9,0,0,4,5,5,2,7,0,0,0,0,3
401857013,2026,WNBA,TE-HINA PAOPAO,ATLANTA DREAM,"2026-06-22, ATL vs TOR",14,2,1,1,0,1,0,0,0,1,1,1,0,0,0,2
401857013,2026,WNBA,INDYA NIVAR,ATLANTA DREAM,"2026-06-22, ATL vs TOR",1,0,0,0,0,0,0,0,0,0,0,0,0,0,1,1
401857013,2026,WNBA,ISOBEL BORLASE,ATLANTA DREAM,"2026-06-22, ATL vs TOR",20,8,1,6,2,4,0,0,2,0,2,2,1,0,0,3
401857014,2026,WNBA,ALYSSA THOMAS,PHOENIX MERCURY,"2026-06-22, IND vs PHX",34,19,8,12,0,0,3,5,5,0,5,9,1,1,3,2
401857014,2026,WNBA,NATASHA MACK,PHOENIX MERCURY,"2026-06-22, IND vs PHX",21,4,2,7,0,0,0,0,2,5,7,1,0,0,3,3
401857014,2026,WNBA,NOEMIE BROCHANT,PHOENIX MERCURY,"2026-06-22, IND vs PHX",26,7,2,4,1,5,0,0,1,1,2,3,1,0,0,2
401857014,2026,WNBA,KAHLEAH COPPER,PHOENIX MERCURY,"2026-06-22, IND vs PHX",31,20,4,7,2,7,6,8,3,0,3,0,0,0,1,6
401857014,2026,WNBA,LEXI HELD,PHOENIX MERCURY,"2026-06-22, IND vs PHX",22,4,2,4,0,3,0,0,1,1,2,3,1,0,1,4
401857014,2026,WNBA,DEWANNA BONNER,PHOENIX MERCURY,"2026-06-22, IND vs PHX",27,7,2,5,1,3,0,1,3,0,3,0,0,1,0,1
401857014,2026,WNBA,VALERIANE AYAYI,PHOENIX MERCURY,"2026-06-22, IND vs PHX",20,9,1,1,0,4,7,7,3,0,3,3,2,0,2,3
401857014,2026,WNBA,KYARA LINSKENS,PHOENIX MERCURY,"2026-06-22, IND vs PHX",14,4,2,3,0,2,0,0,3,1,4,0,0,0,2,3
401857014,2026,WNBA,SHAY CIEZKI,PHOENIX MERCURY,"2026-06-22, IND vs PHX",2,3,0,0,1,1,0,0,0,0,0,0,0,0,0,1
401857014,2026,WNBA,QUIONCHE CARTER,PHOENIX MERCURY,"2026-06-22, IND vs PHX",2,0,0,0,0,0,0,0,0,0,0,0,0,0,0,0
401857014,2026,WNBA,MONIQUE BILLINGS,INDIANA FEVER,"2026-06-22, IND vs PHX",28,14,4,4,0,0,6,9,4,6,10,1,1,1,3,3
401857014,2026,WNBA,ALIYAH BOSTON,INDIANA FEVER,"2026-06-22, IND vs PHX",29,8,1,5,1,4,3,4,8,1,9,0,2,1,3,3
401857014,2026,WNBA,KELSEY MITCHELL,INDIANA FEVER,"2026-06-22, IND vs PHX",32,22,5,10,3,10,3,4,1,0,1,1,1,0,1,3
401857014,2026,WNBA,LEXIE HULL,INDIANA FEVER,"2026-06-22, IND vs PHX",17,8,0,0,2,2,2,2,1,1,2,0,0,0,1,2
401857014,2026,WNBA,CAITLIN CLARK,INDIANA FEVER,"2026-06-22, IND vs PHX",29,24,5,7,3,10,5,6,3,0,3,9,0,0,3,5
401857014,2026,WNBA,MYISHA HINES-ALLEN,INDIANA FEVER,"2026-06-22, IND vs PHX",14,3,0,0,1,1,0,0,1,0,1,1,0,0,1,1
401857014,2026,WNBA,MAKAYLA TIMPSON,INDIANA FEVER,"2026-06-22, IND vs PHX",5,1,0,0,0,0,1,2,1,1,2,0,1,0,1,0
401857014,2026,WNBA,GRACE VANSLOOTEN,INDIANA FEVER,"2026-06-22, IND vs PHX",1,0,0,0,0,0,0,0,0,0,0,0,0,0,1,2
401857014,2026,WNBA,SOPHIE CUNNINGHAM,INDIANA FEVER,"2026-06-22, IND vs PHX",26,2,0,0,0,5,2,2,6,0,6,0,0,0,0,0
401857014,2026,WNBA,RAVEN JOHNSON,INDIANA FEVER,"2026-06-22, IND vs PHX",18,4,2,4,0,2,0,0,2,3,5,3,1,0,0,4
401857015,2026,WNBA,JESSICA SHEPARD,DALLAS WINGS,"2026-06-22, SEA vs DAL",36,14,7,13,0,0,0,0,5,4,9,8,1,0,1,2
401857015,2026,WNBA,AWAK KUIER,DALLAS WINGS,"2026-06-22, SEA vs DAL",22,6,3,6,0,2,0,0,4,0,4,0,0,2,2,1
401857015,2026,WNBA,ARIKE OGUNBOWALE,DALLAS WINGS,"2026-06-22, SEA vs DAL",20,4,1,2,0,3,2,2,2,0,2,4,0,0,1,1
401857015,2026,WNBA,PAIGE BUECKERS,DALLAS WINGS,"2026-06-22, SEA vs DAL",38,27,9,17,3,6,0,0,4,1,5,5,1,0,2,1
401857015,2026,WNBA,AZZI FUDD,DALLAS WINGS,"2026-06-22, SEA vs DAL",42,26,9,12,2,5,2,2,3,0,3,2,4,0,1,0
401857015,2026,WNBA,MADDY SIEGRIST,DALLAS WINGS,"2026-06-22, SEA vs DAL",13,7,2,3,1,2,0,0,0,0,0,1,0,0,0,1
401857015,2026,WNBA,LI YUERU,DALLAS WINGS,"2026-06-22, SEA vs DAL",18,10,2,2,2,4,0,0,0,3,3,2,0,0,0,2
401857015,2026,WNBA,SUG SUTTON,DALLAS WINGS,"2026-06-22, SEA vs DAL",10,0,0,0,0,1,0,0,2,0,2,2,1,0,1,2
401857015,2026,WNBA,AZIAHA JAMES,DALLAS WINGS,"2026-06-22, SEA vs DAL",24,18,6,10,1,1,3,5,5,1,6,6,2,0,0,4
401857015,2026,WNBA,KATIE LOU SAMUELSON,SEATTLE STORM,"2026-06-22, SEA vs DAL",21,3,0,0,1,2,0,0,2,0,2,1,2,0,0,3
401857015,2026,WNBA,DOMINIQUE MALONGA,SEATTLE STORM,"2026-06-22, SEA vs DAL",38,37,12,19,2,5,7,9,10,2,12,1,0,2,4,2
401857015,2026,WNBA,AWA FAM,SEATTLE STORM,"2026-06-22, SEA vs DAL",39,18,2,3,4,5,2,2,5,1,6,4,0,3,2,3
401857015,2026,WNBA,NATISHA HIEDEMAN,SEATTLE STORM,"2026-06-22, SEA vs DAL",37,21,7,11,2,8,1,1,4,0,4,11,1,0,3,2
401857015,2026,WNBA,FLAU'JAE JOHNSON,SEATTLE STORM,"2026-06-22, SEA vs DAL",40,11,1,6,2,3,3,3,5,0,5,9,2,1,2,1
401857015,2026,WNBA,STEFANIE DOLSON,SEATTLE STORM,"2026-06-22, SEA vs DAL",14,0,0,0,0,0,0,0,1,0,1,0,0,0,0,1
401857015,2026,WNBA,ZIA COOKE,SEATTLE STORM,"2026-06-22, SEA vs DAL",30,18,4,7,2,5,4,4,1,1,2,2,0,0,1,0
401857015,2026,WNBA,TAINA MAIR,SEATTLE STORM,"2026-06-22, SEA vs DAL",8,2,0,2,0,1,2,2,1,1,2,1,0,0,1,0
401857009,2026,WNBA,KAYLA THORNTON,GOLDEN STATE VALKYRIES,"2026-06-21, LV vs GS",19,2,1,2,0,2,0,0,2,3,5,0,0,0,1,4
401857009,2026,WNBA,GABBY WILLIAMS,GOLDEN STATE VALKYRIES,"2026-06-21, LV vs GS",21,10,4,7,0,4,2,4,1,0,1,0,2,0,1,0
401857009,2026,WNBA,CECILIA ZANDALASINI,GOLDEN STATE VALKYRIES,"2026-06-21, LV vs GS",21,12,6,7,0,2,0,0,3,0,3,0,0,0,0,2
401857009,2026,WNBA,KIAH STOKES,GOLDEN STATE VALKYRIES,"2026-06-21, LV vs GS",21,2,1,3,0,1,0,1,1,2,3,3,2,0,0,0
401857009,2026,WNBA,VERONICA BURTON,GOLDEN STATE VALKYRIES,"2026-06-21, LV vs GS",16,2,1,2,0,3,0,0,0,3,3,1,1,0,1,0
401857009,2026,WNBA,LAETICIA AMIHERE,GOLDEN STATE VALKYRIES,"2026-06-21, LV vs GS",12,10,1,3,2,2,2,2,2,1,3,0,1,1,0,1
401857009,2026,WNBA,JANELLE SALAUN,GOLDEN STATE VALKYRIES,"2026-06-21, LV vs GS",18,5,0,0,1,4,2,2,3,0,3,1,0,0,3,4
401857009,2026,WNBA,NADIA FINGALL,GOLDEN STATE VALKYRIES,"2026-06-21, LV vs GS",4,2,1,1,0,0,0,0,0,1,1,0,0,0,0,0
401857009,2026,WNBA,TIFFANY HAYES,GOLDEN STATE VALKYRIES,"2026-06-21, LV vs GS",19,7,3,5,0,3,1,2,1,0,1,1,0,0,1,1
401857009,2026,WNBA,KAILA CHARLES,GOLDEN STATE VALKYRIES,"2026-06-21, LV vs GS",19,7,1,2,1,2,2,2,4,0,4,1,1,0,1,2
401857009,2026,WNBA,KAITLYN CHEN,GOLDEN STATE VALKYRIES,"2026-06-21, LV vs GS",24,11,3,3,1,5,2,3,1,1,2,2,0,0,2,1
401857009,2026,WNBA,JUSTE JOCYTE,GOLDEN STATE VALKYRIES,"2026-06-21, LV vs GS",6,3,1,2,0,2,1,2,2,0,2,1,0,0,0,0
401857009,2026,WNBA,STEPHANIE TALBOT,LAS VEGAS ACES,"2026-06-21, LV vs GS",21,4,2,3,0,2,0,0,0,0,0,0,0,0,1,2
401857009,2026,WNBA,NALYSSA SMITH,LAS VEGAS ACES,"2026-06-21, LV vs GS",27,14,6,7,0,0,2,2,1,2,3,1,0,1,2,4
401857009,2026,WNBA,A'JA WILSON,LAS VEGAS ACES,"2026-06-21, LV vs GS",31,19,7,11,0,2,5,5,9,0,9,3,1,2,3,0
401857009,2026,WNBA,CHELSEA GRAY,LAS VEGAS ACES,"2026-06-21, LV vs GS",32,15,2,3,3,4,2,3,2,0,2,9,1,0,3,4
401857009,2026,WNBA,JACKIE YOUNG,LAS VEGAS ACES,"2026-06-21, LV vs GS",32,21,6,6,3,6,0,0,3,0,3,5,0,0,0,3
401857009,2026,WNBA,CHEYENNE PARKER-TYUS,LAS VEGAS ACES,"2026-06-21, LV vs GS",4,0,0,0,0,0,0,0,2,0,2,0,0,0,0,0
401857009,2026,WNBA,BRIANNA TURNER,LAS VEGAS ACES,"2026-06-21, LV vs GS",17,0,0,0,0,0,0,0,3,0,3,1,1,0,0,1
401857009,2026,WNBA,KIERSTAN BELL,LAS VEGAS ACES,"2026-06-21, LV vs GS",14,5,1,2,1,5,0,0,0,0,0,1,1,0,0,1
401857009,2026,WNBA,JEWELL LOYD,LAS VEGAS ACES,"2026-06-21, LV vs GS",23,14,1,2,4,5,0,0,3,0,3,1,1,0,2,3
401857010,2026,WNBA,MICHAELA ONYENWERE,WASHINGTON MYSTICS,"2026-06-21, MIN vs WSH",23,5,1,4,0,1,3,5,1,2,3,1,0,0,1,2
401857010,2026,WNBA,KIKI IRIAFEN,WASHINGTON MYSTICS,"2026-06-21, MIN vs WSH",25,17,6,11,0,0,5,7,4,3,7,0,1,0,2,5
401857010,2026,WNBA,SHAKIRA AUSTIN,WASHINGTON MYSTICS,"2026-06-21, MIN vs WSH",22,7,2,7,0,1,3,4,7,1,8,2,3,1,2,1
401857010,2026,WNBA,SONIA CITRON,WASHINGTON MYSTICS,"2026-06-21, MIN vs WSH",33,21,4,6,2,7,7,8,2,1,3,2,1,1,1,3
401857010,2026,WNBA,GEORGIA AMOORE,WASHINGTON MYSTICS,"2026-06-21, MIN vs WSH",32,8,3,4,0,3,2,3,2,0,2,7,0,0,4,1
401857010,2026,WNBA,ANGELA DUGALIC,WASHINGTON MYSTICS,"2026-06-21, MIN vs WSH",15,6,3,3,0,2,0,0,4,1,5,1,0,0,2,0
401857010,2026,WNBA,LAUREN BETTS,WASHINGTON MYSTICS,"2026-06-21, MIN vs WSH",18,2,1,2,0,0,0,0,2,0,2,0,2,0,1,1
401857010,2026,WNBA,LUCY OLSEN,WASHINGTON MYSTICS,"2026-06-21, MIN vs WSH",6,3,0,0,1,1,0,0,0,0,0,2,0,0,2,1
401857010,2026,WNBA,COTIE MCMAHON,WASHINGTON MYSTICS,"2026-06-21, MIN vs WSH",26,15,1,5,4,4,1,2,3,0,3,5,0,1,1,2
401857010,2026,WNBA,NATASHA HOWARD,MINNESOTA LYNX,"2026-06-21, MIN vs WSH",36,20,9,14,0,1,2,2,3,3,6,2,5,0,5,5
401857010,2026,WNBA,NIA COFFEY,MINNESOTA LYNX,"2026-06-21, MIN vs WSH",31,5,1,1,1,5,0,0,7,1,8,2,2,4,0,4
401857010,2026,WNBA,KAYLA MCBRIDE,MINNESOTA LYNX,"2026-06-21, MIN vs WSH",36,12,2,5,1,6,5,5,2,0,2,4,0,0,2,5
401857010,2026,WNBA,COURTNEY WILLIAMS,MINNESOTA LYNX,"2026-06-21, MIN vs WSH",32,13,4,12,1,3,2,2,2,2,4,3,2,0,1,2
401857010,2026,WNBA,OLIVIA MILES,MINNESOTA LYNX,"2026-06-21, MIN vs WSH",32,22,8,14,1,4,3,3,4,1,5,6,0,2,4,5
401857010,2026,WNBA,ANTONIA DELAERE,MINNESOTA LYNX,"2026-06-21, MIN vs WSH",8,0,0,0,0,1,0,0,0,0,0,0,0,0,0,1
401857010,2026,WNBA,ANASTASIIA OLAIRI KOSU,MINNESOTA LYNX,"2026-06-21, MIN vs WSH",8,1,0,0,0,0,1,2,0,0,0,0,0,0,0,0
401857010,2026,WNBA,TEAIRA MCCOWAN,MINNESOTA LYNX,"2026-06-21, MIN vs WSH",5,2,1,1,0,0,0,0,2,0,2,0,0,1,0,1
401857010,2026,WNBA,MAYA CALDWELL,MINNESOTA LYNX,"2026-06-21, MIN vs WSH",13,4,2,3,0,1,0,0,0,0,0,1,2,0,0,2
401857011,2026,WNBA,BREANNA STEWART,NEW YORK LIBERTY,"2026-06-21, LA vs NY",34,18,8,13,0,4,2,4,9,1,10,4,2,0,2,5
401857011,2026,WNBA,SATOU SABALLY,NEW YORK LIBERTY,"2026-06-21, LA vs NY",27,14,2,4,3,8,1,2,4,1,5,7,0,0,3,3
401857011,2026,WNBA,LEONIE FIEBICH,NEW YORK LIBERTY,"2026-06-21, LA vs NY",26,13,1,2,3,6,2,2,2,0,2,1,1,0,4,2
401857011,2026,WNBA,JONQUEL JONES,NEW YORK LIBERTY,"2026-06-21, LA vs NY",33,18,2,2,4,7,2,2,5,3,8,3,2,1,0,3
401857011,2026,WNBA,SABRINA IONESCU,NEW YORK LIBERTY,"2026-06-21, LA vs NY",22,2,1,2,0,1,0,0,1,2,3,2,0,0,2,1
401857011,2026,WNBA,RAQUEL CARRERA,NEW YORK LIBERTY,"2026-06-21, LA vs NY",1,0,0,0,0,0,0,0,0,0,0,0,0,0,0,0
401857011,2026,WNBA,HAN XU,NEW YORK LIBERTY,"2026-06-21, LA vs NY",6,0,0,1,0,0,0,0,2,0,2,0,1,0,1,0
401857011,2026,WNBA,REBEKAH GARDNER,NEW YORK LIBERTY,"2026-06-21, LA vs NY",7,2,1,2,0,1,0,0,1,1,2,0,0,1,0,1
401857011,2026,WNBA,REBECCA ALLEN,NEW YORK LIBERTY,"2026-06-21, LA vs NY",6,3,0,0,1,1,0,0,0,0,0,0,0,0,0,2
401857011,2026,WNBA,MARINE JOHANNES,NEW YORK LIBERTY,"2026-06-21, LA vs NY",17,10,2,3,2,7,0,0,1,1,2,1,0,0,1,2
401857011,2026,WNBA,PAULINE ASTIER,NEW YORK LIBERTY,"2026-06-21, LA vs NY",21,17,4,4,0,1,9,9,4,0,4,5,1,1,3,2
401857011,2026,WNBA,NNEKA OGWUMIKE,LOS ANGELES SPARKS,"2026-06-21, LA vs NY",35,24,9,14,2,4,0,0,4,2,6,3,3,0,1,2
401857011,2026,WNBA,DEARICA HAMBY,LOS ANGELES SPARKS,"2026-06-21, LA vs NY",31,12,6,10,0,2,0,2,6,2,8,3,1,0,2,5
401857011,2026,WNBA,ERICA WHEELER,LOS ANGELES SPARKS,"2026-06-21, LA vs NY",26,15,4,6,2,5,1,1,1,1,2,5,1,0,1,3
401857011,2026,WNBA,KELSEY PLUM,LOS ANGELES SPARKS,"2026-06-21, LA vs NY",36,12,4,7,1,7,1,1,3,0,3,7,0,0,1,4
401857011,2026,WNBA,ARIEL ATKINS,LOS ANGELES SPARKS,"2026-06-21, LA vs NY",26,10,2,4,2,4,0,0,2,0,2,4,0,2,1,1
401857011,2026,WNBA,JIHYUN PARK,LOS ANGELES SPARKS,"2026-06-21, LA vs NY",3,0,0,0,0,0,0,0,0,1,1,0,0,0,0,0
401857011,2026,WNBA,LAURA ZIEGLER,LOS ANGELES SPARKS,"2026-06-21, LA vs NY",10,4,2,2,0,0,0,1,1,0,1,1,0,0,0,1
401857011,2026,WNBA,KIANA WILLIAMS,LOS ANGELES SPARKS,"2026-06-21, LA vs NY",7,2,1,1,0,1,0,0,0,0,0,1,0,0,0,2
401857011,2026,WNBA,RAE BURRELL,LOS ANGELES SPARKS,"2026-06-21, LA vs NY",26,19,3,6,2,4,7,7,2,1,3,4,0,0,3,2
401857006,2026,WNBA,MONIQUE BILLINGS,INDIANA FEVER,"2026-06-20, ATL vs IND",13,7,1,1,1,1,2,2,1,0,1,0,0,1,1,5
401857006,2026,WNBA,ALIYAH BOSTON,INDIANA FEVER,"2026-06-20, ATL vs IND",22,13,2,7,2,3,3,3,7,2,9,6,0,0,4,5
401857006,2026,WNBA,KELSEY MITCHELL,INDIANA FEVER,"2026-06-20, ATL vs IND",32,16,3,9,2,4,4,4,3,0,3,3,0,0,1,3
401857006,2026,WNBA,LEXIE HULL,INDIANA FEVER,"2026-06-20, ATL vs IND",16,0,0,0,0,1,0,0,0,0,0,1,0,0,0,3
401857006,2026,WNBA,CAITLIN CLARK,INDIANA FEVER,"2026-06-20, ATL vs IND",34,26,8,11,3,7,1,2,3,0,3,7,1,0,7,3
401857006,2026,WNBA,MYISHA HINES-ALLEN,INDIANA FEVER,"2026-06-20, ATL vs IND",17,9,2,4,1,1,2,2,3,0,3,0,0,1,3,3
401857006,2026,WNBA,MAKAYLA TIMPSON,INDIANA FEVER,"2026-06-20, ATL vs IND",4,0,0,0,0,0,0,0,1,0,1,0,0,1,0,0
401857006,2026,WNBA,DAMIRIS DANTAS,INDIANA FEVER,"2026-06-20, ATL vs IND",7,3,1,1,0,2,1,3,2,1,3,0,0,0,1,2
401857006,2026,WNBA,SOPHIE CUNNINGHAM,INDIANA FEVER,"2026-06-20, ATL vs IND",26,13,0,1,3,8,4,5,1,0,1,1,0,0,1,2
401857006,2026,WNBA,TYASHA HARRIS,INDIANA FEVER,"2026-06-20, ATL vs IND",7,0,0,0,0,0,0,0,0,0,0,0,0,0,0,2
401857006,2026,WNBA,RAVEN JOHNSON,INDIANA FEVER,"2026-06-20, ATL vs IND",21,9,3,3,1,3,0,0,5,1,6,2,0,0,1,1
401857006,2026,WNBA,NAZ HILLMON,ATLANTA DREAM,"2026-06-20, ATL vs IND",29,19,6,10,2,3,1,2,3,3,6,3,0,1,1,3
401857006,2026,WNBA,ANGEL REESE,ATLANTA DREAM,"2026-06-20, ATL vs IND",31,18,7,13,0,1,4,8,4,4,8,1,2,1,3,5
401857006,2026,WNBA,ALLISHA GRAY,ATLANTA DREAM,"2026-06-20, ATL vs IND",33,22,7,12,2,6,2,4,2,3,5,1,3,1,1,3
401857006,2026,WNBA,JORDIN CANADA,ATLANTA DREAM,"2026-06-20, ATL vs IND",32,12,5,9,0,0,2,4,7,0,7,12,3,1,0,3
401857006,2026,WNBA,RHYNE HOWARD,ATLANTA DREAM,"2026-06-20, ATL vs IND",35,24,2,5,4,10,8,8,4,0,4,3,1,1,1,5
401857006,2026,WNBA,SIKA KONE,ATLANTA DREAM,"2026-06-20, ATL vs IND",2,0,0,1,0,1,0,0,0,0,0,1,0,0,0,0
401857006,2026,WNBA,MADINA OKOT,ATLANTA DREAM,"2026-06-20, ATL vs IND",4,3,0,0,0,0,3,4,0,2,2,0,1,0,0,2
401857006,2026,WNBA,TE-HINA PAOPAO,ATLANTA DREAM,"2026-06-20, ATL vs IND",16,9,0,1,3,4,0,0,0,0,0,2,0,0,1,1
401857006,2026,WNBA,INDYA NIVAR,ATLANTA DREAM,"2026-06-20, ATL vs IND",2,3,0,0,1,1,0,0,0,0,0,0,0,0,0,0
401857006,2026,WNBA,ISOBEL BORLASE,ATLANTA DREAM,"2026-06-20, ATL vs IND",17,3,1,3,0,0,1,1,3,0,3,2,0,0,1,2
401857007,2026,WNBA,DOMINIQUE MALONGA,SEATTLE STORM,"2026-06-20, PHX vs SEA",23,10,3,14,1,2,1,2,1,2,3,2,1,0,1,2
401857007,2026,WNBA,AWA FAM,SEATTLE STORM,"2026-06-20, PHX vs SEA",30,5,1,5,1,2,0,0,6,4,10,3,2,0,2,2
401857007,2026,WNBA,NATISHA HIEDEMAN,SEATTLE STORM,"2026-06-20, PHX vs SEA",28,20,3,5,3,4,5,5,0,0,0,4,0,0,2,4
401857007,2026,WNBA,FLAU'JAE JOHNSON,SEATTLE STORM,"2026-06-20, PHX vs SEA",34,13,5,10,1,7,0,0,1,1,2,0,0,2,2,4
401857007,2026,WNBA,JADE MELBOURNE,SEATTLE STORM,"2026-06-20, PHX vs SEA",11,2,0,0,0,2,2,2,1,0,1,1,0,0,1,4
401857007,2026,WNBA,KATIE LOU SAMUELSON,SEATTLE STORM,"2026-06-20, PHX vs SEA",27,7,2,3,1,5,0,0,5,0,5,3,2,0,0,1
401857007,2026,WNBA,MACKENZIE HOLMES,SEATTLE STORM,"2026-06-20, PHX vs SEA",4,0,0,0,0,0,0,0,1,0,1,0,1,0,0,1
401857007,2026,WNBA,TAYLOR THIERRY,SEATTLE STORM,"2026-06-20, PHX vs SEA",7,0,0,1,0,1,0,0,1,1,2,0,1,0,1,0
401857007,2026,WNBA,STEFANIE DOLSON,SEATTLE STORM,"2026-06-20, PHX vs SEA",21,6,1,1,1,2,1,2,2,1,3,2,0,0,0,2
401857007,2026,WNBA,ZIA COOKE,SEATTLE STORM,"2026-06-20, PHX vs SEA",16,10,2,3,0,3,6,6,2,0,2,2,0,0,1,4
401857007,2026,WNBA,ALYSSA THOMAS,PHOENIX MERCURY,"2026-06-20, PHX vs SEA",28,8,4,6,0,0,0,0,3,0,3,9,1,1,5,1
401857007,2026,WNBA,NATASHA MACK,PHOENIX MERCURY,"2026-06-20, PHX vs SEA",23,10,4,10,0,0,2,4,6,4,10,2,0,1,2,2
401857007,2026,WNBA,NOEMIE BROCHANT,PHOENIX MERCURY,"2026-06-20, PHX vs SEA",32,16,2,2,4,5,0,0,2,0,2,10,1,0,1,4
401857007,2026,WNBA,KAHLEAH COPPER,PHOENIX MERCURY,"2026-06-20, PHX vs SEA",27,17,2,2,2,8,7,9,7,0,7,2,1,1,1,1
401857007,2026,WNBA,LEXI HELD,PHOENIX MERCURY,"2026-06-20, PHX vs SEA",30,11,4,6,1,6,0,0,0,0,0,2,0,1,2,1
401857007,2026,WNBA,DEWANNA BONNER,PHOENIX MERCURY,"2026-06-20, PHX vs SEA",23,10,2,2,1,3,3,3,3,1,4,1,0,1,0,0
401857007,2026,WNBA,VALERIANE AYAYI,PHOENIX MERCURY,"2026-06-20, PHX vs SEA",22,18,2,3,2,4,8,8,9,1,10,0,0,1,2,2
401857007,2026,WNBA,KYARA LINSKENS,PHOENIX MERCURY,"2026-06-20, PHX vs SEA",13,3,1,3,0,2,1,2,1,1,2,0,0,2,1,1
401857007,2026,WNBA,QUIONCHE CARTER,PHOENIX MERCURY,"2026-06-20, PHX vs SEA",4,0,0,0,0,1,0,0,1,0,1,0,1,0,0,1
401857008,2026,WNBA,AZURA STEVENS,CHICAGO SKY,"2026-06-20, DAL vs CHI",28,8,2,8,1,3,1,2,7,4,11,4,2,0,1,3
401857008,2026,WNBA,KAMILLA CARDOSO,CHICAGO SKY,"2026-06-20, DAL vs CHI",29,26,10,13,0,0,6,10,5,4,9,3,0,2,4,6
401857008,2026,WNBA,SKYLAR DIGGINS,CHICAGO SKY,"2026-06-20, DAL vs CHI",32,14,3,7,1,3,5,6,1,0,1,6,3,0,3,3
401857008,2026,WNBA,SYDNEY TAYLOR,CHICAGO SKY,"2026-06-20, DAL vs CHI",25,18,4,5,2,8,4,4,1,1,2,0,1,0,3,6
401857008,2026,WNBA,GABRIELA JAQUEZ,CHICAGO SKY,"2026-06-20, DAL vs CHI",25,6,3,6,0,1,0,1,5,2,7,1,2,0,1,1
401857008,2026,WNBA,MADDY WESTBELD,CHICAGO SKY,"2026-06-20, DAL vs CHI",10,0,0,0,0,1,0,0,0,1,1,1,0,0,1,2
401857008,2026,WNBA,ELIZABETH WILLIAMS,CHICAGO SKY,"2026-06-20, DAL vs CHI",11,4,2,2,0,0,0,2,4,0,4,1,0,1,0,1
401857008,2026,WNBA,NATASHA CLOUD,CHICAGO SKY,"2026-06-20, DAL vs CHI",25,10,1,4,2,6,2,2,6,0,6,6,1,0,1,1
401857008,2026,WNBA,JACY SHELDON,CHICAGO SKY,"2026-06-20, DAL vs CHI",15,6,1,2,1,1,1,2,1,1,2,0,0,0,1,1
401857008,2026,WNBA,JESSICA SHEPARD,DALLAS WINGS,"2026-06-20, DAL vs CHI",34,21,7,13,0,1,7,8,6,2,8,3,1,0,4,1
401857008,2026,WNBA,AWAK KUIER,DALLAS WINGS,"2026-06-20, DAL vs CHI",14,3,0,1,1,3,0,0,0,0,0,0,0,1,1,6
401857008,2026,WNBA,ARIKE OGUNBOWALE,DALLAS WINGS,"2026-06-20, DAL vs CHI",32,12,1,6,3,5,1,2,2,1,3,1,1,0,1,2
401857008,2026,WNBA,PAIGE BUECKERS,DALLAS WINGS,"2026-06-20, DAL vs CHI",36,19,6,11,1,5,4,4,6,1,7,8,2,1,2,1
401857008,2026,WNBA,AZZI FUDD,DALLAS WINGS,"2026-06-20, DAL vs CHI",34,13,3,7,2,6,1,1,4,1,5,2,1,4,2,3
401857008,2026,WNBA,ALANNA SMITH,DALLAS WINGS,"2026-06-20, DAL vs CHI",5,3,0,0,1,1,0,0,0,0,0,0,2,0,1,2
401857008,2026,WNBA,MADDY SIEGRIST,DALLAS WINGS,"2026-06-20, DAL vs CHI",12,9,1,3,2,3,1,2,2,1,3,0,0,0,0,3
401857008,2026,WNBA,LI YUERU,DALLAS WINGS,"2026-06-20, DAL vs CHI",15,5,1,1,0,1,3,4,4,2,6,1,0,0,1,4
401857008,2026,WNBA,SUG SUTTON,DALLAS WINGS,"2026-06-20, DAL vs CHI",13,4,2,3,0,0,0,0,0,0,0,1,0,1,0,1
401857008,2026,WNBA,AZIAHA JAMES,DALLAS WINGS,"2026-06-20, DAL vs CHI",6,4,2,3,0,0,0,0,2,1,3,1,0,0,1,0
401857003,2026,WNBA,ISABELLE HARRISON,TORONTO TEMPO,"2026-06-19, CON vs TOR",30,15,3,11,2,3,3,3,5,1,6,5,0,1,1,2
401857003,2026,WNBA,LAURA JUSKAITE,TORONTO TEMPO,"2026-06-19, CON vs TOR",29,4,2,6,0,1,0,0,5,2,7,4,3,1,4,5
401857003,2026,WNBA,TEMI FAGBENLE,TORONTO TEMPO,"2026-06-19, CON vs TOR",32,19,6,7,2,2,1,2,5,4,9,2,1,1,0,3
401857003,2026,WNBA,MARINA MABREY,TORONTO TEMPO,"2026-06-19, CON vs TOR",33,37,5,12,9,12,0,0,3,1,4,4,0,0,6,4
401857003,2026,WNBA,JULIE ALLEMAND,TORONTO TEMPO,"2026-06-19, CON vs TOR",34,4,2,2,0,3,0,0,0,0,0,9,1,0,4,1
401857003,2026,WNBA,MARIA CONDE,TORONTO TEMPO,"2026-06-19, CON vs TOR",28,19,0,4,5,8,4,4,4,2,6,3,0,1,0,1
401857003,2026,WNBA,TEONNI KEY,TORONTO TEMPO,"2026-06-19, CON vs TOR",3,0,0,0,0,0,0,0,0,0,0,0,0,0,0,1
401857003,2026,WNBA,KIA NURSE,TORONTO TEMPO,"2026-06-19, CON vs TOR",5,0,0,0,0,3,0,0,0,0,0,0,0,0,0,2
401857003,2026,WNBA,TIMA POUYE,TORONTO TEMPO,"2026-06-19, CON vs TOR",6,3,0,0,1,2,0,0,1,0,1,0,0,0,0,4
401857003,2026,WNBA,AALIYAH EDWARDS,CONNECTICUT SUN,"2026-06-19, CON vs TOR",20,6,2,5,0,0,2,2,2,0,2,2,1,0,0,3
401857003,2026,WNBA,DIAMOND MILLER,CONNECTICUT SUN,"2026-06-19, CON vs TOR",21,10,3,7,1,3,1,2,3,0,3,2,0,0,0,3
401857003,2026,WNBA,BRITTNEY GRINER,CONNECTICUT SUN,"2026-06-19, CON vs TOR",24,16,7,11,0,0,2,3,4,4,8,2,0,2,2,0
401857003,2026,WNBA,SANIYA RIVERS,CONNECTICUT SUN,"2026-06-19, CON vs TOR",21,3,0,1,1,3,0,0,3,0,3,4,2,0,2,2
401857003,2026,WNBA,LEILA LACAN,CONNECTICUT SUN,"2026-06-19, CON vs TOR",31,16,3,8,2,8,4,5,1,0,1,3,1,0,1,2
401857003,2026,WNBA,ANEESAH MORROW,CONNECTICUT SUN,"2026-06-19, CON vs TOR",20,8,3,6,0,3,2,2,5,5,10,4,2,0,2,2
401857003,2026,WNBA,NELL ANGLOMA,CONNECTICUT SUN,"2026-06-19, CON vs TOR",3,0,0,0,0,0,0,0,0,0,0,0,0,0,1,0
401857003,2026,WNBA,OLIVIA NELSON-ODODA,CONNECTICUT SUN,"2026-06-19, CON vs TOR",16,13,6,9,0,0,1,2,2,1,3,0,1,1,0,1
401857003,2026,WNBA,KENNEDY BURKE,CONNECTICUT SUN,"2026-06-19, CON vs TOR",27,18,3,4,2,5,6,6,1,2,3,1,2,1,0,0
401857003,2026,WNBA,CHARLISSE LEGER-WALKER,CONNECTICUT SUN,"2026-06-19, CON vs TOR",18,7,2,3,0,0,3,4,2,0,2,3,0,0,0,0
401857004,2026,WNBA,MICHAELA ONYENWERE,WASHINGTON MYSTICS,"2026-06-19, NY vs WSH",28,11,3,4,0,1,5,5,1,1,2,0,0,0,2,3
401857004,2026,WNBA,KIKI IRIAFEN,WASHINGTON MYSTICS,"2026-06-19, NY vs WSH",28,20,8,13,0,1,4,6,4,2,6,0,1,1,1,3
401857004,2026,WNBA,SHAKIRA AUSTIN,WASHINGTON MYSTICS,"2026-06-19, NY vs WSH",28,14,3,7,1,1,5,8,5,2,7,1,0,0,1,3
401857004,2026,WNBA,SONIA CITRON,WASHINGTON MYSTICS,"2026-06-19, NY vs WSH",35,16,4,6,1,5,5,6,6,0,6,8,5,0,2,4
401857004,2026,WNBA,GEORGIA AMOORE,WASHINGTON MYSTICS,"2026-06-19, NY vs WSH",28,10,2,3,1,6,3,3,0,0,0,8,0,0,3,2
401857004,2026,WNBA,ANGELA DUGALIC,WASHINGTON MYSTICS,"2026-06-19, NY vs WSH",7,0,0,1,0,0,0,0,1,0,1,1,0,0,0,0
401857004,2026,WNBA,LAUREN BETTS,WASHINGTON MYSTICS,"2026-06-19, NY vs WSH",17,8,4,6,0,0,0,1,2,3,5,0,1,1,1,2
401857004,2026,WNBA,LUCY OLSEN,WASHINGTON MYSTICS,"2026-06-19, NY vs WSH",11,0,0,1,0,1,0,0,2,0,2,1,1,0,1,4
401857004,2026,WNBA,COTIE MCMAHON,WASHINGTON MYSTICS,"2026-06-19, NY vs WSH",13,7,2,2,1,3,0,3,1,0,1,1,1,0,0,2
401857004,2026,WNBA,CASSANDRE PROSPER,WASHINGTON MYSTICS,"2026-06-19, NY vs WSH",5,0,0,1,0,0,0,0,1,0,1,0,0,0,0,0
401857004,2026,WNBA,BREANNA STEWART,NEW YORK LIBERTY,"2026-06-19, NY vs WSH",32,16,5,9,0,2,6,8,9,1,10,6,1,2,1,5
401857004,2026,WNBA,LEONIE FIEBICH,NEW YORK LIBERTY,"2026-06-19, NY vs WSH",31,19,3,4,3,5,4,4,0,2,2,2,1,0,1,3
401857004,2026,WNBA,JONQUEL JONES,NEW YORK LIBERTY,"2026-06-19, NY vs WSH",33,10,4,4,0,4,2,4,10,0,10,2,0,1,2,3
401857004,2026,WNBA,MARINE JOHANNES,NEW YORK LIBERTY,"2026-06-19, NY vs WSH",27,4,0,1,1,7,1,2,2,1,3,4,1,1,1,1
401857004,2026,WNBA,SABRINA IONESCU,NEW YORK LIBERTY,"2026-06-19, NY vs WSH",30,9,3,7,1,6,0,0,1,0,1,3,0,0,4,3
401857004,2026,WNBA,SATOU SABALLY,NEW YORK LIBERTY,"2026-06-19, NY vs WSH",17,13,1,2,3,6,2,2,0,0,0,1,1,0,2,4
401857004,2026,WNBA,HAN XU,NEW YORK LIBERTY,"2026-06-19, NY vs WSH",12,8,1,2,2,3,0,0,2,1,3,1,0,2,1,2
401857004,2026,WNBA,REBEKAH GARDNER,NEW YORK LIBERTY,"2026-06-19, NY vs WSH",9,2,1,1,0,1,0,0,0,0,0,0,0,0,0,2
401857004,2026,WNBA,PAULINE ASTIER,NEW YORK LIBERTY,"2026-06-19, NY vs WSH",10,2,1,2,0,0,0,0,1,0,1,1,1,0,2,3
401857005,2026,WNBA,NATASHA HOWARD,MINNESOTA LYNX,"2026-06-19, GS vs MIN",28,10,5,10,0,0,0,0,4,4,8,4,0,1,1,6
401857005,2026,WNBA,NIA COFFEY,MINNESOTA LYNX,"2026-06-19, GS vs MIN",33,22,4,7,3,4,5,6,3,3,6,3,0,1,1,1
401857005,2026,WNBA,KAYLA MCBRIDE,MINNESOTA LYNX,"2026-06-19, GS vs MIN",34,17,6,9,1,3,2,3,3,0,3,2,1,0,0,3
401857005,2026,WNBA,COURTNEY WILLIAMS,MINNESOTA LYNX,"2026-06-19, GS vs MIN",36,21,4,14,2,2,7,7,10,2,12,5,1,2,2,0
401857005,2026,WNBA,OLIVIA MILES,MINNESOTA LYNX,"2026-06-19, GS vs MIN",32,7,1,6,0,4,5,5,5,0,5,4,3,3,6,4
401857005,2026,WNBA,ANTONIA DELAERE,MINNESOTA LYNX,"2026-06-19, GS vs MIN",7,0,0,0,0,0,0,0,0,0,0,0,1,0,0,0
401857005,2026,WNBA,ANASTASIIA OLAIRI KOSU,MINNESOTA LYNX,"2026-06-19, GS vs MIN",19,4,1,5,0,0,2,2,3,3,6,0,2,2,2,2
401857005,2026,WNBA,MAYA CALDWELL,MINNESOTA LYNX,"2026-06-19, GS vs MIN",11,0,0,4,0,0,0,0,2,0,2,0,0,0,1,1
401857005,2026,WNBA,KAYLA THORNTON,GOLDEN STATE VALKYRIES,"2026-06-19, GS vs MIN",23,3,0,1,1,4,0,0,4,2,6,2,1,0,0,1
401857005,2026,WNBA,GABBY WILLIAMS,GOLDEN STATE VALKYRIES,"2026-06-19, GS vs MIN",28,15,4,10,2,6,1,2,5,3,8,1,1,0,3,3
401857005,2026,WNBA,CECILIA ZANDALASINI,GOLDEN STATE VALKYRIES,"2026-06-19, GS vs MIN",27,23,3,5,4,10,5,5,3,1,4,2,0,0,2,2
401857005,2026,WNBA,KIAH STOKES,GOLDEN STATE VALKYRIES,"2026-06-19, GS vs MIN",19,2,1,1,0,1,0,0,6,0,6,0,0,0,0,1
401857005,2026,WNBA,VERONICA BURTON,GOLDEN STATE VALKYRIES,"2026-06-19, GS vs MIN",24,5,0,3,1,5,2,2,1,1,2,5,2,0,2,3
401857005,2026,WNBA,LAETICIA AMIHERE,GOLDEN STATE VALKYRIES,"2026-06-19, GS vs MIN",10,1,0,1,0,0,1,4,2,2,4,0,1,2,0,0
401857005,2026,WNBA,JANELLE SALAUN,GOLDEN STATE VALKYRIES,"2026-06-19, GS vs MIN",24,15,3,5,3,11,0,2,2,4,6,0,1,0,1,1
401857005,2026,WNBA,TIFFANY HAYES,GOLDEN STATE VALKYRIES,"2026-06-19, GS vs MIN",7,2,0,2,0,0,2,2,1,0,1,3,0,0,0,1
401857005,2026,WNBA,KAILA CHARLES,GOLDEN STATE VALKYRIES,"2026-06-19, GS vs MIN",21,2,1,3,0,2,0,0,1,0,1,2,2,1,3,2
401857005,2026,WNBA,KAITLYN CHEN,GOLDEN STATE VALKYRIES,"2026-06-19, GS vs MIN",16,7,2,3,1,1,0,0,0,0,0,2,0,0,2,2
401857002,2026,WNBA,NAZ HILLMON,ATLANTA DREAM,"2026-06-18, IND vs ATL",32,17,1,3,3,5,6,6,3,1,4,2,1,1,2,6
401857002,2026,WNBA,ANGEL REESE,ATLANTA DREAM,"2026-06-18, IND vs ATL",29,21,8,14,0,0,5,8,7,4,11,1,0,0,4,4
401857002,2026,WNBA,ALLISHA GRAY,ATLANTA DREAM,"2026-06-18, IND vs ATL",34,17,5,8,1,3,4,5,0,0,0,3,3,0,2,4
401857002,2026,WNBA,JORDIN CANADA,ATLANTA DREAM,"2026-06-18, IND vs ATL",29,18,4,7,1,3,7,8,2,0,2,5,4,0,1,4
401857002,2026,WNBA,RHYNE HOWARD,ATLANTA DREAM,"2026-06-18, IND vs ATL",38,16,5,9,1,3,3,3,2,2,4,6,3,1,1,1
401857002,2026,WNBA,SIKA KONE,ATLANTA DREAM,"2026-06-18, IND vs ATL",5,3,1,1,0,0,1,4,0,1,1,0,0,0,1,0
401857002,2026,WNBA,MADINA OKOT,ATLANTA DREAM,"2026-06-18, IND vs ATL",5,0,0,0,0,1,0,0,4,0,4,1,0,0,0,2
401857002,2026,WNBA,TE-HINA PAOPAO,ATLANTA DREAM,"2026-06-18, IND vs ATL",14,7,2,3,1,2,0,0,1,0,1,3,0,0,1,2
401857002,2026,WNBA,ISOBEL BORLASE,ATLANTA DREAM,"2026-06-18, IND vs ATL",13,9,4,6,0,1,1,1,2,0,2,0,0,1,0,4
401857002,2026,WNBA,MONIQUE BILLINGS,INDIANA FEVER,"2026-06-18, IND vs ATL",13,6,2,3,0,0,2,2,1,2,3,1,1,0,2,3
401857002,2026,WNBA,ALIYAH BOSTON,INDIANA FEVER,"2026-06-18, IND vs ATL",34,23,7,13,1,2,6,8,8,0,8,3,1,3,4,3
401857002,2026,WNBA,KELSEY MITCHELL,INDIANA FEVER,"2026-06-18, IND vs ATL",34,26,7,8,3,7,3,3,1,0,1,1,1,0,2,2
401857002,2026,WNBA,LEXIE HULL,INDIANA FEVER,"2026-06-18, IND vs ATL",11,2,1,2,0,0,0,0,3,0,3,0,0,0,0,4
401857002,2026,WNBA,CAITLIN CLARK,INDIANA FEVER,"2026-06-18, IND vs ATL",31,26,6,12,2,5,8,12,2,0,2,7,0,0,5,5
401857002,2026,WNBA,MYISHA HINES-ALLEN,INDIANA FEVER,"2026-06-18, IND vs ATL",9,0,0,1,0,0,0,0,1,0,1,0,0,0,0,2
401857002,2026,WNBA,MAKAYLA TIMPSON,INDIANA FEVER,"2026-06-18, IND vs ATL",21,6,2,3,0,0,2,2,2,2,4,0,3,0,1,2
401857002,2026,WNBA,SOPHIE CUNNINGHAM,INDIANA FEVER,"2026-06-18, IND vs ATL",30,12,2,2,2,3,2,2,2,0,2,2,0,0,1,2
401857002,2026,WNBA,TYASHA HARRIS,INDIANA FEVER,"2026-06-18, IND vs ATL",14,0,0,1,0,0,0,0,1,1,2,2,1,0,1,3
401857002,2026,WNBA,RAVEN JOHNSON,INDIANA FEVER,"2026-06-18, IND vs ATL",3,0,0,1,0,0,0,0,0,0,0,0,0,0,2,0
401856996,2026,WNBA,MICHAELA ONYENWERE,WASHINGTON MYSTICS,"2026-06-17, CON vs WSH",32,22,4,8,4,4,2,2,3,0,3,0,1,0,2,3
401856996,2026,WNBA,ANGELA DUGALIC,WASHINGTON MYSTICS,"2026-06-17, CON vs WSH",27,6,3,4,0,3,0,0,2,0,2,3,0,0,0,4
401856996,2026,WNBA,LAUREN BETTS,WASHINGTON MYSTICS,"2026-06-17, CON vs WSH",32,13,2,7,0,0,9,10,6,1,7,3,0,0,2,1
401856996,2026,WNBA,SONIA CITRON,WASHINGTON MYSTICS,"2026-06-17, CON vs WSH",38,26,7,9,0,4,12,12,10,1,11,4,0,1,3,4
401856996,2026,WNBA,GEORGIA AMOORE,WASHINGTON MYSTICS,"2026-06-17, CON vs WSH",19,10,1,1,2,4,2,2,0,0,0,2,0,0,2,1
401856996,2026,WNBA,LUCY OLSEN,WASHINGTON MYSTICS,"2026-06-17, CON vs WSH",20,6,2,5,0,1,2,2,2,0,2,2,1,0,2,4
401856996,2026,WNBA,COTIE MCMAHON,WASHINGTON MYSTICS,"2026-06-17, CON vs WSH",21,2,0,2,0,1,2,2,6,0,6,4,0,0,1,1
401856996,2026,WNBA,CASSANDRE PROSPER,WASHINGTON MYSTICS,"2026-06-17, CON vs WSH",10,3,0,1,1,1,0,0,0,2,2,0,0,0,1,2
401856996,2026,WNBA,AALIYAH EDWARDS,CONNECTICUT SUN,"2026-06-17, CON vs WSH",18,9,2,5,0,0,5,7,2,1,3,1,0,1,0,1
401856996,2026,WNBA,DIAMOND MILLER,CONNECTICUT SUN,"2026-06-17, CON vs WSH",12,7,2,2,1,3,0,0,0,0,0,0,2,0,0,3
401856996,2026,WNBA,BRITTNEY GRINER,CONNECTICUT SUN,"2026-06-17, CON vs WSH",23,6,3,6,0,1,0,0,3,0,3,1,1,2,1,4
401856996,2026,WNBA,SANIYA RIVERS,CONNECTICUT SUN,"2026-06-17, CON vs WSH",21,6,3,5,0,2,0,0,2,0,2,1,0,0,0,3
401856996,2026,WNBA,LEILA LACAN,CONNECTICUT SUN,"2026-06-17, CON vs WSH",28,11,5,10,0,4,1,1,2,0,2,4,2,0,1,2
401856996,2026,WNBA,ANEESAH MORROW,CONNECTICUT SUN,"2026-06-17, CON vs WSH",21,11,5,9,0,2,1,2,7,3,10,2,2,0,2,0
401856996,2026,WNBA,RAEGAN BEERS,CONNECTICUT SUN,"2026-06-17, CON vs WSH",7,2,1,1,0,0,0,0,0,1,1,1,0,0,0,4
401856996,2026,WNBA,NELL ANGLOMA,CONNECTICUT SUN,"2026-06-17, CON vs WSH",14,4,1,3,0,2,2,4,1,1,2,1,0,0,0,2
401856996,2026,WNBA,OLIVIA NELSON-ODODA,CONNECTICUT SUN,"2026-06-17, CON vs WSH",10,5,2,2,0,0,1,2,0,0,0,1,1,0,0,3
401856996,2026,WNBA,KENNEDY BURKE,CONNECTICUT SUN,"2026-06-17, CON vs WSH",22,10,1,1,2,4,2,4,0,0,0,0,0,0,0,0
401856996,2026,WNBA,CHARLISSE LEGER-WALKER,CONNECTICUT SUN,"2026-06-17, CON vs WSH",19,10,2,4,1,1,3,3,2,0,2,4,0,0,0,3
401856996,2026,WNBA,GIANNA KNEEPKENS,CONNECTICUT SUN,"2026-06-17, CON vs WSH",5,0,0,0,0,1,0,0,0,1,1,0,0,0,1,0
401856997,2026,WNBA,BREANNA STEWART,NEW YORK LIBERTY,"2026-06-17, CHI vs NY",35,17,6,9,1,3,2,3,5,1,6,3,2,1,0,3
401856997,2026,WNBA,LEONIE FIEBICH,NEW YORK LIBERTY,"2026-06-17, CHI vs NY",24,9,1,4,1,5,4,5,3,3,6,3,0,0,3,2
401856997,2026,WNBA,JONQUEL JONES,NEW YORK LIBERTY,"2026-06-17, CHI vs NY",28,19,3,4,3,5,4,4,7,1,8,3,1,1,4,2
401856997,2026,WNBA,MARINE JOHANNES,NEW YORK LIBERTY,"2026-06-17, CHI vs NY",17,3,0,2,1,3,0,0,1,0,1,1,2,0,1,0
401856997,2026,WNBA,SABRINA IONESCU,NEW YORK LIBERTY,"2026-06-17, CHI vs NY",28,10,2,5,2,4,0,0,2,1,3,1,0,0,3,1
401856997,2026,WNBA,SATOU SABALLY,NEW YORK LIBERTY,"2026-06-17, CHI vs NY",19,17,7,7,1,4,0,0,1,1,2,2,0,0,1,2
401856997,2026,WNBA,HAN XU,NEW YORK LIBERTY,"2026-06-17, CHI vs NY",11,2,1,2,0,1,0,0,2,0,2,2,0,3,1,0
401856997,2026,WNBA,REBEKAH GARDNER,NEW YORK LIBERTY,"2026-06-17, CHI vs NY",15,10,3,3,0,2,4,4,0,1,1,1,1,0,0,2
401856997,2026,WNBA,PAULINE ASTIER,NEW YORK LIBERTY,"2026-06-17, CHI vs NY",23,9,1,3,0,0,7,7,3,2,5,4,1,0,0,0
401856997,2026,WNBA,AZURA STEVENS,CHICAGO SKY,"2026-06-17, CHI vs NY",20,6,3,6,0,0,0,0,5,1,6,0,0,0,4,4
401856997,2026,WNBA,KAMILLA CARDOSO,CHICAGO SKY,"2026-06-17, CHI vs NY",24,10,4,7,0,0,2,2,4,0,4,4,1,0,2,5
401856997,2026,WNBA,SKYLAR DIGGINS,CHICAGO SKY,"2026-06-17, CHI vs NY",31,19,4,11,3,5,2,3,1,1,2,8,1,1,1,1
401856997,2026,WNBA,SYDNEY TAYLOR,CHICAGO SKY,"2026-06-17, CHI vs NY",28,24,6,9,4,7,0,0,1,0,1,2,3,1,1,5
401856997,2026,WNBA,GABRIELA JAQUEZ,CHICAGO SKY,"2026-06-17, CHI vs NY",29,22,3,6,4,5,4,4,3,0,3,3,1,0,2,1
401856997,2026,WNBA,ELIZABETH WILLIAMS,CHICAGO SKY,"2026-06-17, CHI vs NY",16,3,1,2,0,0,1,2,2,1,3,0,0,2,0,0
401856997,2026,WNBA,NATASHA CLOUD,CHICAGO SKY,"2026-06-17, CHI vs NY",28,11,2,5,1,2,4,4,2,1,3,4,2,0,0,3
401856997,2026,WNBA,RACHEL BANHAM,CHICAGO SKY,"2026-06-17, CHI vs NY",4,0,0,0,0,2,0,0,1,1,2,0,1,0,0,0
401856997,2026,WNBA,JACY SHELDON,CHICAGO SKY,"2026-06-17, CHI vs NY",10,0,0,1,0,1,0,0,1,1,2,1,1,0,0,2
401856997,2026,WNBA,AICHA COULIBALY,CHICAGO SKY,"2026-06-17, CHI vs NY",11,0,0,1,0,1,0,0,1,1,2,1,0,0,0,1
401856998,2026,WNBA,JESSICA SHEPARD,DALLAS WINGS,"2026-06-17, GS vs DAL",33,14,7,13,0,0,0,0,8,2,10,4,0,0,0,3
401856998,2026,WNBA,AWAK KUIER,DALLAS WINGS,"2026-06-17, GS vs DAL",24,3,1,1,0,2,1,2,2,0,2,1,1,0,3,1
401856998,2026,WNBA,ARIKE OGUNBOWALE,DALLAS WINGS,"2026-06-17, GS vs DAL",28,21,4,8,3,3,4,4,2,0,2,3,1,0,0,2
401856998,2026,WNBA,PAIGE BUECKERS,DALLAS WINGS,"2026-06-17, GS vs DAL",36,15,4,8,1,5,4,4,3,0,3,8,1,1,2,4
401856998,2026,WNBA,AZZI FUDD,DALLAS WINGS,"2026-06-17, GS vs DAL",37,10,2,8,2,5,0,2,1,0,1,1,5,1,1,4
401856998,2026,WNBA,ALANNA SMITH,DALLAS WINGS,"2026-06-17, GS vs DAL",16,5,1,1,1,3,0,0,3,0,3,0,0,1,0,1
401856998,2026,WNBA,MADDY SIEGRIST,DALLAS WINGS,"2026-06-17, GS vs DAL",7,1,0,0,0,0,1,2,2,0,2,0,0,0,0,3
401856998,2026,WNBA,SUG SUTTON,DALLAS WINGS,"2026-06-17, GS vs DAL",13,9,1,2,2,2,1,2,0,0,0,2,0,0,1,2
401856998,2026,WNBA,AZIAHA JAMES,DALLAS WINGS,"2026-06-17, GS vs DAL",6,2,1,1,0,2,0,0,2,0,2,0,2,0,1,0
401856998,2026,WNBA,KAYLA THORNTON,GOLDEN STATE VALKYRIES,"2026-06-17, GS vs DAL",29,8,0,2,2,5,2,2,8,3,11,2,0,1,0,1
401856998,2026,WNBA,GABBY WILLIAMS,GOLDEN STATE VALKYRIES,"2026-06-17, GS vs DAL",29,25,5,10,2,6,9,12,1,2,3,4,1,0,2,0
401856998,2026,WNBA,CECILIA ZANDALASINI,GOLDEN STATE VALKYRIES,"2026-06-17, GS vs DAL",9,2,1,2,0,1,0,0,1,0,1,2,0,0,3,2
401856998,2026,WNBA,KIAH STOKES,GOLDEN STATE VALKYRIES,"2026-06-17, GS vs DAL",21,2,1,2,0,0,0,0,7,0,7,0,0,1,1,0
401856998,2026,WNBA,VERONICA BURTON,GOLDEN STATE VALKYRIES,"2026-06-17, GS vs DAL",33,11,1,5,2,3,3,3,6,2,8,5,2,1,2,3
401856998,2026,WNBA,LAETICIA AMIHERE,GOLDEN STATE VALKYRIES,"2026-06-17, GS vs DAL",3,0,0,0,0,0,0,0,0,0,0,1,0,0,0,0
401856998,2026,WNBA,JANELLE SALAUN,GOLDEN STATE VALKYRIES,"2026-06-17, GS vs DAL",20,12,1,3,2,4,4,5,4,0,4,1,0,0,2,1
401856998,2026,WNBA,TIFFANY HAYES,GOLDEN STATE VALKYRIES,"2026-06-17, GS vs DAL",10,10,1,2,2,2,2,2,0,0,0,1,0,0,0,2
401856998,2026,WNBA,KAILA CHARLES,GOLDEN STATE VALKYRIES,"2026-06-17, GS vs DAL",22,6,1,4,1,2,1,2,3,2,5,2,0,0,1,2
401856998,2026,WNBA,KAITLYN CHEN,GOLDEN STATE VALKYRIES,"2026-06-17, GS vs DAL",25,15,6,8,1,2,0,1,2,0,2,2,1,0,2,3
401856999,2026,WNBA,NATASHA HOWARD,MINNESOTA LYNX,"2026-06-17, LA vs MIN",29,15,6,13,0,0,3,5,5,4,9,2,1,1,2,4
401856999,2026,WNBA,NIA COFFEY,MINNESOTA LYNX,"2026-06-17, LA vs MIN",29,7,2,4,1,2,0,0,5,1,6,2,5,1,1,5
401856999,2026,WNBA,KAYLA MCBRIDE,MINNESOTA LYNX,"2026-06-17, LA vs MIN",25,14,4,6,2,6,0,0,3,1,4,0,3,0,1,3
401856999,2026,WNBA,COURTNEY WILLIAMS,MINNESOTA LYNX,"2026-06-17, LA vs MIN",26,13,5,9,1,2,0,0,1,0,1,5,0,0,3,3
401856999,2026,WNBA,OLIVIA MILES,MINNESOTA LYNX,"2026-06-17, LA vs MIN",26,31,10,12,2,3,5,6,4,0,4,4,0,0,5,2
401856999,2026,WNBA,ANTONIA DELAERE,MINNESOTA LYNX,"2026-06-17, LA vs MIN",15,6,0,0,2,4,0,0,0,0,0,1,0,0,0,2
401856999,2026,WNBA,ANASTASIIA OLAIRI KOSU,MINNESOTA LYNX,"2026-06-17, LA vs MIN",10,4,2,2,0,0,0,0,2,0,2,1,0,0,3,2
401856999,2026,WNBA,TEAIRA MCCOWAN,MINNESOTA LYNX,"2026-06-17, LA vs MIN",5,2,1,1,0,0,0,1,1,0,1,0,0,0,1,2
401856999,2026,WNBA,MAYA CALDWELL,MINNESOTA LYNX,"2026-06-17, LA vs MIN",25,7,1,4,1,3,2,2,5,2,7,3,2,1,3,2
401856999,2026,WNBA,ELISKA JOKLOVA,MINNESOTA LYNX,"2026-06-17, LA vs MIN",11,0,0,0,0,1,0,0,0,0,0,3,0,0,1,2
401856999,2026,WNBA,NNEKA OGWUMIKE,LOS ANGELES SPARKS,"2026-06-17, LA vs MIN",30,10,3,5,0,4,4,4,8,0,8,1,1,0,2,0
401856999,2026,WNBA,DEARICA HAMBY,LOS ANGELES SPARKS,"2026-06-17, LA vs MIN",25,12,4,5,1,1,1,3,7,2,9,2,3,1,3,2
401856999,2026,WNBA,ERICA WHEELER,LOS ANGELES SPARKS,"2026-06-17, LA vs MIN",25,6,2,6,0,4,2,2,0,1,1,4,1,0,2,1
401856999,2026,WNBA,ARIEL ATKINS,LOS ANGELES SPARKS,"2026-06-17, LA vs MIN",30,4,1,4,0,3,2,2,1,0,1,3,2,0,3,4
401856999,2026,WNBA,RAE BURRELL,LOS ANGELES SPARKS,"2026-06-17, LA vs MIN",26,19,4,6,2,4,5,6,0,0,0,3,0,0,2,4
401856999,2026,WNBA,EMMA CANNON,LOS ANGELES SPARKS,"2026-06-17, LA vs MIN",4,5,0,0,1,2,2,2,0,1,1,1,0,0,0,1
401856999,2026,WNBA,SANIA FEAGIN,LOS ANGELES SPARKS,"2026-06-17, LA vs MIN",6,0,0,1,0,0,0,0,0,0,0,2,0,0,0,2
401856999,2026,WNBA,JIHYUN PARK,LOS ANGELES SPARKS,"2026-06-17, LA vs MIN",22,13,4,5,1,2,2,2,0,0,0,0,1,0,2,3
401856999,2026,WNBA,KATE MARTIN,LOS ANGELES SPARKS,"2026-06-17, LA vs MIN",7,0,0,1,0,2,0,0,1,0,1,0,0,0,0,0
401856999,2026,WNBA,TA'NIYA LATSON,LOS ANGELES SPARKS,"2026-06-17, LA vs MIN",12,6,0,1,0,1,6,9,2,1,3,2,0,0,2,0
401856999,2026,WNBA,CHANCE GRAY,LOS ANGELES SPARKS,"2026-06-17, LA vs MIN",13,8,0,0,2,3,2,2,2,0,2,2,0,0,2,1
401857000,2026,WNBA,STEPHANIE TALBOT,LAS VEGAS ACES,"2026-06-17, PHX vs LV",20,3,0,1,1,1,0,0,2,0,2,1,2,0,0,2
401857000,2026,WNBA,NALYSSA SMITH,LAS VEGAS ACES,"2026-06-17, PHX vs LV",31,21,8,10,0,0,5,8,3,2,5,2,1,0,0,1
401857000,2026,WNBA,A'JA WILSON,LAS VEGAS ACES,"2026-06-17, PHX vs LV",37,33,11,18,0,2,11,13,6,4,10,3,5,2,2,2
401857000,2026,WNBA,CHELSEA GRAY,LAS VEGAS ACES,"2026-06-17, PHX vs LV",35,5,2,6,0,4,1,1,4,0,4,9,2,0,3,2
401857000,2026,WNBA,JACKIE YOUNG,LAS VEGAS ACES,"2026-06-17, PHX vs LV",38,20,3,7,4,8,2,3,0,1,1,9,5,1,3,2
401857000,2026,WNBA,CHEYENNE PARKER-TYUS,LAS VEGAS ACES,"2026-06-17, PHX vs LV",4,2,1,2,0,0,0,0,1,0,1,0,0,1,0,0
401857000,2026,WNBA,BRIANNA TURNER,LAS VEGAS ACES,"2026-06-17, PHX vs LV",8,2,1,1,0,0,0,0,3,0,3,0,0,1,0,1
401857000,2026,WNBA,KIERSTAN BELL,LAS VEGAS ACES,"2026-06-17, PHX vs LV",5,0,0,0,0,1,0,0,0,0,0,0,1,1,1,0
401857000,2026,WNBA,JEWELL LOYD,LAS VEGAS ACES,"2026-06-17, PHX vs LV",24,0,0,2,0,5,0,0,1,2,3,1,2,0,0,3
401857000,2026,WNBA,ALYSSA THOMAS,PHOENIX MERCURY,"2026-06-17, PHX vs LV",35,10,4,10,0,0,2,2,4,1,5,11,0,0,6,5
401857000,2026,WNBA,NATASHA MACK,PHOENIX MERCURY,"2026-06-17, PHX vs LV",23,0,0,2,0,1,0,0,5,3,8,0,0,1,0,3
401857000,2026,WNBA,NOEMIE BROCHANT,PHOENIX MERCURY,"2026-06-17, PHX vs LV",19,4,2,2,0,1,0,0,3,0,3,1,1,0,1,0
401857000,2026,WNBA,KAHLEAH COPPER,PHOENIX MERCURY,"2026-06-17, PHX vs LV",30,26,8,12,1,4,7,7,4,0,4,3,0,0,4,4
401857000,2026,WNBA,MONIQUE AKOA MAKANI,PHOENIX MERCURY,"2026-06-17, PHX vs LV",20,4,1,2,0,1,2,2,3,0,3,1,1,0,3,1
401857000,2026,WNBA,DEWANNA BONNER,PHOENIX MERCURY,"2026-06-17, PHX vs LV",20,10,1,2,2,4,2,3,3,0,3,1,2,0,0,2
401857000,2026,WNBA,VALERIANE AYAYI,PHOENIX MERCURY,"2026-06-17, PHX vs LV",11,0,0,1,0,1,0,0,1,0,1,1,0,1,2,3
401857000,2026,WNBA,KYARA LINSKENS,PHOENIX MERCURY,"2026-06-17, PHX vs LV",5,3,0,1,1,1,0,0,1,1,2,0,0,0,1,0
401857000,2026,WNBA,JOVANA NOGIC,PHOENIX MERCURY,"2026-06-17, PHX vs LV",21,12,0,1,4,6,0,0,0,0,0,0,1,0,2,1
401857000,2026,WNBA,LEXI HELD,PHOENIX MERCURY,"2026-06-17, PHX vs LV",15,7,2,3,1,2,0,0,1,0,1,0,0,0,1,0
401857001,2026,WNBA,DOMINIQUE MALONGA,SEATTLE STORM,"2026-06-17, POR vs SEA",35,28,12,19,0,0,4,6,8,3,11,3,2,3,1,0
401857001,2026,WNBA,AWA FAM,SEATTLE STORM,"2026-06-17, POR vs SEA",29,18,3,5,3,5,3,3,2,3,5,1,0,0,1,4
401857001,2026,WNBA,NATISHA HIEDEMAN,SEATTLE STORM,"2026-06-17, POR vs SEA",33,19,1,6,5,8,2,2,4,0,4,6,1,0,5,1
401857001,2026,WNBA,FLAU'JAE JOHNSON,SEATTLE STORM,"2026-06-17, POR vs SEA",22,8,4,6,0,1,0,0,1,1,2,1,1,0,2,6
401857001,2026,WNBA,JADE MELBOURNE,SEATTLE STORM,"2026-06-17, POR vs SEA",30,6,1,2,0,4,4,4,2,0,2,8,0,0,2,1
401857001,2026,WNBA,KATIE LOU SAMUELSON,SEATTLE STORM,"2026-06-17, POR vs SEA",11,0,0,1,0,1,0,0,1,0,1,1,1,0,0,0
401857001,2026,WNBA,MACKENZIE HOLMES,SEATTLE STORM,"2026-06-17, POR vs SEA",4,3,0,0,1,1,0,0,0,0,0,0,0,0,0,2
401857001,2026,WNBA,TAYLOR THIERRY,SEATTLE STORM,"2026-06-17, POR vs SEA",3,0,0,1,0,0,0,0,0,1,1,0,0,0,0,0
401857001,2026,WNBA,STEFANIE DOLSON,SEATTLE STORM,"2026-06-17, POR vs SEA",9,0,0,0,0,2,0,0,2,0,2,0,0,0,0,0
401857001,2026,WNBA,ZIA COOKE,SEATTLE STORM,"2026-06-17, POR vs SEA",23,7,2,3,0,2,3,4,3,0,3,2,0,0,1,4
401857001,2026,WNBA,BRIDGET CARLETON,PORTLAND FIRE,"2026-06-17, POR vs SEA",29,24,0,0,7,13,3,4,2,2,4,1,3,2,2,2
401857001,2026,WNBA,EMILY ENGSTLER,PORTLAND FIRE,"2026-06-17, POR vs SEA",27,9,1,4,2,4,1,2,3,3,6,5,1,2,2,4
401857001,2026,WNBA,MEGAN DILEO,PORTLAND FIRE,"2026-06-17, POR vs SEA",28,8,1,6,2,4,0,0,1,3,4,0,0,2,2,4
401857001,2026,WNBA,SARAH ASHLEE BARKER,PORTLAND FIRE,"2026-06-17, POR vs SEA",24,12,1,4,2,7,4,4,5,1,6,0,0,1,1,1
401857001,2026,WNBA,CARLA LEITE,PORTLAND FIRE,"2026-06-17, POR vs SEA",29,20,4,9,1,2,9,10,2,2,4,10,1,0,1,2
401857001,2026,WNBA,FRIEDA BUHNER,PORTLAND FIRE,"2026-06-17, POR vs SEA",13,3,1,2,0,2,1,1,2,0,2,1,0,0,0,1
401857001,2026,WNBA,NYADIEW PUOCH,PORTLAND FIRE,"2026-06-17, POR vs SEA",11,2,0,0,0,3,2,2,1,0,1,1,1,0,0,1
401857001,2026,WNBA,SERAH WILLIAMS,PORTLAND FIRE,"2026-06-17, POR vs SEA",12,1,0,1,0,0,1,2,2,2,4,0,0,0,2,2
401857001,2026,WNBA,KARLIE SAMUELSON,PORTLAND FIRE,"2026-06-17, POR vs SEA",17,10,1,1,2,5,2,2,0,1,1,0,1,0,0,0
401857001,2026,WNBA,TEJA OBLAK,PORTLAND FIRE,"2026-06-17, POR vs SEA",11,5,1,1,1,2,0,0,0,0,0,2,0,0,2,1
401856995,2026,WNBA,ISABELLE HARRISON,TORONTO TEMPO,"2026-06-16, IND vs TOR",26,11,2,7,2,5,1,2,6,2,8,2,3,0,0,2
401856995,2026,WNBA,LAURA JUSKAITE,TORONTO TEMPO,"2026-06-16, IND vs TOR",25,19,6,8,2,3,1,2,2,0,2,4,3,0,2,5
401856995,2026,WNBA,BRITTNEY SYKES,TORONTO TEMPO,"2026-06-16, IND vs TOR",19,11,4,7,1,1,0,1,2,0,2,3,0,0,1,2
401856995,2026,WNBA,MARINA MABREY,TORONTO TEMPO,"2026-06-16, IND vs TOR",31,18,5,11,2,5,2,3,1,0,1,7,2,1,4,2
401856995,2026,WNBA,JULIE ALLEMAND,TORONTO TEMPO,"2026-06-16, IND vs TOR",11,0,0,0,0,2,0,0,0,0,0,1,0,0,0,3
401856995,2026,WNBA,MARIA CONDE,TORONTO TEMPO,"2026-06-16, IND vs TOR",31,12,1,4,3,4,1,1,4,0,4,5,0,0,1,3
401856995,2026,WNBA,TEONNI KEY,TORONTO TEMPO,"2026-06-16, IND vs TOR",11,2,1,2,0,1,0,0,1,1,2,0,0,0,1,1
401856995,2026,WNBA,TEMI FAGBENLE,TORONTO TEMPO,"2026-06-16, IND vs TOR",18,3,1,4,0,0,1,2,4,1,5,1,0,0,0,2
401856995,2026,WNBA,KIA NURSE,TORONTO TEMPO,"2026-06-16, IND vs TOR",15,10,3,3,0,1,4,4,1,0,1,0,0,0,2,2
401856995,2026,WNBA,TIMA POUYE,TORONTO TEMPO,"2026-06-16, IND vs TOR",13,5,0,4,1,3,2,4,1,1,2,2,1,0,1,5
401856995,2026,WNBA,MONIQUE BILLINGS,INDIANA FEVER,"2026-06-16, IND vs TOR",20,5,1,4,0,1,3,4,4,3,7,0,0,0,0,2
401856995,2026,WNBA,ALIYAH BOSTON,INDIANA FEVER,"2026-06-16, IND vs TOR",26,18,6,9,1,2,3,3,9,2,11,4,2,2,3,3
401856995,2026,WNBA,KELSEY MITCHELL,INDIANA FEVER,"2026-06-16, IND vs TOR",32,27,6,7,3,4,6,6,1,0,1,2,0,0,4,1
401856995,2026,WNBA,LEXIE HULL,INDIANA FEVER,"2026-06-16, IND vs TOR",20,6,3,3,0,3,0,0,3,1,4,0,0,0,0,3
401856995,2026,WNBA,CAITLIN CLARK,INDIANA FEVER,"2026-06-16, IND vs TOR",32,21,4,7,1,8,10,14,4,1,5,14,1,1,6,2
401856995,2026,WNBA,MYISHA HINES-ALLEN,INDIANA FEVER,"2026-06-16, IND vs TOR",7,0,0,1,0,0,0,0,2,0,2,2,0,0,0,0
401856995,2026,WNBA,MAKAYLA TIMPSON,INDIANA FEVER,"2026-06-16, IND vs TOR",23,2,1,3,0,0,0,0,5,1,6,0,1,2,2,4
401856995,2026,WNBA,GRACE VANSLOOTEN,INDIANA FEVER,"2026-06-16, IND vs TOR",1,0,0,0,0,0,0,0,0,0,0,0,0,0,0,0
401856995,2026,WNBA,DAMIRIS DANTAS,INDIANA FEVER,"2026-06-16, IND vs TOR",2,4,0,0,0,1,4,4,0,1,1,0,0,0,0,0
401856995,2026,WNBA,SOPHIE CUNNINGHAM,INDIANA FEVER,"2026-06-16, IND vs TOR",24,24,2,4,6,7,2,2,5,1,6,2,0,0,0,2
401856995,2026,WNBA,RAVEN JOHNSON,INDIANA FEVER,"2026-06-16, IND vs TOR",14,6,0,1,2,4,0,0,0,0,0,1,0,0,1,1
401856992,2026,WNBA,STEPHANIE TALBOT,LAS VEGAS ACES,"2026-06-15, DAL vs LV",20,4,1,1,0,1,2,2,2,2,4,3,0,0,1,1
401856992,2026,WNBA,NALYSSA SMITH,LAS VEGAS ACES,"2026-06-15, DAL vs LV",23,9,4,7,0,0,1,2,5,1,6,0,0,0,0,2
401856992,2026,WNBA,A'JA WILSON,LAS VEGAS ACES,"2026-06-15, DAL vs LV",26,18,8,13,0,2,2,3,5,0,5,2,1,0,2,1
401856992,2026,WNBA,CHELSEA GRAY,LAS VEGAS ACES,"2026-06-15, DAL vs LV",29,0,0,4,0,1,0,0,3,1,4,9,2,0,4,3
401856992,2026,WNBA,JACKIE YOUNG,LAS VEGAS ACES,"2026-06-15, DAL vs LV",24,6,3,9,0,4,0,0,2,2,4,5,0,0,3,4
401856992,2026,WNBA,CHEYENNE PARKER-TYUS,LAS VEGAS ACES,"2026-06-15, DAL vs LV",18,4,1,4,0,1,2,2,4,1,5,3,1,1,1,1
401856992,2026,WNBA,BRIANNA TURNER,LAS VEGAS ACES,"2026-06-15, DAL vs LV",11,2,1,1,0,0,0,0,0,0,0,0,0,0,0,0
401856992,2026,WNBA,KIERSTAN BELL,LAS VEGAS ACES,"2026-06-15, DAL vs LV",18,2,1,3,0,3,0,0,1,0,1,2,0,2,1,4
401856992,2026,WNBA,JEWELL LOYD,LAS VEGAS ACES,"2026-06-15, DAL vs LV",31,21,3,5,5,9,0,0,2,0,2,0,1,0,2,2
401856992,2026,WNBA,JESSICA SHEPARD,DALLAS WINGS,"2026-06-15, DAL vs LV",31,15,4,6,0,0,7,10,13,2,15,9,2,0,3,1
401856992,2026,WNBA,AWAK KUIER,DALLAS WINGS,"2026-06-15, DAL vs LV",27,7,2,6,1,3,0,0,2,2,4,0,2,2,3,3
401856992,2026,WNBA,ARIKE OGUNBOWALE,DALLAS WINGS,"2026-06-15, DAL vs LV",30,22,1,5,5,11,5,6,3,1,4,7,2,0,0,2
401856992,2026,WNBA,PAIGE BUECKERS,DALLAS WINGS,"2026-06-15, DAL vs LV",24,10,2,6,2,5,0,0,5,0,5,7,1,0,0,2
401856992,2026,WNBA,AZZI FUDD,DALLAS WINGS,"2026-06-15, DAL vs LV",28,19,7,7,1,2,2,2,0,0,0,1,0,0,1,1
401856992,2026,WNBA,ALYSHA CLARK,DALLAS WINGS,"2026-06-15, DAL vs LV",5,0,0,1,0,1,0,0,1,0,1,0,0,0,0,1
401856992,2026,WNBA,ALANNA SMITH,DALLAS WINGS,"2026-06-15, DAL vs LV",9,4,2,2,0,1,0,0,1,0,1,0,0,0,0,1
401856992,2026,WNBA,MADDY SIEGRIST,DALLAS WINGS,"2026-06-15, DAL vs LV",9,5,1,1,1,1,0,0,1,0,1,0,0,0,0,2
401856992,2026,WNBA,LI YUERU,DALLAS WINGS,"2026-06-15, DAL vs LV",4,0,0,1,0,2,0,0,3,1,4,1,0,0,0,0
401856992,2026,WNBA,SUG SUTTON,DALLAS WINGS,"2026-06-15, DAL vs LV",21,4,2,3,0,2,0,0,2,0,2,4,1,1,0,1
401856992,2026,WNBA,AZIAHA JAMES,DALLAS WINGS,"2026-06-15, DAL vs LV",12,10,4,5,0,0,2,3,2,2,4,1,2,0,0,0
401856993,2026,WNBA,BRIDGET CARLETON,PORTLAND FIRE,"2026-06-15, MIN vs POR",26,3,1,5,0,4,1,2,1,0,1,2,0,0,1,2
401856993,2026,WNBA,EMILY ENGSTLER,PORTLAND FIRE,"2026-06-15, MIN vs POR",20,9,3,6,1,1,0,0,1,1,2,3,2,1,3,0
401856993,2026,WNBA,MEGAN DILEO,PORTLAND FIRE,"2026-06-15, MIN vs POR",17,9,3,8,1,2,0,0,2,1,3,0,1,0,0,2
401856993,2026,WNBA,SARAH ASHLEE BARKER,PORTLAND FIRE,"2026-06-15, MIN vs POR",25,8,1,1,2,4,0,0,2,0,2,2,2,1,7,3
401856993,2026,WNBA,CARLA LEITE,PORTLAND FIRE,"2026-06-15, MIN vs POR",19,10,2,5,1,3,3,4,2,0,2,3,1,0,4,3
401856993,2026,WNBA,FRIEDA BUHNER,PORTLAND FIRE,"2026-06-15, MIN vs POR",20,10,3,5,0,4,4,5,0,2,2,1,0,0,0,1
401856993,2026,WNBA,NYADIEW PUOCH,PORTLAND FIRE,"2026-06-15, MIN vs POR",21,3,0,0,1,3,0,0,1,2,3,2,0,0,0,3
401856993,2026,WNBA,LUISA GEISELSODER,PORTLAND FIRE,"2026-06-15, MIN vs POR",15,9,0,1,3,4,0,0,3,1,4,0,1,0,0,3
401856993,2026,WNBA,SERAH WILLIAMS,PORTLAND FIRE,"2026-06-15, MIN vs POR",13,2,1,2,0,0,0,0,1,1,2,1,0,0,2,2
401856993,2026,WNBA,HOLLY WINTERBURN,PORTLAND FIRE,"2026-06-15, MIN vs POR",8,2,1,1,0,3,0,0,0,0,0,2,0,0,1,2
401856993,2026,WNBA,TEJA OBLAK,PORTLAND FIRE,"2026-06-15, MIN vs POR",17,9,3,5,1,2,0,0,4,2,6,5,0,0,3,3
401856993,2026,WNBA,NATASHA HOWARD,MINNESOTA LYNX,"2026-06-15, MIN vs POR",26,18,6,11,0,0,6,11,3,3,6,1,2,0,2,2
401856993,2026,WNBA,NIA COFFEY,MINNESOTA LYNX,"2026-06-15, MIN vs POR",21,15,3,5,3,4,0,2,3,2,5,4,3,3,0,0
401856993,2026,WNBA,KAYLA MCBRIDE,MINNESOTA LYNX,"2026-06-15, MIN vs POR",25,14,4,10,1,4,3,3,3,3,6,4,2,0,4,2
401856993,2026,WNBA,COURTNEY WILLIAMS,MINNESOTA LYNX,"2026-06-15, MIN vs POR",24,16,5,7,2,3,0,0,4,1,5,4,0,0,2,0
401856993,2026,WNBA,OLIVIA MILES,MINNESOTA LYNX,"2026-06-15, MIN vs POR",23,12,6,6,0,2,0,0,4,0,4,5,3,0,3,3
401856993,2026,WNBA,ANTONIA DELAERE,MINNESOTA LYNX,"2026-06-15, MIN vs POR",29,6,0,1,2,5,0,0,1,0,1,7,3,0,0,2
401856993,2026,WNBA,ANASTASIIA OLAIRI KOSU,MINNESOTA LYNX,"2026-06-15, MIN vs POR",19,11,3,6,1,2,2,2,2,3,5,3,0,1,2,2
401856993,2026,WNBA,TEAIRA MCCOWAN,MINNESOTA LYNX,"2026-06-15, MIN vs POR",8,0,0,2,0,0,0,2,3,1,4,1,0,1,0,2
401856993,2026,WNBA,MAYA CALDWELL,MINNESOTA LYNX,"2026-06-15, MIN vs POR",15,11,3,4,1,2,2,2,1,3,4,1,1,0,0,0
401856993,2026,WNBA,ELISKA JOKLOVA,MINNESOTA LYNX,"2026-06-15, MIN vs POR",10,4,2,2,0,1,0,0,0,0,0,1,0,0,0,1
401856994,2026,WNBA,NNEKA OGWUMIKE,LOS ANGELES SPARKS,"2026-06-15, GS vs LA",29,9,2,7,1,2,2,2,5,2,7,2,0,0,2,0
401856994,2026,WNBA,DEARICA HAMBY,LOS ANGELES SPARKS,"2026-06-15, GS vs LA",27,6,3,5,0,0,0,0,8,2,10,3,2,0,3,3
401856994,2026,WNBA,ERICA WHEELER,LOS ANGELES SPARKS,"2026-06-15, GS vs LA",28,0,0,2,0,5,0,0,3,1,4,5,1,0,1,5
401856994,2026,WNBA,KELSEY PLUM,LOS ANGELES SPARKS,"2026-06-15, GS vs LA",29,9,2,6,1,4,2,3,0,1,1,1,0,0,2,6
401856994,2026,WNBA,ARIEL ATKINS,LOS ANGELES SPARKS,"2026-06-15, GS vs LA",21,6,3,4,0,7,0,0,0,0,0,2,1,0,1,0
401856994,2026,WNBA,CAMERON BRINK,LOS ANGELES SPARKS,"2026-06-15, GS vs LA",15,10,4,4,0,1,2,5,2,0,2,0,0,1,1,1
401856994,2026,WNBA,SANIA FEAGIN,LOS ANGELES SPARKS,"2026-06-15, GS vs LA",1,0,0,0,0,0,0,0,1,0,1,0,0,0,0,0
401856994,2026,WNBA,JIHYUN PARK,LOS ANGELES SPARKS,"2026-06-15, GS vs LA",4,2,1,2,0,0,0,0,0,1,1,0,0,0,0,0
401856994,2026,WNBA,RAE BURRELL,LOS ANGELES SPARKS,"2026-06-15, GS vs LA",22,13,2,7,0,1,9,10,1,0,1,1,0,3,1,0
401856994,2026,WNBA,KATE MARTIN,LOS ANGELES SPARKS,"2026-06-15, GS vs LA",11,3,0,0,1,1,0,0,2,1,3,2,0,0,0,1
401856994,2026,WNBA,TA'NIYA LATSON,LOS ANGELES SPARKS,"2026-06-15, GS vs LA",4,0,0,1,0,0,0,0,1,0,1,0,0,0,1,0
401856994,2026,WNBA,CHANCE GRAY,LOS ANGELES SPARKS,"2026-06-15, GS vs LA",8,0,0,1,0,0,0,0,2,0,2,0,0,0,3,2
401856994,2026,WNBA,KAYLA THORNTON,GOLDEN STATE VALKYRIES,"2026-06-15, GS vs LA",23,6,2,3,0,3,2,2,1,1,2,1,4,0,0,4
401856994,2026,WNBA,GABBY WILLIAMS,GOLDEN STATE VALKYRIES,"2026-06-15, GS vs LA",28,16,5,9,1,3,3,3,4,0,4,1,1,0,3,2
401856994,2026,WNBA,CECILIA ZANDALASINI,GOLDEN STATE VALKYRIES,"2026-06-15, GS vs LA",18,10,5,10,0,2,0,0,3,0,3,3,1,0,0,1
401856994,2026,WNBA,KIAH STOKES,GOLDEN STATE VALKYRIES,"2026-06-15, GS vs LA",30,4,0,0,1,1,1,2,6,1,7,1,2,2,1,3
401856994,2026,WNBA,VERONICA BURTON,GOLDEN STATE VALKYRIES,"2026-06-15, GS vs LA",30,12,2,8,2,4,2,4,1,1,2,3,2,2,2,2
401856994,2026,WNBA,LAETICIA AMIHERE,GOLDEN STATE VALKYRIES,"2026-06-15, GS vs LA",2,0,0,0,0,0,0,0,0,0,0,0,0,0,0,0
401856994,2026,WNBA,JANELLE SALAUN,GOLDEN STATE VALKYRIES,"2026-06-15, GS vs LA",25,7,0,4,1,4,4,4,2,2,4,2,1,0,0,3
401856994,2026,WNBA,TIFFANY HAYES,GOLDEN STATE VALKYRIES,"2026-06-15, GS vs LA",10,4,1,3,0,1,2,2,0,0,0,2,1,0,1,1
401856994,2026,WNBA,KAILA CHARLES,GOLDEN STATE VALKYRIES,"2026-06-15, GS vs LA",22,13,3,4,2,3,1,2,7,1,8,5,0,0,0,3
401856994,2026,WNBA,KAITLYN CHEN,GOLDEN STATE VALKYRIES,"2026-06-15, GS vs LA",10,6,3,4,0,0,0,0,2,1,3,1,1,0,1,1
401856994,2026,WNBA,JUSTE JOCYTE,GOLDEN STATE VALKYRIES,"2026-06-15, GS vs LA",2,0,0,0,0,0,0,0,0,0,0,0,0,0,1,0
401856990,2026,WNBA,MICHAELA ONYENWERE,WASHINGTON MYSTICS,"2026-06-14, NY vs WSH",21,17,5,8,2,2,1,1,1,3,4,1,0,1,2,2
401856990,2026,WNBA,ANGELA DUGALIC,WASHINGTON MYSTICS,"2026-06-14, NY vs WSH",26,4,2,7,0,4,0,0,3,3,6,0,2,0,5,5
401856990,2026,WNBA,SHAKIRA AUSTIN,WASHINGTON MYSTICS,"2026-06-14, NY vs WSH",30,8,3,12,0,0,2,4,5,1,6,4,0,1,3,2
401856990,2026,WNBA,SONIA CITRON,WASHINGTON MYSTICS,"2026-06-14, NY vs WSH",31,12,2,4,1,5,5,6,2,1,3,2,0,0,1,1
401856990,2026,WNBA,GEORGIA AMOORE,WASHINGTON MYSTICS,"2026-06-14, NY vs WSH",16,0,0,1,0,4,0,0,1,1,2,2,1,0,0,3
401856990,2026,WNBA,LAUREN BETTS,WASHINGTON MYSTICS,"2026-06-14, NY vs WSH",24,4,2,3,0,0,0,1,5,1,6,1,1,1,0,2
401856990,2026,WNBA,RORI HARMON,WASHINGTON MYSTICS,"2026-06-14, NY vs WSH",2,0,0,0,0,0,0,0,0,0,0,1,0,0,0,0
401856990,2026,WNBA,LUCY OLSEN,WASHINGTON MYSTICS,"2026-06-14, NY vs WSH",4,2,1,1,0,1,0,0,0,0,0,0,0,0,0,1
401856990,2026,WNBA,COTIE MCMAHON,WASHINGTON MYSTICS,"2026-06-14, NY vs WSH",21,8,1,5,2,5,0,0,2,1,3,0,1,0,0,0
401856990,2026,WNBA,CASSANDRE PROSPER,WASHINGTON MYSTICS,"2026-06-14, NY vs WSH",4,2,1,1,0,0,0,0,0,0,0,0,0,0,1,0
401856990,2026,WNBA,ALICIA FLOREZ,WASHINGTON MYSTICS,"2026-06-14, NY vs WSH",22,7,0,4,2,4,1,4,1,1,2,6,1,0,4,3
401856990,2026,WNBA,BREANNA STEWART,NEW YORK LIBERTY,"2026-06-14, NY vs WSH",30,14,4,10,1,2,3,4,9,3,12,1,0,7,1,2
401856990,2026,WNBA,LEONIE FIEBICH,NEW YORK LIBERTY,"2026-06-14, NY vs WSH",24,8,1,2,2,5,0,0,2,0,2,2,1,0,1,2
401856990,2026,WNBA,JONQUEL JONES,NEW YORK LIBERTY,"2026-06-14, NY vs WSH",27,20,4,5,3,6,3,3,3,1,4,1,3,2,2,1
401856990,2026,WNBA,MARINE JOHANNES,NEW YORK LIBERTY,"2026-06-14, NY vs WSH",17,8,1,1,2,4,0,0,4,0,4,2,0,0,1,2
401856990,2026,WNBA,PAULINE ASTIER,NEW YORK LIBERTY,"2026-06-14, NY vs WSH",20,6,2,3,0,1,2,2,1,0,1,6,1,0,1,3
401856990,2026,WNBA,SATOU SABALLY,NEW YORK LIBERTY,"2026-06-14, NY vs WSH",19,7,1,2,1,3,2,3,2,0,2,6,0,0,4,3
401856990,2026,WNBA,RAQUEL CARRERA,NEW YORK LIBERTY,"2026-06-14, NY vs WSH",2,4,1,1,0,0,2,2,0,0,0,0,0,0,0,0
401856990,2026,WNBA,HAN XU,NEW YORK LIBERTY,"2026-06-14, NY vs WSH",13,6,0,0,2,3,0,0,0,0,0,0,1,0,1,0
401856990,2026,WNBA,REBEKAH GARDNER,NEW YORK LIBERTY,"2026-06-14, NY vs WSH",11,4,0,1,0,0,4,4,0,0,0,0,3,0,1,2
401856990,2026,WNBA,BETNIJAH LANEY-HAMILTON,NEW YORK LIBERTY,"2026-06-14, NY vs WSH",11,4,2,4,0,0,0,0,1,1,2,1,0,1,3,0
401856990,2026,WNBA,SABRINA IONESCU,NEW YORK LIBERTY,"2026-06-14, NY vs WSH",26,5,1,2,0,2,3,4,3,0,3,3,0,0,2,1
401856991,2026,WNBA,NAZ HILLMON,ATLANTA DREAM,"2026-06-14, TOR vs ATL",32,9,4,4,0,4,1,1,5,1,6,1,1,0,0,2
401856991,2026,WNBA,ANGEL REESE,ATLANTA DREAM,"2026-06-14, TOR vs ATL",27,15,6,19,0,0,3,6,6,11,17,1,1,1,2,5
401856991,2026,WNBA,ALLISHA GRAY,ATLANTA DREAM,"2026-06-14, TOR vs ATL",35,26,3,5,5,9,5,6,3,0,3,7,1,0,0,3
401856991,2026,WNBA,JORDIN CANADA,ATLANTA DREAM,"2026-06-14, TOR vs ATL",28,5,1,5,1,3,0,0,3,2,5,9,3,0,2,1
401856991,2026,WNBA,RHYNE HOWARD,ATLANTA DREAM,"2026-06-14, TOR vs ATL",38,24,5,7,4,11,2,2,6,0,6,2,1,3,1,2
401856991,2026,WNBA,SIKA KONE,ATLANTA DREAM,"2026-06-14, TOR vs ATL",2,0,0,0,0,1,0,0,1,0,1,0,0,0,0,0
401856991,2026,WNBA,MADINA OKOT,ATLANTA DREAM,"2026-06-14, TOR vs ATL",6,0,0,1,0,0,0,0,3,0,3,0,1,0,1,1
401856991,2026,WNBA,TE-HINA PAOPAO,ATLANTA DREAM,"2026-06-14, TOR vs ATL",12,6,0,2,2,5,0,0,0,0,0,0,0,0,0,2
401856991,2026,WNBA,AALIYAH NYE,ATLANTA DREAM,"2026-06-14, TOR vs ATL",1,0,0,0,0,0,0,0,0,0,0,0,0,0,1,0
401856991,2026,WNBA,INDYA NIVAR,ATLANTA DREAM,"2026-06-14, TOR vs ATL",1,0,0,0,0,0,0,0,0,0,0,1,0,0,0,0
401856991,2026,WNBA,ISOBEL BORLASE,ATLANTA DREAM,"2026-06-14, TOR vs ATL",18,17,3,3,2,3,5,5,3,0,3,1,0,0,1,2
401856991,2026,WNBA,ISABELLE HARRISON,TORONTO TEMPO,"2026-06-14, TOR vs ATL",19,17,4,6,2,5,3,3,2,1,3,0,1,2,3,3
401856991,2026,WNBA,LAURA JUSKAITE,TORONTO TEMPO,"2026-06-14, TOR vs ATL",26,5,2,5,0,2,1,1,2,0,2,3,1,0,3,2
401856991,2026,WNBA,BRITTNEY SYKES,TORONTO TEMPO,"2026-06-14, TOR vs ATL",35,11,5,10,0,2,1,2,2,0,2,4,0,1,4,3
401856991,2026,WNBA,MARINA MABREY,TORONTO TEMPO,"2026-06-14, TOR vs ATL",27,9,0,4,2,7,3,3,4,0,4,2,0,1,1,2
401856991,2026,WNBA,JULIE ALLEMAND,TORONTO TEMPO,"2026-06-14, TOR vs ATL",34,13,2,3,3,5,0,0,2,1,3,6,2,2,0,4
401856991,2026,WNBA,MARIA CONDE,TORONTO TEMPO,"2026-06-14, TOR vs ATL",25,12,3,7,1,2,3,5,2,1,3,4,0,0,2,2
401856991,2026,WNBA,TEONNI KEY,TORONTO TEMPO,"2026-06-14, TOR vs ATL",6,0,0,0,0,0,0,0,2,0,2,2,0,1,1,0
401856991,2026,WNBA,TEMI FAGBENLE,TORONTO TEMPO,"2026-06-14, TOR vs ATL",17,7,3,5,0,0,1,2,1,2,3,2,0,0,0,2
401856991,2026,WNBA,KIA NURSE,TORONTO TEMPO,"2026-06-14, TOR vs ATL",8,3,0,0,1,1,0,0,1,0,1,0,0,0,0,0
401856991,2026,WNBA,TIMA POUYE,TORONTO TEMPO,"2026-06-14, TOR vs ATL",4,0,0,1,0,0,0,0,1,0,1,0,1,0,1,1
401856986,2026,WNBA,MONIQUE BILLINGS,INDIANA FEVER,"2026-06-13, CON vs IND",27,10,3,5,0,0,4,4,7,1,8,2,1,2,0,2
401856986,2026,WNBA,ALIYAH BOSTON,INDIANA FEVER,"2026-06-13, CON vs IND",32,13,4,11,1,2,2,5,9,2,11,5,1,0,2,3
401856986,2026,WNBA,KELSEY MITCHELL,INDIANA FEVER,"2026-06-13, CON vs IND",37,19,4,6,2,9,5,7,2,0,2,5,1,0,4,2
401856986,2026,WNBA,LEXIE HULL,INDIANA FEVER,"2026-06-13, CON vs IND",22,2,0,1,0,2,2,2,3,3,6,2,0,0,2,1
401856986,2026,WNBA,CAITLIN CLARK,INDIANA FEVER,"2026-06-13, CON vs IND",36,25,5,7,5,10,0,0,3,0,3,5,0,1,6,2
401856986,2026,WNBA,MYISHA HINES-ALLEN,INDIANA FEVER,"2026-06-13, CON vs IND",10,0,0,0,0,0,0,0,0,0,0,0,0,0,1,3
401856986,2026,WNBA,MAKAYLA TIMPSON,INDIANA FEVER,"2026-06-13, CON vs IND",11,2,1,1,0,0,0,1,3,2,5,0,0,2,1,0
401856986,2026,WNBA,SOPHIE CUNNINGHAM,INDIANA FEVER,"2026-06-13, CON vs IND",18,11,1,1,3,4,0,0,2,0,2,0,0,0,1,2
401856986,2026,WNBA,TYASHA HARRIS,INDIANA FEVER,"2026-06-13, CON vs IND",4,0,0,0,0,1,0,0,0,0,0,0,1,0,0,0
401856986,2026,WNBA,RAVEN JOHNSON,INDIANA FEVER,"2026-06-13, CON vs IND",3,3,0,0,1,1,0,0,0,1,1,0,0,0,0,1
401856986,2026,WNBA,AALIYAH EDWARDS,CONNECTICUT SUN,"2026-06-13, CON vs IND",14,7,2,5,1,1,0,0,2,1,3,1,0,0,1,2
401856986,2026,WNBA,DIAMOND MILLER,CONNECTICUT SUN,"2026-06-13, CON vs IND",17,4,0,2,1,3,1,1,1,0,1,1,0,0,1,2
401856986,2026,WNBA,BRITTNEY GRINER,CONNECTICUT SUN,"2026-06-13, CON vs IND",22,10,5,11,0,0,0,0,1,1,2,4,0,2,1,3
401856986,2026,WNBA,SANIYA RIVERS,CONNECTICUT SUN,"2026-06-13, CON vs IND",27,9,3,6,1,4,0,0,3,0,3,4,2,1,0,3
401856986,2026,WNBA,LEILA LACAN,CONNECTICUT SUN,"2026-06-13, CON vs IND",30,11,4,7,1,2,0,0,0,1,1,7,4,0,1,5
401856986,2026,WNBA,ANEESAH MORROW,CONNECTICUT SUN,"2026-06-13, CON vs IND",21,8,4,10,0,4,0,0,3,2,5,2,0,0,0,2
401856986,2026,WNBA,RAEGAN BEERS,CONNECTICUT SUN,"2026-06-13, CON vs IND",2,0,0,0,0,0,0,0,0,0,0,0,0,0,1,0
401856986,2026,WNBA,NELL ANGLOMA,CONNECTICUT SUN,"2026-06-13, CON vs IND",9,1,0,1,0,0,1,2,0,0,0,0,0,1,1,1
401856986,2026,WNBA,OLIVIA NELSON-ODODA,CONNECTICUT SUN,"2026-06-13, CON vs IND",21,12,6,12,0,0,0,2,4,3,7,1,0,0,1,2
401856986,2026,WNBA,KENNEDY BURKE,CONNECTICUT SUN,"2026-06-13, CON vs IND",24,10,3,3,0,1,4,4,3,1,4,0,0,0,1,0
401856986,2026,WNBA,CHARLISSE LEGER-WALKER,CONNECTICUT SUN,"2026-06-13, CON vs IND",14,3,0,1,1,2,0,0,0,0,0,4,1,0,1,2
401856987,2026,WNBA,NATASHA HOWARD,MINNESOTA LYNX,"2026-06-13, LV vs MIN",32,22,8,12,0,0,6,6,4,5,9,2,4,1,2,6
401856987,2026,WNBA,NIA COFFEY,MINNESOTA LYNX,"2026-06-13, LV vs MIN",26,3,0,0,1,2,0,0,1,2,3,2,0,2,0,2
401856987,2026,WNBA,KAYLA MCBRIDE,MINNESOTA LYNX,"2026-06-13, LV vs MIN",34,19,3,6,3,8,4,4,2,0,2,5,2,0,0,3
401856987,2026,WNBA,COURTNEY WILLIAMS,MINNESOTA LYNX,"2026-06-13, LV vs MIN",33,17,7,16,1,3,0,0,5,0,5,4,0,0,1,1
401856987,2026,WNBA,OLIVIA MILES,MINNESOTA LYNX,"2026-06-13, LV vs MIN",34,29,8,14,3,6,4,4,4,0,4,1,1,0,6,3
401856987,2026,WNBA,LIATU KING,MINNESOTA LYNX,"2026-06-13, LV vs MIN",9,4,1,1,0,1,2,4,2,2,4,0,0,0,0,2
401856987,2026,WNBA,ANTONIA DELAERE,MINNESOTA LYNX,"2026-06-13, LV vs MIN",13,3,0,0,1,1,0,0,2,0,2,2,1,0,1,1
401856987,2026,WNBA,ANASTASIIA OLAIRI KOSU,MINNESOTA LYNX,"2026-06-13, LV vs MIN",10,0,0,2,0,0,0,0,0,2,2,0,0,0,0,1
401856987,2026,WNBA,TEAIRA MCCOWAN,MINNESOTA LYNX,"2026-06-13, LV vs MIN",2,0,0,0,0,0,0,0,0,0,0,0,0,0,0,0
401856987,2026,WNBA,MAYA CALDWELL,MINNESOTA LYNX,"2026-06-13, LV vs MIN",6,0,0,2,0,0,0,0,0,0,0,0,0,0,0,0
401856987,2026,WNBA,STEPHANIE TALBOT,LAS VEGAS ACES,"2026-06-13, LV vs MIN",20,0,0,0,0,1,0,0,0,3,3,1,0,0,0,1
401856987,2026,WNBA,NALYSSA SMITH,LAS VEGAS ACES,"2026-06-13, LV vs MIN",27,15,7,9,0,0,1,2,4,2,6,0,1,0,1,2
401856987,2026,WNBA,A'JA WILSON,LAS VEGAS ACES,"2026-06-13, LV vs MIN",32,24,8,13,1,2,5,6,8,2,10,1,2,3,3,4
401856987,2026,WNBA,CHELSEA GRAY,LAS VEGAS ACES,"2026-06-13, LV vs MIN",34,23,1,5,6,10,3,3,4,0,4,7,2,0,3,1
401856987,2026,WNBA,JACKIE YOUNG,LAS VEGAS ACES,"2026-06-13, LV vs MIN",37,16,4,5,1,5,5,5,3,2,5,10,1,0,3,2
401856987,2026,WNBA,CHEYENNE PARKER-TYUS,LAS VEGAS ACES,"2026-06-13, LV vs MIN",12,9,3,5,1,1,0,0,2,0,2,1,0,0,0,1
401856987,2026,WNBA,BRIANNA TURNER,LAS VEGAS ACES,"2026-06-13, LV vs MIN",2,0,0,0,0,0,0,0,0,0,0,0,0,0,0,0
401856987,2026,WNBA,KIERSTAN BELL,LAS VEGAS ACES,"2026-06-13, LV vs MIN",2,0,0,0,0,0,0,0,0,0,0,0,0,0,1,0
401856987,2026,WNBA,JEWELL LOYD,LAS VEGAS ACES,"2026-06-13, LV vs MIN",26,9,0,1,2,5,3,3,1,1,2,3,2,0,0,2
401856987,2026,WNBA,CHENNEDY CARTER,LAS VEGAS ACES,"2026-06-13, LV vs MIN",8,4,2,4,0,1,0,0,0,1,1,1,0,0,0,2
401856988,2026,WNBA,JESSICA SHEPARD,DALLAS WINGS,"2026-06-13, POR vs DAL",35,13,5,10,0,0,3,5,10,4,14,2,1,0,3,1
401856988,2026,WNBA,MADDY SIEGRIST,DALLAS WINGS,"2026-06-13, POR vs DAL",14,5,1,1,1,3,0,0,1,1,2,2,0,0,0,1
401856988,2026,WNBA,ARIKE OGUNBOWALE,DALLAS WINGS,"2026-06-13, POR vs DAL",35,22,5,9,2,7,6,8,6,0,6,2,0,0,2,2
401856988,2026,WNBA,AZZI FUDD,DALLAS WINGS,"2026-06-13, POR vs DAL",32,18,4,9,3,8,1,1,3,1,4,3,2,2,1,5
401856988,2026,WNBA,AZIAHA JAMES,DALLAS WINGS,"2026-06-13, POR vs DAL",34,17,5,11,1,7,4,6,5,1,6,4,2,0,1,1
401856988,2026,WNBA,ALYSHA CLARK,DALLAS WINGS,"2026-06-13, POR vs DAL",16,1,0,0,0,1,1,2,0,1,1,2,0,0,1,3
401856988,2026,WNBA,ALANNA SMITH,DALLAS WINGS,"2026-06-13, POR vs DAL",11,4,1,2,0,1,2,2,3,0,3,0,0,0,1,2
401856988,2026,WNBA,AWAK KUIER,DALLAS WINGS,"2026-06-13, POR vs DAL",24,3,1,4,0,1,1,2,1,4,5,3,2,2,1,0
401856988,2026,WNBA,BRIDGET CARLETON,PORTLAND FIRE,"2026-06-13, POR vs DAL",31,20,0,4,6,10,2,2,4,0,4,1,1,0,2,2
401856988,2026,WNBA,EMILY ENGSTLER,PORTLAND FIRE,"2026-06-13, POR vs DAL",24,11,4,7,0,3,3,5,6,0,6,2,1,2,1,1
401856988,2026,WNBA,MEGAN DILEO,PORTLAND FIRE,"2026-06-13, POR vs DAL",26,16,7,9,0,2,2,2,6,0,6,4,0,2,0,1
401856988,2026,WNBA,SARAH ASHLEE BARKER,PORTLAND FIRE,"2026-06-13, POR vs DAL",32,10,2,4,2,4,0,0,5,0,5,3,1,0,2,3
401856988,2026,WNBA,CARLA LEITE,PORTLAND FIRE,"2026-06-13, POR vs DAL",27,10,2,8,2,3,0,0,3,2,5,8,0,0,4,4
401856988,2026,WNBA,FRIEDA BUHNER,PORTLAND FIRE,"2026-06-13, POR vs DAL",13,5,1,1,1,2,0,0,0,0,0,0,1,0,0,2
401856988,2026,WNBA,LUISA GEISELSODER,PORTLAND FIRE,"2026-06-13, POR vs DAL",14,7,0,2,2,3,1,2,1,1,2,3,0,1,1,2
401856988,2026,WNBA,SERAH WILLIAMS,PORTLAND FIRE,"2026-06-13, POR vs DAL",6,2,0,1,0,0,2,2,1,0,1,0,0,0,0,2
401856988,2026,WNBA,KARLIE SAMUELSON,PORTLAND FIRE,"2026-06-13, POR vs DAL",14,0,0,0,0,3,0,0,0,2,2,3,0,0,0,4
401856988,2026,WNBA,TEJA OBLAK,PORTLAND FIRE,"2026-06-13, POR vs DAL",13,3,0,1,1,1,0,0,1,0,1,2,1,0,2,3
401856989,2026,WNBA,NNEKA OGWUMIKE,LOS ANGELES SPARKS,"2026-06-13, PHX vs LA",36,15,3,6,3,5,0,0,12,3,15,3,1,3,1,3
401856989,2026,WNBA,DEARICA HAMBY,LOS ANGELES SPARKS,"2026-06-13, PHX vs LA",28,8,3,7,0,0,2,3,5,1,6,0,2,0,1,3
401856989,2026,WNBA,ERICA WHEELER,LOS ANGELES SPARKS,"2026-06-13, PHX vs LA",29,6,0,2,2,6,0,0,0,0,0,5,3,0,3,2
401856989,2026,WNBA,KELSEY PLUM,LOS ANGELES SPARKS,"2026-06-13, PHX vs LA",37,43,9,15,5,11,10,12,2,0,2,7,0,0,5,3
401856989,2026,WNBA,ARIEL ATKINS,LOS ANGELES SPARKS,"2026-06-13, PHX vs LA",31,6,1,4,1,3,1,1,1,0,1,3,1,0,1,3
401856989,2026,WNBA,CAMERON BRINK,LOS ANGELES SPARKS,"2026-06-13, PHX vs LA",22,9,0,0,2,4,3,3,5,4,9,2,1,2,0,2
401856989,2026,WNBA,JIHYUN PARK,LOS ANGELES SPARKS,"2026-06-13, PHX vs LA",4,0,0,0,0,0,0,0,0,1,1,0,0,0,0,1
401856989,2026,WNBA,RAE BURRELL,LOS ANGELES SPARKS,"2026-06-13, PHX vs LA",27,24,7,11,2,4,4,4,2,1,3,1,0,3,0,1
401856989,2026,WNBA,KATE MARTIN,LOS ANGELES SPARKS,"2026-06-13, PHX vs LA",4,0,0,0,0,1,0,0,0,0,0,0,0,0,0,1
401856989,2026,WNBA,CHANCE GRAY,LOS ANGELES SPARKS,"2026-06-13, PHX vs LA",8,0,0,0,0,0,0,0,0,0,0,0,0,0,0,0
401856989,2026,WNBA,ALYSSA THOMAS,PHOENIX MERCURY,"2026-06-13, PHX vs LA",41,10,4,10,0,0,2,3,4,3,7,12,0,1,2,3
401856989,2026,WNBA,NATASHA MACK,PHOENIX MERCURY,"2026-06-13, PHX vs LA",35,11,5,8,0,1,1,1,11,1,12,4,4,3,0,2
401856989,2026,WNBA,NOEMIE BROCHANT,PHOENIX MERCURY,"2026-06-13, PHX vs LA",23,8,1,2,2,3,0,0,2,1,3,1,0,0,3,3
401856989,2026,WNBA,KAHLEAH COPPER,PHOENIX MERCURY,"2026-06-13, PHX vs LA",38,41,10,16,6,14,3,6,7,3,10,1,0,0,5,2
401856989,2026,WNBA,MONIQUE AKOA MAKANI,PHOENIX MERCURY,"2026-06-13, PHX vs LA",24,9,2,3,1,2,2,4,2,0,2,5,1,0,1,5
401856989,2026,WNBA,DEWANNA BONNER,PHOENIX MERCURY,"2026-06-13, PHX vs LA",14,10,0,0,3,5,1,1,1,0,1,0,0,1,1,1
401856989,2026,WNBA,JOVANA NOGIC,PHOENIX MERCURY,"2026-06-13, PHX vs LA",15,4,2,2,0,2,0,0,1,0,1,1,0,0,0,1
401856989,2026,WNBA,LEXI HELD,PHOENIX MERCURY,"2026-06-13, PHX vs LA",29,9,3,4,1,6,0,0,1,1,2,2,1,0,3,4
401856989,2026,WNBA,QUIONCHE CARTER,PHOENIX MERCURY,"2026-06-13, PHX vs LA",8,0,0,0,0,2,0,0,0,0,0,0,0,0,0,2
401856984,2026,WNBA,ISABELLE HARRISON,TORONTO TEMPO,"2026-06-12, WSH vs TOR",28,8,4,6,0,1,0,0,4,2,6,3,4,1,0,2
401856984,2026,WNBA,LAURA JUSKAITE,TORONTO TEMPO,"2026-06-12, WSH vs TOR",23,8,2,3,0,3,4,4,0,0,0,0,2,0,1,4
401856984,2026,WNBA,BRITTNEY SYKES,TORONTO TEMPO,"2026-06-12, WSH vs TOR",31,20,6,12,1,2,5,6,0,2,2,3,1,1,5,4
401856984,2026,WNBA,MARINA MABREY,TORONTO TEMPO,"2026-06-12, WSH vs TOR",28,27,4,5,5,10,4,4,1,0,1,3,1,0,4,1
401856984,2026,WNBA,JULIE ALLEMAND,TORONTO TEMPO,"2026-06-12, WSH vs TOR",26,9,3,3,1,2,0,0,2,0,2,3,3,1,2,2
401856984,2026,WNBA,MARIA CONDE,TORONTO TEMPO,"2026-06-12, WSH vs TOR",22,7,3,5,0,2,1,2,6,0,6,4,1,0,3,4
401856984,2026,WNBA,TEONNI KEY,TORONTO TEMPO,"2026-06-12, WSH vs TOR",15,2,1,2,0,0,0,0,1,0,1,2,3,2,0,0
401856984,2026,WNBA,TEMI FAGBENLE,TORONTO TEMPO,"2026-06-12, WSH vs TOR",8,0,0,2,0,0,0,0,2,1,3,1,2,0,2,5
401856984,2026,WNBA,KIA NURSE,TORONTO TEMPO,"2026-06-12, WSH vs TOR",3,0,0,1,0,0,0,0,0,0,0,1,1,0,0,1
401856984,2026,WNBA,TIMA POUYE,TORONTO TEMPO,"2026-06-12, WSH vs TOR",17,4,1,3,0,2,2,2,0,0,0,3,0,0,0,1
401856984,2026,WNBA,MICHAELA ONYENWERE,WASHINGTON MYSTICS,"2026-06-12, WSH vs TOR",29,17,6,12,1,3,2,2,3,5,8,1,1,0,1,2
401856984,2026,WNBA,ANGELA DUGALIC,WASHINGTON MYSTICS,"2026-06-12, WSH vs TOR",18,10,3,4,0,2,4,4,5,1,6,0,0,0,1,0
401856984,2026,WNBA,SHAKIRA AUSTIN,WASHINGTON MYSTICS,"2026-06-12, WSH vs TOR",32,12,3,5,0,1,6,7,7,4,11,3,0,2,9,2
401856984,2026,WNBA,SONIA CITRON,WASHINGTON MYSTICS,"2026-06-12, WSH vs TOR",34,17,5,10,1,6,4,5,4,1,5,3,2,0,2,3
401856984,2026,WNBA,GEORGIA AMOORE,WASHINGTON MYSTICS,"2026-06-12, WSH vs TOR",26,1,0,0,0,4,1,2,0,0,0,7,0,0,1,2
401856984,2026,WNBA,LAUREN BETTS,WASHINGTON MYSTICS,"2026-06-12, WSH vs TOR",21,18,8,9,0,0,2,2,1,3,4,1,2,0,3,0
401856984,2026,WNBA,COTIE MCMAHON,WASHINGTON MYSTICS,"2026-06-12, WSH vs TOR",23,9,4,5,0,1,1,2,2,0,2,3,2,0,1,1
401856984,2026,WNBA,CASSANDRE PROSPER,WASHINGTON MYSTICS,"2026-06-12, WSH vs TOR",3,0,0,0,0,0,0,0,0,0,0,0,0,0,1,2
401856984,2026,WNBA,ALICIA FLOREZ,WASHINGTON MYSTICS,"2026-06-12, WSH vs TOR",14,2,0,2,0,1,2,2,2,1,3,4,1,0,3,2
401856985,2026,WNBA,KAYLA THORNTON,GOLDEN STATE VALKYRIES,"2026-06-12, SEA vs GS",24,2,1,3,0,4,0,0,2,2,4,1,1,2,1,2
401856985,2026,WNBA,GABBY WILLIAMS,GOLDEN STATE VALKYRIES,"2026-06-12, SEA vs GS",32,19,4,9,2,7,5,5,0,1,1,4,1,0,3,0
401856985,2026,WNBA,CECILIA ZANDALASINI,GOLDEN STATE VALKYRIES,"2026-06-12, SEA vs GS",13,2,1,3,0,3,0,0,2,0,2,0,1,1,0,0
401856985,2026,WNBA,KIAH STOKES,GOLDEN STATE VALKYRIES,"2026-06-12, SEA vs GS",23,2,1,1,0,0,0,0,5,0,5,1,1,1,0,2
401856985,2026,WNBA,VERONICA BURTON,GOLDEN STATE VALKYRIES,"2026-06-12, SEA vs GS",30,11,2,4,1,5,4,6,4,1,5,8,2,1,3,3
401856985,2026,WNBA,JANELLE SALAUN,GOLDEN STATE VALKYRIES,"2026-06-12, SEA vs GS",33,22,2,2,5,12,3,3,5,2,7,1,0,0,2,6
401856985,2026,WNBA,TIFFANY HAYES,GOLDEN STATE VALKYRIES,"2026-06-12, SEA vs GS",24,17,5,7,0,2,7,7,2,2,4,3,0,0,4,1
401856985,2026,WNBA,KAILA CHARLES,GOLDEN STATE VALKYRIES,"2026-06-12, SEA vs GS",11,1,0,0,0,3,1,2,1,2,3,0,0,1,0,3
401856985,2026,WNBA,KAITLYN CHEN,GOLDEN STATE VALKYRIES,"2026-06-12, SEA vs GS",10,0,0,0,0,1,0,0,2,0,2,0,0,0,0,1
401856985,2026,WNBA,JORDAN HORSTON,SEATTLE STORM,"2026-06-12, SEA vs GS",26,5,2,5,0,2,1,2,4,1,5,5,2,2,1,2
401856985,2026,WNBA,DOMINIQUE MALONGA,SEATTLE STORM,"2026-06-12, SEA vs GS",25,9,3,10,0,0,3,3,5,3,8,2,0,1,2,3
401856985,2026,WNBA,AWA FAM,SEATTLE STORM,"2026-06-12, SEA vs GS",35,8,1,4,2,5,0,2,5,1,6,1,0,1,1,5
401856985,2026,WNBA,NATISHA HIEDEMAN,SEATTLE STORM,"2026-06-12, SEA vs GS",33,26,3,7,5,10,5,7,4,0,4,5,2,1,3,3
401856985,2026,WNBA,FLAU'JAE JOHNSON,SEATTLE STORM,"2026-06-12, SEA vs GS",29,8,4,7,0,2,0,0,5,0,5,1,0,0,3,5
401856985,2026,WNBA,KATIE LOU SAMUELSON,SEATTLE STORM,"2026-06-12, SEA vs GS",12,8,0,0,2,2,2,2,1,0,1,0,0,0,0,1
401856985,2026,WNBA,MACKENZIE HOLMES,SEATTLE STORM,"2026-06-12, SEA vs GS",4,0,0,0,0,0,0,0,0,0,0,1,0,0,0,0
401856985,2026,WNBA,STEFANIE DOLSON,SEATTLE STORM,"2026-06-12, SEA vs GS",8,3,0,0,1,1,0,0,1,0,1,0,0,0,0,0
401856985,2026,WNBA,ZIA COOKE,SEATTLE STORM,"2026-06-12, SEA vs GS",4,0,0,4,0,0,0,0,0,1,1,0,0,0,0,0
401856985,2026,WNBA,JADE MELBOURNE,SEATTLE STORM,"2026-06-12, SEA vs GS",27,5,2,6,0,1,1,2,0,0,0,2,2,0,1,4
401856980,2026,WNBA,AZURA STEVENS,CHICAGO SKY,"2026-06-11, IND vs CHI",26,10,3,7,0,4,4,4,7,2,9,6,1,1,1,3
401856980,2026,WNBA,KAMILLA CARDOSO,CHICAGO SKY,"2026-06-11, IND vs CHI",21,10,4,6,0,0,2,2,2,2,4,1,0,1,4,6
401856980,2026,WNBA,SKYLAR DIGGINS,CHICAGO SKY,"2026-06-11, IND vs CHI",32,21,5,11,2,4,5,7,2,1,3,1,1,0,1,1
401856980,2026,WNBA,JACY SHELDON,CHICAGO SKY,"2026-06-11, IND vs CHI",26,10,2,3,1,3,3,3,1,0,1,4,0,0,1,5
401856980,2026,WNBA,GABRIELA JAQUEZ,CHICAGO SKY,"2026-06-11, IND vs CHI",22,6,2,4,0,2,2,2,2,0,2,1,1,0,0,1
401856980,2026,WNBA,ELIZABETH WILLIAMS,CHICAGO SKY,"2026-06-11, IND vs CHI",24,7,2,6,0,0,3,6,1,2,3,1,1,3,1,2
401856980,2026,WNBA,NATASHA CLOUD,CHICAGO SKY,"2026-06-11, IND vs CHI",34,6,3,6,0,1,0,0,2,2,4,5,0,0,5,6
401856980,2026,WNBA,RACHEL BANHAM,CHICAGO SKY,"2026-06-11, IND vs CHI",5,0,0,0,0,3,0,0,0,0,0,0,0,0,2,0
401856980,2026,WNBA,AICHA COULIBALY,CHICAGO SKY,"2026-06-11, IND vs CHI",15,6,0,3,0,0,6,8,4,2,6,1,1,1,0,1
401856980,2026,WNBA,SYDNEY TAYLOR,CHICAGO SKY,"2026-06-11, IND vs CHI",21,30,6,7,4,7,6,6,0,2,2,2,1,1,1,0
401856980,2026,WNBA,MONIQUE BILLINGS,INDIANA FEVER,"2026-06-11, IND vs CHI",10,0,0,0,0,0,0,0,0,2,2,1,0,0,0,3
401856980,2026,WNBA,ALIYAH BOSTON,INDIANA FEVER,"2026-06-11, IND vs CHI",32,34,11,21,2,5,6,6,5,7,12,3,1,2,3,4
401856980,2026,WNBA,KELSEY MITCHELL,INDIANA FEVER,"2026-06-11, IND vs CHI",39,19,5,11,2,6,3,4,1,0,1,3,3,0,2,3
401856980,2026,WNBA,LEXIE HULL,INDIANA FEVER,"2026-06-11, IND vs CHI",32,11,2,6,1,7,4,4,1,7,8,1,2,0,1,4
401856980,2026,WNBA,CAITLIN CLARK,INDIANA FEVER,"2026-06-11, IND vs CHI",40,32,7,12,1,6,15,15,5,2,7,10,0,0,5,4
401856980,2026,WNBA,MYISHA HINES-ALLEN,INDIANA FEVER,"2026-06-11, IND vs CHI",23,5,2,3,0,0,1,2,9,0,9,3,0,1,1,2
401856980,2026,WNBA,MAKAYLA TIMPSON,INDIANA FEVER,"2026-06-11, IND vs CHI",20,4,2,3,0,0,0,0,5,1,6,0,0,2,2,4
401856980,2026,WNBA,DAMIRIS DANTAS,INDIANA FEVER,"2026-06-11, IND vs CHI",5,2,1,1,0,2,0,0,1,0,1,0,0,0,1,2
401856980,2026,WNBA,TYASHA HARRIS,INDIANA FEVER,"2026-06-11, IND vs CHI",11,4,2,2,0,1,0,0,0,0,0,1,0,1,0,0
401856980,2026,WNBA,RAVEN JOHNSON,INDIANA FEVER,"2026-06-11, IND vs CHI",13,3,0,0,1,1,0,0,0,0,0,0,2,0,0,1
401856981,2026,WNBA,BREANNA STEWART,NEW YORK LIBERTY,"2026-06-11, ATL vs NY",35,19,5,7,0,2,9,11,11,0,11,5,2,1,4,2
401856981,2026,WNBA,LEONIE FIEBICH,NEW YORK LIBERTY,"2026-06-11, ATL vs NY",27,6,0,1,2,6,0,0,1,2,3,1,0,0,4,3
401856981,2026,WNBA,JONQUEL JONES,NEW YORK LIBERTY,"2026-06-11, ATL vs NY",26,16,1,1,4,7,2,2,8,2,10,5,0,3,4,5
401856981,2026,WNBA,MARINE JOHANNES,NEW YORK LIBERTY,"2026-06-11, ATL vs NY",22,17,3,3,2,3,5,5,1,0,1,0,0,0,2,2
401856981,2026,WNBA,PAULINE ASTIER,NEW YORK LIBERTY,"2026-06-11, ATL vs NY",26,16,5,8,1,2,3,5,6,2,8,5,0,0,1,2
401856981,2026,WNBA,SATOU SABALLY,NEW YORK LIBERTY,"2026-06-11, ATL vs NY",17,19,0,3,5,6,4,4,3,0,3,0,0,0,1,2
401856981,2026,WNBA,RAQUEL CARRERA,NEW YORK LIBERTY,"2026-06-11, ATL vs NY",8,3,0,1,1,1,0,0,0,0,0,0,0,0,0,2
401856981,2026,WNBA,HAN XU,NEW YORK LIBERTY,"2026-06-11, ATL vs NY",7,0,0,1,0,0,0,0,0,0,0,2,0,0,0,1
401856981,2026,WNBA,REBEKAH GARDNER,NEW YORK LIBERTY,"2026-06-11, ATL vs NY",13,8,2,3,1,2,1,1,2,1,3,2,0,0,2,2
401856981,2026,WNBA,BETNIJAH LANEY-HAMILTON,NEW YORK LIBERTY,"2026-06-11, ATL vs NY",14,0,0,0,0,2,0,0,1,0,1,3,0,0,0,1
401856981,2026,WNBA,MARINE FAUTHOUX,NEW YORK LIBERTY,"2026-06-11, ATL vs NY",5,0,0,0,0,0,0,0,0,0,0,1,0,0,1,0
401856981,2026,WNBA,NAZ HILLMON,ATLANTA DREAM,"2026-06-11, ATL vs NY",30,7,2,4,1,4,0,0,0,1,1,3,0,0,1,0
401856981,2026,WNBA,ANGEL REESE,ATLANTA DREAM,"2026-06-11, ATL vs NY",33,25,11,18,0,4,3,6,3,6,9,3,2,1,2,5
401856981,2026,WNBA,ALLISHA GRAY,ATLANTA DREAM,"2026-06-11, ATL vs NY",31,18,6,8,1,3,3,9,2,1,3,2,1,0,0,4
401856981,2026,WNBA,JORDIN CANADA,ATLANTA DREAM,"2026-06-11, ATL vs NY",29,3,0,4,0,1,3,4,3,0,3,7,2,0,1,4
401856981,2026,WNBA,RHYNE HOWARD,ATLANTA DREAM,"2026-06-11, ATL vs NY",36,24,2,5,5,13,5,6,4,0,4,3,4,1,1,3
401856981,2026,WNBA,SIKA KONE,ATLANTA DREAM,"2026-06-11, ATL vs NY",3,2,1,2,0,0,0,0,1,0,1,0,0,0,0,0
401856981,2026,WNBA,MADINA OKOT,ATLANTA DREAM,"2026-06-11, ATL vs NY",7,3,1,1,0,0,1,2,1,0,1,1,0,0,0,1
401856981,2026,WNBA,TE-HINA PAOPAO,ATLANTA DREAM,"2026-06-11, ATL vs NY",11,3,0,2,1,2,0,0,0,0,0,2,1,0,0,1
401856981,2026,WNBA,AALIYAH NYE,ATLANTA DREAM,"2026-06-11, ATL vs NY",1,0,0,0,0,0,0,0,0,0,0,1,1,0,0,0
401856981,2026,WNBA,INDYA NIVAR,ATLANTA DREAM,"2026-06-11, ATL vs NY",1,0,0,0,0,0,0,0,0,0,0,0,0,0,0,0
401856981,2026,WNBA,ISOBEL BORLASE,ATLANTA DREAM,"2026-06-11, ATL vs NY",19,5,1,2,1,2,0,0,1,1,2,0,0,0,0,3
401856982,2026,WNBA,ALYSSA THOMAS,PHOENIX MERCURY,"2026-06-11, DAL vs PHX",32,6,3,8,0,0,0,2,8,1,9,10,2,0,6,2
401856982,2026,WNBA,NATASHA MACK,PHOENIX MERCURY,"2026-06-11, DAL vs PHX",22,8,3,6,0,0,2,2,0,3,3,2,0,0,1,2
401856982,2026,WNBA,NOEMIE BROCHANT,PHOENIX MERCURY,"2026-06-11, DAL vs PHX",22,4,2,7,0,1,0,0,1,1,2,1,2,0,0,3
401856982,2026,WNBA,KAHLEAH COPPER,PHOENIX MERCURY,"2026-06-11, DAL vs PHX",29,13,1,5,2,5,5,6,2,0,2,3,0,0,4,2
401856982,2026,WNBA,MONIQUE AKOA MAKANI,PHOENIX MERCURY,"2026-06-11, DAL vs PHX",24,6,1,5,0,0,4,4,0,0,0,1,1,1,2,1
401856982,2026,WNBA,DEWANNA BONNER,PHOENIX MERCURY,"2026-06-11, DAL vs PHX",29,9,4,6,0,2,1,2,5,2,7,1,3,0,1,2
401856982,2026,WNBA,JOVANA NOGIC,PHOENIX MERCURY,"2026-06-11, DAL vs PHX",16,7,2,3,1,5,0,0,2,0,2,1,1,0,1,0
401856982,2026,WNBA,LEXI HELD,PHOENIX MERCURY,"2026-06-11, DAL vs PHX",23,17,3,5,3,5,2,2,4,0,4,1,1,0,1,3
401856982,2026,WNBA,QUIONCHE CARTER,PHOENIX MERCURY,"2026-06-11, DAL vs PHX",3,0,0,1,0,0,0,0,1,0,1,1,0,0,0,0
401856982,2026,WNBA,JESSICA SHEPARD,DALLAS WINGS,"2026-06-11, DAL vs PHX",32,17,7,8,0,0,3,4,7,3,10,7,2,0,0,0
401856982,2026,WNBA,MADDY SIEGRIST,DALLAS WINGS,"2026-06-11, DAL vs PHX",14,0,0,3,0,0,0,0,2,0,2,0,0,0,2,0
401856982,2026,WNBA,ARIKE OGUNBOWALE,DALLAS WINGS,"2026-06-11, DAL vs PHX",29,2,1,6,0,3,0,0,5,1,6,1,2,0,4,2
401856982,2026,WNBA,PAIGE BUECKERS,DALLAS WINGS,"2026-06-11, DAL vs PHX",32,31,11,15,3,5,0,0,5,1,6,5,1,0,2,3
401856982,2026,WNBA,AZZI FUDD,DALLAS WINGS,"2026-06-11, DAL vs PHX",34,17,6,8,1,5,2,2,3,0,3,4,1,3,2,3
401856982,2026,WNBA,ALYSHA CLARK,DALLAS WINGS,"2026-06-11, DAL vs PHX",5,0,0,0,0,1,0,0,0,0,0,1,0,0,0,2
401856982,2026,WNBA,ALANNA SMITH,DALLAS WINGS,"2026-06-11, DAL vs PHX",16,2,1,2,0,0,0,0,3,2,5,1,0,0,2,2
401856982,2026,WNBA,AWAK KUIER,DALLAS WINGS,"2026-06-11, DAL vs PHX",15,4,2,2,0,1,0,0,3,0,3,1,0,1,2,1
401856982,2026,WNBA,LI YUERU,DALLAS WINGS,"2026-06-11, DAL vs PHX",2,3,1,2,0,0,1,1,1,0,1,0,0,0,1,0
401856982,2026,WNBA,AZIAHA JAMES,DALLAS WINGS,"2026-06-11, DAL vs PHX",17,7,3,6,0,3,1,1,1,0,1,4,3,0,1,4
401856982,2026,WNBA,JJ QUINERLY,DALLAS WINGS,"2026-06-11, DAL vs PHX",3,2,1,1,0,0,0,0,0,0,0,0,0,0,0,0
401856983,2026,WNBA,STEPHANIE TALBOT,LAS VEGAS ACES,"2026-06-11, POR vs LV",24,8,1,1,2,5,0,2,5,5,10,3,1,1,1,4
401856983,2026,WNBA,NALYSSA SMITH,LAS VEGAS ACES,"2026-06-11, POR vs LV",25,12,4,8,0,0,4,6,8,2,10,3,0,0,2,4
401856983,2026,WNBA,A'JA WILSON,LAS VEGAS ACES,"2026-06-11, POR vs LV",36,32,9,18,1,2,11,13,3,2,5,4,1,2,3,1
401856983,2026,WNBA,CHELSEA GRAY,LAS VEGAS ACES,"2026-06-11, POR vs LV",37,29,1,2,9,13,0,0,4,1,5,3,0,0,5,0
401856983,2026,WNBA,JACKIE YOUNG,LAS VEGAS ACES,"2026-06-11, POR vs LV",35,18,5,10,2,5,2,3,2,6,8,10,1,1,2,2
401856983,2026,WNBA,CHEYENNE PARKER-TYUS,LAS VEGAS ACES,"2026-06-11, POR vs LV",8,4,1,1,0,0,2,5,2,0,2,0,0,0,0,1
401856983,2026,WNBA,BRIANNA TURNER,LAS VEGAS ACES,"2026-06-11, POR vs LV",2,0,0,0,0,0,0,0,0,0,0,0,0,0,0,0
401856983,2026,WNBA,JEWELL LOYD,LAS VEGAS ACES,"2026-06-11, POR vs LV",25,2,1,2,0,2,0,0,1,1,2,2,3,0,1,0
401856983,2026,WNBA,CHENNEDY CARTER,LAS VEGAS ACES,"2026-06-11, POR vs LV",8,0,0,2,0,1,0,0,0,0,0,0,0,0,0,3
401856983,2026,WNBA,BRIDGET CARLETON,PORTLAND FIRE,"2026-06-11, POR vs LV",33,13,2,4,3,9,0,0,1,0,1,0,1,0,2,2
401856983,2026,WNBA,EMILY ENGSTLER,PORTLAND FIRE,"2026-06-11, POR vs LV",24,7,2,3,0,2,3,4,6,0,6,0,2,2,2,3
401856983,2026,WNBA,MEGAN DILEO,PORTLAND FIRE,"2026-06-11, POR vs LV",28,17,5,7,2,6,1,1,2,0,2,0,0,0,0,4
401856983,2026,WNBA,SARAH ASHLEE BARKER,PORTLAND FIRE,"2026-06-11, POR vs LV",30,14,4,6,2,5,0,0,0,1,1,4,1,0,2,4
401856983,2026,WNBA,CARLA LEITE,PORTLAND FIRE,"2026-06-11, POR vs LV",28,18,7,11,1,2,1,2,3,0,3,8,1,0,0,0
401856983,2026,WNBA,FRIEDA BUHNER,PORTLAND FIRE,"2026-06-11, POR vs LV",10,2,1,2,0,0,0,0,0,0,0,0,0,0,1,3
401856983,2026,WNBA,NYADIEW PUOCH,PORTLAND FIRE,"2026-06-11, POR vs LV",7,0,0,0,0,0,0,0,0,0,0,1,1,0,1,1
401856983,2026,WNBA,LUISA GEISELSODER,PORTLAND FIRE,"2026-06-11, POR vs LV",12,6,3,3,0,1,0,0,1,0,1,0,0,0,0,4
401856983,2026,WNBA,SERAH WILLIAMS,PORTLAND FIRE,"2026-06-11, POR vs LV",5,2,1,1,0,0,0,0,1,0,1,1,0,0,0,1
401856983,2026,WNBA,KARLIE SAMUELSON,PORTLAND FIRE,"2026-06-11, POR vs LV",12,1,0,0,0,1,1,2,1,0,1,2,0,1,1,2
401856983,2026,WNBA,TEJA OBLAK,PORTLAND FIRE,"2026-06-11, POR vs LV",12,9,3,5,0,0,3,3,3,0,3,6,1,0,0,1
401856978,2026,WNBA,AALIYAH EDWARDS,CONNECTICUT SUN,"2026-06-10, TOR vs CON",30,24,7,8,1,1,7,12,3,1,4,0,0,0,3,4
401856978,2026,WNBA,DIAMOND MILLER,CONNECTICUT SUN,"2026-06-10, TOR vs CON",30,11,3,8,1,4,2,4,2,2,4,1,0,0,2,2
401856978,2026,WNBA,OLIVIA NELSON-ODODA,CONNECTICUT SUN,"2026-06-10, TOR vs CON",29,9,2,2,0,0,5,6,8,5,13,1,0,1,5,6
401856978,2026,WNBA,SANIYA RIVERS,CONNECTICUT SUN,"2026-06-10, TOR vs CON",35,12,1,6,2,5,4,4,6,1,7,7,1,2,1,4
401856978,2026,WNBA,LEILA LACAN,CONNECTICUT SUN,"2026-06-10, TOR vs CON",32,24,5,8,4,8,2,4,1,0,1,7,1,1,2,6
401856978,2026,WNBA,RAEGAN BEERS,CONNECTICUT SUN,"2026-06-10, TOR vs CON",9,3,1,1,0,0,1,2,2,2,4,1,0,1,0,3
401856978,2026,WNBA,NELL ANGLOMA,CONNECTICUT SUN,"2026-06-10, TOR vs CON",11,4,2,5,0,0,0,1,2,0,2,1,0,1,0,2
401856978,2026,WNBA,KENNEDY BURKE,CONNECTICUT SUN,"2026-06-10, TOR vs CON",29,11,2,6,1,6,4,4,0,6,6,2,1,0,2,1
401856978,2026,WNBA,CHARLISSE LEGER-WALKER,CONNECTICUT SUN,"2026-06-10, TOR vs CON",18,4,2,5,0,1,0,0,0,1,1,1,0,0,2,1
401856978,2026,WNBA,NYARA SABALLY,TORONTO TEMPO,"2026-06-10, TOR vs CON",30,15,3,4,0,1,9,10,3,2,5,3,0,0,0,5
401856978,2026,WNBA,LAURA JUSKAITE,TORONTO TEMPO,"2026-06-10, TOR vs CON",37,19,4,6,1,1,8,8,4,2,6,2,4,1,0,5
401856978,2026,WNBA,BRITTNEY SYKES,TORONTO TEMPO,"2026-06-10, TOR vs CON",41,38,8,14,3,6,13,13,3,1,4,1,2,1,2,3
401856978,2026,WNBA,MARINA MABREY,TORONTO TEMPO,"2026-06-10, TOR vs CON",34,21,4,8,4,12,1,2,1,0,1,1,3,0,3,3
401856978,2026,WNBA,JULIE ALLEMAND,TORONTO TEMPO,"2026-06-10, TOR vs CON",36,6,3,4,0,1,0,0,2,0,2,4,2,0,4,4
401856978,2026,WNBA,ISABELLE HARRISON,TORONTO TEMPO,"2026-06-10, TOR vs CON",13,5,1,4,0,1,3,8,1,2,3,2,0,0,0,6
401856978,2026,WNBA,MARIA CONDE,TORONTO TEMPO,"2026-06-10, TOR vs CON",15,0,0,2,0,0,0,0,1,1,2,2,1,1,2,2
401856978,2026,WNBA,TEONNI KEY,TORONTO TEMPO,"2026-06-10, TOR vs CON",9,0,0,3,0,1,0,0,1,2,3,1,0,0,0,3
401856978,2026,WNBA,KIA NURSE,TORONTO TEMPO,"2026-06-10, TOR vs CON",3,0,0,0,0,1,0,0,0,0,0,0,0,0,0,0
401856978,2026,WNBA,TIMA POUYE,TORONTO TEMPO,"2026-06-10, TOR vs CON",8,2,0,0,0,0,2,2,1,1,2,2,0,0,0,1
401856979,2026,WNBA,NNEKA OGWUMIKE,LOS ANGELES SPARKS,"2026-06-10, SEA vs LA",33,24,8,13,1,5,5,5,5,4,9,1,1,0,0,0
401856979,2026,WNBA,DEARICA HAMBY,LOS ANGELES SPARKS,"2026-06-10, SEA vs LA",28,6,3,7,0,1,0,0,7,3,10,0,0,0,0,2
401856979,2026,WNBA,ERICA WHEELER,LOS ANGELES SPARKS,"2026-06-10, SEA vs LA",26,10,1,2,2,7,2,2,1,0,1,1,0,0,2,4
401856979,2026,WNBA,KELSEY PLUM,LOS ANGELES SPARKS,"2026-06-10, SEA vs LA",33,19,4,8,2,9,5,8,1,0,1,11,4,0,3,2
401856979,2026,WNBA,ARIEL ATKINS,LOS ANGELES SPARKS,"2026-06-10, SEA vs LA",25,7,1,4,1,4,2,2,5,1,6,3,4,0,0,3
401856979,2026,WNBA,CAMERON BRINK,LOS ANGELES SPARKS,"2026-06-10, SEA vs LA",18,15,3,3,2,4,3,3,2,4,6,1,0,2,1,5
401856979,2026,WNBA,JIHYUN PARK,LOS ANGELES SPARKS,"2026-06-10, SEA vs LA",2,0,0,0,0,1,0,0,0,0,0,0,0,0,0,1
401856979,2026,WNBA,RAE BURRELL,LOS ANGELES SPARKS,"2026-06-10, SEA vs LA",27,4,0,1,1,3,1,2,2,0,2,1,0,2,2,0
401856979,2026,WNBA,CHANCE GRAY,LOS ANGELES SPARKS,"2026-06-10, SEA vs LA",7,3,0,2,0,1,3,3,2,1,3,2,1,0,1,0
401856979,2026,WNBA,JORDAN HORSTON,SEATTLE STORM,"2026-06-10, SEA vs LA",26,11,4,6,1,4,0,0,4,0,4,4,1,1,0,4
401856979,2026,WNBA,DOMINIQUE MALONGA,SEATTLE STORM,"2026-06-10, SEA vs LA",24,15,5,9,1,2,2,2,7,0,7,2,0,0,4,4
401856979,2026,WNBA,AWA FAM,SEATTLE STORM,"2026-06-10, SEA vs LA",30,12,2,2,2,4,2,2,5,1,6,4,0,2,3,0
401856979,2026,WNBA,NATISHA HIEDEMAN,SEATTLE STORM,"2026-06-10, SEA vs LA",29,16,4,5,2,7,2,2,1,0,1,5,1,0,3,3
401856979,2026,WNBA,FLAU'JAE JOHNSON,SEATTLE STORM,"2026-06-10, SEA vs LA",30,14,3,7,1,4,5,6,10,2,12,6,0,0,0,1
401856979,2026,WNBA,KATIE LOU SAMUELSON,SEATTLE STORM,"2026-06-10, SEA vs LA",9,3,0,0,1,3,0,0,0,0,0,0,1,0,2,1
401856979,2026,WNBA,MACKENZIE HOLMES,SEATTLE STORM,"2026-06-10, SEA vs LA",7,0,0,0,0,0,0,0,0,1,1,0,0,1,0,1
401856979,2026,WNBA,STEFANIE DOLSON,SEATTLE STORM,"2026-06-10, SEA vs LA",19,2,1,2,0,2,0,0,1,1,2,2,0,0,1,3
401856979,2026,WNBA,ZIA COOKE,SEATTLE STORM,"2026-06-10, SEA vs LA",10,6,1,2,1,2,1,1,1,0,1,0,1,0,1,1
401856979,2026,WNBA,JADE MELBOURNE,SEATTLE STORM,"2026-06-10, SEA vs LA",16,4,1,2,0,1,2,3,1,0,1,3,1,0,1,3
401856975,2026,WNBA,NAZ HILLMON,ATLANTA DREAM,"2026-06-09, CHI vs ATL",38,16,3,4,3,8,1,1,4,2,6,1,1,0,0,3
401856975,2026,WNBA,ANGEL REESE,ATLANTA DREAM,"2026-06-09, CHI vs ATL",35,17,4,10,1,2,6,6,12,5,17,4,2,0,6,4
401856975,2026,WNBA,ALLISHA GRAY,ATLANTA DREAM,"2026-06-09, CHI vs ATL",35,14,6,10,0,1,2,2,4,0,4,1,3,0,1,2
401856975,2026,WNBA,JORDIN CANADA,ATLANTA DREAM,"2026-06-09, CHI vs ATL",33,14,6,10,0,2,2,3,1,0,1,6,0,0,4,2
401856975,2026,WNBA,RHYNE HOWARD,ATLANTA DREAM,"2026-06-09, CHI vs ATL",36,17,6,7,1,10,2,2,1,2,3,5,3,0,1,3
401856975,2026,WNBA,SIKA KONE,ATLANTA DREAM,"2026-06-09, CHI vs ATL",1,0,0,0,0,0,0,0,0,0,0,0,0,0,0,0
401856975,2026,WNBA,MADINA OKOT,ATLANTA DREAM,"2026-06-09, CHI vs ATL",5,0,0,1,0,0,0,0,0,2,2,0,0,0,2,0
401856975,2026,WNBA,TE-HINA PAOPAO,ATLANTA DREAM,"2026-06-09, CHI vs ATL",7,0,0,0,0,2,0,0,2,0,2,1,0,0,1,1
401856975,2026,WNBA,AALIYAH NYE,ATLANTA DREAM,"2026-06-09, CHI vs ATL",1,0,0,0,0,0,0,0,0,0,0,0,0,0,0,0
401856975,2026,WNBA,ISOBEL BORLASE,ATLANTA DREAM,"2026-06-09, CHI vs ATL",10,4,1,2,0,1,2,2,0,1,1,0,0,0,1,0
401856975,2026,WNBA,AZURA STEVENS,CHICAGO SKY,"2026-06-09, CHI vs ATL",23,8,2,6,0,1,4,6,6,1,7,0,1,0,1,2
401856975,2026,WNBA,KAMILLA CARDOSO,CHICAGO SKY,"2026-06-09, CHI vs ATL",35,13,6,7,0,0,1,1,2,0,2,5,1,4,1,3
401856975,2026,WNBA,SKYLAR DIGGINS,CHICAGO SKY,"2026-06-09, CHI vs ATL",32,17,1,9,4,6,3,4,2,1,3,3,1,0,3,1
401856975,2026,WNBA,JACY SHELDON,CHICAGO SKY,"2026-06-09, CHI vs ATL",25,6,0,0,2,4,0,0,0,0,0,3,1,1,1,2
401856975,2026,WNBA,GABRIELA JAQUEZ,CHICAGO SKY,"2026-06-09, CHI vs ATL",19,3,1,3,0,0,1,2,3,1,4,0,0,0,5,5
401856975,2026,WNBA,ELIZABETH WILLIAMS,CHICAGO SKY,"2026-06-09, CHI vs ATL",20,7,3,8,0,0,1,2,2,1,3,2,0,0,2,3
401856975,2026,WNBA,NATASHA CLOUD,CHICAGO SKY,"2026-06-09, CHI vs ATL",30,18,3,4,1,3,9,10,6,0,6,4,2,2,0,3
401856975,2026,WNBA,RACHEL BANHAM,CHICAGO SKY,"2026-06-09, CHI vs ATL",14,3,0,1,1,1,0,0,0,0,0,0,0,0,1,1
401856975,2026,WNBA,SYDNEY TAYLOR,CHICAGO SKY,"2026-06-09, CHI vs ATL",3,0,0,0,0,0,0,0,0,0,0,0,0,0,1,1
401856976,2026,WNBA,JESSICA SHEPARD,DALLAS WINGS,"2026-06-09, MIN vs DAL",29,12,6,9,0,1,0,0,6,3,9,4,0,0,1,4
401856976,2026,WNBA,MADDY SIEGRIST,DALLAS WINGS,"2026-06-09, MIN vs DAL",22,4,2,5,0,1,0,0,5,2,7,2,1,1,1,0
401856976,2026,WNBA,ARIKE OGUNBOWALE,DALLAS WINGS,"2026-06-09, MIN vs DAL",28,16,2,4,2,4,6,6,2,1,3,6,3,0,0,3
401856976,2026,WNBA,PAIGE BUECKERS,DALLAS WINGS,"2026-06-09, MIN vs DAL",30,23,6,9,3,7,2,2,1,0,1,2,0,1,5,2
401856976,2026,WNBA,AZZI FUDD,DALLAS WINGS,"2026-06-09, MIN vs DAL",30,6,0,6,2,6,0,0,0,0,0,0,2,0,2,3
401856976,2026,WNBA,ALYSHA CLARK,DALLAS WINGS,"2026-06-09, MIN vs DAL",14,0,0,1,0,4,0,0,1,0,1,0,1,0,1,1
401856976,2026,WNBA,ALANNA SMITH,DALLAS WINGS,"2026-06-09, MIN vs DAL",9,0,0,1,0,1,0,0,1,1,2,1,2,0,1,1
401856976,2026,WNBA,LI YUERU,DALLAS WINGS,"2026-06-09, MIN vs DAL",6,2,0,0,0,1,2,2,2,0,2,0,0,0,1,3
401856976,2026,WNBA,AZIAHA JAMES,DALLAS WINGS,"2026-06-09, MIN vs DAL",16,9,3,11,1,2,0,0,4,1,5,0,0,0,0,1
401856976,2026,WNBA,JJ QUINERLY,DALLAS WINGS,"2026-06-09, MIN vs DAL",10,0,0,1,0,1,0,0,1,0,1,2,0,1,0,0
401856976,2026,WNBA,COSTANZA VERONA,DALLAS WINGS,"2026-06-09, MIN vs DAL",6,4,2,2,0,0,0,0,0,0,0,2,0,0,0,0
401856976,2026,WNBA,NATASHA HOWARD,MINNESOTA LYNX,"2026-06-09, MIN vs DAL",29,21,7,9,1,1,4,4,4,0,4,4,3,1,4,4
401856976,2026,WNBA,NIA COFFEY,MINNESOTA LYNX,"2026-06-09, MIN vs DAL",25,6,3,7,0,3,0,0,7,1,8,1,0,0,0,1
401856976,2026,WNBA,KAYLA MCBRIDE,MINNESOTA LYNX,"2026-06-09, MIN vs DAL",30,22,3,4,4,6,4,4,4,1,5,4,0,0,0,1
401856976,2026,WNBA,COURTNEY WILLIAMS,MINNESOTA LYNX,"2026-06-09, MIN vs DAL",31,16,8,14,0,0,0,0,8,0,8,2,3,0,2,1
401856976,2026,WNBA,OLIVIA MILES,MINNESOTA LYNX,"2026-06-09, MIN vs DAL",31,24,5,7,2,3,8,8,7,0,7,6,1,1,4,1
401856976,2026,WNBA,ANTONIA DELAERE,MINNESOTA LYNX,"2026-06-09, MIN vs DAL",14,2,1,2,0,0,0,0,1,0,1,2,1,0,0,0
401856976,2026,WNBA,ANASTASIIA OLAIRI KOSU,MINNESOTA LYNX,"2026-06-09, MIN vs DAL",20,6,3,10,0,0,0,0,1,4,5,2,1,1,2,0
401856976,2026,WNBA,TEAIRA MCCOWAN,MINNESOTA LYNX,"2026-06-09, MIN vs DAL",6,0,0,0,0,0,0,0,1,0,1,0,0,0,0,1
401856976,2026,WNBA,MAYA CALDWELL,MINNESOTA LYNX,"2026-06-09, MIN vs DAL",15,3,1,4,0,1,1,2,2,0,2,0,0,0,0,2
401856977,2026,WNBA,ALYSSA THOMAS,PHOENIX MERCURY,"2026-06-09, GS vs PHX",32,22,9,14,0,0,4,7,4,4,8,9,1,0,4,1
401856977,2026,WNBA,NATASHA MACK,PHOENIX MERCURY,"2026-06-09, GS vs PHX",25,9,2,4,1,1,2,5,8,2,10,1,0,1,2,2
401856977,2026,WNBA,NOEMIE BROCHANT,PHOENIX MERCURY,"2026-06-09, GS vs PHX",29,10,2,2,2,4,0,0,1,1,2,6,2,0,2,2
401856977,2026,WNBA,KAHLEAH COPPER,PHOENIX MERCURY,"2026-06-09, GS vs PHX",26,9,2,7,1,4,2,2,3,1,4,1,1,0,1,1
401856977,2026,WNBA,MONIQUE AKOA MAKANI,PHOENIX MERCURY,"2026-06-09, GS vs PHX",32,19,4,6,3,5,2,2,3,0,3,3,1,0,0,4
401856977,2026,WNBA,DEWANNA BONNER,PHOENIX MERCURY,"2026-06-09, GS vs PHX",28,3,0,2,1,5,0,0,4,0,4,0,0,1,0,1
401856977,2026,WNBA,JOVANA NOGIC,PHOENIX MERCURY,"2026-06-09, GS vs PHX",9,2,1,1,0,2,0,0,0,0,0,1,0,0,1,4
401856977,2026,WNBA,LEXI HELD,PHOENIX MERCURY,"2026-06-09, GS vs PHX",15,5,1,4,1,3,0,0,1,1,2,2,1,0,2,4
401856977,2026,WNBA,QUIONCHE CARTER,PHOENIX MERCURY,"2026-06-09, GS vs PHX",3,2,0,0,0,1,2,2,0,0,0,0,1,0,0,1
401856977,2026,WNBA,KAYLA THORNTON,GOLDEN STATE VALKYRIES,"2026-06-09, GS vs PHX",35,12,1,2,2,5,4,5,3,1,4,2,1,0,0,2
401856977,2026,WNBA,GABBY WILLIAMS,GOLDEN STATE VALKYRIES,"2026-06-09, GS vs PHX",30,25,6,13,3,6,4,6,3,1,4,1,1,0,1,4
401856977,2026,WNBA,CECILIA ZANDALASINI,GOLDEN STATE VALKYRIES,"2026-06-09, GS vs PHX",17,0,0,0,0,2,0,0,0,0,0,1,3,0,2,2
401856977,2026,WNBA,KIAH STOKES,GOLDEN STATE VALKYRIES,"2026-06-09, GS vs PHX",20,3,0,1,1,1,0,0,3,1,4,3,0,1,1,1
401856977,2026,WNBA,VERONICA BURTON,GOLDEN STATE VALKYRIES,"2026-06-09, GS vs PHX",37,25,5,8,2,7,9,11,3,0,3,8,0,0,2,5
401856977,2026,WNBA,JANELLE SALAUN,GOLDEN STATE VALKYRIES,"2026-06-09, GS vs PHX",25,11,1,2,2,5,3,3,4,1,5,0,1,0,1,2
401856977,2026,WNBA,TIFFANY HAYES,GOLDEN STATE VALKYRIES,"2026-06-09, GS vs PHX",13,7,2,2,0,1,3,3,1,0,1,3,0,0,1,0
401856977,2026,WNBA,KAILA CHARLES,GOLDEN STATE VALKYRIES,"2026-06-09, GS vs PHX",20,4,2,4,0,2,0,0,4,2,6,0,2,1,0,4
401856977,2026,WNBA,KAITLYN CHEN,GOLDEN STATE VALKYRIES,"2026-06-09, GS vs PHX",3,0,0,0,0,0,0,0,0,0,0,0,0,0,1,1
401856972,2026,WNBA,BREANNA STEWART,NEW YORK LIBERTY,"2026-06-08, CON vs NY",34,28,8,13,1,4,9,9,7,2,9,3,3,0,2,2
401856972,2026,WNBA,LEONIE FIEBICH,NEW YORK LIBERTY,"2026-06-08, CON vs NY",28,5,1,2,1,3,0,0,5,2,7,1,0,0,1,1
401856972,2026,WNBA,HAN XU,NEW YORK LIBERTY,"2026-06-08, CON vs NY",22,14,3,6,1,2,5,6,4,2,6,2,0,2,1,4
401856972,2026,WNBA,MARINE JOHANNES,NEW YORK LIBERTY,"2026-06-08, CON vs NY",24,7,1,2,1,5,2,2,4,0,4,3,1,0,2,3
401856972,2026,WNBA,PAULINE ASTIER,NEW YORK LIBERTY,"2026-06-08, CON vs NY",26,6,2,7,0,1,2,2,2,1,3,4,0,1,4,1
401856972,2026,WNBA,SATOU SABALLY,NEW YORK LIBERTY,"2026-06-08, CON vs NY",19,9,3,3,1,3,0,0,2,0,2,2,0,0,2,3
401856972,2026,WNBA,RAQUEL CARRERA,NEW YORK LIBERTY,"2026-06-08, CON vs NY",13,7,2,2,0,1,3,4,3,2,5,1,0,1,2,4
401856972,2026,WNBA,REBEKAH GARDNER,NEW YORK LIBERTY,"2026-06-08, CON vs NY",8,2,1,1,0,0,0,0,1,0,1,0,0,0,1,1
401856972,2026,WNBA,BETNIJAH LANEY-HAMILTON,NEW YORK LIBERTY,"2026-06-08, CON vs NY",18,11,2,3,1,3,4,6,5,0,5,0,0,0,3,4
401856972,2026,WNBA,MARINE FAUTHOUX,NEW YORK LIBERTY,"2026-06-08, CON vs NY",6,0,0,0,0,0,0,0,0,0,0,1,0,0,1,1
401856972,2026,WNBA,AALIYAH EDWARDS,CONNECTICUT SUN,"2026-06-08, CON vs NY",28,15,6,15,0,0,3,3,3,2,5,0,3,0,1,2
401856972,2026,WNBA,DIAMOND MILLER,CONNECTICUT SUN,"2026-06-08, CON vs NY",23,10,2,4,2,4,0,0,2,0,2,2,0,0,0,3
401856972,2026,WNBA,OLIVIA NELSON-ODODA,CONNECTICUT SUN,"2026-06-08, CON vs NY",26,15,6,6,0,0,3,4,6,2,8,1,0,1,0,5
401856972,2026,WNBA,SANIYA RIVERS,CONNECTICUT SUN,"2026-06-08, CON vs NY",29,12,6,13,0,2,0,4,3,2,5,3,0,2,2,3
401856972,2026,WNBA,LEILA LACAN,CONNECTICUT SUN,"2026-06-08, CON vs NY",26,7,2,5,1,4,0,1,0,0,0,7,2,0,1,2
401856972,2026,WNBA,RAEGAN BEERS,CONNECTICUT SUN,"2026-06-08, CON vs NY",14,4,2,3,0,0,0,0,2,0,2,0,0,0,1,5
401856972,2026,WNBA,NELL ANGLOMA,CONNECTICUT SUN,"2026-06-08, CON vs NY",12,7,2,3,0,0,3,7,1,1,2,2,0,0,2,3
401856972,2026,WNBA,KENNEDY BURKE,CONNECTICUT SUN,"2026-06-08, CON vs NY",15,1,0,2,0,1,1,1,1,0,1,0,1,0,1,1
401856972,2026,WNBA,CHARLISSE LEGER-WALKER,CONNECTICUT SUN,"2026-06-08, CON vs NY",14,4,2,3,0,0,0,0,2,0,2,2,2,0,2,3
401856972,2026,WNBA,GIANNA KNEEPKENS,CONNECTICUT SUN,"2026-06-08, CON vs NY",13,5,1,3,0,2,3,3,1,0,1,4,0,0,0,1
401856973,2026,WNBA,MONIQUE BILLINGS,INDIANA FEVER,"2026-06-08, WSH vs IND",19,4,2,7,0,2,0,0,2,0,2,0,2,0,0,5
401856973,2026,WNBA,ALIYAH BOSTON,INDIANA FEVER,"2026-06-08, WSH vs IND",24,14,4,7,0,0,6,7,8,2,10,3,2,2,5,5
401856973,2026,WNBA,KELSEY MITCHELL,INDIANA FEVER,"2026-06-08, WSH vs IND",31,15,5,8,1,6,2,2,2,0,2,3,1,1,1,5
401856973,2026,WNBA,LEXIE HULL,INDIANA FEVER,"2026-06-08, WSH vs IND",22,8,1,1,2,2,0,0,3,0,3,0,0,0,1,4
401856973,2026,WNBA,CAITLIN CLARK,INDIANA FEVER,"2026-06-08, WSH vs IND",31,19,3,6,4,10,1,3,3,0,3,5,1,0,5,3
401856973,2026,WNBA,MYISHA HINES-ALLEN,INDIANA FEVER,"2026-06-08, WSH vs IND",18,5,2,2,0,0,1,2,4,0,4,1,1,0,3,1
401856973,2026,WNBA,MAKAYLA TIMPSON,INDIANA FEVER,"2026-06-08, WSH vs IND",2,0,0,0,0,0,0,0,0,0,0,1,0,0,0,0
401856973,2026,WNBA,DAMIRIS DANTAS,INDIANA FEVER,"2026-06-08, WSH vs IND",12,3,0,1,1,2,0,0,0,1,1,0,1,0,1,2
401856973,2026,WNBA,SOPHIE CUNNINGHAM,INDIANA FEVER,"2026-06-08, WSH vs IND",23,8,1,4,2,4,0,0,2,0,2,3,0,0,0,1
401856973,2026,WNBA,TYASHA HARRIS,INDIANA FEVER,"2026-06-08, WSH vs IND",11,2,1,1,0,3,0,0,1,0,1,3,0,1,1,0
401856973,2026,WNBA,RAVEN JOHNSON,INDIANA FEVER,"2026-06-08, WSH vs IND",7,0,0,0,0,0,0,0,0,0,0,0,0,0,0,0
401856973,2026,WNBA,MICHAELA ONYENWERE,WASHINGTON MYSTICS,"2026-06-08, WSH vs IND",24,17,1,3,3,4,6,6,1,1,2,1,1,0,2,5
401856973,2026,WNBA,KIKI IRIAFEN,WASHINGTON MYSTICS,"2026-06-08, WSH vs IND",8,2,1,2,0,0,0,0,2,0,2,1,0,0,0,1
401856973,2026,WNBA,SHAKIRA AUSTIN,WASHINGTON MYSTICS,"2026-06-08, WSH vs IND",34,10,4,10,0,1,2,4,7,2,9,4,0,1,5,1
401856973,2026,WNBA,SONIA CITRON,WASHINGTON MYSTICS,"2026-06-08, WSH vs IND",38,12,1,5,2,4,4,4,0,0,0,5,1,2,2,1
401856973,2026,WNBA,GEORGIA AMOORE,WASHINGTON MYSTICS,"2026-06-08, WSH vs IND",29,12,0,2,4,4,0,0,1,0,1,4,1,1,2,1
401856973,2026,WNBA,ANGELA DUGALIC,WASHINGTON MYSTICS,"2026-06-08, WSH vs IND",18,7,3,4,0,1,1,2,5,0,5,1,2,1,2,5
401856973,2026,WNBA,LAUREN BETTS,WASHINGTON MYSTICS,"2026-06-08, WSH vs IND",12,8,4,5,0,0,0,0,2,1,3,1,0,0,0,2
401856973,2026,WNBA,COTIE MCMAHON,WASHINGTON MYSTICS,"2026-06-08, WSH vs IND",22,7,2,7,0,3,3,4,7,0,7,3,0,0,1,2
401856973,2026,WNBA,CASSANDRE PROSPER,WASHINGTON MYSTICS,"2026-06-08, WSH vs IND",6,1,0,1,0,1,1,4,0,1,1,0,0,0,0,1
401856973,2026,WNBA,ALICIA FLOREZ,WASHINGTON MYSTICS,"2026-06-08, WSH vs IND",9,0,0,1,0,0,0,0,1,0,1,1,0,1,1,4
401856974,2026,WNBA,JORDAN HORSTON,SEATTLE STORM,"2026-06-08, LV vs SEA",18,0,0,5,0,2,0,0,5,2,7,1,3,0,1,1
401856974,2026,WNBA,DOMINIQUE MALONGA,SEATTLE STORM,"2026-06-08, LV vs SEA",17,19,6,10,1,2,4,4,2,3,5,0,1,0,2,5
401856974,2026,WNBA,AWA FAM,SEATTLE STORM,"2026-06-08, LV vs SEA",29,16,6,8,1,3,1,1,2,1,3,1,0,0,3,3
401856974,2026,WNBA,NATISHA HIEDEMAN,SEATTLE STORM,"2026-06-08, LV vs SEA",28,17,2,6,4,6,1,2,5,0,5,5,3,0,1,1
401856974,2026,WNBA,FLAU'JAE JOHNSON,SEATTLE STORM,"2026-06-08, LV vs SEA",24,13,4,8,1,1,2,2,2,0,2,7,0,0,0,3
401856974,2026,WNBA,KATIE LOU SAMUELSON,SEATTLE STORM,"2026-06-08, LV vs SEA",20,7,2,2,1,4,0,0,3,0,3,0,2,0,0,0
401856974,2026,WNBA,MACKENZIE HOLMES,SEATTLE STORM,"2026-06-08, LV vs SEA",12,3,0,0,1,1,0,0,2,0,2,0,0,0,0,1
401856974,2026,WNBA,STEFANIE DOLSON,SEATTLE STORM,"2026-06-08, LV vs SEA",16,3,0,1,1,2,0,0,0,0,0,2,0,1,1,4
401856974,2026,WNBA,ZIA COOKE,SEATTLE STORM,"2026-06-08, LV vs SEA",13,7,0,3,2,3,1,2,0,0,0,1,0,0,0,4
401856974,2026,WNBA,JADE MELBOURNE,SEATTLE STORM,"2026-06-08, LV vs SEA",23,6,1,4,0,3,4,4,0,0,0,5,1,0,1,1
401856974,2026,WNBA,STEPHANIE TALBOT,LAS VEGAS ACES,"2026-06-08, LV vs SEA",17,3,0,1,1,3,0,0,1,2,3,3,1,0,2,2
401856974,2026,WNBA,NALYSSA SMITH,LAS VEGAS ACES,"2026-06-08, LV vs SEA",26,16,6,6,0,0,4,5,9,0,9,0,0,0,1,0
401856974,2026,WNBA,A'JA WILSON,LAS VEGAS ACES,"2026-06-08, LV vs SEA",36,34,7,14,3,5,11,13,8,4,12,9,1,3,2,1
401856974,2026,WNBA,CHELSEA GRAY,LAS VEGAS ACES,"2026-06-08, LV vs SEA",35,12,4,6,1,4,1,1,4,1,5,8,0,0,1,3
401856974,2026,WNBA,JACKIE YOUNG,LAS VEGAS ACES,"2026-06-08, LV vs SEA",34,29,6,10,4,9,5,5,3,0,3,6,0,1,4,2
401856974,2026,WNBA,CHEYENNE PARKER-TYUS,LAS VEGAS ACES,"2026-06-08, LV vs SEA",10,0,0,0,0,1,0,0,0,1,1,1,0,1,0,1
401856974,2026,WNBA,BRIANNA TURNER,LAS VEGAS ACES,"2026-06-08, LV vs SEA",6,0,0,2,0,0,0,0,0,0,0,0,1,0,0,1
401856974,2026,WNBA,KIERSTAN BELL,LAS VEGAS ACES,"2026-06-08, LV vs SEA",8,2,1,1,0,1,0,0,2,2,4,0,0,0,1,0
401856974,2026,WNBA,JEWELL LOYD,LAS VEGAS ACES,"2026-06-08, LV vs SEA",28,5,1,2,1,5,0,0,1,1,2,0,1,0,1,3
401856970,2026,WNBA,AZURA STEVENS,CHICAGO SKY,"2026-06-07, TOR vs CHI",24,18,8,11,0,4,2,2,8,2,10,0,0,0,0,3
401856970,2026,WNBA,KAMILLA CARDOSO,CHICAGO SKY,"2026-06-07, TOR vs CHI",23,9,2,6,0,0,5,8,6,2,8,2,0,1,2,5
401856970,2026,WNBA,SKYLAR DIGGINS,CHICAGO SKY,"2026-06-07, TOR vs CHI",27,7,2,6,0,2,3,4,0,1,1,3,0,0,1,1
401856970,2026,WNBA,RACHEL BANHAM,CHICAGO SKY,"2026-06-07, TOR vs CHI",22,3,0,0,1,5,0,0,2,0,2,1,0,0,2,2
401856970,2026,WNBA,JACY SHELDON,CHICAGO SKY,"2026-06-07, TOR vs CHI",21,10,2,5,2,2,0,0,2,1,3,2,1,0,5,5
401856970,2026,WNBA,ELIZABETH WILLIAMS,CHICAGO SKY,"2026-06-07, TOR vs CHI",22,4,0,4,0,0,4,8,2,1,3,2,1,2,0,3
401856970,2026,WNBA,NATASHA CLOUD,CHICAGO SKY,"2026-06-07, TOR vs CHI",27,6,1,4,1,3,1,2,4,0,4,3,0,1,3,1
401856970,2026,WNBA,SAYLOR POFFENBARGER,CHICAGO SKY,"2026-06-07, TOR vs CHI",8,0,0,0,0,3,0,0,3,0,3,1,0,0,0,1
401856970,2026,WNBA,SYDNEY TAYLOR,CHICAGO SKY,"2026-06-07, TOR vs CHI",8,0,0,0,0,2,0,0,0,0,0,0,0,1,1,1
401856970,2026,WNBA,GABRIELA JAQUEZ,CHICAGO SKY,"2026-06-07, TOR vs CHI",19,11,2,4,2,4,1,2,3,0,3,1,2,0,2,2
401856970,2026,WNBA,NYARA SABALLY,TORONTO TEMPO,"2026-06-07, TOR vs CHI",25,15,7,13,0,1,1,2,3,3,6,1,1,1,1,3
401856970,2026,WNBA,LAURA JUSKAITE,TORONTO TEMPO,"2026-06-07, TOR vs CHI",22,10,2,7,0,3,6,7,3,1,4,1,0,0,0,3
401856970,2026,WNBA,BRITTNEY SYKES,TORONTO TEMPO,"2026-06-07, TOR vs CHI",30,25,9,20,0,3,7,9,5,2,7,3,1,0,0,2
401856970,2026,WNBA,MARINA MABREY,TORONTO TEMPO,"2026-06-07, TOR vs CHI",30,9,2,4,1,5,2,2,4,0,4,6,2,1,3,0
401856970,2026,WNBA,JULIE ALLEMAND,TORONTO TEMPO,"2026-06-07, TOR vs CHI",26,4,1,1,0,1,2,2,5,1,6,3,1,0,1,1
401856970,2026,WNBA,ISABELLE HARRISON,TORONTO TEMPO,"2026-06-07, TOR vs CHI",17,14,4,7,2,2,0,1,4,2,6,2,1,0,0,4
401856970,2026,WNBA,MARIA CONDE,TORONTO TEMPO,"2026-06-07, TOR vs CHI",24,5,1,3,1,5,0,0,5,1,6,2,0,0,1,1
401856970,2026,WNBA,TEONNI KEY,TORONTO TEMPO,"2026-06-07, TOR vs CHI",12,1,0,0,0,0,1,2,3,1,4,0,1,2,1,5
401856970,2026,WNBA,KIA NURSE,TORONTO TEMPO,"2026-06-07, TOR vs CHI",9,2,0,0,0,2,2,2,1,0,1,0,0,0,1,3
401856970,2026,WNBA,TIMA POUYE,TORONTO TEMPO,"2026-06-07, TOR vs CHI",3,0,0,0,0,0,0,0,0,0,0,1,0,0,1,0
401856971,2026,WNBA,BRIDGET CARLETON,PORTLAND FIRE,"2026-06-07, LA vs POR",26,7,0,0,1,4,4,4,6,1,7,2,0,0,3,1
401856971,2026,WNBA,EMILY ENGSTLER,PORTLAND FIRE,"2026-06-07, LA vs POR",25,10,4,5,0,2,2,2,7,1,8,0,1,0,2,5
401856971,2026,WNBA,MEGAN DILEO,PORTLAND FIRE,"2026-06-07, LA vs POR",25,16,6,11,0,2,4,5,4,7,11,0,0,1,0,2
401856971,2026,WNBA,SARAH ASHLEE BARKER,PORTLAND FIRE,"2026-06-07, LA vs POR",28,6,1,3,1,5,1,1,2,0,2,7,1,1,3,4
401856971,2026,WNBA,CARLA LEITE,PORTLAND FIRE,"2026-06-07, LA vs POR",25,10,4,11,0,2,2,6,4,0,4,4,0,1,4,2
401856971,2026,WNBA,FRIEDA BUHNER,PORTLAND FIRE,"2026-06-07, LA vs POR",15,7,2,5,1,5,0,0,0,2,2,1,1,0,0,2
401856971,2026,WNBA,NYADIEW PUOCH,PORTLAND FIRE,"2026-06-07, LA vs POR",14,4,2,3,0,0,0,0,0,1,1,0,0,0,0,2
401856971,2026,WNBA,LUISA GEISELSODER,PORTLAND FIRE,"2026-06-07, LA vs POR",15,4,2,2,0,2,0,0,3,1,4,0,0,1,1,2
401856971,2026,WNBA,KARLIE SAMUELSON,PORTLAND FIRE,"2026-06-07, LA vs POR",11,6,1,1,0,2,4,4,0,1,1,0,1,1,0,0
401856971,2026,WNBA,TEJA OBLAK,PORTLAND FIRE,"2026-06-07, LA vs POR",17,2,1,3,0,4,0,0,2,0,2,5,1,0,2,1
401856971,2026,WNBA,NNEKA OGWUMIKE,LOS ANGELES SPARKS,"2026-06-07, LA vs POR",32,20,6,8,2,6,2,2,11,6,17,2,2,0,2,2
401856971,2026,WNBA,DEARICA HAMBY,LOS ANGELES SPARKS,"2026-06-07, LA vs POR",30,22,8,13,0,1,6,10,6,6,12,0,2,1,0,3
401856971,2026,WNBA,ERICA WHEELER,LOS ANGELES SPARKS,"2026-06-07, LA vs POR",27,6,0,1,2,6,0,0,1,0,1,4,1,0,0,2
401856971,2026,WNBA,KELSEY PLUM,LOS ANGELES SPARKS,"2026-06-07, LA vs POR",35,16,4,7,1,3,5,5,5,1,6,7,3,0,1,4
401856971,2026,WNBA,ARIEL ATKINS,LOS ANGELES SPARKS,"2026-06-07, LA vs POR",18,6,3,6,0,3,0,0,1,1,2,2,1,0,3,2
401856971,2026,WNBA,CAMERON BRINK,LOS ANGELES SPARKS,"2026-06-07, LA vs POR",10,2,0,3,0,0,2,2,0,0,0,0,1,1,2,4
401856971,2026,WNBA,RAE BURRELL,LOS ANGELES SPARKS,"2026-06-07, LA vs POR",26,10,2,5,2,6,0,0,2,1,3,1,1,0,2,1
401856971,2026,WNBA,KATE MARTIN,LOS ANGELES SPARKS,"2026-06-07, LA vs POR",8,5,1,2,1,3,0,1,0,0,0,1,0,2,0,4
401856971,2026,WNBA,CHANCE GRAY,LOS ANGELES SPARKS,"2026-06-07, LA vs POR",15,2,0,0,0,2,2,2,1,0,1,0,0,0,2,0
401856966,2026,WNBA,JORDAN HORSTON,SEATTLE STORM,"2026-06-06, MIN vs SEA",18,7,1,1,1,2,2,2,2,1,3,2,0,0,3,1
401856966,2026,WNBA,STEFANIE DOLSON,SEATTLE STORM,"2026-06-06, MIN vs SEA",20,6,0,0,2,3,0,0,3,1,4,1,0,0,1,2
401856966,2026,WNBA,AWA FAM,SEATTLE STORM,"2026-06-06, MIN vs SEA",30,5,1,2,1,4,0,0,2,2,4,4,0,0,4,4
401856966,2026,WNBA,NATISHA HIEDEMAN,SEATTLE STORM,"2026-06-06, MIN vs SEA",26,14,1,1,3,9,3,3,3,1,4,5,3,0,4,0
401856966,2026,WNBA,FLAU'JAE JOHNSON,SEATTLE STORM,"2026-06-06, MIN vs SEA",26,10,2,8,2,7,0,0,5,1,6,2,1,0,3,1
401856966,2026,WNBA,KATIE LOU SAMUELSON,SEATTLE STORM,"2026-06-06, MIN vs SEA",18,0,0,2,0,2,0,0,2,0,2,0,1,0,0,0
401856966,2026,WNBA,MACKENZIE HOLMES,SEATTLE STORM,"2026-06-06, MIN vs SEA",14,1,0,0,0,1,1,2,3,1,4,2,0,0,1,0
401856966,2026,WNBA,TAYLOR THIERRY,SEATTLE STORM,"2026-06-06, MIN vs SEA",2,0,0,0,0,0,0,0,0,0,0,0,0,0,0,0
401856966,2026,WNBA,DOMINIQUE MALONGA,SEATTLE STORM,"2026-06-06, MIN vs SEA",14,7,3,6,0,2,1,2,2,0,2,0,2,0,2,1
401856966,2026,WNBA,ZIA COOKE,SEATTLE STORM,"2026-06-06, MIN vs SEA",9,4,0,2,1,2,1,2,1,1,2,0,0,0,1,1
401856966,2026,WNBA,JADE MELBOURNE,SEATTLE STORM,"2026-06-06, MIN vs SEA",20,14,3,4,1,3,5,5,2,2,4,0,0,1,2,2
401856966,2026,WNBA,TAINA MAIR,SEATTLE STORM,"2026-06-06, MIN vs SEA",2,0,0,1,0,1,0,0,0,0,0,0,0,0,0,0
401856966,2026,WNBA,NATASHA HOWARD,MINNESOTA LYNX,"2026-06-06, MIN vs SEA",30,27,12,15,0,1,3,4,1,4,5,1,3,2,2,2
401856966,2026,WNBA,NIA COFFEY,MINNESOTA LYNX,"2026-06-06, MIN vs SEA",27,6,0,0,2,6,0,0,6,2,8,5,3,2,1,1
401856966,2026,WNBA,KAYLA MCBRIDE,MINNESOTA LYNX,"2026-06-06, MIN vs SEA",23,11,1,4,2,8,3,3,2,0,2,3,1,0,1,1
401856966,2026,WNBA,COURTNEY WILLIAMS,MINNESOTA LYNX,"2026-06-06, MIN vs SEA",27,11,4,10,1,3,0,0,5,0,5,7,2,0,2,1
401856966,2026,WNBA,OLIVIA MILES,MINNESOTA LYNX,"2026-06-06, MIN vs SEA",33,19,8,11,1,3,0,1,3,3,6,6,1,0,1,3
401856966,2026,WNBA,ANTONIA DELAERE,MINNESOTA LYNX,"2026-06-06, MIN vs SEA",14,0,0,0,0,1,0,0,2,1,3,2,1,0,1,1
401856966,2026,WNBA,ANASTASIIA OLAIRI KOSU,MINNESOTA LYNX,"2026-06-06, MIN vs SEA",17,4,2,4,0,0,0,0,1,0,1,1,2,0,0,2
401856966,2026,WNBA,TEAIRA MCCOWAN,MINNESOTA LYNX,"2026-06-06, MIN vs SEA",7,4,2,3,0,0,0,0,2,1,3,1,0,0,1,2
401856966,2026,WNBA,MAYA CALDWELL,MINNESOTA LYNX,"2026-06-06, MIN vs SEA",22,6,0,3,2,5,0,0,1,2,3,1,0,0,3,3
401856967,2026,WNBA,KAYLA THORNTON,GOLDEN STATE VALKYRIES,"2026-06-06, LV vs GS",35,10,0,2,2,5,4,4,5,4,9,1,0,0,1,4
401856967,2026,WNBA,GABBY WILLIAMS,GOLDEN STATE VALKYRIES,"2026-06-06, LV vs GS",28,27,7,10,3,7,4,5,6,0,6,1,2,0,1,2
401856967,2026,WNBA,CECILIA ZANDALASINI,GOLDEN STATE VALKYRIES,"2026-06-06, LV vs GS",16,4,2,3,0,2,0,0,1,0,1,0,1,0,1,0
401856967,2026,WNBA,KIAH STOKES,GOLDEN STATE VALKYRIES,"2026-06-06, LV vs GS",17,2,1,1,0,1,0,0,3,1,4,1,0,1,1,2
401856967,2026,WNBA,VERONICA BURTON,GOLDEN STATE VALKYRIES,"2026-06-06, LV vs GS",34,15,4,8,1,8,4,6,3,2,5,3,0,0,1,3
401856967,2026,WNBA,JANELLE SALAUN,GOLDEN STATE VALKYRIES,"2026-06-06, LV vs GS",28,11,1,4,3,8,0,0,2,1,3,2,0,0,1,2
401856967,2026,WNBA,TIFFANY HAYES,GOLDEN STATE VALKYRIES,"2026-06-06, LV vs GS",16,5,1,4,1,3,0,2,3,0,3,3,1,0,2,4
401856967,2026,WNBA,KAILA CHARLES,GOLDEN STATE VALKYRIES,"2026-06-06, LV vs GS",20,5,1,4,1,1,0,0,4,2,6,3,0,0,1,1
401856967,2026,WNBA,KAITLYN CHEN,GOLDEN STATE VALKYRIES,"2026-06-06, LV vs GS",6,0,0,1,0,0,0,0,1,0,1,0,0,0,0,1
401856967,2026,WNBA,STEPHANIE TALBOT,LAS VEGAS ACES,"2026-06-06, LV vs GS",19,6,0,1,2,6,0,0,0,0,0,4,0,2,1,2
401856967,2026,WNBA,NALYSSA SMITH,LAS VEGAS ACES,"2026-06-06, LV vs GS",29,6,2,6,0,0,2,6,4,2,6,1,0,0,1,3
401856967,2026,WNBA,A'JA WILSON,LAS VEGAS ACES,"2026-06-06, LV vs GS",35,28,7,13,2,4,8,8,12,2,14,3,0,0,2,3
401856967,2026,WNBA,CHELSEA GRAY,LAS VEGAS ACES,"2026-06-06, LV vs GS",36,12,2,3,2,7,2,3,5,1,6,6,2,0,4,3
401856967,2026,WNBA,JACKIE YOUNG,LAS VEGAS ACES,"2026-06-06, LV vs GS",36,27,2,7,6,8,5,5,4,1,5,5,0,0,1,3
401856967,2026,WNBA,BRIANNA TURNER,LAS VEGAS ACES,"2026-06-06, LV vs GS",9,0,0,1,0,0,0,0,0,0,0,0,0,0,1,1
401856967,2026,WNBA,KIERSTAN BELL,LAS VEGAS ACES,"2026-06-06, LV vs GS",7,0,0,1,0,2,0,0,0,0,0,0,0,0,0,0
401856967,2026,WNBA,JEWELL LOYD,LAS VEGAS ACES,"2026-06-06, LV vs GS",28,5,1,1,1,3,0,0,5,0,5,3,1,0,1,4
401856968,2026,WNBA,MICHAELA ONYENWERE,WASHINGTON MYSTICS,"2026-06-06, ATL vs WSH",21,4,1,1,0,2,2,2,0,0,0,0,0,0,1,4
401856968,2026,WNBA,KIKI IRIAFEN,WASHINGTON MYSTICS,"2026-06-06, ATL vs WSH",27,24,7,12,1,3,7,10,3,0,3,3,1,1,2,3
401856968,2026,WNBA,SHAKIRA AUSTIN,WASHINGTON MYSTICS,"2026-06-06, ATL vs WSH",22,7,2,7,1,2,0,0,0,5,5,4,0,3,3,3
401856968,2026,WNBA,SONIA CITRON,WASHINGTON MYSTICS,"2026-06-06, ATL vs WSH",29,18,3,6,2,4,6,7,2,0,2,6,1,0,2,2
401856968,2026,WNBA,GEORGIA AMOORE,WASHINGTON MYSTICS,"2026-06-06, ATL vs WSH",23,0,0,0,0,1,0,0,2,0,2,1,1,0,1,3
401856968,2026,WNBA,ANGELA DUGALIC,WASHINGTON MYSTICS,"2026-06-06, ATL vs WSH",14,5,1,2,1,1,0,0,8,1,9,1,0,0,1,1
401856968,2026,WNBA,LAUREN BETTS,WASHINGTON MYSTICS,"2026-06-06, ATL vs WSH",16,6,2,4,0,0,2,2,1,0,1,1,0,0,1,3
401856968,2026,WNBA,RORI HARMON,WASHINGTON MYSTICS,"2026-06-06, ATL vs WSH",2,0,0,0,0,0,0,0,0,0,0,0,0,0,0,1
401856968,2026,WNBA,COTIE MCMAHON,WASHINGTON MYSTICS,"2026-06-06, ATL vs WSH",15,7,2,3,0,1,3,4,1,1,2,0,0,0,2,3
401856968,2026,WNBA,CASSANDRE PROSPER,WASHINGTON MYSTICS,"2026-06-06, ATL vs WSH",11,4,2,2,0,0,0,0,0,0,0,1,0,0,0,1
401856968,2026,WNBA,ALICIA FLOREZ,WASHINGTON MYSTICS,"2026-06-06, ATL vs WSH",20,2,1,5,0,2,0,2,1,1,2,0,1,0,4,2
401856968,2026,WNBA,NAZ HILLMON,ATLANTA DREAM,"2026-06-06, ATL vs WSH",25,6,0,2,2,4,0,0,4,2,6,1,1,1,0,3
401856968,2026,WNBA,ANGEL REESE,ATLANTA DREAM,"2026-06-06, ATL vs WSH",25,18,4,9,0,0,10,10,10,7,17,0,4,1,3,3
401856968,2026,WNBA,ALLISHA GRAY,ATLANTA DREAM,"2026-06-06, ATL vs WSH",25,15,0,2,1,2,12,15,1,0,1,5,0,0,1,2
401856968,2026,WNBA,JORDIN CANADA,ATLANTA DREAM,"2026-06-06, ATL vs WSH",25,11,3,5,1,1,2,3,2,0,2,5,0,0,0,0
401856968,2026,WNBA,RHYNE HOWARD,ATLANTA DREAM,"2026-06-06, ATL vs WSH",21,19,2,4,4,7,3,3,0,0,0,3,6,1,2,4
401856968,2026,WNBA,SIKA KONE,ATLANTA DREAM,"2026-06-06, ATL vs WSH",12,9,2,3,1,3,2,3,1,5,6,2,1,0,1,3
401856968,2026,WNBA,MADINA OKOT,ATLANTA DREAM,"2026-06-06, ATL vs WSH",18,11,5,8,0,1,1,2,4,1,5,0,1,0,3,4
401856968,2026,WNBA,TE-HINA PAOPAO,ATLANTA DREAM,"2026-06-06, ATL vs WSH",14,6,0,1,2,3,0,0,1,0,1,3,0,1,0,2
401856968,2026,WNBA,AALIYAH NYE,ATLANTA DREAM,"2026-06-06, ATL vs WSH",5,3,0,1,1,2,0,0,0,0,0,0,0,0,0,0
401856968,2026,WNBA,INDYA NIVAR,ATLANTA DREAM,"2026-06-06, ATL vs WSH",8,2,1,3,0,0,0,3,1,1,2,0,1,0,0,4
401856968,2026,WNBA,ISOBEL BORLASE,ATLANTA DREAM,"2026-06-06, ATL vs WSH",23,9,2,3,1,2,2,2,2,0,2,2,2,0,1,1
401856969,2026,WNBA,MONIQUE BILLINGS,INDIANA FEVER,"2026-06-06, NY vs IND",35,15,5,5,1,2,2,6,5,3,8,1,0,1,1,3
401856969,2026,WNBA,ALIYAH BOSTON,INDIANA FEVER,"2026-06-06, NY vs IND",29,13,5,12,1,3,0,0,7,2,9,1,1,3,4,5
401856969,2026,WNBA,KELSEY MITCHELL,INDIANA FEVER,"2026-06-06, NY vs IND",32,21,5,13,2,8,5,7,5,2,7,2,0,0,4,3
401856969,2026,WNBA,LEXIE HULL,INDIANA FEVER,"2026-06-06, NY vs IND",19,5,1,1,1,1,0,0,5,1,6,1,1,0,0,1
401856969,2026,WNBA,CAITLIN CLARK,INDIANA FEVER,"2026-06-06, NY vs IND",34,10,2,8,2,6,0,0,7,0,7,9,0,1,3,5
401856969,2026,WNBA,MYISHA HINES-ALLEN,INDIANA FEVER,"2026-06-06, NY vs IND",13,3,0,2,1,2,0,0,1,0,1,0,1,0,0,5
401856969,2026,WNBA,MAKAYLA TIMPSON,INDIANA FEVER,"2026-06-06, NY vs IND",3,0,0,0,0,0,0,0,0,0,0,0,0,0,0,1
401856969,2026,WNBA,SOPHIE CUNNINGHAM,INDIANA FEVER,"2026-06-06, NY vs IND",17,2,1,1,0,1,0,0,1,0,1,2,1,0,1,3
401856969,2026,WNBA,RAVEN JOHNSON,INDIANA FEVER,"2026-06-06, NY vs IND",17,6,2,5,0,2,2,2,1,1,2,4,0,0,1,1
401856969,2026,WNBA,BREANNA STEWART,NEW YORK LIBERTY,"2026-06-06, NY vs IND",33,30,6,13,0,2,18,21,4,4,8,2,4,0,2,1
401856969,2026,WNBA,LEONIE FIEBICH,NEW YORK LIBERTY,"2026-06-06, NY vs IND",30,4,1,4,0,3,2,2,2,2,4,2,3,1,1,2
401856969,2026,WNBA,JONQUEL JONES,NEW YORK LIBERTY,"2026-06-06, NY vs IND",28,8,2,5,0,1,4,7,10,2,12,4,0,1,1,4
401856969,2026,WNBA,MARINE JOHANNES,NEW YORK LIBERTY,"2026-06-06, NY vs IND",25,8,1,2,2,5,0,0,4,0,4,0,0,0,2,3
401856969,2026,WNBA,PAULINE ASTIER,NEW YORK LIBERTY,"2026-06-06, NY vs IND",24,12,4,6,0,0,4,4,3,0,3,3,1,0,1,3
401856969,2026,WNBA,SATOU SABALLY,NEW YORK LIBERTY,"2026-06-06, NY vs IND",22,13,5,7,0,4,3,4,4,1,5,1,0,0,2,3
401856969,2026,WNBA,HAN XU,NEW YORK LIBERTY,"2026-06-06, NY vs IND",8,2,1,3,0,1,0,0,2,2,4,1,0,0,0,0
401856969,2026,WNBA,REBEKAH GARDNER,NEW YORK LIBERTY,"2026-06-06, NY vs IND",13,4,1,3,0,0,2,2,2,2,4,1,1,0,1,1
401856969,2026,WNBA,BETNIJAH LANEY-HAMILTON,NEW YORK LIBERTY,"2026-06-06, NY vs IND",12,2,1,5,0,0,0,0,1,0,1,0,0,0,1,1
401856969,2026,WNBA,MARINE FAUTHOUX,NEW YORK LIBERTY,"2026-06-06, NY vs IND",5,0,0,0,0,2,0,0,2,0,2,0,0,0,0,1
401856963,2026,WNBA,DIAMOND MILLER,CONNECTICUT SUN,"2026-06-05, CHI vs CON",28,16,5,10,1,5,3,3,1,2,3,3,0,0,2,2
401856963,2026,WNBA,ANEESAH MORROW,CONNECTICUT SUN,"2026-06-05, CHI vs CON",32,8,1,9,2,5,0,0,13,4,17,3,1,1,1,2
401856963,2026,WNBA,BRITTNEY GRINER,CONNECTICUT SUN,"2026-06-05, CHI vs CON",29,16,6,8,0,0,4,6,6,2,8,5,0,3,2,3
401856963,2026,WNBA,SANIYA RIVERS,CONNECTICUT SUN,"2026-06-05, CHI vs CON",23,14,5,7,1,2,1,2,1,0,1,3,1,2,3,2
401856963,2026,WNBA,LEILA LACAN,CONNECTICUT SUN,"2026-06-05, CHI vs CON",34,3,1,5,0,3,1,2,1,0,1,2,1,0,3,6
401856963,2026,WNBA,RAEGAN BEERS,CONNECTICUT SUN,"2026-06-05, CHI vs CON",6,5,2,3,0,0,1,1,2,2,4,2,0,1,2,0
401856963,2026,WNBA,NELL ANGLOMA,CONNECTICUT SUN,"2026-06-05, CHI vs CON",17,6,2,4,0,0,2,2,0,1,1,0,2,0,1,0
401856963,2026,WNBA,OLIVIA NELSON-ODODA,CONNECTICUT SUN,"2026-06-05, CHI vs CON",10,2,1,3,0,0,0,0,1,2,3,0,0,0,0,4
401856963,2026,WNBA,HAILEY VAN LITH,CONNECTICUT SUN,"2026-06-05, CHI vs CON",6,4,1,1,0,0,2,2,0,1,1,0,0,0,1,0
401856963,2026,WNBA,CHARLISSE LEGER-WALKER,CONNECTICUT SUN,"2026-06-05, CHI vs CON",8,4,2,2,0,2,0,0,0,0,0,1,1,0,0,1
401856963,2026,WNBA,GIANNA KNEEPKENS,CONNECTICUT SUN,"2026-06-05, CHI vs CON",8,2,0,1,0,0,2,3,0,0,0,0,0,0,0,0
401856963,2026,WNBA,ASHLON JACKSON,CONNECTICUT SUN,"2026-06-05, CHI vs CON",1,0,0,0,0,1,0,0,1,0,1,0,0,0,0,1
401856963,2026,WNBA,AZURA STEVENS,CHICAGO SKY,"2026-06-05, CHI vs CON",20,13,4,8,1,5,2,3,7,3,10,1,1,0,0,4
401856963,2026,WNBA,KAMILLA CARDOSO,CHICAGO SKY,"2026-06-05, CHI vs CON",33,10,5,10,0,0,0,1,6,2,8,3,0,2,2,3
401856963,2026,WNBA,SKYLAR DIGGINS,CHICAGO SKY,"2026-06-05, CHI vs CON",32,24,4,13,2,3,10,11,2,1,3,4,1,0,2,1
401856963,2026,WNBA,RACHEL BANHAM,CHICAGO SKY,"2026-06-05, CHI vs CON",22,6,1,2,1,5,1,1,2,0,2,3,0,3,1,4
401856963,2026,WNBA,JACY SHELDON,CHICAGO SKY,"2026-06-05, CHI vs CON",27,5,2,2,0,0,1,1,1,0,1,2,2,1,0,3
401856963,2026,WNBA,ELIZABETH WILLIAMS,CHICAGO SKY,"2026-06-05, CHI vs CON",21,10,5,8,0,0,0,2,2,1,3,3,2,1,0,1
401856963,2026,WNBA,NATASHA CLOUD,CHICAGO SKY,"2026-06-05, CHI vs CON",26,13,2,4,2,2,3,3,0,0,0,5,2,0,3,3
401856963,2026,WNBA,SAYLOR POFFENBARGER,CHICAGO SKY,"2026-06-05, CHI vs CON",6,0,0,0,0,0,0,0,0,0,0,0,1,0,0,0
401856963,2026,WNBA,SYDNEY TAYLOR,CHICAGO SKY,"2026-06-05, CHI vs CON",13,4,2,4,0,1,0,0,1,0,1,0,0,0,4,3
401856964,2026,WNBA,JESSICA SHEPARD,DALLAS WINGS,"2026-06-05, LA vs DAL",38,22,9,13,0,0,4,6,9,6,15,5,2,0,4,0
401856964,2026,WNBA,MADDY SIEGRIST,DALLAS WINGS,"2026-06-05, LA vs DAL",24,16,5,8,2,2,0,0,2,2,4,0,4,1,1,3
401856964,2026,WNBA,ARIKE OGUNBOWALE,DALLAS WINGS,"2026-06-05, LA vs DAL",34,30,4,10,6,11,4,5,3,3,6,6,0,0,3,3
401856964,2026,WNBA,PAIGE BUECKERS,DALLAS WINGS,"2026-06-05, LA vs DAL",36,18,6,10,1,4,3,4,2,1,3,14,1,0,1,4
401856964,2026,WNBA,AZZI FUDD,DALLAS WINGS,"2026-06-05, LA vs DAL",35,11,4,6,1,4,0,0,0,1,1,2,2,0,0,3
401856964,2026,WNBA,ALYSHA CLARK,DALLAS WINGS,"2026-06-05, LA vs DAL",2,0,0,0,0,0,0,0,0,0,0,0,0,0,0,1
401856964,2026,WNBA,ALANNA SMITH,DALLAS WINGS,"2026-06-05, LA vs DAL",16,4,2,2,0,2,0,0,2,0,2,0,0,1,2,0
401856964,2026,WNBA,ODYSSEY SIMS,DALLAS WINGS,"2026-06-05, LA vs DAL",5,0,0,1,0,0,0,0,1,0,1,0,0,0,1,0
401856964,2026,WNBA,AZIAHA JAMES,DALLAS WINGS,"2026-06-05, LA vs DAL",10,3,1,2,0,2,1,3,1,0,1,3,1,0,0,4
401856964,2026,WNBA,NNEKA OGWUMIKE,LOS ANGELES SPARKS,"2026-06-05, LA vs DAL",35,13,5,6,1,2,0,0,8,2,10,5,1,0,0,1
401856964,2026,WNBA,DEARICA HAMBY,LOS ANGELES SPARKS,"2026-06-05, LA vs DAL",30,15,6,8,0,0,3,4,3,2,5,1,0,0,0,2
401856964,2026,WNBA,ERICA WHEELER,LOS ANGELES SPARKS,"2026-06-05, LA vs DAL",33,7,1,4,1,4,2,2,0,1,1,6,1,0,4,1
401856964,2026,WNBA,KELSEY PLUM,LOS ANGELES SPARKS,"2026-06-05, LA vs DAL",33,27,9,10,1,6,6,8,2,0,2,6,0,0,5,2
401856964,2026,WNBA,ARIEL ATKINS,LOS ANGELES SPARKS,"2026-06-05, LA vs DAL",28,16,2,5,4,7,0,0,3,2,5,3,1,0,2,5
401856964,2026,WNBA,CAMERON BRINK,LOS ANGELES SPARKS,"2026-06-05, LA vs DAL",15,10,2,3,1,4,3,4,4,1,5,0,0,1,3,4
401856964,2026,WNBA,RAE BURRELL,LOS ANGELES SPARKS,"2026-06-05, LA vs DAL",18,3,1,2,0,3,1,2,2,0,2,4,2,1,2,0
401856964,2026,WNBA,KATE MARTIN,LOS ANGELES SPARKS,"2026-06-05, LA vs DAL",3,5,1,1,1,1,0,1,0,0,0,0,0,0,1,0
401856964,2026,WNBA,CHANCE GRAY,LOS ANGELES SPARKS,"2026-06-05, LA vs DAL",5,0,0,0,0,1,0,0,0,0,0,0,0,0,0,1
401856965,2026,WNBA,DEWANNA BONNER,PHOENIX MERCURY,"2026-06-05, POR vs PHX",34,19,3,7,3,8,4,4,4,1,5,5,2,3,1,1
401856965,2026,WNBA,NATASHA MACK,PHOENIX MERCURY,"2026-06-05, POR vs PHX",29,16,7,11,0,0,2,2,4,0,4,2,1,1,1,2
401856965,2026,WNBA,NOEMIE BROCHANT,PHOENIX MERCURY,"2026-06-05, POR vs PHX",28,11,2,4,2,2,1,2,2,0,2,2,1,0,1,1
401856965,2026,WNBA,JOVANA NOGIC,PHOENIX MERCURY,"2026-06-05, POR vs PHX",30,9,3,4,0,7,3,4,1,1,2,6,2,0,0,2
401856965,2026,WNBA,MONIQUE AKOA MAKANI,PHOENIX MERCURY,"2026-06-05, POR vs PHX",31,11,3,7,1,1,2,2,4,0,4,2,3,1,2,3
401856965,2026,WNBA,VALERIANE AYAYI,PHOENIX MERCURY,"2026-06-05, POR vs PHX",4,2,0,1,0,0,2,2,0,2,2,0,0,0,2,0
401856965,2026,WNBA,MARTA SUAREZ,PHOENIX MERCURY,"2026-06-05, POR vs PHX",11,0,0,0,0,1,0,0,0,0,0,1,0,0,2,4
401856965,2026,WNBA,KYARA LINSKENS,PHOENIX MERCURY,"2026-06-05, POR vs PHX",6,0,0,3,0,0,0,0,1,0,1,0,0,0,0,1
401856965,2026,WNBA,LEXI HELD,PHOENIX MERCURY,"2026-06-05, POR vs PHX",20,8,0,3,1,2,5,5,1,0,1,3,0,0,1,2
401856965,2026,WNBA,QUIONCHE CARTER,PHOENIX MERCURY,"2026-06-05, POR vs PHX",9,2,1,1,0,0,0,1,0,3,3,0,1,0,2,3
401856965,2026,WNBA,BRIDGET CARLETON,PORTLAND FIRE,"2026-06-05, POR vs PHX",27,6,2,5,0,4,2,2,3,1,4,2,1,0,4,1
401856965,2026,WNBA,EMILY ENGSTLER,PORTLAND FIRE,"2026-06-05, POR vs PHX",17,3,1,3,0,2,1,2,3,2,5,1,0,2,2,2
401856965,2026,WNBA,MEGAN DILEO,PORTLAND FIRE,"2026-06-05, POR vs PHX",22,7,2,3,1,2,0,0,2,0,2,0,0,0,1,0
401856965,2026,WNBA,SARAH ASHLEE BARKER,PORTLAND FIRE,"2026-06-05, POR vs PHX",29,15,4,6,2,4,1,2,6,1,7,3,0,0,1,3
401856965,2026,WNBA,CARLA LEITE,PORTLAND FIRE,"2026-06-05, POR vs PHX",24,7,1,4,1,2,2,3,1,1,2,4,1,0,3,4
401856965,2026,WNBA,FRIEDA BUHNER,PORTLAND FIRE,"2026-06-05, POR vs PHX",15,5,1,4,0,1,3,3,3,1,4,0,0,0,2,0
401856965,2026,WNBA,NYADIEW PUOCH,PORTLAND FIRE,"2026-06-05, POR vs PHX",13,0,0,3,0,1,0,0,0,1,1,0,0,0,0,1
401856965,2026,WNBA,LUISA GEISELSODER,PORTLAND FIRE,"2026-06-05, POR vs PHX",18,5,0,0,1,4,2,2,3,0,3,3,0,0,3,5
401856965,2026,WNBA,KARLIE SAMUELSON,PORTLAND FIRE,"2026-06-05, POR vs PHX",19,13,0,0,4,5,1,1,3,0,3,1,1,0,0,1
401856965,2026,WNBA,TEJA OBLAK,PORTLAND FIRE,"2026-06-05, POR vs PHX",16,11,3,3,1,1,2,2,0,1,1,4,0,0,4,2
401856961,2026,WNBA,NAZ HILLMON,ATLANTA DREAM,"2026-06-04, IND vs ATL",28,12,1,4,2,4,4,4,3,2,5,1,1,0,0,2
401856961,2026,WNBA,ANGEL REESE,ATLANTA DREAM,"2026-06-04, IND vs ATL",31,11,4,8,0,1,3,4,6,4,10,3,0,2,4,4
401856961,2026,WNBA,ALLISHA GRAY,ATLANTA DREAM,"2026-06-04, IND vs ATL",36,13,5,14,0,4,3,3,1,0,1,2,2,0,1,3
401856961,2026,WNBA,JORDIN CANADA,ATLANTA DREAM,"2026-06-04, IND vs ATL",32,13,2,7,2,5,3,4,3,0,3,7,2,0,3,6
401856961,2026,WNBA,RHYNE HOWARD,ATLANTA DREAM,"2026-06-04, IND vs ATL",37,8,0,4,2,5,2,3,4,0,4,0,3,0,2,2
401856961,2026,WNBA,SIKA KONE,ATLANTA DREAM,"2026-06-04, IND vs ATL",1,2,0,0,0,0,2,2,1,0,1,0,0,0,0,0
401856961,2026,WNBA,MADINA OKOT,ATLANTA DREAM,"2026-06-04, IND vs ATL",9,7,3,5,0,0,1,2,1,2,3,0,0,1,0,1
401856961,2026,WNBA,TE-HINA PAOPAO,ATLANTA DREAM,"2026-06-04, IND vs ATL",16,0,0,1,0,2,0,0,1,1,2,1,1,0,1,0
401856961,2026,WNBA,AALIYAH NYE,ATLANTA DREAM,"2026-06-04, IND vs ATL",1,0,0,0,0,0,0,0,0,0,0,0,0,0,0,0
401856961,2026,WNBA,INDYA NIVAR,ATLANTA DREAM,"2026-06-04, IND vs ATL",1,1,0,0,0,0,1,2,0,0,0,0,0,0,0,0
401856961,2026,WNBA,ISOBEL BORLASE,ATLANTA DREAM,"2026-06-04, IND vs ATL",7,4,2,3,0,0,0,0,1,0,1,0,0,0,0,1
401856961,2026,WNBA,MONIQUE BILLINGS,INDIANA FEVER,"2026-06-04, IND vs ATL",13,0,0,1,0,1,0,0,3,2,5,0,0,1,0,2
401856961,2026,WNBA,ALIYAH BOSTON,INDIANA FEVER,"2026-06-04, IND vs ATL",31,19,3,8,3,4,4,4,7,0,7,2,0,3,4,5
401856961,2026,WNBA,KELSEY MITCHELL,INDIANA FEVER,"2026-06-04, IND vs ATL",33,25,8,11,3,4,0,1,0,0,0,2,2,0,1,0
401856961,2026,WNBA,LEXIE HULL,INDIANA FEVER,"2026-06-04, IND vs ATL",20,4,1,1,0,1,2,2,2,0,2,0,0,1,1,0
401856961,2026,WNBA,CAITLIN CLARK,INDIANA FEVER,"2026-06-04, IND vs ATL",31,17,4,9,2,8,3,4,7,0,7,8,0,1,3,4
401856961,2026,WNBA,MYISHA HINES-ALLEN,INDIANA FEVER,"2026-06-04, IND vs ATL",16,5,2,3,0,3,1,2,5,2,7,1,2,1,2,5
401856961,2026,WNBA,MAKAYLA TIMPSON,INDIANA FEVER,"2026-06-04, IND vs ATL",14,0,0,0,0,0,0,0,2,1,3,0,0,0,1,3
401856961,2026,WNBA,SOPHIE CUNNINGHAM,INDIANA FEVER,"2026-06-04, IND vs ATL",19,8,0,1,2,3,2,2,1,1,2,0,0,0,1,1
401856961,2026,WNBA,RAVEN JOHNSON,INDIANA FEVER,"2026-06-04, IND vs ATL",23,5,1,4,1,1,0,0,2,0,2,3,2,0,1,2
401856962,2026,WNBA,KAYLA THORNTON,GOLDEN STATE VALKYRIES,"2026-06-04, MIN vs GS",21,9,2,5,1,4,2,2,3,2,5,0,0,0,0,0
401856962,2026,WNBA,GABBY WILLIAMS,GOLDEN STATE VALKYRIES,"2026-06-04, MIN vs GS",25,5,1,6,1,4,0,0,2,3,5,3,2,1,1,2
401856962,2026,WNBA,CECILIA ZANDALASINI,GOLDEN STATE VALKYRIES,"2026-06-04, MIN vs GS",27,18,1,3,4,11,4,4,2,1,3,3,1,0,2,2
401856962,2026,WNBA,KIAH STOKES,GOLDEN STATE VALKYRIES,"2026-06-04, MIN vs GS",21,7,2,3,1,2,0,0,3,0,3,1,0,3,0,1
401856962,2026,WNBA,VERONICA BURTON,GOLDEN STATE VALKYRIES,"2026-06-04, MIN vs GS",26,8,3,6,0,2,2,2,1,1,2,3,0,1,1,4
401856962,2026,WNBA,JANELLE SALAUN,GOLDEN STATE VALKYRIES,"2026-06-04, MIN vs GS",19,17,1,3,5,8,0,0,5,0,5,3,0,1,1,3
401856962,2026,WNBA,TIFFANY HAYES,GOLDEN STATE VALKYRIES,"2026-06-04, MIN vs GS",25,15,5,8,1,1,2,2,4,1,5,3,1,0,1,2
401856962,2026,WNBA,KAILA CHARLES,GOLDEN STATE VALKYRIES,"2026-06-04, MIN vs GS",15,0,0,1,0,1,0,0,1,1,2,0,2,1,0,3
401856962,2026,WNBA,KAITLYN CHEN,GOLDEN STATE VALKYRIES,"2026-06-04, MIN vs GS",14,5,1,2,1,2,0,0,1,0,1,5,0,0,1,0
401856962,2026,WNBA,JUSTE JOCYTE,GOLDEN STATE VALKYRIES,"2026-06-04, MIN vs GS",7,0,0,2,0,2,0,0,0,0,0,0,0,0,0,1
401856962,2026,WNBA,NATASHA HOWARD,MINNESOTA LYNX,"2026-06-04, MIN vs GS",30,12,4,12,0,0,4,6,5,5,10,0,0,0,2,3
401856962,2026,WNBA,NIA COFFEY,MINNESOTA LYNX,"2026-06-04, MIN vs GS",35,3,0,2,1,4,0,0,4,2,6,5,0,3,2,3
401856962,2026,WNBA,KAYLA MCBRIDE,MINNESOTA LYNX,"2026-06-04, MIN vs GS",32,14,1,7,3,6,3,3,6,2,8,2,2,0,2,0
401856962,2026,WNBA,COURTNEY WILLIAMS,MINNESOTA LYNX,"2026-06-04, MIN vs GS",34,17,8,15,0,3,1,2,6,1,7,3,1,0,3,2
401856962,2026,WNBA,OLIVIA MILES,MINNESOTA LYNX,"2026-06-04, MIN vs GS",28,28,1,5,8,11,2,2,4,0,4,7,0,3,1,5
401856962,2026,WNBA,ANTONIA DELAERE,MINNESOTA LYNX,"2026-06-04, MIN vs GS",13,0,0,0,0,1,0,0,0,0,0,0,0,0,1,0
401856962,2026,WNBA,ANASTASIIA OLAIRI KOSU,MINNESOTA LYNX,"2026-06-04, MIN vs GS",13,8,2,4,0,0,4,4,3,1,4,0,0,0,0,0
401856962,2026,WNBA,TEAIRA MCCOWAN,MINNESOTA LYNX,"2026-06-04, MIN vs GS",2,0,0,1,0,0,0,0,0,2,2,0,0,0,0,1
401856962,2026,WNBA,MAYA CALDWELL,MINNESOTA LYNX,"2026-06-04, MIN vs GS",12,5,0,1,1,1,2,2,1,1,2,1,1,1,1,1
401856959,2026,WNBA,NYARA SABALLY,TORONTO TEMPO,"2026-06-03, NY vs TOR",29,11,4,7,1,3,0,0,4,2,6,3,0,0,1,3
401856959,2026,WNBA,LAURA JUSKAITE,TORONTO TEMPO,"2026-06-03, NY vs TOR",20,8,2,6,1,3,1,2,3,2,5,2,2,0,0,5
401856959,2026,WNBA,BRITTNEY SYKES,TORONTO TEMPO,"2026-06-03, NY vs TOR",34,17,8,17,0,1,1,1,4,1,5,1,3,1,2,2
401856959,2026,WNBA,MARINA MABREY,TORONTO TEMPO,"2026-06-03, NY vs TOR",26,17,5,7,2,6,1,2,2,1,3,4,0,1,1,2
401856959,2026,WNBA,KIKI RICE,TORONTO TEMPO,"2026-06-03, NY vs TOR",23,9,3,7,0,1,3,3,4,1,5,2,0,0,3,1
401856959,2026,WNBA,MARIA CONDE,TORONTO TEMPO,"2026-06-03, NY vs TOR",21,7,1,3,1,2,2,2,5,1,6,1,0,0,0,1
401856959,2026,WNBA,TEONNI KEY,TORONTO TEMPO,"2026-06-03, NY vs TOR",9,0,0,1,0,0,0,0,1,0,1,1,0,0,0,1
401856959,2026,WNBA,NIKOLINA MILIC,TORONTO TEMPO,"2026-06-03, NY vs TOR",8,4,2,4,0,0,0,0,0,0,0,1,0,0,0,0
401856959,2026,WNBA,KIA NURSE,TORONTO TEMPO,"2026-06-03, NY vs TOR",4,0,0,0,0,0,0,0,0,0,0,0,0,0,0,0
401856959,2026,WNBA,JULIE ALLEMAND,TORONTO TEMPO,"2026-06-03, NY vs TOR",23,7,2,3,1,3,0,0,1,0,1,2,2,1,0,2
401856959,2026,WNBA,TIMA POUYE,TORONTO TEMPO,"2026-06-03, NY vs TOR",3,2,1,1,0,0,0,0,0,0,0,0,0,0,0,0
401856959,2026,WNBA,BREANNA STEWART,NEW YORK LIBERTY,"2026-06-03, NY vs TOR",30,19,4,10,1,5,8,8,9,0,9,4,0,1,1,1
401856959,2026,WNBA,LEONIE FIEBICH,NEW YORK LIBERTY,"2026-06-03, NY vs TOR",26,14,2,3,2,4,4,4,0,2,2,4,0,0,1,1
401856959,2026,WNBA,JONQUEL JONES,NEW YORK LIBERTY,"2026-06-03, NY vs TOR",34,22,5,7,4,7,0,0,12,5,17,2,0,2,2,2
401856959,2026,WNBA,MARINE JOHANNES,NEW YORK LIBERTY,"2026-06-03, NY vs TOR",27,15,3,4,3,6,0,0,1,1,2,2,1,1,2,3
401856959,2026,WNBA,PAULINE ASTIER,NEW YORK LIBERTY,"2026-06-03, NY vs TOR",28,10,2,6,2,3,0,1,0,0,0,5,0,0,0,4
401856959,2026,WNBA,SATOU SABALLY,NEW YORK LIBERTY,"2026-06-03, NY vs TOR",14,12,1,3,2,4,4,5,4,1,5,0,0,0,2,2
401856959,2026,WNBA,HAN XU,NEW YORK LIBERTY,"2026-06-03, NY vs TOR",10,4,2,2,0,0,0,0,2,0,2,1,0,0,0,0
401856959,2026,WNBA,REBEKAH GARDNER,NEW YORK LIBERTY,"2026-06-03, NY vs TOR",15,0,0,3,0,1,0,0,1,2,3,3,1,0,0,0
401856959,2026,WNBA,BETNIJAH LANEY-HAMILTON,NEW YORK LIBERTY,"2026-06-03, NY vs TOR",17,1,0,1,0,2,1,2,0,0,0,3,1,0,2,0
401856960,2026,WNBA,ALYSSA THOMAS,PHOENIX MERCURY,"2026-06-03, SEA vs PHX",34,9,4,9,0,0,1,3,8,1,9,5,2,0,4,2
401856960,2026,WNBA,NATASHA MACK,PHOENIX MERCURY,"2026-06-03, SEA vs PHX",26,16,7,7,0,0,2,2,6,4,10,2,0,3,1,1
401856960,2026,WNBA,NOEMIE BROCHANT,PHOENIX MERCURY,"2026-06-03, SEA vs PHX",24,4,2,5,0,2,0,0,4,0,4,1,2,2,2,2
401856960,2026,WNBA,KAHLEAH COPPER,PHOENIX MERCURY,"2026-06-03, SEA vs PHX",35,16,2,8,2,6,6,6,5,1,6,1,1,0,1,2
401856960,2026,WNBA,MONIQUE AKOA MAKANI,PHOENIX MERCURY,"2026-06-03, SEA vs PHX",28,12,2,4,1,4,5,7,5,1,6,2,2,0,3,3
401856960,2026,WNBA,DEWANNA BONNER,PHOENIX MERCURY,"2026-06-03, SEA vs PHX",25,10,3,5,0,7,4,5,2,0,2,1,2,0,1,2
401856960,2026,WNBA,VALERIANE AYAYI,PHOENIX MERCURY,"2026-06-03, SEA vs PHX",4,1,0,2,0,0,1,2,0,3,3,1,0,0,0,1
401856960,2026,WNBA,JOVANA NOGIC,PHOENIX MERCURY,"2026-06-03, SEA vs PHX",12,4,1,1,0,1,2,2,2,0,2,2,0,0,0,1
401856960,2026,WNBA,LEXI HELD,PHOENIX MERCURY,"2026-06-03, SEA vs PHX",13,0,0,1,0,2,0,0,2,0,2,2,2,1,1,1
401856960,2026,WNBA,JORDAN HORSTON,SEATTLE STORM,"2026-06-03, SEA vs PHX",21,5,1,1,1,4,0,0,4,1,5,1,0,1,2,1
401856960,2026,WNBA,STEFANIE DOLSON,SEATTLE STORM,"2026-06-03, SEA vs PHX",25,0,0,0,0,1,0,0,2,0,2,1,1,0,2,3
401856960,2026,WNBA,AWA FAM,SEATTLE STORM,"2026-06-03, SEA vs PHX",33,18,9,13,0,4,0,0,5,1,6,2,1,2,2,3
401856960,2026,WNBA,NATISHA HIEDEMAN,SEATTLE STORM,"2026-06-03, SEA vs PHX",30,15,3,9,3,8,0,1,3,1,4,4,2,1,0,2
401856960,2026,WNBA,FLAU'JAE JOHNSON,SEATTLE STORM,"2026-06-03, SEA vs PHX",29,9,1,5,2,6,1,2,4,0,4,5,2,0,4,2
401856960,2026,WNBA,KATIE LOU SAMUELSON,SEATTLE STORM,"2026-06-03, SEA vs PHX",17,3,0,2,1,5,0,0,2,0,2,1,1,0,1,1
401856960,2026,WNBA,MACKENZIE HOLMES,SEATTLE STORM,"2026-06-03, SEA vs PHX",19,4,2,4,0,1,0,0,5,1,6,1,1,1,0,2
401856960,2026,WNBA,ZIA COOKE,SEATTLE STORM,"2026-06-03, SEA vs PHX",14,9,3,6,1,3,0,0,1,0,1,0,1,0,2,1
401856960,2026,WNBA,JADE MELBOURNE,SEATTLE STORM,"2026-06-03, SEA vs PHX",13,5,0,0,1,1,2,2,4,0,4,2,1,0,1,3
401856955,2026,WNBA,DIAMOND MILLER,CONNECTICUT SUN,"2026-06-02, ATL vs CON",26,8,2,3,0,3,4,4,3,0,3,1,0,0,1,4
401856955,2026,WNBA,ANEESAH MORROW,CONNECTICUT SUN,"2026-06-02, ATL vs CON",30,20,5,7,2,5,4,7,12,1,13,2,0,2,1,1
401856955,2026,WNBA,BRITTNEY GRINER,CONNECTICUT SUN,"2026-06-02, ATL vs CON",29,7,3,8,0,0,1,2,4,0,4,3,2,3,1,2
401856955,2026,WNBA,SANIYA RIVERS,CONNECTICUT SUN,"2026-06-02, ATL vs CON",29,11,3,5,1,1,2,2,1,0,1,2,0,0,0,0
401856955,2026,WNBA,LEILA LACAN,CONNECTICUT SUN,"2026-06-02, ATL vs CON",28,11,3,7,1,6,2,4,1,1,2,5,1,0,4,3
401856955,2026,WNBA,NELL ANGLOMA,CONNECTICUT SUN,"2026-06-02, ATL vs CON",10,6,2,3,0,0,2,2,0,0,0,0,3,0,1,2
401856955,2026,WNBA,OLIVIA NELSON-ODODA,CONNECTICUT SUN,"2026-06-02, ATL vs CON",11,10,3,3,0,0,4,8,1,0,1,0,1,0,1,2
401856955,2026,WNBA,KENNEDY BURKE,CONNECTICUT SUN,"2026-06-02, ATL vs CON",18,2,1,2,0,1,0,0,2,1,3,0,1,0,4,2
401856955,2026,WNBA,CHARLISSE LEGER-WALKER,CONNECTICUT SUN,"2026-06-02, ATL vs CON",16,0,0,0,0,1,0,0,0,0,0,3,0,0,1,1
401856955,2026,WNBA,GIANNA KNEEPKENS,CONNECTICUT SUN,"2026-06-02, ATL vs CON",5,0,0,0,0,0,0,0,1,0,1,1,0,0,0,1
401856955,2026,WNBA,NAZ HILLMON,ATLANTA DREAM,"2026-06-02, ATL vs CON",35,5,1,4,1,3,0,0,6,1,7,3,0,0,2,4
401856955,2026,WNBA,ANGEL REESE,ATLANTA DREAM,"2026-06-02, ATL vs CON",29,12,3,7,1,2,3,4,6,7,13,5,1,0,2,3
401856955,2026,WNBA,ALLISHA GRAY,ATLANTA DREAM,"2026-06-02, ATL vs CON",36,26,6,8,3,9,5,7,6,1,7,2,1,1,2,2
401856955,2026,WNBA,JORDIN CANADA,ATLANTA DREAM,"2026-06-02, ATL vs CON",36,12,4,5,1,3,1,2,3,0,3,10,4,0,4,4
401856955,2026,WNBA,RHYNE HOWARD,ATLANTA DREAM,"2026-06-02, ATL vs CON",37,36,4,5,8,19,4,5,2,0,2,2,3,0,1,1
401856955,2026,WNBA,SIKA KONE,ATLANTA DREAM,"2026-06-02, ATL vs CON",3,0,0,1,0,0,0,0,0,0,0,0,0,0,0,0
401856955,2026,WNBA,MADINA OKOT,ATLANTA DREAM,"2026-06-02, ATL vs CON",9,0,0,0,0,0,0,0,2,0,2,0,1,0,1,5
401856955,2026,WNBA,TE-HINA PAOPAO,ATLANTA DREAM,"2026-06-02, ATL vs CON",8,0,0,1,0,0,0,0,1,0,1,0,0,0,1,0
401856955,2026,WNBA,AALIYAH NYE,ATLANTA DREAM,"2026-06-02, ATL vs CON",1,0,0,0,0,0,0,0,0,0,0,0,0,0,0,0
401856955,2026,WNBA,INDYA NIVAR,ATLANTA DREAM,"2026-06-02, ATL vs CON",1,0,0,0,0,0,0,0,0,0,0,0,0,0,0,1
401856955,2026,WNBA,ISOBEL BORLASE,ATLANTA DREAM,"2026-06-02, ATL vs CON",5,0,0,0,0,1,0,0,0,0,0,0,0,0,0,0
401856956,2026,WNBA,AZURA STEVENS,CHICAGO SKY,"2026-06-02, WSH vs CHI",19,7,2,5,1,2,0,0,5,0,5,3,1,2,3,3
401856956,2026,WNBA,KAMILLA CARDOSO,CHICAGO SKY,"2026-06-02, WSH vs CHI",33,12,6,13,0,0,0,0,10,3,13,5,1,6,1,4
401856956,2026,WNBA,SKYLAR DIGGINS,CHICAGO SKY,"2026-06-02, WSH vs CHI",27,14,1,4,2,2,6,7,1,0,1,1,0,1,2,2
401856956,2026,WNBA,NATASHA CLOUD,CHICAGO SKY,"2026-06-02, WSH vs CHI",24,0,0,3,0,1,0,0,0,0,0,3,0,0,4,6
401856956,2026,WNBA,JACY SHELDON,CHICAGO SKY,"2026-06-02, WSH vs CHI",31,9,3,5,1,2,0,0,0,0,0,1,0,0,2,2
401856956,2026,WNBA,ELIZABETH WILLIAMS,CHICAGO SKY,"2026-06-02, WSH vs CHI",23,10,4,10,0,0,2,5,5,1,6,3,2,1,0,1
401856956,2026,WNBA,RACHEL BANHAM,CHICAGO SKY,"2026-06-02, WSH vs CHI",18,5,1,1,1,3,0,0,0,0,0,2,0,0,2,1
401856956,2026,WNBA,SAYLOR POFFENBARGER,CHICAGO SKY,"2026-06-02, WSH vs CHI",6,0,0,0,0,0,0,0,2,1,3,0,1,0,0,1
401856956,2026,WNBA,SYDNEY TAYLOR,CHICAGO SKY,"2026-06-02, WSH vs CHI",20,15,5,7,1,6,2,4,1,0,1,1,4,0,4,2
401856956,2026,WNBA,MICHAELA ONYENWERE,WASHINGTON MYSTICS,"2026-06-02, WSH vs CHI",22,13,4,4,1,2,2,2,4,3,7,2,1,0,5,1
401856956,2026,WNBA,KIKI IRIAFEN,WASHINGTON MYSTICS,"2026-06-02, WSH vs CHI",27,15,3,8,1,3,6,10,8,3,11,2,0,0,1,2
401856956,2026,WNBA,SHAKIRA AUSTIN,WASHINGTON MYSTICS,"2026-06-02, WSH vs CHI",25,17,4,12,1,1,6,9,7,1,8,1,3,1,5,0
401856956,2026,WNBA,COTIE MCMAHON,WASHINGTON MYSTICS,"2026-06-02, WSH vs CHI",25,8,3,7,0,0,2,4,1,1,2,4,3,1,1,2
401856956,2026,WNBA,GEORGIA AMOORE,WASHINGTON MYSTICS,"2026-06-02, WSH vs CHI",21,3,0,1,1,2,0,0,0,1,1,2,0,0,0,4
401856956,2026,WNBA,ANGELA DUGALIC,WASHINGTON MYSTICS,"2026-06-02, WSH vs CHI",13,8,3,6,0,2,2,2,4,3,7,1,0,0,1,2
401856956,2026,WNBA,LAUREN BETTS,WASHINGTON MYSTICS,"2026-06-02, WSH vs CHI",15,8,4,8,0,0,0,0,3,1,4,0,1,0,0,2
401856956,2026,WNBA,RORI HARMON,WASHINGTON MYSTICS,"2026-06-02, WSH vs CHI",1,0,0,0,0,0,0,0,0,0,0,1,0,0,1,0
401856956,2026,WNBA,LUCY OLSEN,WASHINGTON MYSTICS,"2026-06-02, WSH vs CHI",11,3,0,2,1,1,0,0,0,1,1,2,0,0,0,0
401856956,2026,WNBA,CASSANDRE PROSPER,WASHINGTON MYSTICS,"2026-06-02, WSH vs CHI",20,7,2,5,1,2,0,1,2,3,5,0,2,0,2,1
401856956,2026,WNBA,ALICIA FLOREZ,WASHINGTON MYSTICS,"2026-06-02, WSH vs CHI",19,8,3,3,0,4,2,4,0,0,0,3,1,0,0,2
401856957,2026,WNBA,BRIDGET CARLETON,PORTLAND FIRE,"2026-06-02, GS vs POR",30,11,2,2,2,4,1,1,2,1,3,1,1,0,0,4
401856957,2026,WNBA,EMILY ENGSTLER,PORTLAND FIRE,"2026-06-02, GS vs POR",29,12,2,9,2,3,2,4,4,4,8,1,1,2,0,3
401856957,2026,WNBA,NYADIEW PUOCH,PORTLAND FIRE,"2026-06-02, GS vs POR",13,0,0,0,0,2,0,0,1,1,2,0,0,0,1,1
401856957,2026,WNBA,MEGAN DILEO,PORTLAND FIRE,"2026-06-02, GS vs POR",24,13,6,11,0,1,1,1,7,1,8,2,0,0,2,3
401856957,2026,WNBA,CARLA LEITE,PORTLAND FIRE,"2026-06-02, GS vs POR",24,10,2,6,0,0,6,6,1,0,1,7,0,0,4,2
401856957,2026,WNBA,FRIEDA BUHNER,PORTLAND FIRE,"2026-06-02, GS vs POR",10,0,0,0,0,1,0,0,0,0,0,1,0,0,1,0
401856957,2026,WNBA,LUISA GEISELSODER,PORTLAND FIRE,"2026-06-02, GS vs POR",11,3,0,2,1,2,0,0,0,0,0,0,0,0,1,1
401856957,2026,WNBA,SERAH WILLIAMS,PORTLAND FIRE,"2026-06-02, GS vs POR",9,7,1,1,1,1,2,4,1,0,1,0,0,0,0,1
401856957,2026,WNBA,KARLIE SAMUELSON,PORTLAND FIRE,"2026-06-02, GS vs POR",12,2,1,1,0,3,0,0,0,0,0,1,0,0,1,2
401856957,2026,WNBA,HOLLY WINTERBURN,PORTLAND FIRE,"2026-06-02, GS vs POR",4,0,0,0,0,1,0,0,1,0,1,1,0,0,0,0
401856957,2026,WNBA,SARAH ASHLEE BARKER,PORTLAND FIRE,"2026-06-02, GS vs POR",23,8,1,1,2,4,0,0,3,0,3,3,0,0,2,1
401856957,2026,WNBA,TEJA OBLAK,PORTLAND FIRE,"2026-06-02, GS vs POR",12,11,4,4,1,2,0,0,0,1,1,2,1,0,3,0
401856957,2026,WNBA,KAYLA THORNTON,GOLDEN STATE VALKYRIES,"2026-06-02, GS vs POR",26,19,1,3,5,10,2,2,4,4,8,0,1,1,1,2
401856957,2026,WNBA,GABBY WILLIAMS,GOLDEN STATE VALKYRIES,"2026-06-02, GS vs POR",27,8,4,8,0,5,0,0,2,0,2,2,1,0,0,1
401856957,2026,WNBA,CECILIA ZANDALASINI,GOLDEN STATE VALKYRIES,"2026-06-02, GS vs POR",23,9,1,3,1,4,4,5,1,0,1,3,4,0,2,2
401856957,2026,WNBA,KIAH STOKES,GOLDEN STATE VALKYRIES,"2026-06-02, GS vs POR",20,6,0,0,2,3,0,0,3,2,5,1,2,3,0,2
401856957,2026,WNBA,VERONICA BURTON,GOLDEN STATE VALKYRIES,"2026-06-02, GS vs POR",23,10,1,3,2,2,2,4,2,1,3,9,0,0,1,2
401856957,2026,WNBA,LAETICIA AMIHERE,GOLDEN STATE VALKYRIES,"2026-06-02, GS vs POR",1,0,0,0,0,0,0,0,0,0,0,0,0,0,0,0
401856957,2026,WNBA,JANELLE SALAUN,GOLDEN STATE VALKYRIES,"2026-06-02, GS vs POR",23,18,3,4,3,6,3,3,3,1,4,1,0,0,0,2
401856957,2026,WNBA,TIFFANY HAYES,GOLDEN STATE VALKYRIES,"2026-06-02, GS vs POR",13,1,0,0,0,0,1,2,0,0,0,4,1,0,0,2
401856957,2026,WNBA,KAILA CHARLES,GOLDEN STATE VALKYRIES,"2026-06-02, GS vs POR",13,7,2,3,1,3,0,0,2,1,3,1,0,0,1,2
401856957,2026,WNBA,KAITLYN CHEN,GOLDEN STATE VALKYRIES,"2026-06-02, GS vs POR",17,9,1,2,2,2,1,2,0,0,0,2,0,0,0,1
401856957,2026,WNBA,NDJAKALENGA MWENENTANDA,GOLDEN STATE VALKYRIES,"2026-06-02, GS vs POR",1,0,0,0,0,0,0,0,0,0,0,1,0,0,0,0
401856957,2026,WNBA,JUSTE JOCYTE,GOLDEN STATE VALKYRIES,"2026-06-02, GS vs POR",13,8,1,3,2,5,0,0,2,0,2,1,0,0,2,0
401856958,2026,WNBA,STEPHANIE TALBOT,LAS VEGAS ACES,"2026-06-02, LA vs LV",25,8,1,2,2,4,0,0,5,1,6,0,0,0,0,4
401856958,2026,WNBA,NALYSSA SMITH,LAS VEGAS ACES,"2026-06-02, LA vs LV",21,7,3,5,0,0,1,4,2,2,4,0,0,1,2,5
401856958,2026,WNBA,A'JA WILSON,LAS VEGAS ACES,"2026-06-02, LA vs LV",34,25,9,17,1,3,4,7,12,3,15,1,3,5,3,1
401856958,2026,WNBA,CHELSEA GRAY,LAS VEGAS ACES,"2026-06-02, LA vs LV",34,12,3,5,1,6,3,3,4,0,4,11,2,0,1,2
401856958,2026,WNBA,JACKIE YOUNG,LAS VEGAS ACES,"2026-06-02, LA vs LV",36,16,5,12,2,5,0,0,3,1,4,9,1,0,2,3
401856958,2026,WNBA,CHEYENNE PARKER-TYUS,LAS VEGAS ACES,"2026-06-02, LA vs LV",8,5,2,4,0,0,1,2,4,0,4,2,0,1,1,5
401856958,2026,WNBA,BRIANNA TURNER,LAS VEGAS ACES,"2026-06-02, LA vs LV",21,0,0,0,0,0,0,0,3,1,4,1,0,1,1,1
401856958,2026,WNBA,KIERSTAN BELL,LAS VEGAS ACES,"2026-06-02, LA vs LV",22,6,0,0,2,6,0,0,3,0,3,0,1,0,0,2
401856958,2026,WNBA,NNEKA OGWUMIKE,LOS ANGELES SPARKS,"2026-06-02, LA vs LV",31,12,3,9,0,1,6,6,9,3,12,2,1,1,2,2
401856958,2026,WNBA,DEARICA HAMBY,LOS ANGELES SPARKS,"2026-06-02, LA vs LV",24,2,0,6,0,1,2,3,3,3,6,2,0,1,0,3
401856958,2026,WNBA,ERICA WHEELER,LOS ANGELES SPARKS,"2026-06-02, LA vs LV",26,10,1,2,2,4,2,3,0,0,0,1,0,0,3,5
401856958,2026,WNBA,ARIEL ATKINS,LOS ANGELES SPARKS,"2026-06-02, LA vs LV",29,9,1,7,1,6,4,4,7,0,7,2,2,0,1,2
401856958,2026,WNBA,RAE BURRELL,LOS ANGELES SPARKS,"2026-06-02, LA vs LV",33,22,6,10,2,4,4,6,1,0,1,1,0,0,3,0
401856958,2026,WNBA,CAMERON BRINK,LOS ANGELES SPARKS,"2026-06-02, LA vs LV",25,9,2,6,1,4,2,2,7,1,8,3,0,2,1,3
401856958,2026,WNBA,JIHYUN PARK,LOS ANGELES SPARKS,"2026-06-02, LA vs LV",4,0,0,0,0,0,0,0,0,0,0,0,0,0,0,1
401856958,2026,WNBA,TA'NIYA LATSON,LOS ANGELES SPARKS,"2026-06-02, LA vs LV",6,2,0,0,0,1,2,2,1,1,2,1,0,0,1,0
401856958,2026,WNBA,CHANCE GRAY,LOS ANGELES SPARKS,"2026-06-02, LA vs LV",21,3,1,2,0,2,1,1,2,0,2,1,1,0,0,0
401856953,2026,WNBA,JORDAN HORSTON,SEATTLE STORM,"2026-06-01, DAL vs SEA",27,2,1,5,0,2,0,0,5,1,6,1,0,4,2,1
401856953,2026,WNBA,STEFANIE DOLSON,SEATTLE STORM,"2026-06-01, DAL vs SEA",20,2,1,2,0,2,0,0,2,0,2,0,0,2,1,4
401856953,2026,WNBA,NATISHA HIEDEMAN,SEATTLE STORM,"2026-06-01, DAL vs SEA",26,11,3,7,0,2,5,5,2,0,2,2,0,0,3,1
401856953,2026,WNBA,FLAU'JAE JOHNSON,SEATTLE STORM,"2026-06-01, DAL vs SEA",25,16,3,7,1,5,7,10,8,2,10,1,1,1,5,6
401856953,2026,WNBA,JADE MELBOURNE,SEATTLE STORM,"2026-06-01, DAL vs SEA",25,5,1,5,1,3,0,0,3,0,3,1,0,0,1,6
401856953,2026,WNBA,KATIE LOU SAMUELSON,SEATTLE STORM,"2026-06-01, DAL vs SEA",12,6,0,0,2,2,0,2,2,0,2,2,0,0,0,0
401856953,2026,WNBA,MACKENZIE HOLMES,SEATTLE STORM,"2026-06-01, DAL vs SEA",14,2,1,2,0,0,0,0,1,0,1,2,0,0,1,1
401856953,2026,WNBA,AWA FAM,SEATTLE STORM,"2026-06-01, DAL vs SEA",31,8,4,9,0,1,0,0,4,3,7,1,4,0,2,2
401856953,2026,WNBA,LEXIE BROWN,SEATTLE STORM,"2026-06-01, DAL vs SEA",5,0,0,0,0,0,0,0,1,0,1,1,1,0,0,0
401856953,2026,WNBA,ZIA COOKE,SEATTLE STORM,"2026-06-01, DAL vs SEA",16,4,2,5,0,2,0,0,2,0,2,0,0,0,2,1
401856953,2026,WNBA,JESSICA SHEPARD,DALLAS WINGS,"2026-06-01, DAL vs SEA",23,9,4,9,0,0,1,2,6,2,8,1,1,0,0,0
401856953,2026,WNBA,MADDY SIEGRIST,DALLAS WINGS,"2026-06-01, DAL vs SEA",22,9,2,8,1,2,2,2,3,6,9,2,1,0,0,1
401856953,2026,WNBA,ARIKE OGUNBOWALE,DALLAS WINGS,"2026-06-01, DAL vs SEA",18,9,2,8,0,5,5,6,1,4,5,0,1,0,1,0
401856953,2026,WNBA,PAIGE BUECKERS,DALLAS WINGS,"2026-06-01, DAL vs SEA",24,10,3,7,1,5,1,2,8,1,9,7,1,0,2,1
401856953,2026,WNBA,AZZI FUDD,DALLAS WINGS,"2026-06-01, DAL vs SEA",24,9,3,3,1,4,0,0,1,0,1,0,1,1,0,1
401856953,2026,WNBA,ALYSHA CLARK,DALLAS WINGS,"2026-06-01, DAL vs SEA",18,6,0,0,1,3,3,4,3,2,5,1,1,0,0,4
401856953,2026,WNBA,ALANNA SMITH,DALLAS WINGS,"2026-06-01, DAL vs SEA",22,5,2,3,0,3,1,2,4,0,4,3,0,0,4,4
401856953,2026,WNBA,LI YUERU,DALLAS WINGS,"2026-06-01, DAL vs SEA",9,2,1,1,0,1,0,0,1,1,2,0,0,0,0,1
401856953,2026,WNBA,ODYSSEY SIMS,DALLAS WINGS,"2026-06-01, DAL vs SEA",21,2,1,5,0,0,0,2,2,0,2,4,1,0,1,0
401856953,2026,WNBA,AZIAHA JAMES,DALLAS WINGS,"2026-06-01, DAL vs SEA",18,18,6,12,1,2,3,4,1,2,3,1,0,0,0,3
401856954,2026,WNBA,NATASHA HOWARD,MINNESOTA LYNX,"2026-06-01, PHX vs MIN",23,11,5,7,0,0,1,1,3,1,4,3,3,0,2,1
401856954,2026,WNBA,NIA COFFEY,MINNESOTA LYNX,"2026-06-01, PHX vs MIN",22,8,1,1,2,4,0,0,5,1,6,2,1,0,0,1
401856954,2026,WNBA,KAYLA MCBRIDE,MINNESOTA LYNX,"2026-06-01, PHX vs MIN",22,7,2,3,1,4,0,0,0,0,0,5,1,0,0,2
401856954,2026,WNBA,COURTNEY WILLIAMS,MINNESOTA LYNX,"2026-06-01, PHX vs MIN",29,30,10,17,3,3,1,1,4,1,5,2,0,1,2,2
401856954,2026,WNBA,OLIVIA MILES,MINNESOTA LYNX,"2026-06-01, PHX vs MIN",28,19,7,9,0,0,5,5,4,0,4,10,3,0,4,4
401856954,2026,WNBA,ANTONIA DELAERE,MINNESOTA LYNX,"2026-06-01, PHX vs MIN",24,13,1,2,3,4,2,2,2,0,2,6,0,0,0,2
401856954,2026,WNBA,ANASTASIIA OLAIRI KOSU,MINNESOTA LYNX,"2026-06-01, PHX vs MIN",18,12,4,6,0,0,4,4,2,4,6,0,1,3,0,2
401856954,2026,WNBA,TEAIRA MCCOWAN,MINNESOTA LYNX,"2026-06-01, PHX vs MIN",16,6,3,4,0,0,0,0,5,1,6,0,1,0,2,6
401856954,2026,WNBA,MAYA CALDWELL,MINNESOTA LYNX,"2026-06-01, PHX vs MIN",18,5,1,3,1,2,0,0,2,0,2,0,0,1,1,2
401856954,2026,WNBA,ALYSSA THOMAS,PHOENIX MERCURY,"2026-06-01, PHX vs MIN",25,6,1,6,0,0,4,4,1,2,3,5,0,0,3,1
401856954,2026,WNBA,NATASHA MACK,PHOENIX MERCURY,"2026-06-01, PHX vs MIN",20,4,2,4,0,0,0,0,6,5,11,1,0,0,1,2
401856954,2026,WNBA,NOEMIE BROCHANT,PHOENIX MERCURY,"2026-06-01, PHX vs MIN",24,11,1,2,3,6,0,0,1,1,2,0,0,0,1,0
401856954,2026,WNBA,KAHLEAH COPPER,PHOENIX MERCURY,"2026-06-01, PHX vs MIN",27,18,2,6,3,7,5,8,2,0,2,1,1,0,2,1
401856954,2026,WNBA,MONIQUE AKOA MAKANI,PHOENIX MERCURY,"2026-06-01, PHX vs MIN",24,10,1,3,0,3,8,8,0,0,0,5,2,0,3,2
401856954,2026,WNBA,DEWANNA BONNER,PHOENIX MERCURY,"2026-06-01, PHX vs MIN",7,2,1,4,0,1,0,0,0,1,1,0,0,0,2,0
401856954,2026,WNBA,VALERIANE AYAYI,PHOENIX MERCURY,"2026-06-01, PHX vs MIN",11,0,0,2,0,1,0,0,1,0,1,4,0,0,0,2
401856954,2026,WNBA,KYARA LINSKENS,PHOENIX MERCURY,"2026-06-01, PHX vs MIN",20,7,2,4,1,3,0,0,2,1,3,0,2,0,0,2
401856954,2026,WNBA,JOVANA NOGIC,PHOENIX MERCURY,"2026-06-01, PHX vs MIN",16,8,1,2,2,4,0,0,0,1,1,0,0,0,2,1
401856954,2026,WNBA,LEXI HELD,PHOENIX MERCURY,"2026-06-01, PHX vs MIN",15,5,0,1,1,2,2,2,0,0,0,0,0,0,0,1
401856954,2026,WNBA,QUIONCHE CARTER,PHOENIX MERCURY,"2026-06-01, PHX vs MIN",10,6,1,3,0,0,4,5,0,0,0,2,1,0,0,0
401856952,2026,WNBA,STEPHANIE TALBOT,LAS VEGAS ACES,"2026-05-31, GS vs LV",32,10,0,0,2,7,4,5,5,2,7,4,1,0,1,5
401856952,2026,WNBA,NALYSSA SMITH,LAS VEGAS ACES,"2026-05-31, GS vs LV",25,15,7,9,0,0,1,2,7,2,9,1,0,0,2,3
401856952,2026,WNBA,A'JA WILSON,LAS VEGAS ACES,"2026-05-31, GS vs LV",36,28,11,21,0,1,6,7,10,5,15,4,1,4,4,2
401856952,2026,WNBA,CHELSEA GRAY,LAS VEGAS ACES,"2026-05-31, GS vs LV",36,5,1,5,0,2,3,3,2,0,2,6,2,0,5,4
401856952,2026,WNBA,JACKIE YOUNG,LAS VEGAS ACES,"2026-05-31, GS vs LV",37,23,4,8,5,9,0,0,7,0,7,9,1,0,2,1
401856952,2026,WNBA,BRIANNA TURNER,LAS VEGAS ACES,"2026-05-31, GS vs LV",10,4,2,4,0,0,0,0,1,2,3,0,0,1,1,2
401856952,2026,WNBA,KIERSTAN BELL,LAS VEGAS ACES,"2026-05-31, GS vs LV",14,0,0,0,0,2,0,0,0,1,1,2,0,2,0,1
401856952,2026,WNBA,CHENNEDY CARTER,LAS VEGAS ACES,"2026-05-31, GS vs LV",9,6,0,0,1,1,3,4,1,0,1,0,0,1,0,0
401856952,2026,WNBA,KAYLA THORNTON,GOLDEN STATE VALKYRIES,"2026-05-31, GS vs LV",27,12,0,3,4,7,0,0,4,0,4,0,2,0,0,4
401856952,2026,WNBA,GABBY WILLIAMS,GOLDEN STATE VALKYRIES,"2026-05-31, GS vs LV",26,20,2,8,4,6,4,4,4,0,4,1,2,0,2,2
401856952,2026,WNBA,CECILIA ZANDALASINI,GOLDEN STATE VALKYRIES,"2026-05-31, GS vs LV",21,9,1,2,2,5,1,2,2,2,4,1,0,0,4,1
401856952,2026,WNBA,KIAH STOKES,GOLDEN STATE VALKYRIES,"2026-05-31, GS vs LV",24,0,0,1,0,1,0,0,7,0,7,0,1,0,0,2
401856952,2026,WNBA,VERONICA BURTON,GOLDEN STATE VALKYRIES,"2026-05-31, GS vs LV",28,7,2,6,1,3,0,0,1,2,3,5,1,0,2,4
401856952,2026,WNBA,LAETICIA AMIHERE,GOLDEN STATE VALKYRIES,"2026-05-31, GS vs LV",7,2,0,5,0,0,2,2,0,4,4,2,0,0,0,1
401856952,2026,WNBA,JANELLE SALAUN,GOLDEN STATE VALKYRIES,"2026-05-31, GS vs LV",21,16,2,5,3,8,3,3,3,1,4,1,2,0,0,3
401856952,2026,WNBA,TIFFANY HAYES,GOLDEN STATE VALKYRIES,"2026-05-31, GS vs LV",14,5,1,3,0,1,3,4,0,0,0,1,1,0,1,2
401856952,2026,WNBA,KAILA CHARLES,GOLDEN STATE VALKYRIES,"2026-05-31, GS vs LV",11,0,0,2,0,2,0,0,0,0,0,1,0,0,2,2
401856952,2026,WNBA,KAITLYN CHEN,GOLDEN STATE VALKYRIES,"2026-05-31, GS vs LV",12,5,1,3,1,1,0,0,1,0,1,3,0,0,0,0
401856952,2026,WNBA,NDJAKALENGA MWENENTANDA,GOLDEN STATE VALKYRIES,"2026-05-31, GS vs LV",4,0,0,0,0,0,0,0,1,0,1,0,0,0,1,0
401856952,2026,WNBA,JUSTE JOCYTE,GOLDEN STATE VALKYRIES,"2026-05-31, GS vs LV",5,5,0,1,1,1,2,2,1,0,1,1,0,0,0,0
401856949,2026,WNBA,JORDAN HORSTON,SEATTLE STORM,"2026-05-30, TOR vs SEA",22,15,5,9,1,2,2,2,1,3,4,1,4,0,2,0
401856949,2026,WNBA,STEFANIE DOLSON,SEATTLE STORM,"2026-05-30, TOR vs SEA",23,7,2,4,1,1,0,0,2,2,4,2,1,1,1,3
401856949,2026,WNBA,NATISHA HIEDEMAN,SEATTLE STORM,"2026-05-30, TOR vs SEA",23,18,4,4,3,8,1,1,2,0,2,7,0,0,2,2
401856949,2026,WNBA,FLAU'JAE JOHNSON,SEATTLE STORM,"2026-05-30, TOR vs SEA",24,7,2,4,1,5,0,0,2,1,3,3,0,1,2,2
401856949,2026,WNBA,JADE MELBOURNE,SEATTLE STORM,"2026-05-30, TOR vs SEA",27,8,2,6,1,2,1,1,3,0,3,4,0,1,3,3
401856949,2026,WNBA,KATIE LOU SAMUELSON,SEATTLE STORM,"2026-05-30, TOR vs SEA",17,2,1,1,0,4,0,1,4,0,4,2,1,0,2,1
401856949,2026,WNBA,MACKENZIE HOLMES,SEATTLE STORM,"2026-05-30, TOR vs SEA",15,6,2,3,0,0,2,2,5,2,7,1,1,0,1,3
401856949,2026,WNBA,AWA FAM,SEATTLE STORM,"2026-05-30, TOR vs SEA",24,7,3,8,0,2,1,1,4,1,5,0,0,1,2,3
401856949,2026,WNBA,LEXIE BROWN,SEATTLE STORM,"2026-05-30, TOR vs SEA",14,0,0,0,0,2,0,0,0,0,0,1,0,0,1,2
401856949,2026,WNBA,ZIA COOKE,SEATTLE STORM,"2026-05-30, TOR vs SEA",11,2,1,5,0,1,0,0,0,0,0,0,0,0,1,1
401856949,2026,WNBA,NYARA SABALLY,TORONTO TEMPO,"2026-05-30, TOR vs SEA",26,8,2,4,0,1,4,4,2,2,4,0,2,1,1,1
401856949,2026,WNBA,LAURA JUSKAITE,TORONTO TEMPO,"2026-05-30, TOR vs SEA",25,14,1,3,4,5,0,0,5,0,5,1,2,0,1,3
401856949,2026,WNBA,BRITTNEY SYKES,TORONTO TEMPO,"2026-05-30, TOR vs SEA",29,15,4,8,0,4,7,7,2,1,3,2,1,0,1,2
401856949,2026,WNBA,MARINA MABREY,TORONTO TEMPO,"2026-05-30, TOR vs SEA",29,18,3,4,3,9,3,3,3,0,3,4,1,0,3,0
401856949,2026,WNBA,KIKI RICE,TORONTO TEMPO,"2026-05-30, TOR vs SEA",28,17,4,6,0,2,9,9,4,2,6,1,4,0,3,3
401856949,2026,WNBA,MARIA CONDE,TORONTO TEMPO,"2026-05-30, TOR vs SEA",23,13,0,2,3,4,4,4,6,0,6,2,0,0,1,1
401856949,2026,WNBA,TEONNI KEY,TORONTO TEMPO,"2026-05-30, TOR vs SEA",9,0,0,0,0,1,0,2,0,1,1,0,0,0,0,1
401856949,2026,WNBA,KIA NURSE,TORONTO TEMPO,"2026-05-30, TOR vs SEA",10,0,0,1,0,1,0,0,2,0,2,0,1,0,0,0
401856949,2026,WNBA,JULIE ALLEMAND,TORONTO TEMPO,"2026-05-30, TOR vs SEA",17,6,2,2,0,2,2,2,4,0,4,4,1,0,2,2
401856949,2026,WNBA,TIMA POUYE,TORONTO TEMPO,"2026-05-30, TOR vs SEA",4,2,0,0,0,0,2,2,0,0,0,0,0,0,0,0
401856950,2026,WNBA,NNEKA OGWUMIKE,LOS ANGELES SPARKS,"2026-05-30, CON vs LA",33,12,3,4,1,4,3,6,1,2,3,2,1,0,0,2
401856950,2026,WNBA,DEARICA HAMBY,LOS ANGELES SPARKS,"2026-05-30, CON vs LA",30,11,4,11,0,2,3,5,3,4,7,2,1,2,2,2
401856950,2026,WNBA,ERICA WHEELER,LOS ANGELES SPARKS,"2026-05-30, CON vs LA",30,13,5,8,0,4,3,5,2,1,3,6,1,0,4,3
401856950,2026,WNBA,ARIEL ATKINS,LOS ANGELES SPARKS,"2026-05-30, CON vs LA",32,16,1,5,2,4,8,8,3,1,4,1,4,3,3,5
401856950,2026,WNBA,RAE BURRELL,LOS ANGELES SPARKS,"2026-05-30, CON vs LA",27,16,4,9,2,4,2,2,3,2,5,1,0,1,2,2
401856950,2026,WNBA,CAMERON BRINK,LOS ANGELES SPARKS,"2026-05-30, CON vs LA",18,2,1,3,0,1,0,0,4,0,4,3,1,1,5,4
401856950,2026,WNBA,KATE MARTIN,LOS ANGELES SPARKS,"2026-05-30, CON vs LA",13,2,1,1,0,1,0,0,1,0,1,0,1,0,0,3
401856950,2026,WNBA,TA'NIYA LATSON,LOS ANGELES SPARKS,"2026-05-30, CON vs LA",5,3,0,0,1,1,0,0,0,0,0,0,0,0,0,1
401856950,2026,WNBA,CHANCE GRAY,LOS ANGELES SPARKS,"2026-05-30, CON vs LA",13,6,0,0,2,4,0,0,1,1,2,1,0,0,0,2
401856950,2026,WNBA,DIAMOND MILLER,CONNECTICUT SUN,"2026-05-30, CON vs LA",20,12,4,8,1,3,1,1,0,1,1,2,1,0,1,3
401856950,2026,WNBA,ANEESAH MORROW,CONNECTICUT SUN,"2026-05-30, CON vs LA",32,17,5,9,1,4,4,4,10,4,14,2,2,1,3,3
401856950,2026,WNBA,BRITTNEY GRINER,CONNECTICUT SUN,"2026-05-30, CON vs LA",15,9,3,5,0,0,3,4,1,1,2,1,0,1,2,1
401856950,2026,WNBA,SANIYA RIVERS,CONNECTICUT SUN,"2026-05-30, CON vs LA",29,9,4,9,0,1,1,2,0,0,0,4,2,1,3,2
401856950,2026,WNBA,LEILA LACAN,CONNECTICUT SUN,"2026-05-30, CON vs LA",21,12,4,8,1,6,1,4,1,1,2,3,1,0,1,4
401856950,2026,WNBA,RAEGAN BEERS,CONNECTICUT SUN,"2026-05-30, CON vs LA",11,0,0,0,0,0,0,0,5,2,7,2,0,0,2,5
401856950,2026,WNBA,NELL ANGLOMA,CONNECTICUT SUN,"2026-05-30, CON vs LA",11,2,0,1,0,1,2,2,0,0,0,0,0,1,1,2
401856950,2026,WNBA,OLIVIA NELSON-ODODA,CONNECTICUT SUN,"2026-05-30, CON vs LA",17,4,0,1,0,0,4,4,3,1,4,1,1,1,0,4
401856950,2026,WNBA,KENNEDY BURKE,CONNECTICUT SUN,"2026-05-30, CON vs LA",24,14,2,3,2,5,4,8,4,2,6,0,2,3,0,1
401856950,2026,WNBA,CHARLISSE LEGER-WALKER,CONNECTICUT SUN,"2026-05-30, CON vs LA",13,2,0,1,0,1,2,2,1,0,1,3,2,1,3,2
401856950,2026,WNBA,GIANNA KNEEPKENS,CONNECTICUT SUN,"2026-05-30, CON vs LA",6,3,0,0,1,1,0,0,0,0,0,0,0,0,0,2
401856951,2026,WNBA,MONIQUE BILLINGS,INDIANA FEVER,"2026-05-30, POR vs IND",8,0,0,0,0,0,0,0,0,1,1,0,0,1,1,1
401856951,2026,WNBA,ALIYAH BOSTON,INDIANA FEVER,"2026-05-30, POR vs IND",26,18,7,12,0,1,4,4,5,2,7,2,0,0,3,3
401856951,2026,WNBA,KELSEY MITCHELL,INDIANA FEVER,"2026-05-30, POR vs IND",33,17,3,7,1,2,8,9,0,1,1,4,2,0,2,0
401856951,2026,WNBA,LEXIE HULL,INDIANA FEVER,"2026-05-30, POR vs IND",16,0,0,0,0,4,0,0,1,0,1,1,0,0,0,1
401856951,2026,WNBA,CAITLIN CLARK,INDIANA FEVER,"2026-05-30, POR vs IND",22,6,1,5,0,2,4,5,1,1,2,6,1,0,1,5
401856951,2026,WNBA,MYISHA HINES-ALLEN,INDIANA FEVER,"2026-05-30, POR vs IND",18,7,2,4,1,1,0,0,2,0,2,2,0,0,5,2
401856951,2026,WNBA,MAKAYLA TIMPSON,INDIANA FEVER,"2026-05-30, POR vs IND",25,11,3,5,0,0,5,5,3,3,6,1,1,2,1,3
401856951,2026,WNBA,GRACE VANSLOOTEN,INDIANA FEVER,"2026-05-30, POR vs IND",6,2,1,1,0,0,0,0,0,0,0,0,0,0,0,0
401856951,2026,WNBA,SOPHIE CUNNINGHAM,INDIANA FEVER,"2026-05-30, POR vs IND",26,15,1,1,2,4,7,8,3,0,3,4,1,0,1,3
401856951,2026,WNBA,TYASHA HARRIS,INDIANA FEVER,"2026-05-30, POR vs IND",12,5,0,0,1,5,2,2,1,1,2,1,0,0,2,0
401856951,2026,WNBA,RAVEN JOHNSON,INDIANA FEVER,"2026-05-30, POR vs IND",10,3,1,1,0,3,1,2,1,0,1,0,1,0,1,6
401856951,2026,WNBA,BRIDGET CARLETON,PORTLAND FIRE,"2026-05-30, POR vs IND",32,14,4,9,2,6,0,0,2,0,2,3,3,2,0,3
401856951,2026,WNBA,EMILY ENGSTLER,PORTLAND FIRE,"2026-05-30, POR vs IND",29,16,5,7,2,3,0,0,7,3,10,4,4,2,1,3
401856951,2026,WNBA,NYADIEW PUOCH,PORTLAND FIRE,"2026-05-30, POR vs IND",16,2,1,3,0,0,0,0,0,2,2,1,0,0,0,3
401856951,2026,WNBA,MEGAN DILEO,PORTLAND FIRE,"2026-05-30, POR vs IND",28,22,7,7,1,1,5,6,1,0,1,0,0,1,0,4
401856951,2026,WNBA,CARLA LEITE,PORTLAND FIRE,"2026-05-30, POR vs IND",27,18,6,10,0,2,6,6,1,0,1,12,0,0,4,3
401856951,2026,WNBA,FRIEDA BUHNER,PORTLAND FIRE,"2026-05-30, POR vs IND",14,10,3,4,0,1,4,4,0,1,1,0,1,0,0,3
401856951,2026,WNBA,LUISA GEISELSODER,PORTLAND FIRE,"2026-05-30, POR vs IND",12,0,0,1,0,0,0,0,0,1,1,1,0,0,1,1
401856951,2026,WNBA,HOLLY WINTERBURN,PORTLAND FIRE,"2026-05-30, POR vs IND",3,0,0,0,0,0,0,0,0,0,0,1,0,0,1,0
401856951,2026,WNBA,SARAH ASHLEE BARKER,PORTLAND FIRE,"2026-05-30, POR vs IND",28,15,1,4,3,9,4,4,5,1,6,4,0,0,2,4
401856951,2026,WNBA,TEJA OBLAK,PORTLAND FIRE,"2026-05-30, POR vs IND",10,3,0,2,1,1,0,0,1,0,1,0,0,0,2,2
401856945,2026,WNBA,ALYSSA THOMAS,PHOENIX MERCURY,"2026-05-29, NY vs PHX",36,15,5,14,0,0,5,6,2,1,3,8,3,1,3,3
401856945,2026,WNBA,NATASHA MACK,PHOENIX MERCURY,"2026-05-29, NY vs PHX",28,6,3,5,0,0,0,0,7,2,9,0,5,1,1,1
401856945,2026,WNBA,NOEMIE BROCHANT,PHOENIX MERCURY,"2026-05-29, NY vs PHX",21,2,0,0,0,4,2,2,1,0,1,0,1,0,0,2
401856945,2026,WNBA,KAHLEAH COPPER,PHOENIX MERCURY,"2026-05-29, NY vs PHX",37,16,3,8,1,8,7,8,3,0,3,1,0,1,3,3
401856945,2026,WNBA,MONIQUE AKOA MAKANI,PHOENIX MERCURY,"2026-05-29, NY vs PHX",29,13,2,4,3,4,0,0,3,0,3,3,1,0,0,6
401856945,2026,WNBA,DEWANNA BONNER,PHOENIX MERCURY,"2026-05-29, NY vs PHX",22,4,0,1,0,2,4,4,3,0,3,0,0,0,0,2
401856945,2026,WNBA,VALERIANE AYAYI,PHOENIX MERCURY,"2026-05-29, NY vs PHX",3,0,0,1,0,0,0,0,1,0,1,1,0,0,1,0
401856945,2026,WNBA,KYARA LINSKENS,PHOENIX MERCURY,"2026-05-29, NY vs PHX",12,4,2,3,0,1,0,0,0,0,0,1,1,0,0,1
401856945,2026,WNBA,JOVANA NOGIC,PHOENIX MERCURY,"2026-05-29, NY vs PHX",12,8,0,2,2,5,2,2,0,0,0,0,0,0,1,2
401856945,2026,WNBA,BREANNA STEWART,NEW YORK LIBERTY,"2026-05-29, NY vs PHX",29,9,3,7,1,4,0,0,6,2,8,4,1,0,2,0
401856945,2026,WNBA,LEONIE FIEBICH,NEW YORK LIBERTY,"2026-05-29, NY vs PHX",30,3,1,4,0,2,1,1,1,1,2,1,1,0,4,1
401856945,2026,WNBA,JONQUEL JONES,NEW YORK LIBERTY,"2026-05-29, NY vs PHX",31,9,1,5,1,4,4,4,6,3,9,2,1,2,2,4
401856945,2026,WNBA,MARINE JOHANNES,NEW YORK LIBERTY,"2026-05-29, NY vs PHX",19,6,0,0,2,5,0,0,2,0,2,1,0,0,2,4
401856945,2026,WNBA,PAULINE ASTIER,NEW YORK LIBERTY,"2026-05-29, NY vs PHX",31,16,5,7,1,1,3,4,6,0,6,6,0,1,2,5
401856945,2026,WNBA,SATOU SABALLY,NEW YORK LIBERTY,"2026-05-29, NY vs PHX",10,4,1,2,0,1,2,2,3,0,3,1,0,0,1,2
401856945,2026,WNBA,HAN XU,NEW YORK LIBERTY,"2026-05-29, NY vs PHX",17,9,3,5,1,2,0,0,5,1,6,1,0,1,1,1
401856945,2026,WNBA,REBEKAH GARDNER,NEW YORK LIBERTY,"2026-05-29, NY vs PHX",15,6,3,4,0,1,0,0,1,0,1,0,0,1,0,2
401856945,2026,WNBA,BETNIJAH LANEY-HAMILTON,NEW YORK LIBERTY,"2026-05-29, NY vs PHX",15,13,1,1,2,5,5,6,3,0,3,2,2,0,1,1
401856945,2026,WNBA,REBECCA ALLEN,NEW YORK LIBERTY,"2026-05-29, NY vs PHX",3,0,0,0,0,0,0,0,0,0,0,0,0,0,1,1
401856946,2026,WNBA,NNEKA OGWUMIKE,LOS ANGELES SPARKS,"2026-05-29, WSH vs LA",33,20,7,14,1,3,3,5,9,2,11,2,1,1,1,3
401856946,2026,WNBA,DEARICA HAMBY,LOS ANGELES SPARKS,"2026-05-29, WSH vs LA",30,14,4,7,0,2,6,8,5,2,7,9,4,0,1,2
401856946,2026,WNBA,ERICA WHEELER,LOS ANGELES SPARKS,"2026-05-29, WSH vs LA",35,21,7,12,1,4,4,4,1,1,2,8,1,0,4,1
401856946,2026,WNBA,ARIEL ATKINS,LOS ANGELES SPARKS,"2026-05-29, WSH vs LA",29,8,4,5,0,0,0,0,1,1,2,2,0,0,2,6
401856946,2026,WNBA,RAE BURRELL,LOS ANGELES SPARKS,"2026-05-29, WSH vs LA",32,4,2,3,0,5,0,1,2,0,2,1,0,0,1,4
401856946,2026,WNBA,CAMERON BRINK,LOS ANGELES SPARKS,"2026-05-29, WSH vs LA",17,16,3,4,2,3,4,4,1,1,2,1,1,1,2,4
401856946,2026,WNBA,JIHYUN PARK,LOS ANGELES SPARKS,"2026-05-29, WSH vs LA",6,0,0,0,0,0,0,2,0,0,0,0,1,0,1,0
401856946,2026,WNBA,TA'NIYA LATSON,LOS ANGELES SPARKS,"2026-05-29, WSH vs LA",5,3,0,1,0,0,3,4,0,0,0,0,0,0,1,2
401856946,2026,WNBA,CHANCE GRAY,LOS ANGELES SPARKS,"2026-05-29, WSH vs LA",13,6,0,0,2,3,0,0,1,2,3,0,0,0,1,2
401856946,2026,WNBA,MICHAELA ONYENWERE,WASHINGTON MYSTICS,"2026-05-29, WSH vs LA",24,4,0,1,1,4,1,4,0,3,3,3,0,0,2,3
401856946,2026,WNBA,KIKI IRIAFEN,WASHINGTON MYSTICS,"2026-05-29, WSH vs LA",27,13,6,9,0,1,1,2,8,1,9,1,0,0,0,4
401856946,2026,WNBA,SHAKIRA AUSTIN,WASHINGTON MYSTICS,"2026-05-29, WSH vs LA",25,25,8,10,0,0,9,9,9,1,10,3,0,0,4,4
401856946,2026,WNBA,SONIA CITRON,WASHINGTON MYSTICS,"2026-05-29, WSH vs LA",37,21,5,6,2,4,5,6,1,0,1,8,1,1,4,2
401856946,2026,WNBA,GEORGIA AMOORE,WASHINGTON MYSTICS,"2026-05-29, WSH vs LA",23,1,0,1,0,6,1,2,1,0,1,3,0,0,3,4
401856946,2026,WNBA,ANGELA DUGALIC,WASHINGTON MYSTICS,"2026-05-29, WSH vs LA",17,6,3,3,0,0,0,0,4,1,5,1,3,1,1,3
401856946,2026,WNBA,LAUREN BETTS,WASHINGTON MYSTICS,"2026-05-29, WSH vs LA",10,2,1,3,0,0,0,0,1,0,1,0,0,2,0,0
401856946,2026,WNBA,COTIE MCMAHON,WASHINGTON MYSTICS,"2026-05-29, WSH vs LA",5,5,1,1,1,1,0,2,0,0,0,0,0,0,0,2
401856946,2026,WNBA,CASSANDRE PROSPER,WASHINGTON MYSTICS,"2026-05-29, WSH vs LA",6,5,1,1,1,1,0,0,0,0,0,0,0,0,1,2
401856946,2026,WNBA,ALICIA FLOREZ,WASHINGTON MYSTICS,"2026-05-29, WSH vs LA",25,5,1,4,0,5,3,4,0,1,1,7,0,0,0,3
401856947,2026,WNBA,NATASHA HOWARD,MINNESOTA LYNX,"2026-05-29, CHI vs MIN",29,14,6,10,0,1,2,2,5,2,7,3,4,1,3,3
401856947,2026,WNBA,NIA COFFEY,MINNESOTA LYNX,"2026-05-29, CHI vs MIN",26,20,1,3,6,9,0,0,7,1,8,2,1,1,1,0
401856947,2026,WNBA,KAYLA MCBRIDE,MINNESOTA LYNX,"2026-05-29, CHI vs MIN",31,9,2,6,1,7,2,4,4,1,5,2,3,1,1,2
401856947,2026,WNBA,COURTNEY WILLIAMS,MINNESOTA LYNX,"2026-05-29, CHI vs MIN",29,10,5,9,0,1,0,0,4,0,4,5,1,0,2,4
401856947,2026,WNBA,OLIVIA MILES,MINNESOTA LYNX,"2026-05-29, CHI vs MIN",32,17,4,6,0,4,9,10,6,0,6,6,2,0,4,2
401856947,2026,WNBA,LIATU KING,MINNESOTA LYNX,"2026-05-29, CHI vs MIN",10,2,1,2,0,2,0,0,2,1,3,0,0,1,1,3
401856947,2026,WNBA,ANTONIA DELAERE,MINNESOTA LYNX,"2026-05-29, CHI vs MIN",11,0,0,1,0,0,0,0,0,0,0,1,0,0,0,0
401856947,2026,WNBA,ANASTASIIA OLAIRI KOSU,MINNESOTA LYNX,"2026-05-29, CHI vs MIN",5,2,1,2,0,0,0,0,1,1,2,0,1,0,0,1
401856947,2026,WNBA,TEAIRA MCCOWAN,MINNESOTA LYNX,"2026-05-29, CHI vs MIN",10,0,0,2,0,0,0,0,4,0,4,1,0,2,2,2
401856947,2026,WNBA,MAYA CALDWELL,MINNESOTA LYNX,"2026-05-29, CHI vs MIN",17,5,0,2,1,4,2,2,4,0,4,0,1,1,0,0
401856947,2026,WNBA,AZURA STEVENS,CHICAGO SKY,"2026-05-29, CHI vs MIN",18,4,2,4,0,4,0,0,0,1,1,2,0,0,1,1
401856947,2026,WNBA,KAMILLA CARDOSO,CHICAGO SKY,"2026-05-29, CHI vs MIN",28,12,4,9,0,0,4,4,10,3,13,1,0,2,3,3
401856947,2026,WNBA,SKYLAR DIGGINS,CHICAGO SKY,"2026-05-29, CHI vs MIN",29,12,4,9,0,3,4,4,4,1,5,3,2,0,3,4
401856947,2026,WNBA,NATASHA CLOUD,CHICAGO SKY,"2026-05-29, CHI vs MIN",31,6,0,2,1,5,3,4,4,0,4,2,2,1,2,3
401856947,2026,WNBA,JACY SHELDON,CHICAGO SKY,"2026-05-29, CHI vs MIN",20,5,1,2,1,3,0,0,1,0,1,2,0,0,2,4
401856947,2026,WNBA,ELIZABETH WILLIAMS,CHICAGO SKY,"2026-05-29, CHI vs MIN",19,0,0,3,0,0,0,4,3,2,5,1,0,2,1,0
401856947,2026,WNBA,RACHEL BANHAM,CHICAGO SKY,"2026-05-29, CHI vs MIN",23,8,0,2,2,8,2,2,6,1,7,0,0,1,1,1
401856947,2026,WNBA,AICHA COULIBALY,CHICAGO SKY,"2026-05-29, CHI vs MIN",11,4,2,6,0,1,0,0,2,1,3,0,2,0,3,0
401856947,2026,WNBA,SAYLOR POFFENBARGER,CHICAGO SKY,"2026-05-29, CHI vs MIN",1,0,0,0,0,0,0,0,0,0,0,0,0,0,0,0
401856947,2026,WNBA,SYDNEY TAYLOR,CHICAGO SKY,"2026-05-29, CHI vs MIN",20,7,2,3,1,6,0,0,2,0,2,4,0,0,1,3
401856948,2026,WNBA,NAZ HILLMON,ATLANTA DREAM,"2026-05-29, POR vs ATL",36,14,5,5,1,9,1,1,3,4,7,4,5,0,1,2
401856948,2026,WNBA,ANGEL REESE,ATLANTA DREAM,"2026-05-29, POR vs ATL",32,18,6,11,0,3,6,7,7,5,12,5,0,1,4,3
401856948,2026,WNBA,ALLISHA GRAY,ATLANTA DREAM,"2026-05-29, POR vs ATL",30,13,0,5,3,7,4,4,3,0,3,1,3,0,1,1
401856948,2026,WNBA,JORDIN CANADA,ATLANTA DREAM,"2026-05-29, POR vs ATL",27,9,2,3,0,1,5,5,2,2,4,4,1,0,3,2
401856948,2026,WNBA,RHYNE HOWARD,ATLANTA DREAM,"2026-05-29, POR vs ATL",34,14,1,4,4,7,0,2,1,1,2,4,6,0,1,3
401856948,2026,WNBA,SIKA KONE,ATLANTA DREAM,"2026-05-29, POR vs ATL",5,0,0,1,0,0,0,0,0,0,0,0,0,0,1,1
401856948,2026,WNBA,MADINA OKOT,ATLANTA DREAM,"2026-05-29, POR vs ATL",7,7,3,3,0,0,1,1,0,0,0,1,0,0,2,1
401856948,2026,WNBA,TE-HINA PAOPAO,ATLANTA DREAM,"2026-05-29, POR vs ATL",14,5,1,2,1,3,0,0,0,0,0,1,0,0,1,0
401856948,2026,WNBA,AALIYAH NYE,ATLANTA DREAM,"2026-05-29, POR vs ATL",1,0,0,1,0,0,0,0,0,0,0,1,0,0,0,0
401856948,2026,WNBA,INDYA NIVAR,ATLANTA DREAM,"2026-05-29, POR vs ATL",4,4,2,2,0,0,0,0,1,0,1,0,1,0,0,1
401856948,2026,WNBA,ISOBEL BORLASE,ATLANTA DREAM,"2026-05-29, POR vs ATL",10,2,1,1,0,0,0,0,0,0,0,1,0,0,1,0
401856948,2026,WNBA,EMILY ENGSTLER,PORTLAND FIRE,"2026-05-29, POR vs ATL",18,10,2,5,2,4,0,0,1,1,2,0,0,3,6,4
401856948,2026,WNBA,NYADIEW PUOCH,PORTLAND FIRE,"2026-05-29, POR vs ATL",17,2,1,1,0,3,0,0,1,0,1,1,0,0,2,2
401856948,2026,WNBA,LUISA GEISELSODER,PORTLAND FIRE,"2026-05-29, POR vs ATL",22,6,1,2,1,5,1,2,0,0,0,2,0,0,2,4
401856948,2026,WNBA,HOLLY WINTERBURN,PORTLAND FIRE,"2026-05-29, POR vs ATL",28,6,3,5,0,2,0,0,3,0,3,7,2,0,4,0
401856948,2026,WNBA,CARLA LEITE,PORTLAND FIRE,"2026-05-29, POR vs ATL",24,11,2,3,1,1,4,4,1,0,1,4,0,0,4,2
401856948,2026,WNBA,FRIEDA BUHNER,PORTLAND FIRE,"2026-05-29, POR vs ATL",14,7,1,1,1,1,2,2,0,0,0,0,0,0,3,0
401856948,2026,WNBA,MEGAN DILEO,PORTLAND FIRE,"2026-05-29, POR vs ATL",18,10,2,4,2,5,0,0,4,1,5,1,0,1,1,2
401856948,2026,WNBA,SERAH WILLIAMS,PORTLAND FIRE,"2026-05-29, POR vs ATL",20,0,0,2,0,1,0,0,3,3,6,2,1,0,2,5
401856948,2026,WNBA,KARLIE SAMUELSON,PORTLAND FIRE,"2026-05-29, POR vs ATL",19,0,0,0,0,2,0,0,2,1,3,1,1,0,1,2
401856948,2026,WNBA,SARAH ASHLEE BARKER,PORTLAND FIRE,"2026-05-29, POR vs ATL",21,14,4,6,2,3,0,0,2,0,2,0,0,0,3,1
401856943,2026,WNBA,STEPHANIE TALBOT,LAS VEGAS ACES,"2026-05-28, DAL vs LV",7,2,1,1,0,0,0,0,2,1,3,1,0,0,1,0
401856943,2026,WNBA,NALYSSA SMITH,LAS VEGAS ACES,"2026-05-28, DAL vs LV",27,9,4,5,0,0,1,4,8,4,12,0,0,1,1,3
401856943,2026,WNBA,A'JA WILSON,LAS VEGAS ACES,"2026-05-28, DAL vs LV",35,21,9,23,1,1,0,1,6,1,7,3,1,0,2,0
401856943,2026,WNBA,CHELSEA GRAY,LAS VEGAS ACES,"2026-05-28, DAL vs LV",34,8,1,6,1,4,3,3,3,0,3,8,1,1,1,3
401856943,2026,WNBA,JACKIE YOUNG,LAS VEGAS ACES,"2026-05-28, DAL vs LV",33,15,6,15,1,5,0,0,2,1,3,7,1,0,0,2
401856943,2026,WNBA,CHEYENNE PARKER-TYUS,LAS VEGAS ACES,"2026-05-28, DAL vs LV",8,9,2,4,1,1,2,2,1,1,2,0,0,0,0,3
401856943,2026,WNBA,KIERSTAN BELL,LAS VEGAS ACES,"2026-05-28, DAL vs LV",9,0,0,0,0,0,0,0,0,0,0,1,1,0,0,1
401856943,2026,WNBA,JEWELL LOYD,LAS VEGAS ACES,"2026-05-28, DAL vs LV",28,9,1,1,2,5,1,2,2,0,2,1,0,1,0,1
401856943,2026,WNBA,CHENNEDY CARTER,LAS VEGAS ACES,"2026-05-28, DAL vs LV",19,14,4,7,2,4,0,0,1,0,1,0,1,0,0,2
401856943,2026,WNBA,JESSICA SHEPARD,DALLAS WINGS,"2026-05-28, DAL vs LV",38,22,8,12,0,1,6,6,16,4,20,10,0,0,2,3
401856943,2026,WNBA,MADDY SIEGRIST,DALLAS WINGS,"2026-05-28, DAL vs LV",17,8,1,4,2,3,0,0,5,2,7,1,0,0,0,2
401856943,2026,WNBA,ARIKE OGUNBOWALE,DALLAS WINGS,"2026-05-28, DAL vs LV",18,1,0,3,0,1,1,1,0,0,0,2,0,0,1,2
401856943,2026,WNBA,PAIGE BUECKERS,DALLAS WINGS,"2026-05-28, DAL vs LV",38,20,6,12,2,6,2,3,2,1,3,6,0,2,3,2
401856943,2026,WNBA,AZZI FUDD,DALLAS WINGS,"2026-05-28, DAL vs LV",38,22,6,10,3,5,1,2,2,1,3,2,1,1,0,1
401856943,2026,WNBA,ALYSHA CLARK,DALLAS WINGS,"2026-05-28, DAL vs LV",18,6,0,0,1,2,3,4,0,0,0,1,0,0,1,4
401856943,2026,WNBA,AWAK KUIER,DALLAS WINGS,"2026-05-28, DAL vs LV",21,12,1,2,2,3,4,4,4,0,4,0,0,2,1,1
401856943,2026,WNBA,ODYSSEY SIMS,DALLAS WINGS,"2026-05-28, DAL vs LV",6,2,0,0,0,0,2,2,1,0,1,0,0,0,2,0
401856943,2026,WNBA,AZIAHA JAMES,DALLAS WINGS,"2026-05-28, DAL vs LV",6,2,1,2,0,1,0,0,1,0,1,1,0,0,0,1
401856944,2026,WNBA,MONIQUE BILLINGS,INDIANA FEVER,"2026-05-28, GS vs IND",19,4,1,1,0,1,2,2,3,2,5,2,0,1,0,2
401856944,2026,WNBA,ALIYAH BOSTON,INDIANA FEVER,"2026-05-28, GS vs IND",22,13,3,8,1,3,4,4,4,2,6,4,0,0,2,4
401856944,2026,WNBA,KELSEY MITCHELL,INDIANA FEVER,"2026-05-28, GS vs IND",30,14,3,8,2,5,2,3,1,0,1,3,0,0,1,5
401856944,2026,WNBA,LEXIE HULL,INDIANA FEVER,"2026-05-28, GS vs IND",23,5,1,4,1,3,0,0,5,1,6,0,1,0,1,3
401856944,2026,WNBA,CAITLIN CLARK,INDIANA FEVER,"2026-05-28, GS vs IND",29,16,1,6,2,6,8,8,4,0,4,6,3,1,5,4
401856944,2026,WNBA,MYISHA HINES-ALLEN,INDIANA FEVER,"2026-05-28, GS vs IND",16,2,1,4,0,0,0,0,1,0,1,1,0,1,0,1
401856944,2026,WNBA,MAKAYLA TIMPSON,INDIANA FEVER,"2026-05-28, GS vs IND",15,7,3,3,0,0,1,2,3,2,5,2,1,1,0,3
401856944,2026,WNBA,SOPHIE CUNNINGHAM,INDIANA FEVER,"2026-05-28, GS vs IND",25,11,3,4,1,7,2,2,2,0,2,2,2,0,1,2
401856944,2026,WNBA,RAVEN JOHNSON,INDIANA FEVER,"2026-05-28, GS vs IND",21,16,5,7,2,3,0,0,4,0,4,2,0,1,1,1
401856944,2026,WNBA,KAYLA THORNTON,GOLDEN STATE VALKYRIES,"2026-05-28, GS vs IND",18,0,0,0,0,2,0,0,3,0,3,0,0,0,1,2
401856944,2026,WNBA,GABBY WILLIAMS,GOLDEN STATE VALKYRIES,"2026-05-28, GS vs IND",28,19,6,10,0,4,7,10,5,1,6,6,3,0,1,1
401856944,2026,WNBA,KIAH STOKES,GOLDEN STATE VALKYRIES,"2026-05-28, GS vs IND",26,4,2,4,0,0,0,0,3,1,4,2,0,4,2,1
401856944,2026,WNBA,KAILA CHARLES,GOLDEN STATE VALKYRIES,"2026-05-28, GS vs IND",15,7,2,3,1,2,0,0,3,1,4,1,0,0,1,1
401856944,2026,WNBA,VERONICA BURTON,GOLDEN STATE VALKYRIES,"2026-05-28, GS vs IND",29,25,6,10,1,3,10,12,4,2,6,3,1,5,1,5
401856944,2026,WNBA,CECILIA ZANDALASINI,GOLDEN STATE VALKYRIES,"2026-05-28, GS vs IND",14,8,1,5,2,3,0,0,0,0,0,3,0,0,1,1
401856944,2026,WNBA,LAETICIA AMIHERE,GOLDEN STATE VALKYRIES,"2026-05-28, GS vs IND",14,3,1,5,0,0,1,2,3,2,5,1,0,1,1,3
401856944,2026,WNBA,JANELLE SALAUN,GOLDEN STATE VALKYRIES,"2026-05-28, GS vs IND",24,19,4,7,3,5,2,4,6,1,7,3,1,0,0,2
401856944,2026,WNBA,TIFFANY HAYES,GOLDEN STATE VALKYRIES,"2026-05-28, GS vs IND",5,0,0,0,0,0,0,0,1,0,1,0,0,0,1,3
401856944,2026,WNBA,KAITLYN CHEN,GOLDEN STATE VALKYRIES,"2026-05-28, GS vs IND",11,2,1,1,0,0,0,0,1,0,1,3,0,0,0,1
401856944,2026,WNBA,JUSTE JOCYTE,GOLDEN STATE VALKYRIES,"2026-05-28, GS vs IND",16,3,0,2,1,2,0,0,0,0,0,2,0,1,2,1
401856938,2026,WNBA,ALYSSA THOMAS,PHOENIX MERCURY,"2026-05-27, NY vs PHX",32,9,4,9,0,0,1,3,4,3,7,9,3,0,4,4
401856938,2026,WNBA,NATASHA MACK,PHOENIX MERCURY,"2026-05-27, NY vs PHX",28,14,6,7,0,0,2,2,5,1,6,1,0,2,1,1
401856938,2026,WNBA,NOEMIE BROCHANT,PHOENIX MERCURY,"2026-05-27, NY vs PHX",19,3,0,0,1,4,0,0,2,0,2,1,1,1,0,2
401856938,2026,WNBA,KAHLEAH COPPER,PHOENIX MERCURY,"2026-05-27, NY vs PHX",36,19,4,9,2,9,5,6,2,0,2,2,1,0,2,3
401856938,2026,WNBA,MONIQUE AKOA MAKANI,PHOENIX MERCURY,"2026-05-27, NY vs PHX",19,9,0,1,2,4,3,4,2,0,2,4,2,0,3,2
401856938,2026,WNBA,DEWANNA BONNER,PHOENIX MERCURY,"2026-05-27, NY vs PHX",24,2,1,1,0,4,0,0,4,1,5,0,0,0,1,5
401856938,2026,WNBA,VALERIANE AYAYI,PHOENIX MERCURY,"2026-05-27, NY vs PHX",9,3,0,1,0,0,3,4,0,0,0,0,0,0,1,2
401856938,2026,WNBA,KYARA LINSKENS,PHOENIX MERCURY,"2026-05-27, NY vs PHX",12,3,0,1,1,2,0,2,5,1,6,1,0,2,2,2
401856938,2026,WNBA,JOVANA NOGIC,PHOENIX MERCURY,"2026-05-27, NY vs PHX",14,9,0,0,3,5,0,1,1,1,2,1,0,0,2,0
401856938,2026,WNBA,KIANA WILLIAMS,PHOENIX MERCURY,"2026-05-27, NY vs PHX",7,3,0,0,1,2,0,0,0,0,0,0,0,0,0,0
401856938,2026,WNBA,BREANNA STEWART,NEW YORK LIBERTY,"2026-05-27, NY vs PHX",34,11,4,7,0,3,3,3,6,0,6,2,1,0,4,2
401856938,2026,WNBA,LEONIE FIEBICH,NEW YORK LIBERTY,"2026-05-27, NY vs PHX",33,9,1,1,2,3,1,1,0,0,0,1,2,0,3,3
401856938,2026,WNBA,JONQUEL JONES,NEW YORK LIBERTY,"2026-05-27, NY vs PHX",31,17,2,9,3,7,4,4,9,3,12,4,1,0,0,0
401856938,2026,WNBA,MARINE JOHANNES,NEW YORK LIBERTY,"2026-05-27, NY vs PHX",24,21,0,2,7,9,0,0,3,0,3,5,2,0,1,4
401856938,2026,WNBA,PAULINE ASTIER,NEW YORK LIBERTY,"2026-05-27, NY vs PHX",23,7,3,6,0,1,1,1,2,2,4,4,0,2,2,2
401856938,2026,WNBA,RAQUEL CARRERA,NEW YORK LIBERTY,"2026-05-27, NY vs PHX",1,0,0,0,0,0,0,0,0,0,0,0,0,0,0,1
401856938,2026,WNBA,HAN XU,NEW YORK LIBERTY,"2026-05-27, NY vs PHX",11,8,2,4,1,2,1,1,2,1,3,0,1,0,0,1
401856938,2026,WNBA,REBEKAH GARDNER,NEW YORK LIBERTY,"2026-05-27, NY vs PHX",18,2,1,2,0,1,0,0,2,0,2,1,1,0,0,3
401856938,2026,WNBA,BETNIJAH LANEY-HAMILTON,NEW YORK LIBERTY,"2026-05-27, NY vs PHX",13,7,1,4,1,1,2,2,0,0,0,2,1,0,0,3
401856938,2026,WNBA,REBECCA ALLEN,NEW YORK LIBERTY,"2026-05-27, NY vs PHX",13,2,0,2,0,3,2,2,2,0,2,0,0,0,1,1
401856939,2026,WNBA,NYARA SABALLY,TORONTO TEMPO,"2026-05-27, CHI vs TOR",28,29,8,10,3,4,4,6,4,2,6,2,2,2,2,4
401856939,2026,WNBA,LAURA JUSKAITE,TORONTO TEMPO,"2026-05-27, CHI vs TOR",22,7,2,3,1,1,0,0,2,0,2,2,0,1,1,5
401856939,2026,WNBA,BRITTNEY SYKES,TORONTO TEMPO,"2026-05-27, CHI vs TOR",35,20,5,10,1,4,7,8,5,1,6,2,0,1,0,0
401856939,2026,WNBA,MARINA MABREY,TORONTO TEMPO,"2026-05-27, CHI vs TOR",28,24,6,6,3,7,3,4,2,2,4,7,1,0,2,5
401856939,2026,WNBA,KIKI RICE,TORONTO TEMPO,"2026-05-27, CHI vs TOR",34,14,3,5,0,2,8,9,7,1,8,7,2,0,3,4
401856939,2026,WNBA,MARIA CONDE,TORONTO TEMPO,"2026-05-27, CHI vs TOR",21,12,1,3,3,6,1,1,3,1,4,0,0,0,1,3
401856939,2026,WNBA,TEONNI KEY,TORONTO TEMPO,"2026-05-27, CHI vs TOR",10,3,0,1,1,1,0,0,1,0,1,0,0,0,2,3
401856939,2026,WNBA,NIKOLINA MILIC,TORONTO TEMPO,"2026-05-27, CHI vs TOR",8,2,0,2,0,0,2,2,2,1,3,0,0,0,0,0
401856939,2026,WNBA,KIA NURSE,TORONTO TEMPO,"2026-05-27, CHI vs TOR",8,0,0,0,0,1,0,0,1,0,1,0,0,0,0,1
401856939,2026,WNBA,LEXI HELD,TORONTO TEMPO,"2026-05-27, CHI vs TOR",6,0,0,0,0,0,0,0,0,2,2,2,1,0,2,0
401856939,2026,WNBA,AZURA STEVENS,CHICAGO SKY,"2026-05-27, CHI vs TOR",15,10,2,3,1,4,3,3,0,0,0,3,1,0,0,2
401856939,2026,WNBA,KAMILLA CARDOSO,CHICAGO SKY,"2026-05-27, CHI vs TOR",22,2,1,5,0,0,0,0,3,2,5,3,0,0,1,2
401856939,2026,WNBA,SKYLAR DIGGINS,CHICAGO SKY,"2026-05-27, CHI vs TOR",36,23,7,10,1,6,6,7,2,0,2,9,1,2,0,2
401856939,2026,WNBA,NATASHA CLOUD,CHICAGO SKY,"2026-05-27, CHI vs TOR",31,18,5,5,2,3,2,2,4,1,5,9,1,0,3,5
401856939,2026,WNBA,JACY SHELDON,CHICAGO SKY,"2026-05-27, CHI vs TOR",19,4,2,3,0,3,0,0,0,0,0,0,0,0,0,4
401856939,2026,WNBA,ELIZABETH WILLIAMS,CHICAGO SKY,"2026-05-27, CHI vs TOR",23,11,4,6,0,0,3,6,5,4,9,3,1,1,2,2
401856939,2026,WNBA,RACHEL BANHAM,CHICAGO SKY,"2026-05-27, CHI vs TOR",13,0,0,0,0,1,0,0,1,0,1,1,0,0,2,3
401856939,2026,WNBA,AICHA COULIBALY,CHICAGO SKY,"2026-05-27, CHI vs TOR",18,9,2,2,0,2,5,5,2,1,3,1,2,0,1,3
401856939,2026,WNBA,SYDNEY TAYLOR,CHICAGO SKY,"2026-05-27, CHI vs TOR",23,27,6,10,3,12,6,6,1,1,2,2,1,0,0,1
401856940,2026,WNBA,NAZ HILLMON,ATLANTA DREAM,"2026-05-27, MIN vs ATL",32,15,6,9,1,5,0,0,6,2,8,1,1,0,3,1
401856940,2026,WNBA,ANGEL REESE,ATLANTA DREAM,"2026-05-27, MIN vs ATL",27,10,3,6,0,2,4,4,4,4,8,5,1,0,2,2
401856940,2026,WNBA,ALLISHA GRAY,ATLANTA DREAM,"2026-05-27, MIN vs ATL",31,21,2,3,5,8,2,2,0,0,0,3,1,0,3,4
401856940,2026,WNBA,JORDIN CANADA,ATLANTA DREAM,"2026-05-27, MIN vs ATL",29,9,1,3,1,3,4,4,1,0,1,5,0,0,4,0
401856940,2026,WNBA,RHYNE HOWARD,ATLANTA DREAM,"2026-05-27, MIN vs ATL",36,10,2,6,2,8,0,0,2,0,2,4,1,2,2,2
401856940,2026,WNBA,SIKA KONE,ATLANTA DREAM,"2026-05-27, MIN vs ATL",9,5,1,1,1,3,0,0,2,1,3,0,0,0,0,1
401856940,2026,WNBA,MADINA OKOT,ATLANTA DREAM,"2026-05-27, MIN vs ATL",5,4,1,1,0,0,2,4,0,1,1,0,0,0,1,0
401856940,2026,WNBA,TE-HINA PAOPAO,ATLANTA DREAM,"2026-05-27, MIN vs ATL",11,3,0,0,1,1,0,0,0,0,0,1,0,0,0,0
401856940,2026,WNBA,AALIYAH NYE,ATLANTA DREAM,"2026-05-27, MIN vs ATL",2,0,0,0,0,0,0,0,0,0,0,0,0,0,0,0
401856940,2026,WNBA,INDYA NIVAR,ATLANTA DREAM,"2026-05-27, MIN vs ATL",5,0,0,2,0,0,0,2,2,1,3,1,1,0,1,0
401856940,2026,WNBA,ISOBEL BORLASE,ATLANTA DREAM,"2026-05-27, MIN vs ATL",13,4,2,3,0,1,0,0,0,1,1,3,0,0,0,0
401856940,2026,WNBA,NATASHA HOWARD,MINNESOTA LYNX,"2026-05-27, MIN vs ATL",33,22,11,16,0,0,0,0,5,3,8,5,2,2,3,4
401856940,2026,WNBA,NIA COFFEY,MINNESOTA LYNX,"2026-05-27, MIN vs ATL",31,14,4,5,2,5,0,0,5,0,5,3,1,0,0,2
401856940,2026,WNBA,KAYLA MCBRIDE,MINNESOTA LYNX,"2026-05-27, MIN vs ATL",34,12,3,6,1,4,3,3,2,0,2,1,3,0,2,1
401856940,2026,WNBA,COURTNEY WILLIAMS,MINNESOTA LYNX,"2026-05-27, MIN vs ATL",33,25,7,10,3,5,2,2,2,1,3,7,1,0,4,1
401856940,2026,WNBA,OLIVIA MILES,MINNESOTA LYNX,"2026-05-27, MIN vs ATL",34,16,6,8,0,2,4,5,4,1,5,8,1,0,3,4
401856940,2026,WNBA,LIATU KING,MINNESOTA LYNX,"2026-05-27, MIN vs ATL",9,3,0,0,1,1,0,0,1,0,1,0,0,0,0,1
401856940,2026,WNBA,ANTONIA DELAERE,MINNESOTA LYNX,"2026-05-27, MIN vs ATL",6,0,0,0,0,1,0,0,0,0,0,0,1,0,0,0
401856940,2026,WNBA,ANASTASIIA OLAIRI KOSU,MINNESOTA LYNX,"2026-05-27, MIN vs ATL",7,2,1,1,0,0,0,0,0,0,0,1,0,0,1,2
401856940,2026,WNBA,MAYA CALDWELL,MINNESOTA LYNX,"2026-05-27, MIN vs ATL",14,2,1,2,0,1,0,0,0,0,0,1,1,0,1,1
401856941,2026,WNBA,AALIYAH EDWARDS,CONNECTICUT SUN,"2026-05-27, POR vs CON",5,0,0,0,0,0,0,2,0,2,2,0,0,0,0,0
401856941,2026,WNBA,DIAMOND MILLER,CONNECTICUT SUN,"2026-05-27, POR vs CON",20,5,2,4,0,2,1,2,0,0,0,1,2,0,1,4
401856941,2026,WNBA,ANEESAH MORROW,CONNECTICUT SUN,"2026-05-27, POR vs CON",29,13,5,12,1,7,0,0,5,8,13,1,1,2,2,3
401856941,2026,WNBA,SANIYA RIVERS,CONNECTICUT SUN,"2026-05-27, POR vs CON",23,7,3,8,0,3,1,2,0,1,1,2,0,0,3,0
401856941,2026,WNBA,CHARLISSE LEGER-WALKER,CONNECTICUT SUN,"2026-05-27, POR vs CON",27,11,3,4,0,3,5,9,2,0,2,3,0,0,2,4
401856941,2026,WNBA,RAEGAN BEERS,CONNECTICUT SUN,"2026-05-27, POR vs CON",14,4,2,2,0,0,0,0,4,0,4,2,0,0,0,2
401856941,2026,WNBA,NELL ANGLOMA,CONNECTICUT SUN,"2026-05-27, POR vs CON",4,0,0,0,0,0,0,0,0,0,0,0,0,0,0,2
401856941,2026,WNBA,OLIVIA NELSON-ODODA,CONNECTICUT SUN,"2026-05-27, POR vs CON",21,4,2,3,0,0,0,2,1,3,4,4,2,0,0,1
401856941,2026,WNBA,KENNEDY BURKE,CONNECTICUT SUN,"2026-05-27, POR vs CON",18,6,2,4,0,1,2,2,2,0,2,1,1,0,4,2
401856941,2026,WNBA,HAILEY VAN LITH,CONNECTICUT SUN,"2026-05-27, POR vs CON",13,7,3,3,0,2,1,1,2,0,2,0,0,1,2,3
401856941,2026,WNBA,GIANNA KNEEPKENS,CONNECTICUT SUN,"2026-05-27, POR vs CON",9,4,1,1,0,1,2,2,1,0,1,0,0,0,0,1
401856941,2026,WNBA,ASHLON JACKSON,CONNECTICUT SUN,"2026-05-27, POR vs CON",17,0,0,0,0,2,0,0,2,0,2,3,3,0,3,0
401856941,2026,WNBA,BRIDGET CARLETON,PORTLAND FIRE,"2026-05-27, POR vs CON",29,13,3,5,2,5,1,1,5,2,7,3,1,0,2,1
401856941,2026,WNBA,EMILY ENGSTLER,PORTLAND FIRE,"2026-05-27, POR vs CON",19,4,2,2,0,3,0,0,1,0,1,2,0,2,2,1
401856941,2026,WNBA,NYADIEW PUOCH,PORTLAND FIRE,"2026-05-27, POR vs CON",18,2,1,1,0,2,0,4,0,0,0,0,1,0,2,3
401856941,2026,WNBA,LUISA GEISELSODER,PORTLAND FIRE,"2026-05-27, POR vs CON",19,3,0,1,1,3,0,0,0,1,1,2,2,0,1,2
401856941,2026,WNBA,CARLA LEITE,PORTLAND FIRE,"2026-05-27, POR vs CON",23,20,2,7,2,3,10,10,0,0,0,3,1,0,4,3
401856941,2026,WNBA,FRIEDA BUHNER,PORTLAND FIRE,"2026-05-27, POR vs CON",13,9,3,4,1,1,0,0,1,0,1,0,0,0,0,0
401856941,2026,WNBA,MEGAN DILEO,PORTLAND FIRE,"2026-05-27, POR vs CON",18,10,2,4,1,2,3,4,3,1,4,2,0,0,0,3
401856941,2026,WNBA,SERAH WILLIAMS,PORTLAND FIRE,"2026-05-27, POR vs CON",11,1,0,0,0,0,1,2,1,0,1,0,0,0,1,1
401856941,2026,WNBA,KARLIE SAMUELSON,PORTLAND FIRE,"2026-05-27, POR vs CON",12,0,0,0,0,2,0,0,0,0,0,1,1,0,0,1
401856941,2026,WNBA,SARAH ASHLEE BARKER,PORTLAND FIRE,"2026-05-27, POR vs CON",22,4,2,3,0,1,0,0,9,2,11,1,3,1,4,4
401856941,2026,WNBA,TEJA OBLAK,PORTLAND FIRE,"2026-05-27, POR vs CON",17,5,2,3,0,0,1,3,0,0,0,2,1,0,3,2
401856942,2026,WNBA,MICHAELA ONYENWERE,WASHINGTON MYSTICS,"2026-05-27, SEA vs WSH",22,14,2,3,3,7,1,2,0,2,2,2,0,0,2,2
401856942,2026,WNBA,KIKI IRIAFEN,WASHINGTON MYSTICS,"2026-05-27, SEA vs WSH",24,13,5,6,0,1,3,3,7,2,9,0,0,0,1,5
401856942,2026,WNBA,SHAKIRA AUSTIN,WASHINGTON MYSTICS,"2026-05-27, SEA vs WSH",29,18,5,11,1,2,5,5,11,2,13,5,0,1,2,0
401856942,2026,WNBA,SONIA CITRON,WASHINGTON MYSTICS,"2026-05-27, SEA vs WSH",30,7,2,10,1,2,0,0,2,2,4,3,1,0,1,1
401856942,2026,WNBA,GEORGIA AMOORE,WASHINGTON MYSTICS,"2026-05-27, SEA vs WSH",27,7,1,2,1,1,2,2,0,0,0,2,0,0,2,3
401856942,2026,WNBA,ANGELA DUGALIC,WASHINGTON MYSTICS,"2026-05-27, SEA vs WSH",16,2,1,3,0,3,0,0,1,2,3,2,1,0,1,1
401856942,2026,WNBA,LAUREN BETTS,WASHINGTON MYSTICS,"2026-05-27, SEA vs WSH",11,6,1,2,0,0,4,4,3,0,3,0,0,0,0,1
401856942,2026,WNBA,COTIE MCMAHON,WASHINGTON MYSTICS,"2026-05-27, SEA vs WSH",8,0,0,0,0,1,0,0,0,0,0,2,0,1,1,1
401856942,2026,WNBA,CASSANDRE PROSPER,WASHINGTON MYSTICS,"2026-05-27, SEA vs WSH",10,2,1,2,0,1,0,0,0,1,1,0,0,0,1,4
401856942,2026,WNBA,ALICIA FLOREZ,WASHINGTON MYSTICS,"2026-05-27, SEA vs WSH",23,9,3,6,1,3,0,0,3,2,5,3,2,0,1,4
401856942,2026,WNBA,JORDAN HORSTON,SEATTLE STORM,"2026-05-27, SEA vs WSH",19,4,1,4,0,1,2,2,4,1,5,3,0,1,1,3
401856942,2026,WNBA,STEFANIE DOLSON,SEATTLE STORM,"2026-05-27, SEA vs WSH",20,0,0,1,0,2,0,0,2,1,3,1,1,0,0,2
401856942,2026,WNBA,NATISHA HIEDEMAN,SEATTLE STORM,"2026-05-27, SEA vs WSH",28,8,1,4,1,5,3,3,2,0,2,1,1,0,3,1
401856942,2026,WNBA,FLAU'JAE JOHNSON,SEATTLE STORM,"2026-05-27, SEA vs WSH",29,8,3,9,0,4,2,2,1,1,2,2,0,2,0,3
401856942,2026,WNBA,JADE MELBOURNE,SEATTLE STORM,"2026-05-27, SEA vs WSH",23,15,6,8,0,0,3,4,2,1,3,3,1,0,1,2
401856942,2026,WNBA,KATIE LOU SAMUELSON,SEATTLE STORM,"2026-05-27, SEA vs WSH",15,8,1,1,1,2,3,4,1,0,1,0,2,0,0,1
401856942,2026,WNBA,MACKENZIE HOLMES,SEATTLE STORM,"2026-05-27, SEA vs WSH",20,8,1,2,2,2,0,0,6,4,10,1,2,0,4,3
401856942,2026,WNBA,AWA FAM,SEATTLE STORM,"2026-05-27, SEA vs WSH",17,6,2,4,0,1,2,4,1,4,5,0,0,0,1,4
401856942,2026,WNBA,LEXIE BROWN,SEATTLE STORM,"2026-05-27, SEA vs WSH",11,3,0,0,1,3,0,0,0,0,0,1,0,0,0,0
401856942,2026,WNBA,ZIA COOKE,SEATTLE STORM,"2026-05-27, SEA vs WSH",18,4,2,7,0,3,0,0,0,0,0,2,0,0,1,2
401856936,2026,WNBA,BRIDGET CARLETON,PORTLAND FIRE,"2026-05-25, NY vs POR",30,10,1,3,1,6,5,5,3,0,3,2,2,0,1,3
401856936,2026,WNBA,EMILY ENGSTLER,PORTLAND FIRE,"2026-05-25, NY vs POR",28,8,2,3,1,3,1,2,4,1,5,2,4,4,1,2
401856936,2026,WNBA,NYADIEW PUOCH,PORTLAND FIRE,"2026-05-25, NY vs POR",20,5,2,5,0,2,1,1,2,1,3,2,1,0,0,2
401856936,2026,WNBA,LUISA GEISELSODER,PORTLAND FIRE,"2026-05-25, NY vs POR",22,6,0,5,2,4,0,0,5,0,5,2,2,0,0,3
401856936,2026,WNBA,CARLA LEITE,PORTLAND FIRE,"2026-05-25, NY vs POR",22,18,7,12,1,2,1,2,0,0,0,2,1,0,4,1
401856936,2026,WNBA,MEGAN DILEO,PORTLAND FIRE,"2026-05-25, NY vs POR",18,11,4,6,1,2,0,0,1,0,1,0,0,0,0,4
401856936,2026,WNBA,SERAH WILLIAMS,PORTLAND FIRE,"2026-05-25, NY vs POR",11,4,1,5,0,0,2,4,1,2,3,0,0,1,0,2
401856936,2026,WNBA,KARLIE SAMUELSON,PORTLAND FIRE,"2026-05-25, NY vs POR",13,2,1,1,0,3,0,0,1,0,1,1,0,1,0,0
401856936,2026,WNBA,SARAH ASHLEE BARKER,PORTLAND FIRE,"2026-05-25, NY vs POR",18,7,2,3,1,2,0,0,3,2,5,3,1,0,2,2
401856936,2026,WNBA,TEJA OBLAK,PORTLAND FIRE,"2026-05-25, NY vs POR",18,10,2,6,2,2,0,0,1,2,3,4,1,0,4,3
401856936,2026,WNBA,BREANNA STEWART,NEW YORK LIBERTY,"2026-05-25, NY vs POR",33,25,2,8,2,3,15,17,7,0,7,0,3,1,3,3
401856936,2026,WNBA,SATOU SABALLY,NEW YORK LIBERTY,"2026-05-25, NY vs POR",4,2,0,0,0,1,2,2,0,0,0,0,0,0,1,2
401856936,2026,WNBA,JONQUEL JONES,NEW YORK LIBERTY,"2026-05-25, NY vs POR",32,12,2,6,1,5,5,5,8,3,11,4,0,4,3,5
401856936,2026,WNBA,MARINE JOHANNES,NEW YORK LIBERTY,"2026-05-25, NY vs POR",32,17,1,3,5,9,0,0,2,0,2,6,0,1,6,0
401856936,2026,WNBA,PAULINE ASTIER,NEW YORK LIBERTY,"2026-05-25, NY vs POR",32,4,2,3,0,1,0,0,3,0,3,3,0,0,3,5
401856936,2026,WNBA,ANNELI MALEY,NEW YORK LIBERTY,"2026-05-25, NY vs POR",11,0,0,0,0,0,0,0,0,0,0,0,2,0,0,1
401856936,2026,WNBA,HAN XU,NEW YORK LIBERTY,"2026-05-25, NY vs POR",16,8,4,4,0,1,0,0,0,1,1,2,2,1,0,0
401856936,2026,WNBA,REBEKAH GARDNER,NEW YORK LIBERTY,"2026-05-25, NY vs POR",17,4,2,4,0,0,0,0,0,0,0,1,0,0,3,1
401856936,2026,WNBA,REBECCA ALLEN,NEW YORK LIBERTY,"2026-05-25, NY vs POR",24,2,0,0,0,4,2,2,3,0,3,1,1,1,0,3
401856937,2026,WNBA,AALIYAH EDWARDS,CONNECTICUT SUN,"2026-05-25, GS vs CON",21,8,3,7,0,1,2,2,4,1,5,0,1,1,3,2
401856937,2026,WNBA,DIAMOND MILLER,CONNECTICUT SUN,"2026-05-25, GS vs CON",17,4,0,1,0,2,4,4,1,0,1,0,1,0,3,2
401856937,2026,WNBA,KENNEDY BURKE,CONNECTICUT SUN,"2026-05-25, GS vs CON",20,3,1,2,0,1,1,2,2,0,2,0,2,0,2,0
401856937,2026,WNBA,CHARLISSE LEGER-WALKER,CONNECTICUT SUN,"2026-05-25, GS vs CON",19,9,1,2,2,3,1,2,2,0,2,2,1,0,2,4
401856937,2026,WNBA,GIANNA KNEEPKENS,CONNECTICUT SUN,"2026-05-25, GS vs CON",12,6,2,2,0,0,2,2,0,1,1,1,1,0,0,2
401856937,2026,WNBA,ANEESAH MORROW,CONNECTICUT SUN,"2026-05-25, GS vs CON",23,11,3,5,1,3,2,4,7,3,10,2,0,0,1,1
401856937,2026,WNBA,RAEGAN BEERS,CONNECTICUT SUN,"2026-05-25, GS vs CON",7,3,1,1,0,0,1,1,3,0,3,0,1,0,1,3
401856937,2026,WNBA,NELL ANGLOMA,CONNECTICUT SUN,"2026-05-25, GS vs CON",14,6,1,2,1,2,1,2,0,1,1,0,0,0,2,2
401856937,2026,WNBA,OLIVIA NELSON-ODODA,CONNECTICUT SUN,"2026-05-25, GS vs CON",12,7,2,5,0,0,3,4,0,1,1,5,0,2,2,6
401856937,2026,WNBA,HAILEY VAN LITH,CONNECTICUT SUN,"2026-05-25, GS vs CON",20,5,2,7,0,0,1,1,2,0,2,2,1,0,0,0
401856937,2026,WNBA,SANIYA RIVERS,CONNECTICUT SUN,"2026-05-25, GS vs CON",22,2,0,5,0,3,2,2,2,1,3,0,1,1,2,4
401856937,2026,WNBA,ASHLON JACKSON,CONNECTICUT SUN,"2026-05-25, GS vs CON",14,6,0,0,2,3,0,2,1,0,1,1,1,0,0,0
401856937,2026,WNBA,KAYLA THORNTON,GOLDEN STATE VALKYRIES,"2026-05-25, GS vs CON",16,5,0,2,1,4,2,2,7,1,8,2,3,0,2,3
401856937,2026,WNBA,GABBY WILLIAMS,GOLDEN STATE VALKYRIES,"2026-05-25, GS vs CON",18,15,3,5,3,5,0,0,2,0,2,1,0,0,0,0
401856937,2026,WNBA,KIAH STOKES,GOLDEN STATE VALKYRIES,"2026-05-25, GS vs CON",13,1,0,2,0,0,1,2,1,0,1,1,1,0,0,4
401856937,2026,WNBA,KAILA CHARLES,GOLDEN STATE VALKYRIES,"2026-05-25, GS vs CON",21,12,3,6,2,2,0,1,5,2,7,0,2,0,2,0
401856937,2026,WNBA,VERONICA BURTON,GOLDEN STATE VALKYRIES,"2026-05-25, GS vs CON",17,11,2,4,2,2,1,1,1,1,2,6,0,0,0,3
401856937,2026,WNBA,CECILIA ZANDALASINI,GOLDEN STATE VALKYRIES,"2026-05-25, GS vs CON",14,6,0,1,2,4,0,1,1,0,1,1,0,0,2,1
401856937,2026,WNBA,LAETICIA AMIHERE,GOLDEN STATE VALKYRIES,"2026-05-25, GS vs CON",19,9,3,5,0,0,3,5,2,2,4,3,0,2,0,1
401856937,2026,WNBA,ASHTEN PRECHTEL,GOLDEN STATE VALKYRIES,"2026-05-25, GS vs CON",5,5,1,1,1,2,0,0,0,1,1,0,0,0,1,0
401856937,2026,WNBA,JANELLE SALAUN,GOLDEN STATE VALKYRIES,"2026-05-25, GS vs CON",26,9,2,4,1,9,2,4,3,1,4,2,1,0,3,5
401856937,2026,WNBA,TIFFANY HAYES,GOLDEN STATE VALKYRIES,"2026-05-25, GS vs CON",17,9,3,5,0,2,3,3,2,0,2,3,0,0,0,2
401856937,2026,WNBA,KAITLYN CHEN,GOLDEN STATE VALKYRIES,"2026-05-25, GS vs CON",23,10,3,4,0,1,4,4,0,2,2,2,0,0,1,3
401856937,2026,WNBA,NDJAKALENGA MWENENTANDA,GOLDEN STATE VALKYRIES,"2026-05-25, GS vs CON",6,0,0,0,0,1,0,0,0,1,1,1,0,0,0,1
401856937,2026,WNBA,JUSTE JOCYTE,GOLDEN STATE VALKYRIES,"2026-05-25, GS vs CON",5,5,1,1,1,1,0,0,0,0,0,2,0,0,1,2
401856933,2026,WNBA,ALYSSA THOMAS,PHOENIX MERCURY,"2026-05-24, ATL vs PHX",36,20,9,13,0,0,2,2,11,1,12,7,2,0,4,2
401856933,2026,WNBA,NATASHA MACK,PHOENIX MERCURY,"2026-05-24, ATL vs PHX",16,6,3,5,0,0,0,0,3,4,7,1,0,2,1,4
401856933,2026,WNBA,NOEMIE BROCHANT,PHOENIX MERCURY,"2026-05-24, ATL vs PHX",31,6,3,5,0,2,0,0,3,2,5,2,2,1,1,2
401856933,2026,WNBA,KAHLEAH COPPER,PHOENIX MERCURY,"2026-05-24, ATL vs PHX",30,20,5,10,1,6,7,8,2,1,3,1,0,0,3,3
401856933,2026,WNBA,JOVANA NOGIC,PHOENIX MERCURY,"2026-05-24, ATL vs PHX",21,11,1,5,2,4,3,3,0,0,0,1,0,0,4,4
401856933,2026,WNBA,DEWANNA BONNER,PHOENIX MERCURY,"2026-05-24, ATL vs PHX",24,4,2,4,0,3,0,0,2,1,3,1,2,0,0,0
401856933,2026,WNBA,MARTA SUAREZ,PHOENIX MERCURY,"2026-05-24, ATL vs PHX",10,0,0,0,0,0,0,0,3,0,3,0,0,0,0,0
401856933,2026,WNBA,KYARA LINSKENS,PHOENIX MERCURY,"2026-05-24, ATL vs PHX",12,10,2,2,1,2,3,3,2,0,2,0,1,2,1,1
401856933,2026,WNBA,KIANA WILLIAMS,PHOENIX MERCURY,"2026-05-24, ATL vs PHX",20,3,0,1,0,4,3,3,1,0,1,1,1,1,1,3
401856933,2026,WNBA,NAZ HILLMON,ATLANTA DREAM,"2026-05-24, ATL vs PHX",23,4,2,2,0,0,0,1,2,2,4,0,0,0,1,0
401856933,2026,WNBA,ANGEL REESE,ATLANTA DREAM,"2026-05-24, ATL vs PHX",32,17,6,15,0,1,5,10,5,5,10,4,4,1,3,4
401856933,2026,WNBA,ALLISHA GRAY,ATLANTA DREAM,"2026-05-24, ATL vs PHX",36,18,5,10,2,5,2,3,1,0,1,0,1,0,3,1
401856933,2026,WNBA,JORDIN CANADA,ATLANTA DREAM,"2026-05-24, ATL vs PHX",31,11,4,6,0,2,3,5,7,0,7,14,3,1,1,4
401856933,2026,WNBA,RHYNE HOWARD,ATLANTA DREAM,"2026-05-24, ATL vs PHX",34,21,1,3,6,12,1,2,5,3,8,0,1,0,2,3
401856933,2026,WNBA,SIKA KONE,ATLANTA DREAM,"2026-05-24, ATL vs PHX",6,0,0,1,0,0,0,0,0,0,0,0,0,0,0,0
401856933,2026,WNBA,MADINA OKOT,ATLANTA DREAM,"2026-05-24, ATL vs PHX",7,0,0,2,0,0,0,0,1,1,2,0,0,0,4,3
401856933,2026,WNBA,TE-HINA PAOPAO,ATLANTA DREAM,"2026-05-24, ATL vs PHX",14,3,0,0,1,1,0,0,1,0,1,2,0,0,0,1
401856933,2026,WNBA,INDYA NIVAR,ATLANTA DREAM,"2026-05-24, ATL vs PHX",2,3,0,0,1,1,0,0,1,0,1,0,0,0,0,0
401856933,2026,WNBA,ISOBEL BORLASE,ATLANTA DREAM,"2026-05-24, ATL vs PHX",16,5,1,3,1,4,0,0,3,1,4,2,0,1,0,0
401856934,2026,WNBA,JESSICA SHEPARD,DALLAS WINGS,"2026-05-24, NY vs DAL",33,10,5,8,0,1,0,1,9,2,11,6,0,0,1,3
401856934,2026,WNBA,ALANNA SMITH,DALLAS WINGS,"2026-05-24, NY vs DAL",15,0,0,0,0,1,0,0,2,0,2,3,1,0,0,3
401856934,2026,WNBA,ODYSSEY SIMS,DALLAS WINGS,"2026-05-24, NY vs DAL",8,0,0,0,0,0,0,0,0,0,0,2,0,0,0,0
401856934,2026,WNBA,ARIKE OGUNBOWALE,DALLAS WINGS,"2026-05-24, NY vs DAL",38,19,0,7,5,13,4,6,4,0,4,5,1,0,3,2
401856934,2026,WNBA,PAIGE BUECKERS,DALLAS WINGS,"2026-05-24, NY vs DAL",36,24,5,9,2,4,8,8,4,2,6,2,0,0,1,4
401856934,2026,WNBA,MADDY SIEGRIST,DALLAS WINGS,"2026-05-24, NY vs DAL",6,2,1,1,0,0,0,0,1,0,1,0,1,1,1,1
401856934,2026,WNBA,AWAK KUIER,DALLAS WINGS,"2026-05-24, NY vs DAL",24,10,0,0,2,3,4,4,5,1,6,1,0,2,1,0
401856934,2026,WNBA,LI YUERU,DALLAS WINGS,"2026-05-24, NY vs DAL",3,0,0,0,0,1,0,0,1,0,1,0,0,0,0,0
401856934,2026,WNBA,AZZI FUDD,DALLAS WINGS,"2026-05-24, NY vs DAL",32,24,3,3,6,12,0,0,2,0,2,3,3,2,1,3
401856934,2026,WNBA,AZIAHA JAMES,DALLAS WINGS,"2026-05-24, NY vs DAL",4,2,1,2,0,0,0,0,0,1,1,0,0,0,0,0
401856934,2026,WNBA,BREANNA STEWART,NEW YORK LIBERTY,"2026-05-24, NY vs DAL",34,14,7,16,0,2,0,0,7,4,11,3,1,0,2,1
401856934,2026,WNBA,SATOU SABALLY,NEW YORK LIBERTY,"2026-05-24, NY vs DAL",25,20,3,8,3,6,5,5,1,1,2,2,0,0,1,4
401856934,2026,WNBA,JONQUEL JONES,NEW YORK LIBERTY,"2026-05-24, NY vs DAL",29,14,5,8,0,3,4,5,5,2,7,2,1,0,1,3
401856934,2026,WNBA,MARINE JOHANNES,NEW YORK LIBERTY,"2026-05-24, NY vs DAL",22,0,0,0,0,3,0,0,2,1,3,5,0,0,1,3
401856934,2026,WNBA,SABRINA IONESCU,NEW YORK LIBERTY,"2026-05-24, NY vs DAL",31,11,2,10,2,5,1,2,5,0,5,7,0,0,1,2
401856934,2026,WNBA,ANNELI MALEY,NEW YORK LIBERTY,"2026-05-24, NY vs DAL",11,0,0,0,0,2,0,0,1,2,3,0,1,0,0,4
401856934,2026,WNBA,RAQUEL CARRERA,NEW YORK LIBERTY,"2026-05-24, NY vs DAL",1,0,0,0,0,0,0,0,0,0,0,1,0,0,0,0
401856934,2026,WNBA,HAN XU,NEW YORK LIBERTY,"2026-05-24, NY vs DAL",12,6,0,1,2,3,0,0,2,0,2,0,0,0,0,0
401856934,2026,WNBA,REBEKAH GARDNER,NEW YORK LIBERTY,"2026-05-24, NY vs DAL",16,4,2,2,0,0,0,0,1,0,1,0,0,0,1,0
401856934,2026,WNBA,PAULINE ASTIER,NEW YORK LIBERTY,"2026-05-24, NY vs DAL",18,7,1,1,1,2,2,2,0,0,0,1,1,0,2,1
401856935,2026,WNBA,MICHAELA ONYENWERE,WASHINGTON MYSTICS,"2026-05-24, SEA vs WSH",17,6,1,2,0,1,4,4,0,0,0,0,1,0,2,4
401856935,2026,WNBA,KIKI IRIAFEN,WASHINGTON MYSTICS,"2026-05-24, SEA vs WSH",26,13,3,7,1,1,4,6,3,1,4,0,2,1,0,2
401856935,2026,WNBA,SHAKIRA AUSTIN,WASHINGTON MYSTICS,"2026-05-24, SEA vs WSH",29,12,3,5,1,2,3,3,4,0,4,0,2,2,1,3
401856935,2026,WNBA,SONIA CITRON,WASHINGTON MYSTICS,"2026-05-24, SEA vs WSH",32,16,3,4,0,2,10,11,4,1,5,2,2,0,2,2
401856935,2026,WNBA,GEORGIA AMOORE,WASHINGTON MYSTICS,"2026-05-24, SEA vs WSH",26,13,1,2,1,7,8,8,2,0,2,6,0,2,4,6
401856935,2026,WNBA,ANGELA DUGALIC,WASHINGTON MYSTICS,"2026-05-24, SEA vs WSH",12,13,4,5,1,1,2,3,2,1,3,1,1,0,0,0
401856935,2026,WNBA,LAUREN BETTS,WASHINGTON MYSTICS,"2026-05-24, SEA vs WSH",13,6,2,4,0,0,2,4,2,1,3,0,0,0,2,2
401856935,2026,WNBA,RORI HARMON,WASHINGTON MYSTICS,"2026-05-24, SEA vs WSH",3,2,1,1,0,1,0,0,1,0,1,0,0,0,1,1
401856935,2026,WNBA,LUCY OLSEN,WASHINGTON MYSTICS,"2026-05-24, SEA vs WSH",4,0,0,0,0,1,0,0,2,0,2,2,0,0,0,0
401856935,2026,WNBA,COTIE MCMAHON,WASHINGTON MYSTICS,"2026-05-24, SEA vs WSH",16,2,0,2,0,1,2,2,0,2,2,1,1,0,0,4
401856935,2026,WNBA,CASSANDRE PROSPER,WASHINGTON MYSTICS,"2026-05-24, SEA vs WSH",22,2,1,5,0,3,0,0,0,0,0,2,0,0,1,2
401856935,2026,WNBA,JORDAN HORSTON,SEATTLE STORM,"2026-05-24, SEA vs WSH",20,5,1,1,1,3,0,0,3,0,3,1,1,0,1,3
401856935,2026,WNBA,STEFANIE DOLSON,SEATTLE STORM,"2026-05-24, SEA vs WSH",26,16,1,1,2,2,8,8,3,0,3,2,0,2,1,5
401856935,2026,WNBA,NATISHA HIEDEMAN,SEATTLE STORM,"2026-05-24, SEA vs WSH",28,24,3,6,4,6,6,6,1,0,1,5,0,0,2,3
401856935,2026,WNBA,FLAU'JAE JOHNSON,SEATTLE STORM,"2026-05-24, SEA vs WSH",25,17,2,7,2,7,7,7,5,1,6,1,1,1,2,4
401856935,2026,WNBA,JADE MELBOURNE,SEATTLE STORM,"2026-05-24, SEA vs WSH",25,3,0,4,0,2,3,4,1,1,2,6,2,0,2,4
401856935,2026,WNBA,KATIE LOU SAMUELSON,SEATTLE STORM,"2026-05-24, SEA vs WSH",18,3,0,0,1,2,0,0,2,0,2,2,0,0,1,0
401856935,2026,WNBA,MACKENZIE HOLMES,SEATTLE STORM,"2026-05-24, SEA vs WSH",14,2,1,2,0,0,0,0,3,1,4,0,3,0,0,3
401856935,2026,WNBA,AWA FAM,SEATTLE STORM,"2026-05-24, SEA vs WSH",20,10,4,6,0,1,2,2,2,0,2,0,1,0,2,4
401856935,2026,WNBA,LEXIE BROWN,SEATTLE STORM,"2026-05-24, SEA vs WSH",8,7,0,0,1,1,4,5,0,0,0,1,2,0,0,1
401856935,2026,WNBA,ZIA COOKE,SEATTLE STORM,"2026-05-24, SEA vs WSH",17,10,1,4,2,4,2,2,1,0,1,2,0,0,3,1
401856930,2026,WNBA,NATASHA HOWARD,MINNESOTA LYNX,"2026-05-23, CHI vs MIN",33,26,11,15,0,0,4,5,9,5,14,5,0,0,3,5
401856930,2026,WNBA,NIA COFFEY,MINNESOTA LYNX,"2026-05-23, CHI vs MIN",25,8,2,4,1,7,1,1,5,2,7,0,0,2,4,3
401856930,2026,WNBA,KAYLA MCBRIDE,MINNESOTA LYNX,"2026-05-23, CHI vs MIN",35,13,2,5,2,4,3,3,6,0,6,4,1,0,0,1
401856930,2026,WNBA,COURTNEY WILLIAMS,MINNESOTA LYNX,"2026-05-23, CHI vs MIN",33,17,8,17,0,1,1,1,6,2,8,3,3,2,2,3
401856930,2026,WNBA,OLIVIA MILES,MINNESOTA LYNX,"2026-05-23, CHI vs MIN",33,14,4,12,0,2,6,7,8,1,9,5,2,0,5,3
401856930,2026,WNBA,LIATU KING,MINNESOTA LYNX,"2026-05-23, CHI vs MIN",10,0,0,1,0,0,0,2,3,1,4,0,1,3,2,3
401856930,2026,WNBA,ANTONIA DELAERE,MINNESOTA LYNX,"2026-05-23, CHI vs MIN",11,3,0,2,1,1,0,0,1,0,1,0,0,0,0,0
401856930,2026,WNBA,EMESE HOF,MINNESOTA LYNX,"2026-05-23, CHI vs MIN",6,2,1,1,0,0,0,0,1,1,2,0,0,0,2,3
401856930,2026,WNBA,MAYA CALDWELL,MINNESOTA LYNX,"2026-05-23, CHI vs MIN",13,2,0,1,0,1,2,2,2,1,3,2,0,0,1,3
401856930,2026,WNBA,KAMILLA CARDOSO,CHICAGO SKY,"2026-05-23, CHI vs MIN",23,17,4,6,0,0,9,9,5,2,7,0,1,0,1,4
401856930,2026,WNBA,SKYLAR DIGGINS,CHICAGO SKY,"2026-05-23, CHI vs MIN",32,13,4,11,0,1,5,7,4,2,6,6,1,0,3,3
401856930,2026,WNBA,NATASHA CLOUD,CHICAGO SKY,"2026-05-23, CHI vs MIN",32,6,2,4,0,2,2,3,2,0,2,1,1,1,3,3
401856930,2026,WNBA,JACY SHELDON,CHICAGO SKY,"2026-05-23, CHI vs MIN",19,5,1,2,1,4,0,0,1,0,1,1,2,0,0,3
401856930,2026,WNBA,GABRIELA JAQUEZ,CHICAGO SKY,"2026-05-23, CHI vs MIN",23,7,0,4,1,4,4,4,4,0,4,0,2,0,1,3
401856930,2026,WNBA,AZURA STEVENS,CHICAGO SKY,"2026-05-23, CHI vs MIN",16,6,3,7,0,3,0,0,3,0,3,1,1,1,2,1
401856930,2026,WNBA,ELIZABETH WILLIAMS,CHICAGO SKY,"2026-05-23, CHI vs MIN",18,4,2,7,0,0,0,2,1,2,3,1,1,0,0,1
401856930,2026,WNBA,RACHEL BANHAM,CHICAGO SKY,"2026-05-23, CHI vs MIN",17,6,0,0,2,6,0,0,0,0,0,3,1,0,0,0
401856930,2026,WNBA,SYDNEY TAYLOR,CHICAGO SKY,"2026-05-23, CHI vs MIN",20,11,1,3,2,9,3,5,1,1,2,1,1,0,1,4
401856931,2026,WNBA,BRIDGET CARLETON,PORTLAND FIRE,"2026-05-23, TOR vs POR",28,15,1,2,4,8,1,2,2,0,2,3,2,0,2,5
401856931,2026,WNBA,EMILY ENGSTLER,PORTLAND FIRE,"2026-05-23, TOR vs POR",22,16,4,5,1,3,5,5,6,1,7,0,2,4,3,4
401856931,2026,WNBA,NYADIEW PUOCH,PORTLAND FIRE,"2026-05-23, TOR vs POR",24,5,1,5,1,3,0,0,1,2,3,1,1,0,2,2
401856931,2026,WNBA,LUISA GEISELSODER,PORTLAND FIRE,"2026-05-23, TOR vs POR",20,6,3,5,0,2,0,0,4,1,5,0,0,1,1,1
401856931,2026,WNBA,CARLA LEITE,PORTLAND FIRE,"2026-05-23, TOR vs POR",22,15,4,11,0,0,7,7,2,1,3,9,0,0,4,1
401856931,2026,WNBA,FRIEDA BUHNER,PORTLAND FIRE,"2026-05-23, TOR vs POR",13,5,0,0,1,2,2,2,1,1,2,1,0,0,0,0
401856931,2026,WNBA,MEGAN DILEO,PORTLAND FIRE,"2026-05-23, TOR vs POR",20,14,4,5,2,3,0,0,2,2,4,0,0,1,0,3
401856931,2026,WNBA,SERAH WILLIAMS,PORTLAND FIRE,"2026-05-23, TOR vs POR",14,8,3,6,0,0,2,2,2,1,3,0,2,1,0,2
401856931,2026,WNBA,HOLLY WINTERBURN,PORTLAND FIRE,"2026-05-23, TOR vs POR",1,0,0,0,0,0,0,0,0,0,0,0,0,0,0,0
401856931,2026,WNBA,SARAH ASHLEE BARKER,PORTLAND FIRE,"2026-05-23, TOR vs POR",19,12,4,5,1,1,1,3,2,1,3,1,0,0,0,2
401856931,2026,WNBA,TEJA OBLAK,PORTLAND FIRE,"2026-05-23, TOR vs POR",17,3,0,3,1,1,0,0,1,0,1,9,0,0,2,2
401856931,2026,WNBA,NYARA SABALLY,TORONTO TEMPO,"2026-05-23, TOR vs POR",23,9,3,5,1,1,0,0,2,1,3,0,0,1,0,1
401856931,2026,WNBA,LAURA JUSKAITE,TORONTO TEMPO,"2026-05-23, TOR vs POR",20,3,1,2,0,1,1,1,2,0,2,1,0,0,1,3
401856931,2026,WNBA,BRITTNEY SYKES,TORONTO TEMPO,"2026-05-23, TOR vs POR",34,10,3,7,0,2,4,4,0,0,0,5,1,0,7,3
401856931,2026,WNBA,MARINA MABREY,TORONTO TEMPO,"2026-05-23, TOR vs POR",28,19,4,7,3,8,2,3,2,3,5,8,0,1,4,4
401856931,2026,WNBA,KIKI RICE,TORONTO TEMPO,"2026-05-23, TOR vs POR",30,19,8,10,0,1,3,4,3,2,5,3,2,1,1,2
401856931,2026,WNBA,MARIA CONDE,TORONTO TEMPO,"2026-05-23, TOR vs POR",23,8,2,4,1,5,1,2,3,2,5,1,0,0,1,2
401856931,2026,WNBA,TEONNI KEY,TORONTO TEMPO,"2026-05-23, TOR vs POR",11,4,2,2,0,0,0,0,1,1,2,0,0,1,1,2
401856931,2026,WNBA,NIKOLINA MILIC,TORONTO TEMPO,"2026-05-23, TOR vs POR",8,1,0,1,0,1,1,2,2,0,2,0,0,0,1,1
401856931,2026,WNBA,MARIELLA FASOULA,TORONTO TEMPO,"2026-05-23, TOR vs POR",3,0,0,0,0,0,0,0,1,0,1,0,0,0,1,0
401856931,2026,WNBA,KIA NURSE,TORONTO TEMPO,"2026-05-23, TOR vs POR",12,4,1,2,0,5,2,2,2,0,2,0,0,0,0,1
401856931,2026,WNBA,LEXI HELD,TORONTO TEMPO,"2026-05-23, TOR vs POR",8,3,0,1,1,1,0,0,1,1,2,1,0,0,0,2
401856932,2026,WNBA,DEARICA HAMBY,LOS ANGELES SPARKS,"2026-05-23, LV vs LA",36,16,5,10,1,2,3,4,5,0,5,4,1,0,3,6
401856932,2026,WNBA,CAMERON BRINK,LOS ANGELES SPARKS,"2026-05-23, LV vs LA",24,16,5,6,2,5,0,1,4,4,8,0,1,1,6,6
401856932,2026,WNBA,ERICA WHEELER,LOS ANGELES SPARKS,"2026-05-23, LV vs LA",34,10,2,4,2,3,0,0,7,0,7,6,2,0,2,2
401856932,2026,WNBA,KELSEY PLUM,LOS ANGELES SPARKS,"2026-05-23, LV vs LA",37,38,6,10,6,7,8,8,4,0,4,9,1,0,3,4
401856932,2026,WNBA,ARIEL ATKINS,LOS ANGELES SPARKS,"2026-05-23, LV vs LA",30,11,4,7,1,5,0,0,3,0,3,3,1,0,2,1
401856932,2026,WNBA,EMMA CANNON,LOS ANGELES SPARKS,"2026-05-23, LV vs LA",1,0,0,0,0,0,0,0,0,0,0,0,0,0,0,1
401856932,2026,WNBA,JIHYUN PARK,LOS ANGELES SPARKS,"2026-05-23, LV vs LA",7,0,0,0,0,1,0,0,1,0,1,1,1,0,0,2
401856932,2026,WNBA,RAE BURRELL,LOS ANGELES SPARKS,"2026-05-23, LV vs LA",25,10,1,1,2,6,2,2,2,0,2,2,1,0,1,1
401856932,2026,WNBA,KATE MARTIN,LOS ANGELES SPARKS,"2026-05-23, LV vs LA",6,0,0,0,0,0,0,0,0,0,0,1,0,0,0,1
401856932,2026,WNBA,STEPHANIE TALBOT,LAS VEGAS ACES,"2026-05-23, LV vs LA",16,2,1,1,0,1,0,0,1,2,3,1,0,0,0,2
401856932,2026,WNBA,NALYSSA SMITH,LAS VEGAS ACES,"2026-05-23, LV vs LA",28,22,7,10,1,2,5,7,3,6,9,1,2,1,1,1
401856932,2026,WNBA,A'JA WILSON,LAS VEGAS ACES,"2026-05-23, LV vs LA",35,24,6,16,2,4,6,6,13,2,15,4,2,4,3,1
401856932,2026,WNBA,CHELSEA GRAY,LAS VEGAS ACES,"2026-05-23, LV vs LA",37,12,6,9,0,5,0,0,2,0,2,7,1,2,3,3
401856932,2026,WNBA,JACKIE YOUNG,LAS VEGAS ACES,"2026-05-23, LV vs LA",19,0,0,0,0,2,0,0,2,1,3,2,0,1,3,5
401856932,2026,WNBA,BRIANNA TURNER,LAS VEGAS ACES,"2026-05-23, LV vs LA",8,2,0,0,0,0,2,2,1,0,1,1,0,0,0,2
401856932,2026,WNBA,JEWELL LOYD,LAS VEGAS ACES,"2026-05-23, LV vs LA",29,10,0,2,3,11,1,2,0,0,0,2,0,0,1,3
401856932,2026,WNBA,CHENNEDY CARTER,LAS VEGAS ACES,"2026-05-23, LV vs LA",26,23,4,9,4,4,3,4,1,2,3,3,1,1,3,3
401856927,2026,WNBA,JESSICA SHEPARD,DALLAS WINGS,"2026-05-22, ATL vs DAL",31,10,5,10,0,1,0,0,5,6,11,2,0,0,3,3
401856927,2026,WNBA,ALANNA SMITH,DALLAS WINGS,"2026-05-22, ATL vs DAL",10,2,1,1,0,2,0,0,0,2,2,0,0,0,0,2
401856927,2026,WNBA,ODYSSEY SIMS,DALLAS WINGS,"2026-05-22, ATL vs DAL",21,14,4,4,1,2,3,3,1,0,1,5,2,0,1,2
401856927,2026,WNBA,ARIKE OGUNBOWALE,DALLAS WINGS,"2026-05-22, ATL vs DAL",25,2,1,6,0,5,0,0,0,0,0,1,0,1,2,2
401856927,2026,WNBA,PAIGE BUECKERS,DALLAS WINGS,"2026-05-22, ATL vs DAL",31,7,2,7,1,6,0,2,1,0,1,7,2,0,3,4
401856927,2026,WNBA,ALYSHA CLARK,DALLAS WINGS,"2026-05-22, ATL vs DAL",4,0,0,0,0,1,0,0,0,0,0,0,0,1,1,0
401856927,2026,WNBA,MADDY SIEGRIST,DALLAS WINGS,"2026-05-22, ATL vs DAL",17,5,1,7,1,1,0,0,0,2,2,1,0,1,0,1
401856927,2026,WNBA,AWAK KUIER,DALLAS WINGS,"2026-05-22, ATL vs DAL",17,16,4,4,2,2,2,5,4,0,4,0,1,1,3,0
401856927,2026,WNBA,LI YUERU,DALLAS WINGS,"2026-05-22, ATL vs DAL",5,0,0,0,0,0,0,0,0,0,0,0,0,0,0,0
401856927,2026,WNBA,AZZI FUDD,DALLAS WINGS,"2026-05-22, ATL vs DAL",21,7,2,5,1,4,0,0,1,0,1,0,1,3,0,1
401856927,2026,WNBA,AZIAHA JAMES,DALLAS WINGS,"2026-05-22, ATL vs DAL",18,6,1,2,1,4,1,2,4,0,4,5,3,1,1,3
401856927,2026,WNBA,NAZ HILLMON,ATLANTA DREAM,"2026-05-22, ATL vs DAL",36,6,3,3,0,3,0,0,3,0,3,2,0,0,4,2
401856927,2026,WNBA,ANGEL REESE,ATLANTA DREAM,"2026-05-22, ATL vs DAL",32,15,7,11,0,0,1,2,6,3,9,2,0,0,5,3
401856927,2026,WNBA,ALLISHA GRAY,ATLANTA DREAM,"2026-05-22, ATL vs DAL",34,16,7,11,0,3,2,2,3,1,4,1,1,1,1,1
401856927,2026,WNBA,JORDIN CANADA,ATLANTA DREAM,"2026-05-22, ATL vs DAL",30,9,3,7,1,2,0,0,4,1,5,6,1,0,1,2
401856927,2026,WNBA,RHYNE HOWARD,ATLANTA DREAM,"2026-05-22, ATL vs DAL",35,25,5,9,2,3,9,9,4,0,4,8,4,2,2,1
401856927,2026,WNBA,SIKA KONE,ATLANTA DREAM,"2026-05-22, ATL vs DAL",4,2,1,2,0,0,0,0,1,0,1,0,0,0,0,0
401856927,2026,WNBA,MADINA OKOT,ATLANTA DREAM,"2026-05-22, ATL vs DAL",8,0,0,0,0,0,0,0,5,0,5,0,0,1,2,0
401856927,2026,WNBA,TE-HINA PAOPAO,ATLANTA DREAM,"2026-05-22, ATL vs DAL",13,9,0,1,3,3,0,0,2,0,2,2,0,0,2,0
401856927,2026,WNBA,AALIYAH NYE,ATLANTA DREAM,"2026-05-22, ATL vs DAL",1,0,0,0,0,0,0,0,0,0,0,0,0,0,0,0
401856927,2026,WNBA,INDYA NIVAR,ATLANTA DREAM,"2026-05-22, ATL vs DAL",5,2,1,2,0,1,0,0,1,0,1,1,0,0,0,2
401856927,2026,WNBA,ISOBEL BORLASE,ATLANTA DREAM,"2026-05-22, ATL vs DAL",2,2,1,1,0,0,0,0,1,0,1,0,0,0,0,1
401856928,2026,WNBA,KAYLA THORNTON,GOLDEN STATE VALKYRIES,"2026-05-22, IND vs GS",27,10,2,3,1,2,3,3,2,0,2,0,1,0,1,3
401856928,2026,WNBA,GABBY WILLIAMS,GOLDEN STATE VALKYRIES,"2026-05-22, IND vs GS",22,6,2,5,0,3,2,2,0,0,0,3,4,0,3,0
401856928,2026,WNBA,KIAH STOKES,GOLDEN STATE VALKYRIES,"2026-05-22, IND vs GS",23,2,1,3,0,1,0,0,4,3,7,1,1,1,1,3
401856928,2026,WNBA,KAILA CHARLES,GOLDEN STATE VALKYRIES,"2026-05-22, IND vs GS",23,4,0,3,0,3,4,4,5,2,7,1,0,0,2,4
401856928,2026,WNBA,VERONICA BURTON,GOLDEN STATE VALKYRIES,"2026-05-22, IND vs GS",29,17,2,7,2,5,7,8,3,0,3,3,0,2,3,5
401856928,2026,WNBA,LAETICIA AMIHERE,GOLDEN STATE VALKYRIES,"2026-05-22, IND vs GS",11,2,1,3,0,0,0,2,0,4,4,1,0,0,1,3
401856928,2026,WNBA,JANELLE SALAUN,GOLDEN STATE VALKYRIES,"2026-05-22, IND vs GS",21,4,1,4,0,4,2,2,1,1,2,0,1,0,0,1
401856928,2026,WNBA,TIFFANY HAYES,GOLDEN STATE VALKYRIES,"2026-05-22, IND vs GS",26,19,5,11,2,2,3,3,2,0,2,2,1,0,2,3
401856928,2026,WNBA,KAITLYN CHEN,GOLDEN STATE VALKYRIES,"2026-05-22, IND vs GS",19,18,5,9,2,2,2,3,1,0,1,0,1,0,1,2
401856928,2026,WNBA,MONIQUE BILLINGS,INDIANA FEVER,"2026-05-22, IND vs GS",11,2,1,2,0,0,0,0,2,1,3,0,1,0,1,2
401856928,2026,WNBA,ALIYAH BOSTON,INDIANA FEVER,"2026-05-22, IND vs GS",29,20,7,12,1,3,3,4,12,4,16,3,2,0,2,3
401856928,2026,WNBA,KELSEY MITCHELL,INDIANA FEVER,"2026-05-22, IND vs GS",31,19,4,7,0,3,11,11,0,0,0,3,0,0,1,1
401856928,2026,WNBA,LEXIE HULL,INDIANA FEVER,"2026-05-22, IND vs GS",24,7,0,1,2,4,1,4,3,1,4,2,0,0,1,4
401856928,2026,WNBA,CAITLIN CLARK,INDIANA FEVER,"2026-05-22, IND vs GS",32,22,3,6,4,9,4,5,2,0,2,9,1,1,6,5
401856928,2026,WNBA,MYISHA HINES-ALLEN,INDIANA FEVER,"2026-05-22, IND vs GS",13,2,0,2,0,0,2,2,2,0,2,2,1,1,3,2
401856928,2026,WNBA,MAKAYLA TIMPSON,INDIANA FEVER,"2026-05-22, IND vs GS",12,0,0,1,0,0,0,0,3,2,5,0,1,0,0,0
401856928,2026,WNBA,GRACE VANSLOOTEN,INDIANA FEVER,"2026-05-22, IND vs GS",2,0,0,0,0,0,0,0,0,0,0,0,0,0,0,0
401856928,2026,WNBA,SOPHIE CUNNINGHAM,INDIANA FEVER,"2026-05-22, IND vs GS",28,11,2,3,2,5,1,3,0,0,0,1,1,0,1,4
401856928,2026,WNBA,TYASHA HARRIS,INDIANA FEVER,"2026-05-22, IND vs GS",2,0,0,0,0,0,0,0,0,0,0,0,0,0,1,1
401856928,2026,WNBA,RAVEN JOHNSON,INDIANA FEVER,"2026-05-22, IND vs GS",15,7,2,3,1,2,0,0,2,0,2,2,0,0,2,4
401856929,2026,WNBA,AALIYAH EDWARDS,CONNECTICUT SUN,"2026-05-22, SEA vs CON",24,10,5,11,0,0,0,0,5,2,7,2,2,1,1,3
401856929,2026,WNBA,DIAMOND MILLER,CONNECTICUT SUN,"2026-05-22, SEA vs CON",23,13,3,5,0,1,7,8,3,0,3,2,2,0,3,2
401856929,2026,WNBA,KENNEDY BURKE,CONNECTICUT SUN,"2026-05-22, SEA vs CON",25,7,2,4,1,5,0,1,1,2,3,1,1,1,2,2
401856929,2026,WNBA,CHARLISSE LEGER-WALKER,CONNECTICUT SUN,"2026-05-22, SEA vs CON",30,5,1,6,1,3,0,0,2,1,3,5,2,0,0,1
401856929,2026,WNBA,GIANNA KNEEPKENS,CONNECTICUT SUN,"2026-05-22, SEA vs CON",11,4,2,2,0,3,0,0,1,0,1,0,0,0,0,3
401856929,2026,WNBA,ANEESAH MORROW,CONNECTICUT SUN,"2026-05-22, SEA vs CON",18,7,2,4,1,1,0,1,5,1,6,0,0,0,2,2
401856929,2026,WNBA,RAEGAN BEERS,CONNECTICUT SUN,"2026-05-22, SEA vs CON",14,4,2,3,0,1,0,0,3,1,4,1,1,0,1,2
401856929,2026,WNBA,NELL ANGLOMA,CONNECTICUT SUN,"2026-05-22, SEA vs CON",14,2,0,1,0,0,2,2,2,1,3,1,0,0,0,3
401856929,2026,WNBA,HAILEY VAN LITH,CONNECTICUT SUN,"2026-05-22, SEA vs CON",10,5,1,4,1,1,0,0,0,0,0,1,0,0,1,0
401856929,2026,WNBA,SANIYA RIVERS,CONNECTICUT SUN,"2026-05-22, SEA vs CON",21,2,1,5,0,1,0,2,2,0,2,2,1,1,2,0
401856929,2026,WNBA,ASHLON JACKSON,CONNECTICUT SUN,"2026-05-22, SEA vs CON",9,0,0,0,0,1,0,0,1,0,1,0,0,0,0,0
401856929,2026,WNBA,JORDAN HORSTON,SEATTLE STORM,"2026-05-22, SEA vs CON",22,8,4,7,0,2,0,0,4,0,4,0,3,0,1,2
401856929,2026,WNBA,STEFANIE DOLSON,SEATTLE STORM,"2026-05-22, SEA vs CON",25,5,1,2,1,1,0,0,4,0,4,4,1,0,1,3
401856929,2026,WNBA,NATISHA HIEDEMAN,SEATTLE STORM,"2026-05-22, SEA vs CON",27,11,3,6,1,4,2,2,2,0,2,6,0,0,1,2
401856929,2026,WNBA,FLAU'JAE JOHNSON,SEATTLE STORM,"2026-05-22, SEA vs CON",31,17,4,6,3,6,0,0,7,0,7,5,0,3,5,2
401856929,2026,WNBA,JADE MELBOURNE,SEATTLE STORM,"2026-05-22, SEA vs CON",20,4,2,5,0,0,0,1,3,0,3,4,2,0,1,2
401856929,2026,WNBA,JOYNER HOLMES,SEATTLE STORM,"2026-05-22, SEA vs CON",15,2,1,3,0,1,0,0,4,1,5,1,0,3,2,1
401856929,2026,WNBA,MACKENZIE HOLMES,SEATTLE STORM,"2026-05-22, SEA vs CON",18,2,0,2,0,0,2,4,4,2,6,1,0,1,1,4
401856929,2026,WNBA,TAYLOR THIERRY,SEATTLE STORM,"2026-05-22, SEA vs CON",4,0,0,0,0,0,0,0,0,1,1,0,0,0,0,0
401856929,2026,WNBA,LEXIE BROWN,SEATTLE STORM,"2026-05-22, SEA vs CON",13,3,0,0,1,1,0,0,1,0,1,0,0,0,1,1
401856929,2026,WNBA,ZIA COOKE,SEATTLE STORM,"2026-05-22, SEA vs CON",24,25,5,8,2,6,9,10,3,2,5,1,1,0,2,1
401856924,2026,WNBA,KAYLA THORNTON,GOLDEN STATE VALKYRIES,"2026-05-21, NY vs GS",28,11,5,7,0,2,1,2,3,2,5,1,1,2,0,3
401856924,2026,WNBA,GABBY WILLIAMS,GOLDEN STATE VALKYRIES,"2026-05-21, NY vs GS",21,16,0,5,4,6,4,6,2,0,2,2,0,0,0,3
401856924,2026,WNBA,KIAH STOKES,GOLDEN STATE VALKYRIES,"2026-05-21, NY vs GS",26,6,0,0,2,3,0,0,3,0,3,3,1,1,0,2
401856924,2026,WNBA,KAILA CHARLES,GOLDEN STATE VALKYRIES,"2026-05-21, NY vs GS",24,13,4,5,1,5,2,3,5,2,7,1,0,0,1,1
401856924,2026,WNBA,VERONICA BURTON,GOLDEN STATE VALKYRIES,"2026-05-21, NY vs GS",27,13,2,8,3,6,0,1,3,1,4,7,0,0,1,2
401856924,2026,WNBA,LAETICIA AMIHERE,GOLDEN STATE VALKYRIES,"2026-05-21, NY vs GS",13,5,2,3,0,0,1,2,7,1,8,0,1,0,1,1
401856924,2026,WNBA,JANELLE SALAUN,GOLDEN STATE VALKYRIES,"2026-05-21, NY vs GS",26,12,1,4,2,7,4,5,3,3,6,1,2,0,1,2
401856924,2026,WNBA,TIFFANY HAYES,GOLDEN STATE VALKYRIES,"2026-05-21, NY vs GS",14,9,1,3,1,4,4,4,1,0,1,2,0,0,0,1
401856924,2026,WNBA,MIELA SOWAH,GOLDEN STATE VALKYRIES,"2026-05-21, NY vs GS",3,0,0,0,0,1,0,0,0,0,0,0,0,0,0,1
401856924,2026,WNBA,KAITLYN CHEN,GOLDEN STATE VALKYRIES,"2026-05-21, NY vs GS",15,2,0,1,0,1,2,2,0,0,0,1,0,0,1,1
401856924,2026,WNBA,NDJAKALENGA MWENENTANDA,GOLDEN STATE VALKYRIES,"2026-05-21, NY vs GS",1,0,0,0,0,0,0,0,0,0,0,0,0,0,0,0
401856924,2026,WNBA,BREANNA STEWART,NEW YORK LIBERTY,"2026-05-21, NY vs GS",30,18,7,12,0,1,4,6,7,2,9,2,0,1,1,2
401856924,2026,WNBA,SATOU SABALLY,NEW YORK LIBERTY,"2026-05-21, NY vs GS",16,5,1,5,1,3,0,0,4,0,4,2,0,1,2,3
401856924,2026,WNBA,JONQUEL JONES,NEW YORK LIBERTY,"2026-05-21, NY vs GS",28,16,5,9,1,3,3,4,6,2,8,3,0,1,2,1
401856924,2026,WNBA,MARINE JOHANNES,NEW YORK LIBERTY,"2026-05-21, NY vs GS",26,0,0,0,0,5,0,0,2,1,3,1,1,0,2,1
401856924,2026,WNBA,PAULINE ASTIER,NEW YORK LIBERTY,"2026-05-21, NY vs GS",25,7,2,4,1,1,0,0,5,0,5,2,0,0,0,4
401856924,2026,WNBA,ALEX FOWLER,NEW YORK LIBERTY,"2026-05-21, NY vs GS",15,0,0,1,0,2,0,0,0,0,0,0,1,0,0,4
401856924,2026,WNBA,HAN XU,NEW YORK LIBERTY,"2026-05-21, NY vs GS",7,5,1,1,1,2,0,0,0,0,0,0,0,0,0,0
401856924,2026,WNBA,REBEKAH GARDNER,NEW YORK LIBERTY,"2026-05-21, NY vs GS",19,12,3,3,1,2,3,4,2,0,2,0,0,1,1,1
401856924,2026,WNBA,JULIE VANLOO,NEW YORK LIBERTY,"2026-05-21, NY vs GS",16,2,1,1,0,2,0,0,2,0,2,8,0,0,4,3
401856924,2026,WNBA,REBECCA ALLEN,NEW YORK LIBERTY,"2026-05-21, NY vs GS",17,5,0,2,1,3,2,2,3,1,4,2,0,0,2,3
401856925,2026,WNBA,MARIA CONDE,TORONTO TEMPO,"2026-05-21, MIN vs TOR",20,3,0,2,1,4,0,0,1,0,1,1,0,0,1,3
401856925,2026,WNBA,LAURA JUSKAITE,TORONTO TEMPO,"2026-05-21, MIN vs TOR",26,7,1,1,1,6,2,2,1,2,3,2,0,0,3,5
401856925,2026,WNBA,BRITTNEY SYKES,TORONTO TEMPO,"2026-05-21, MIN vs TOR",20,6,1,3,1,4,1,1,2,1,3,4,0,0,1,2
401856925,2026,WNBA,MARINA MABREY,TORONTO TEMPO,"2026-05-21, MIN vs TOR",19,3,1,1,0,8,1,1,1,1,2,1,2,0,4,2
401856925,2026,WNBA,KIKI RICE,TORONTO TEMPO,"2026-05-21, MIN vs TOR",23,11,1,4,2,3,3,4,5,1,6,4,0,0,0,1
401856925,2026,WNBA,TEONNI KEY,TORONTO TEMPO,"2026-05-21, MIN vs TOR",16,4,2,4,0,1,0,0,1,2,3,0,1,1,1,1
401856925,2026,WNBA,NIKOLINA MILIC,TORONTO TEMPO,"2026-05-21, MIN vs TOR",14,8,4,5,0,1,0,0,1,0,1,1,0,0,0,2
401856925,2026,WNBA,MARIELLA FASOULA,TORONTO TEMPO,"2026-05-21, MIN vs TOR",11,4,2,5,0,0,0,0,0,1,1,1,1,2,1,3
401856925,2026,WNBA,KIA NURSE,TORONTO TEMPO,"2026-05-21, MIN vs TOR",27,23,0,2,6,11,5,6,3,1,4,2,1,0,1,1
401856925,2026,WNBA,LEXI HELD,TORONTO TEMPO,"2026-05-21, MIN vs TOR",23,3,0,3,1,3,0,0,1,0,1,3,0,0,1,3
401856925,2026,WNBA,NATASHA HOWARD,MINNESOTA LYNX,"2026-05-21, MIN vs TOR",22,13,5,7,0,0,3,4,2,4,6,3,0,0,4,3
401856925,2026,WNBA,NIA COFFEY,MINNESOTA LYNX,"2026-05-21, MIN vs TOR",25,8,4,4,0,0,0,0,2,1,3,2,1,0,1,1
401856925,2026,WNBA,KAYLA MCBRIDE,MINNESOTA LYNX,"2026-05-21, MIN vs TOR",23,13,4,5,1,3,2,3,3,1,4,2,1,0,1,1
401856925,2026,WNBA,COURTNEY WILLIAMS,MINNESOTA LYNX,"2026-05-21, MIN vs TOR",29,15,3,7,3,8,0,0,8,0,8,3,0,0,0,2
401856925,2026,WNBA,OLIVIA MILES,MINNESOTA LYNX,"2026-05-21, MIN vs TOR",23,14,6,9,0,1,2,2,4,0,4,5,1,1,2,0
401856925,2026,WNBA,LIATU KING,MINNESOTA LYNX,"2026-05-21, MIN vs TOR",19,9,2,3,1,2,2,4,5,2,7,0,1,0,1,0
401856925,2026,WNBA,ANTONIA DELAERE,MINNESOTA LYNX,"2026-05-21, MIN vs TOR",18,3,0,0,1,3,0,0,0,1,1,4,0,0,1,3
401856925,2026,WNBA,ANASTASIIA OLAIRI KOSU,MINNESOTA LYNX,"2026-05-21, MIN vs TOR",14,5,2,4,0,0,1,2,2,2,4,0,2,1,2,1
401856925,2026,WNBA,MAYA CALDWELL,MINNESOTA LYNX,"2026-05-21, MIN vs TOR",22,16,2,5,4,7,0,0,1,2,3,3,1,1,0,3
401856925,2026,WNBA,ELISKA JOKLOVA,MINNESOTA LYNX,"2026-05-21, MIN vs TOR",5,4,0,1,0,0,4,6,4,2,6,2,0,0,2,0
401856926,2026,WNBA,NNEKA OGWUMIKE,LOS ANGELES SPARKS,"2026-05-21, PHX vs LA",31,12,3,9,2,2,0,0,5,1,6,2,1,0,1,0
401856926,2026,WNBA,DEARICA HAMBY,LOS ANGELES SPARKS,"2026-05-21, PHX vs LA",30,27,5,8,2,3,11,11,10,5,15,3,1,0,0,3
401856926,2026,WNBA,ERICA WHEELER,LOS ANGELES SPARKS,"2026-05-21, PHX vs LA",26,5,1,2,1,2,0,0,1,0,1,4,0,0,2,5
401856926,2026,WNBA,KELSEY PLUM,LOS ANGELES SPARKS,"2026-05-21, PHX vs LA",34,16,2,4,4,10,0,0,1,0,1,7,1,0,4,2
401856926,2026,WNBA,ARIEL ATKINS,LOS ANGELES SPARKS,"2026-05-21, PHX vs LA",24,11,1,1,3,7,0,1,1,0,1,2,3,1,2,5
401856926,2026,WNBA,CAMERON BRINK,LOS ANGELES SPARKS,"2026-05-21, PHX vs LA",19,12,2,4,1,2,5,6,4,1,5,1,1,3,6,4
401856926,2026,WNBA,JIHYUN PARK,LOS ANGELES SPARKS,"2026-05-21, PHX vs LA",11,2,0,0,0,0,2,2,1,0,1,1,1,0,0,3
401856926,2026,WNBA,RAE BURRELL,LOS ANGELES SPARKS,"2026-05-21, PHX vs LA",22,12,2,4,2,5,2,2,1,0,1,2,0,0,2,2
401856926,2026,WNBA,KATE MARTIN,LOS ANGELES SPARKS,"2026-05-21, PHX vs LA",1,0,0,0,0,0,0,0,0,0,0,0,0,0,0,0
401856926,2026,WNBA,CHANCE GRAY,LOS ANGELES SPARKS,"2026-05-21, PHX vs LA",2,0,0,0,0,1,0,0,0,0,0,1,0,0,0,1
401856926,2026,WNBA,DEWANNA BONNER,PHOENIX MERCURY,"2026-05-21, PHX vs LA",30,9,2,2,1,5,2,2,3,2,5,1,3,1,1,1
401856926,2026,WNBA,ALYSSA THOMAS,PHOENIX MERCURY,"2026-05-21, PHX vs LA",35,23,7,13,0,0,9,11,5,2,7,7,2,0,3,2
401856926,2026,WNBA,NATASHA MACK,PHOENIX MERCURY,"2026-05-21, PHX vs LA",28,10,4,6,0,0,2,3,3,6,9,2,2,0,1,4
401856926,2026,WNBA,KAHLEAH COPPER,PHOENIX MERCURY,"2026-05-21, PHX vs LA",36,22,6,13,1,7,7,10,5,0,5,2,0,0,4,2
401856926,2026,WNBA,JOVANA NOGIC,PHOENIX MERCURY,"2026-05-21, PHX vs LA",30,15,2,5,3,6,2,3,1,0,1,3,1,0,1,5
401856926,2026,WNBA,VALERIANE AYAYI,PHOENIX MERCURY,"2026-05-21, PHX vs LA",6,0,0,2,0,0,0,0,2,0,2,0,0,0,0,2
401856926,2026,WNBA,MARTA SUAREZ,PHOENIX MERCURY,"2026-05-21, PHX vs LA",9,6,0,0,2,4,0,0,1,0,1,0,1,0,0,6
401856926,2026,WNBA,NOEMIE BROCHANT,PHOENIX MERCURY,"2026-05-21, PHX vs LA",15,0,0,2,0,2,0,0,2,1,3,1,0,1,2,1
401856926,2026,WNBA,KIANA WILLIAMS,PHOENIX MERCURY,"2026-05-21, PHX vs LA",11,3,0,1,1,1,0,0,0,0,0,1,0,0,1,1
401856921,2026,WNBA,BRIDGET CARLETON,PORTLAND FIRE,"2026-05-20, IND vs POR",25,16,4,7,2,6,2,2,3,0,3,0,3,0,0,3
401856921,2026,WNBA,EMILY ENGSTLER,PORTLAND FIRE,"2026-05-20, IND vs POR",21,5,1,7,1,3,0,0,2,0,2,0,0,0,1,2
401856921,2026,WNBA,NYADIEW PUOCH,PORTLAND FIRE,"2026-05-20, IND vs POR",20,0,0,1,0,0,0,0,0,1,1,0,0,1,1,2
401856921,2026,WNBA,LUISA GEISELSODER,PORTLAND FIRE,"2026-05-20, IND vs POR",22,4,1,2,0,1,2,2,1,0,1,1,0,0,2,5
401856921,2026,WNBA,SUG SUTTON,PORTLAND FIRE,"2026-05-20, IND vs POR",24,14,6,7,0,1,2,2,1,0,1,4,1,0,3,1
401856921,2026,WNBA,MEGAN DILEO,PORTLAND FIRE,"2026-05-20, IND vs POR",18,4,2,3,0,2,0,0,5,1,6,0,1,2,0,4
401856921,2026,WNBA,SERAH WILLIAMS,PORTLAND FIRE,"2026-05-20, IND vs POR",17,6,3,5,0,0,0,1,2,0,2,0,1,0,0,1
401856921,2026,WNBA,HOLLY WINTERBURN,PORTLAND FIRE,"2026-05-20, IND vs POR",8,4,1,1,0,1,2,2,2,0,2,1,0,0,1,2
401856921,2026,WNBA,HALEY JONES,PORTLAND FIRE,"2026-05-20, IND vs POR",13,6,2,3,0,1,2,2,2,1,3,1,0,0,0,2
401856921,2026,WNBA,SARAH ASHLEE BARKER,PORTLAND FIRE,"2026-05-20, IND vs POR",19,8,2,7,0,1,4,4,6,0,6,1,1,0,0,1
401856921,2026,WNBA,CARLA LEITE,PORTLAND FIRE,"2026-05-20, IND vs POR",14,6,2,3,0,0,2,2,1,0,1,1,1,0,4,3
401856921,2026,WNBA,MONIQUE BILLINGS,INDIANA FEVER,"2026-05-20, IND vs POR",21,9,2,6,0,1,5,5,3,1,4,1,1,1,1,0
401856921,2026,WNBA,ALIYAH BOSTON,INDIANA FEVER,"2026-05-20, IND vs POR",21,24,6,7,2,4,6,6,8,0,8,3,2,1,5,2
401856921,2026,WNBA,KELSEY MITCHELL,INDIANA FEVER,"2026-05-20, IND vs POR",28,21,4,8,2,3,7,9,1,1,2,4,0,0,2,4
401856921,2026,WNBA,TYASHA HARRIS,INDIANA FEVER,"2026-05-20, IND vs POR",29,0,0,2,0,4,0,0,1,0,1,7,2,0,0,4
401856921,2026,WNBA,LEXIE HULL,INDIANA FEVER,"2026-05-20, IND vs POR",22,16,0,0,4,4,4,4,8,0,8,1,0,1,1,2
401856921,2026,WNBA,MYISHA HINES-ALLEN,INDIANA FEVER,"2026-05-20, IND vs POR",18,7,3,5,0,0,1,1,2,1,3,3,1,1,2,2
401856921,2026,WNBA,MAKAYLA TIMPSON,INDIANA FEVER,"2026-05-20, IND vs POR",20,2,1,1,0,0,0,2,3,2,5,0,0,0,0,2
401856921,2026,WNBA,SHATORI WALKER-KIMBROUGH,INDIANA FEVER,"2026-05-20, IND vs POR",3,0,0,0,0,0,0,0,0,0,0,0,0,0,0,0
401856921,2026,WNBA,SOPHIE CUNNINGHAM,INDIANA FEVER,"2026-05-20, IND vs POR",15,2,1,1,0,4,0,0,2,0,2,1,0,0,0,1
401856921,2026,WNBA,RAVEN JOHNSON,INDIANA FEVER,"2026-05-20, IND vs POR",22,9,2,4,1,8,2,2,3,0,3,1,0,1,3,4
401856922,2026,WNBA,JESSICA SHEPARD,DALLAS WINGS,"2026-05-20, CHI vs DAL",31,18,6,6,0,1,6,9,9,1,10,12,0,0,1,3
401856922,2026,WNBA,ALANNA SMITH,DALLAS WINGS,"2026-05-20, CHI vs DAL",16,7,2,3,1,3,0,0,4,2,6,0,1,1,0,5
401856922,2026,WNBA,ODYSSEY SIMS,DALLAS WINGS,"2026-05-20, CHI vs DAL",19,4,2,5,0,1,0,0,0,0,0,3,1,0,0,0
401856922,2026,WNBA,ARIKE OGUNBOWALE,DALLAS WINGS,"2026-05-20, CHI vs DAL",32,23,3,10,4,6,5,5,2,0,2,5,0,0,1,2
401856922,2026,WNBA,PAIGE BUECKERS,DALLAS WINGS,"2026-05-20, CHI vs DAL",33,24,10,16,1,3,1,1,3,0,3,4,0,0,3,3
401856922,2026,WNBA,MADDY SIEGRIST,DALLAS WINGS,"2026-05-20, CHI vs DAL",7,0,0,0,0,1,0,0,1,0,1,0,1,0,0,0
401856922,2026,WNBA,AWAK KUIER,DALLAS WINGS,"2026-05-20, CHI vs DAL",5,0,0,1,0,1,0,0,1,0,1,0,0,0,0,1
401856922,2026,WNBA,LI YUERU,DALLAS WINGS,"2026-05-20, CHI vs DAL",20,7,0,1,1,3,4,6,5,4,9,3,1,0,1,3
401856922,2026,WNBA,AZZI FUDD,DALLAS WINGS,"2026-05-20, CHI vs DAL",28,12,2,4,2,2,2,2,0,0,0,1,0,0,1,1
401856922,2026,WNBA,AZIAHA JAMES,DALLAS WINGS,"2026-05-20, CHI vs DAL",8,4,2,5,0,0,0,0,2,2,4,0,1,0,1,2
401856922,2026,WNBA,KAMILLA CARDOSO,CHICAGO SKY,"2026-05-20, CHI vs DAL",33,24,10,14,0,0,4,6,7,4,11,5,0,1,0,2
401856922,2026,WNBA,SKYLAR DIGGINS,CHICAGO SKY,"2026-05-20, CHI vs DAL",34,15,4,8,2,6,1,2,1,0,1,4,1,1,2,3
401856922,2026,WNBA,NATASHA CLOUD,CHICAGO SKY,"2026-05-20, CHI vs DAL",35,21,5,7,1,5,8,8,8,0,8,5,1,1,4,4
401856922,2026,WNBA,JACY SHELDON,CHICAGO SKY,"2026-05-20, CHI vs DAL",21,2,1,2,0,2,0,0,0,0,0,1,0,0,0,2
401856922,2026,WNBA,GABRIELA JAQUEZ,CHICAGO SKY,"2026-05-20, CHI vs DAL",28,12,4,9,0,2,4,4,4,1,5,2,1,0,1,4
401856922,2026,WNBA,ELIZABETH WILLIAMS,CHICAGO SKY,"2026-05-20, CHI vs DAL",18,5,2,4,0,0,1,2,2,1,3,1,1,2,1,2
401856922,2026,WNBA,RACHEL BANHAM,CHICAGO SKY,"2026-05-20, CHI vs DAL",15,10,1,2,2,6,2,2,0,0,0,1,0,0,1,3
401856922,2026,WNBA,AICHA COULIBALY,CHICAGO SKY,"2026-05-20, CHI vs DAL",16,0,0,0,0,0,0,0,2,0,2,1,0,0,0,3
401856923,2026,WNBA,AALIYAH EDWARDS,CONNECTICUT SUN,"2026-05-20, SEA vs CON",27,12,5,10,0,2,2,2,2,2,4,3,1,0,4,4
401856923,2026,WNBA,DIAMOND MILLER,CONNECTICUT SUN,"2026-05-20, SEA vs CON",15,2,1,3,0,3,0,0,1,1,2,0,0,1,0,0
401856923,2026,WNBA,ANEESAH MORROW,CONNECTICUT SUN,"2026-05-20, SEA vs CON",7,2,1,1,0,0,0,0,2,1,3,0,0,0,2,1
401856923,2026,WNBA,HAILEY VAN LITH,CONNECTICUT SUN,"2026-05-20, SEA vs CON",12,0,0,3,0,1,0,0,0,0,0,1,0,0,0,0
401856923,2026,WNBA,GIANNA KNEEPKENS,CONNECTICUT SUN,"2026-05-20, SEA vs CON",4,2,0,1,0,1,2,2,1,0,1,0,0,0,0,0
401856923,2026,WNBA,RAEGAN BEERS,CONNECTICUT SUN,"2026-05-20, SEA vs CON",27,10,3,7,1,1,1,3,4,4,8,2,2,0,2,4
401856923,2026,WNBA,NELL ANGLOMA,CONNECTICUT SUN,"2026-05-20, SEA vs CON",29,15,7,12,0,0,1,4,6,1,7,0,3,1,1,3
401856923,2026,WNBA,KENNEDY BURKE,CONNECTICUT SUN,"2026-05-20, SEA vs CON",23,15,2,3,3,5,2,3,5,1,6,1,0,1,0,2
401856923,2026,WNBA,SANIYA RIVERS,CONNECTICUT SUN,"2026-05-20, SEA vs CON",13,2,1,1,0,0,0,0,3,1,4,3,1,0,1,1
401856923,2026,WNBA,CHARLISSE LEGER-WALKER,CONNECTICUT SUN,"2026-05-20, SEA vs CON",28,16,5,9,1,6,3,3,2,0,2,3,1,0,1,2
401856923,2026,WNBA,ASHLON JACKSON,CONNECTICUT SUN,"2026-05-20, SEA vs CON",15,4,2,2,0,1,0,0,1,0,1,1,2,0,0,2
401856923,2026,WNBA,JORDAN HORSTON,SEATTLE STORM,"2026-05-20, SEA vs CON",17,0,0,1,0,1,0,0,2,1,3,0,2,0,1,1
401856923,2026,WNBA,STEFANIE DOLSON,SEATTLE STORM,"2026-05-20, SEA vs CON",28,3,0,2,0,2,3,4,2,1,3,2,0,2,2,2
401856923,2026,WNBA,NATISHA HIEDEMAN,SEATTLE STORM,"2026-05-20, SEA vs CON",30,20,5,9,3,9,1,1,1,0,1,5,1,0,1,1
401856923,2026,WNBA,FLAU'JAE JOHNSON,SEATTLE STORM,"2026-05-20, SEA vs CON",16,5,2,4,0,2,1,2,3,0,3,0,1,1,0,0
401856923,2026,WNBA,JADE MELBOURNE,SEATTLE STORM,"2026-05-20, SEA vs CON",30,11,1,3,0,1,9,10,2,0,2,3,0,1,5,1
401856923,2026,WNBA,MACKENZIE HOLMES,SEATTLE STORM,"2026-05-20, SEA vs CON",26,18,5,7,1,1,5,5,5,1,6,1,1,2,0,2
401856923,2026,WNBA,TAYLOR THIERRY,SEATTLE STORM,"2026-05-20, SEA vs CON",9,6,0,1,2,3,0,0,1,1,2,0,0,0,0,5
401856923,2026,WNBA,LEXIE BROWN,SEATTLE STORM,"2026-05-20, SEA vs CON",22,5,2,5,0,1,1,1,2,0,2,2,2,0,0,3
401856923,2026,WNBA,ZIA COOKE,SEATTLE STORM,"2026-05-20, SEA vs CON",19,10,4,7,0,3,2,2,3,1,4,1,1,0,5,0
401856923,2026,WNBA,TAINA MAIR,SEATTLE STORM,"2026-05-20, SEA vs CON",3,0,0,1,0,0,0,0,0,0,0,1,0,0,0,0
401856920,2026,WNBA,MARIA CONDE,TORONTO TEMPO,"2026-05-19, PHX vs TOR",33,2,1,5,0,4,0,0,3,1,4,2,0,1,1,3
401856920,2026,WNBA,LAURA JUSKAITE,TORONTO TEMPO,"2026-05-19, PHX vs TOR",23,10,1,2,2,3,2,2,4,1,5,0,0,0,2,5
401856920,2026,WNBA,BRITTNEY SYKES,TORONTO TEMPO,"2026-05-19, PHX vs TOR",35,31,6,11,4,8,7,8,5,2,7,6,0,0,0,3
401856920,2026,WNBA,MARINA MABREY,TORONTO TEMPO,"2026-05-19, PHX vs TOR",32,30,5,9,6,14,2,2,5,0,5,3,1,1,2,2
401856920,2026,WNBA,KIKI RICE,TORONTO TEMPO,"2026-05-19, PHX vs TOR",34,15,3,5,2,2,3,5,5,2,7,3,2,0,2,5
401856920,2026,WNBA,TEONNI KEY,TORONTO TEMPO,"2026-05-19, PHX vs TOR",11,3,0,0,1,3,0,0,2,0,2,0,1,0,2,3
401856920,2026,WNBA,NIKOLINA MILIC,TORONTO TEMPO,"2026-05-19, PHX vs TOR",10,4,2,4,0,0,0,0,1,1,2,0,0,0,1,1
401856920,2026,WNBA,KIA NURSE,TORONTO TEMPO,"2026-05-19, PHX vs TOR",13,0,0,0,0,2,0,0,1,1,2,0,0,0,0,3
401856920,2026,WNBA,LEXI HELD,TORONTO TEMPO,"2026-05-19, PHX vs TOR",9,3,1,2,0,0,1,1,1,0,1,1,0,0,1,1
401856920,2026,WNBA,DEWANNA BONNER,PHOENIX MERCURY,"2026-05-19, PHX vs TOR",30,13,4,7,0,4,5,5,4,0,4,1,1,0,1,2
401856920,2026,WNBA,ALYSSA THOMAS,PHOENIX MERCURY,"2026-05-19, PHX vs TOR",35,17,6,7,0,0,5,6,3,3,6,8,3,0,2,3
401856920,2026,WNBA,NATASHA MACK,PHOENIX MERCURY,"2026-05-19, PHX vs TOR",18,12,6,7,0,0,0,0,8,2,10,3,0,0,0,1
401856920,2026,WNBA,KAHLEAH COPPER,PHOENIX MERCURY,"2026-05-19, PHX vs TOR",35,18,7,14,0,4,4,6,3,0,3,4,0,0,4,1
401856920,2026,WNBA,JOVANA NOGIC,PHOENIX MERCURY,"2026-05-19, PHX vs TOR",29,13,2,6,2,9,3,3,0,0,0,3,0,0,2,4
401856920,2026,WNBA,VALERIANE AYAYI,PHOENIX MERCURY,"2026-05-19, PHX vs TOR",12,3,0,1,0,0,3,6,3,0,3,1,2,0,0,3
401856920,2026,WNBA,NOEMIE BROCHANT,PHOENIX MERCURY,"2026-05-19, PHX vs TOR",25,5,1,2,1,2,0,0,3,1,4,0,0,1,0,1
401856920,2026,WNBA,KYARA LINSKENS,PHOENIX MERCURY,"2026-05-19, PHX vs TOR",3,2,0,1,0,0,2,2,0,2,2,0,0,0,0,1
401856920,2026,WNBA,KIANA WILLIAMS,PHOENIX MERCURY,"2026-05-19, PHX vs TOR",12,7,2,3,1,3,0,0,0,0,0,0,0,0,0,1
401856918,2026,WNBA,KIKI IRIAFEN,WASHINGTON MYSTICS,"2026-05-18, DAL vs WSH",26,9,1,5,1,1,4,6,8,2,10,2,1,0,2,2
401856918,2026,WNBA,SHAKIRA AUSTIN,WASHINGTON MYSTICS,"2026-05-18, DAL vs WSH",26,12,5,10,0,0,2,2,4,0,4,1,1,0,4,0
401856918,2026,WNBA,SONIA CITRON,WASHINGTON MYSTICS,"2026-05-18, DAL vs WSH",26,7,2,4,1,2,0,0,1,0,1,1,1,0,5,3
401856918,2026,WNBA,COTIE MCMAHON,WASHINGTON MYSTICS,"2026-05-18, DAL vs WSH",21,7,1,1,1,2,2,2,1,0,1,1,0,0,4,3
401856918,2026,WNBA,GEORGIA AMOORE,WASHINGTON MYSTICS,"2026-05-18, DAL vs WSH",24,3,0,2,1,4,0,0,1,0,1,3,0,0,2,1
401856918,2026,WNBA,ANGELA DUGALIC,WASHINGTON MYSTICS,"2026-05-18, DAL vs WSH",13,2,1,2,0,0,0,0,3,0,3,1,0,1,0,1
401856918,2026,WNBA,LAUREN BETTS,WASHINGTON MYSTICS,"2026-05-18, DAL vs WSH",15,11,5,7,0,0,1,1,3,0,3,0,0,0,0,1
401856918,2026,WNBA,RORI HARMON,WASHINGTON MYSTICS,"2026-05-18, DAL vs WSH",5,2,0,1,0,1,2,2,1,0,1,2,0,0,1,2
401856918,2026,WNBA,LUCY OLSEN,WASHINGTON MYSTICS,"2026-05-18, DAL vs WSH",10,8,3,3,0,0,2,2,0,0,0,2,0,0,0,2
401856918,2026,WNBA,CASSANDRE PROSPER,WASHINGTON MYSTICS,"2026-05-18, DAL vs WSH",25,6,1,2,1,2,1,2,0,0,0,3,0,0,0,2
401856918,2026,WNBA,ALEX WILSON,WASHINGTON MYSTICS,"2026-05-18, DAL vs WSH",8,2,0,0,0,0,2,3,0,0,0,0,0,0,0,0
401856918,2026,WNBA,JESSICA SHEPARD,DALLAS WINGS,"2026-05-18, DAL vs WSH",27,12,4,7,0,0,4,5,12,4,16,6,0,0,0,1
401856918,2026,WNBA,ALANNA SMITH,DALLAS WINGS,"2026-05-18, DAL vs WSH",7,3,0,2,1,1,0,0,0,1,1,1,2,0,2,4
401856918,2026,WNBA,ODYSSEY SIMS,DALLAS WINGS,"2026-05-18, DAL vs WSH",16,0,0,2,0,1,0,0,0,0,0,4,0,0,4,4
401856918,2026,WNBA,ARIKE OGUNBOWALE,DALLAS WINGS,"2026-05-18, DAL vs WSH",33,16,2,5,2,5,6,6,0,0,0,3,3,0,0,0
401856918,2026,WNBA,PAIGE BUECKERS,DALLAS WINGS,"2026-05-18, DAL vs WSH",33,18,3,7,4,5,0,0,3,0,3,7,0,0,1,3
401856918,2026,WNBA,ALYSHA CLARK,DALLAS WINGS,"2026-05-18, DAL vs WSH",7,3,0,0,1,2,0,0,0,1,1,0,0,0,0,0
401856918,2026,WNBA,MADDY SIEGRIST,DALLAS WINGS,"2026-05-18, DAL vs WSH",20,10,2,5,2,4,0,0,0,0,0,2,0,0,0,3
401856918,2026,WNBA,AWAK KUIER,DALLAS WINGS,"2026-05-18, DAL vs WSH",20,9,4,4,0,2,1,1,2,1,3,4,3,1,0,1
401856918,2026,WNBA,LI YUERU,DALLAS WINGS,"2026-05-18, DAL vs WSH",5,1,0,2,0,1,1,2,0,3,3,0,0,0,0,0
401856918,2026,WNBA,AZZI FUDD,DALLAS WINGS,"2026-05-18, DAL vs WSH",24,12,6,8,0,1,0,0,1,1,2,3,1,0,1,2
401856918,2026,WNBA,AZIAHA JAMES,DALLAS WINGS,"2026-05-18, DAL vs WSH",7,8,1,4,1,2,3,3,2,0,2,0,1,0,0,2
401856919,2026,WNBA,AALIYAH EDWARDS,CONNECTICUT SUN,"2026-05-18, POR vs CON",17,12,5,6,0,0,2,3,1,1,2,0,2,1,2,1
401856919,2026,WNBA,DIAMOND MILLER,CONNECTICUT SUN,"2026-05-18, POR vs CON",13,3,0,0,1,2,0,0,0,0,0,1,0,0,0,4
401856919,2026,WNBA,BRITTNEY GRINER,CONNECTICUT SUN,"2026-05-18, POR vs CON",27,16,6,12,0,0,4,7,2,3,5,4,0,2,2,2
401856919,2026,WNBA,KENNEDY BURKE,CONNECTICUT SUN,"2026-05-18, POR vs CON",21,0,0,2,0,3,0,0,6,0,6,3,2,1,1,2
401856919,2026,WNBA,HAILEY VAN LITH,CONNECTICUT SUN,"2026-05-18, POR vs CON",25,12,4,6,1,3,1,2,1,0,1,3,0,1,2,4
401856919,2026,WNBA,ANEESAH MORROW,CONNECTICUT SUN,"2026-05-18, POR vs CON",34,12,4,6,1,4,1,2,9,3,12,4,1,1,4,1
401856919,2026,WNBA,RAEGAN BEERS,CONNECTICUT SUN,"2026-05-18, POR vs CON",5,4,2,2,0,0,0,0,0,2,2,0,0,0,1,1
401856919,2026,WNBA,NELL ANGLOMA,CONNECTICUT SUN,"2026-05-18, POR vs CON",3,1,0,0,0,0,1,2,0,0,0,0,0,0,0,2
401856919,2026,WNBA,SANIYA RIVERS,CONNECTICUT SUN,"2026-05-18, POR vs CON",28,9,4,5,0,3,1,2,2,1,3,6,4,0,1,3
401856919,2026,WNBA,CHARLISSE LEGER-WALKER,CONNECTICUT SUN,"2026-05-18, POR vs CON",23,10,0,3,3,4,1,2,1,0,1,2,0,0,4,4
401856919,2026,WNBA,GIANNA KNEEPKENS,CONNECTICUT SUN,"2026-05-18, POR vs CON",4,3,0,1,1,1,0,0,0,0,0,0,0,0,0,1
401856919,2026,WNBA,BRIDGET CARLETON,PORTLAND FIRE,"2026-05-18, POR vs CON",33,18,3,5,2,7,6,6,5,0,5,3,3,1,2,2
401856919,2026,WNBA,EMILY ENGSTLER,PORTLAND FIRE,"2026-05-18, POR vs CON",28,15,2,4,2,3,5,5,2,1,3,2,2,1,2,3
401856919,2026,WNBA,NYADIEW PUOCH,PORTLAND FIRE,"2026-05-18, POR vs CON",21,10,4,6,0,2,2,2,3,1,4,0,1,0,1,2
401856919,2026,WNBA,LUISA GEISELSODER,PORTLAND FIRE,"2026-05-18, POR vs CON",25,2,1,3,0,2,0,0,2,0,2,4,0,0,2,4
401856919,2026,WNBA,SUG SUTTON,PORTLAND FIRE,"2026-05-18, POR vs CON",25,12,3,8,1,2,3,4,0,1,1,5,1,0,2,1
401856919,2026,WNBA,MEGAN DILEO,PORTLAND FIRE,"2026-05-18, POR vs CON",8,3,1,1,0,1,1,1,2,0,2,1,0,0,0,1
401856919,2026,WNBA,SERAH WILLIAMS,PORTLAND FIRE,"2026-05-18, POR vs CON",12,3,1,1,0,0,1,4,4,1,5,0,0,1,0,3
401856919,2026,WNBA,HOLLY WINTERBURN,PORTLAND FIRE,"2026-05-18, POR vs CON",15,2,1,2,0,2,0,0,1,0,1,4,1,0,1,2
401856919,2026,WNBA,HALEY JONES,PORTLAND FIRE,"2026-05-18, POR vs CON",12,0,0,0,0,0,0,0,0,0,0,1,1,0,3,1
401856919,2026,WNBA,SARAH ASHLEE BARKER,PORTLAND FIRE,"2026-05-18, POR vs CON",21,18,5,10,2,3,2,4,1,3,4,3,2,0,2,4
401856915,2026,WNBA,STEPHANIE TALBOT,LAS VEGAS ACES,"2026-05-17, ATL vs LV",16,0,0,1,0,0,0,0,4,1,5,2,0,2,0,2
401856915,2026,WNBA,NALYSSA SMITH,LAS VEGAS ACES,"2026-05-17, ATL vs LV",20,13,6,6,0,1,1,3,3,3,6,1,0,0,2,5
401856915,2026,WNBA,A'JA WILSON,LAS VEGAS ACES,"2026-05-17, ATL vs LV",31,20,4,10,2,2,6,7,6,0,6,1,0,2,4,5
401856915,2026,WNBA,CHELSEA GRAY,LAS VEGAS ACES,"2026-05-17, ATL vs LV",33,21,3,5,5,8,0,0,5,0,5,6,1,1,3,0
401856915,2026,WNBA,JACKIE YOUNG,LAS VEGAS ACES,"2026-05-17, ATL vs LV",34,0,0,7,0,5,0,0,6,1,7,7,2,2,2,2
401856915,2026,WNBA,CHEYENNE PARKER-TYUS,LAS VEGAS ACES,"2026-05-17, ATL vs LV",9,4,2,4,0,1,0,0,1,0,1,0,0,1,0,1
401856915,2026,WNBA,BRIANNA TURNER,LAS VEGAS ACES,"2026-05-17, ATL vs LV",6,0,0,0,0,0,0,0,0,1,1,0,1,0,0,1
401856915,2026,WNBA,JEWELL LOYD,LAS VEGAS ACES,"2026-05-17, ATL vs LV",29,7,0,2,2,8,1,2,5,0,5,1,1,0,0,4
401856915,2026,WNBA,CHENNEDY CARTER,LAS VEGAS ACES,"2026-05-17, ATL vs LV",21,20,6,11,1,2,5,5,2,0,2,3,0,0,2,3
401856915,2026,WNBA,NAZ HILLMON,ATLANTA DREAM,"2026-05-17, ATL vs LV",30,6,2,6,0,3,2,4,3,2,5,0,0,0,0,4
401856915,2026,WNBA,ANGEL REESE,ATLANTA DREAM,"2026-05-17, ATL vs LV",29,9,1,7,0,1,7,8,4,4,8,3,0,1,8,3
401856915,2026,WNBA,ALLISHA GRAY,ATLANTA DREAM,"2026-05-17, ATL vs LV",37,25,7,13,1,5,8,11,8,1,9,1,0,1,2,4
401856915,2026,WNBA,JORDIN CANADA,ATLANTA DREAM,"2026-05-17, ATL vs LV",33,11,4,6,0,2,3,3,3,0,3,5,7,0,2,3
401856915,2026,WNBA,TE-HINA PAOPAO,ATLANTA DREAM,"2026-05-17, ATL vs LV",36,19,1,5,4,9,5,6,2,0,2,2,1,1,0,4
401856915,2026,WNBA,SIKA KONE,ATLANTA DREAM,"2026-05-17, ATL vs LV",3,0,0,1,0,1,0,0,0,0,0,0,0,0,0,1
401856915,2026,WNBA,MADINA OKOT,ATLANTA DREAM,"2026-05-17, ATL vs LV",16,14,7,10,0,2,0,1,9,2,11,1,0,1,1,4
401856915,2026,WNBA,AALIYAH NYE,ATLANTA DREAM,"2026-05-17, ATL vs LV",1,0,0,0,0,0,0,0,0,0,0,0,0,0,0,0
401856915,2026,WNBA,INDYA NIVAR,ATLANTA DREAM,"2026-05-17, ATL vs LV",10,0,0,2,0,0,0,4,4,2,6,3,1,1,0,0
401856915,2026,WNBA,ISOBEL BORLASE,ATLANTA DREAM,"2026-05-17, ATL vs LV",4,0,0,0,0,0,0,0,1,0,1,0,0,0,0,0
401856916,2026,WNBA,JORDAN HORSTON,SEATTLE STORM,"2026-05-17, IND vs SEA",15,2,1,4,0,1,0,0,2,0,2,3,1,0,1,2
401856916,2026,WNBA,STEFANIE DOLSON,SEATTLE STORM,"2026-05-17, IND vs SEA",30,6,3,4,0,2,0,0,5,0,5,2,2,1,0,3
401856916,2026,WNBA,NATISHA HIEDEMAN,SEATTLE STORM,"2026-05-17, IND vs SEA",31,19,4,12,3,6,2,2,2,0,2,2,1,1,1,3
401856916,2026,WNBA,FLAU'JAE JOHNSON,SEATTLE STORM,"2026-05-17, IND vs SEA",28,14,3,10,0,4,8,9,4,2,6,0,1,4,2,2
401856916,2026,WNBA,JADE MELBOURNE,SEATTLE STORM,"2026-05-17, IND vs SEA",29,12,3,5,0,2,6,6,1,0,1,3,0,0,2,4
401856916,2026,WNBA,MACKENZIE HOLMES,SEATTLE STORM,"2026-05-17, IND vs SEA",10,4,2,3,0,0,0,0,1,0,1,0,2,0,1,2
401856916,2026,WNBA,GRACE VANSLOOTEN,SEATTLE STORM,"2026-05-17, IND vs SEA",18,5,2,3,0,1,1,4,2,0,2,3,2,2,0,0
401856916,2026,WNBA,LEXIE BROWN,SEATTLE STORM,"2026-05-17, IND vs SEA",17,3,0,0,1,3,0,0,4,0,4,0,0,0,1,2
401856916,2026,WNBA,ZIA COOKE,SEATTLE STORM,"2026-05-17, IND vs SEA",22,13,1,7,2,4,5,6,0,1,1,4,0,0,0,4
401856916,2026,WNBA,MYISHA HINES-ALLEN,INDIANA FEVER,"2026-05-17, IND vs SEA",27,8,3,3,0,0,2,2,4,2,6,4,1,0,1,3
401856916,2026,WNBA,MONIQUE BILLINGS,INDIANA FEVER,"2026-05-17, IND vs SEA",20,4,2,4,0,1,0,0,4,1,5,1,1,0,1,1
401856916,2026,WNBA,KELSEY MITCHELL,INDIANA FEVER,"2026-05-17, IND vs SEA",28,17,7,13,1,5,0,0,0,0,0,2,1,0,0,3
401856916,2026,WNBA,LEXIE HULL,INDIANA FEVER,"2026-05-17, IND vs SEA",19,9,3,5,0,3,3,3,4,0,4,2,0,0,1,4
401856916,2026,WNBA,CAITLIN CLARK,INDIANA FEVER,"2026-05-17, IND vs SEA",24,21,3,6,2,4,9,9,7,0,7,10,0,2,5,3
401856916,2026,WNBA,MAKAYLA TIMPSON,INDIANA FEVER,"2026-05-17, IND vs SEA",18,6,3,7,0,0,0,0,3,3,6,1,1,0,1,3
401856916,2026,WNBA,DAMIRIS DANTAS,INDIANA FEVER,"2026-05-17, IND vs SEA",6,3,0,0,1,1,0,0,0,0,0,0,0,1,0,1
401856916,2026,WNBA,SHATORI WALKER-KIMBROUGH,INDIANA FEVER,"2026-05-17, IND vs SEA",3,0,0,1,0,0,0,0,0,0,0,0,0,0,1,0
401856916,2026,WNBA,SOPHIE CUNNINGHAM,INDIANA FEVER,"2026-05-17, IND vs SEA",25,17,4,4,1,5,6,6,3,0,3,0,1,1,3,2
401856916,2026,WNBA,TYASHA HARRIS,INDIANA FEVER,"2026-05-17, IND vs SEA",13,4,1,3,0,1,2,2,4,0,4,1,0,1,1,1
401856916,2026,WNBA,RAVEN JOHNSON,INDIANA FEVER,"2026-05-17, IND vs SEA",17,0,0,0,0,1,0,0,2,1,3,1,0,1,3,2
401856914,2026,WNBA,RICKEA JACKSON,CHICAGO SKY,"2026-05-17, MIN vs CHI",11,6,3,4,0,2,0,0,1,0,1,0,0,1,2,0
401856914,2026,WNBA,KAMILLA CARDOSO,CHICAGO SKY,"2026-05-17, MIN vs CHI",26,11,5,8,0,0,1,3,8,4,12,4,0,3,1,3
401856914,2026,WNBA,NATASHA CLOUD,CHICAGO SKY,"2026-05-17, MIN vs CHI",32,11,4,6,1,3,0,2,6,0,6,7,0,0,4,4
401856914,2026,WNBA,JACY SHELDON,CHICAGO SKY,"2026-05-17, MIN vs CHI",32,10,2,4,1,3,3,3,1,0,1,2,4,0,1,1
401856914,2026,WNBA,GABRIELA JAQUEZ,CHICAGO SKY,"2026-05-17, MIN vs CHI",32,20,5,9,1,2,7,7,7,1,8,1,1,0,2,2
401856914,2026,WNBA,ELIZABETH WILLIAMS,CHICAGO SKY,"2026-05-17, MIN vs CHI",14,2,1,3,0,0,0,0,6,2,8,0,0,0,2,1
401856914,2026,WNBA,RACHEL BANHAM,CHICAGO SKY,"2026-05-17, MIN vs CHI",23,13,3,6,2,6,1,2,1,0,1,0,0,0,1,1
401856914,2026,WNBA,AICHA COULIBALY,CHICAGO SKY,"2026-05-17, MIN vs CHI",21,8,1,7,0,1,6,6,0,1,1,1,2,0,0,2
401856914,2026,WNBA,SYDNEY TAYLOR,CHICAGO SKY,"2026-05-17, MIN vs CHI",10,5,0,0,1,3,2,2,0,1,1,2,0,0,1,2
401856914,2026,WNBA,NATASHA HOWARD,MINNESOTA LYNX,"2026-05-17, MIN vs CHI",29,17,8,14,0,1,1,4,6,3,9,7,2,0,4,3
401856914,2026,WNBA,NIA COFFEY,MINNESOTA LYNX,"2026-05-17, MIN vs CHI",25,2,1,1,0,3,0,0,3,0,3,2,0,0,1,5
401856914,2026,WNBA,KAYLA MCBRIDE,MINNESOTA LYNX,"2026-05-17, MIN vs CHI",40,20,6,11,2,6,2,2,5,2,7,1,4,1,2,4
401856914,2026,WNBA,COURTNEY WILLIAMS,MINNESOTA LYNX,"2026-05-17, MIN vs CHI",30,17,4,13,3,6,0,0,4,1,5,3,0,0,2,1
401856914,2026,WNBA,OLIVIA MILES,MINNESOTA LYNX,"2026-05-17, MIN vs CHI",35,13,3,6,1,4,4,4,5,1,6,2,4,1,4,4
401856914,2026,WNBA,ANTONIA DELAERE,MINNESOTA LYNX,"2026-05-17, MIN vs CHI",6,0,0,0,0,0,0,0,0,0,0,1,0,0,0,1
401856914,2026,WNBA,ANASTASIIA OLAIRI KOSU,MINNESOTA LYNX,"2026-05-17, MIN vs CHI",6,2,1,1,0,0,0,0,0,0,0,0,0,0,0,1
401856914,2026,WNBA,EMESE HOF,MINNESOTA LYNX,"2026-05-17, MIN vs CHI",11,3,1,3,0,0,1,2,2,1,3,2,0,0,2,2
401856914,2026,WNBA,MAYA CALDWELL,MINNESOTA LYNX,"2026-05-17, MIN vs CHI",16,5,1,2,1,2,0,0,2,0,2,2,0,1,0,0
401856914,2026,WNBA,ELISKA JOKLOVA,MINNESOTA LYNX,"2026-05-17, MIN vs CHI",2,0,0,0,0,0,0,0,0,0,0,0,0,0,0,0
401856917,2026,WNBA,NYARA SABALLY,TORONTO TEMPO,"2026-05-17, LA vs TOR",20,7,3,4,0,0,1,1,2,2,4,4,1,1,2,1
401856917,2026,WNBA,LAURA JUSKAITE,TORONTO TEMPO,"2026-05-17, LA vs TOR",21,7,3,4,0,1,1,2,3,2,5,1,2,0,2,4
401856917,2026,WNBA,BRITTNEY SYKES,TORONTO TEMPO,"2026-05-17, LA vs TOR",38,38,7,13,3,8,15,15,1,0,1,3,3,1,3,3
401856917,2026,WNBA,MARINA MABREY,TORONTO TEMPO,"2026-05-17, LA vs TOR",26,14,0,3,2,4,8,8,2,1,3,4,1,0,3,5
401856917,2026,WNBA,KIKI RICE,TORONTO TEMPO,"2026-05-17, LA vs TOR",35,19,4,5,1,3,8,10,4,1,5,2,0,0,0,5
401856917,2026,WNBA,MARIA CONDE,TORONTO TEMPO,"2026-05-17, LA vs TOR",23,5,1,2,1,4,0,0,0,0,0,3,0,0,1,3
401856917,2026,WNBA,TEONNI KEY,TORONTO TEMPO,"2026-05-17, LA vs TOR",20,6,2,5,0,1,2,2,4,3,7,0,1,1,0,5
401856917,2026,WNBA,KIA NURSE,TORONTO TEMPO,"2026-05-17, LA vs TOR",12,10,0,1,2,3,4,4,0,0,0,0,0,0,1,1
401856917,2026,WNBA,LEXI HELD,TORONTO TEMPO,"2026-05-17, LA vs TOR",5,0,0,0,0,0,0,0,0,0,0,0,0,0,0,0
401856917,2026,WNBA,NNEKA OGWUMIKE,LOS ANGELES SPARKS,"2026-05-17, LA vs TOR",31,17,4,7,2,3,3,4,7,0,7,3,0,0,2,2
401856917,2026,WNBA,DEARICA HAMBY,LOS ANGELES SPARKS,"2026-05-17, LA vs TOR",31,21,6,9,1,2,6,8,5,4,9,3,3,0,1,3
401856917,2026,WNBA,ERICA WHEELER,LOS ANGELES SPARKS,"2026-05-17, LA vs TOR",30,4,1,6,0,3,2,3,1,1,2,7,1,1,3,5
401856917,2026,WNBA,KELSEY PLUM,LOS ANGELES SPARKS,"2026-05-17, LA vs TOR",36,28,8,11,1,3,9,11,1,0,1,7,1,0,3,5
401856917,2026,WNBA,RAE BURRELL,LOS ANGELES SPARKS,"2026-05-17, LA vs TOR",18,2,0,1,0,1,2,2,1,2,3,2,0,0,1,6
401856917,2026,WNBA,CAMERON BRINK,LOS ANGELES SPARKS,"2026-05-17, LA vs TOR",18,7,3,3,0,1,1,2,1,1,2,2,0,2,1,6
401856917,2026,WNBA,JIHYUN PARK,LOS ANGELES SPARKS,"2026-05-17, LA vs TOR",8,2,1,1,0,2,0,0,0,1,1,2,0,0,0,3
401856917,2026,WNBA,KATE MARTIN,LOS ANGELES SPARKS,"2026-05-17, LA vs TOR",18,11,1,1,3,6,0,0,0,0,0,0,1,0,1,0
401856917,2026,WNBA,CHANCE GRAY,LOS ANGELES SPARKS,"2026-05-17, LA vs TOR",10,4,2,2,0,2,0,0,1,0,1,0,0,0,1,2
401856910,2026,WNBA,STEPHANIE TALBOT,LAS VEGAS ACES,"2026-05-15, CON vs LV",22,1,0,0,0,0,1,2,1,0,1,2,1,0,2,3
401856910,2026,WNBA,NALYSSA SMITH,LAS VEGAS ACES,"2026-05-15, CON vs LV",17,4,2,4,0,0,0,0,4,0,4,0,0,1,0,1
401856910,2026,WNBA,A'JA WILSON,LAS VEGAS ACES,"2026-05-15, CON vs LV",32,45,13,16,2,2,13,13,3,0,3,3,1,2,3,2
401856910,2026,WNBA,CHELSEA GRAY,LAS VEGAS ACES,"2026-05-15, CON vs LV",31,12,1,2,3,5,1,1,7,0,7,10,1,0,5,1
401856910,2026,WNBA,JACKIE YOUNG,LAS VEGAS ACES,"2026-05-15, CON vs LV",31,13,6,14,0,2,1,2,4,2,6,6,0,0,4,4
401856910,2026,WNBA,CHEYENNE PARKER-TYUS,LAS VEGAS ACES,"2026-05-15, CON vs LV",14,2,1,1,0,0,0,0,1,1,2,1,0,2,1,2
401856910,2026,WNBA,BRIANNA TURNER,LAS VEGAS ACES,"2026-05-15, CON vs LV",3,0,0,0,0,0,0,0,0,0,0,0,0,0,0,0
401856910,2026,WNBA,JEWELL LOYD,LAS VEGAS ACES,"2026-05-15, CON vs LV",27,6,1,1,1,3,1,2,4,0,4,1,1,0,1,4
401856910,2026,WNBA,CHENNEDY CARTER,LAS VEGAS ACES,"2026-05-15, CON vs LV",22,18,5,7,0,1,8,12,1,0,1,1,2,1,1,1
401856910,2026,WNBA,AALIYAH EDWARDS,CONNECTICUT SUN,"2026-05-15, CON vs LV",17,6,3,5,0,0,0,0,2,1,3,0,1,0,2,3
401856910,2026,WNBA,DIAMOND MILLER,CONNECTICUT SUN,"2026-05-15, CON vs LV",15,10,1,6,2,4,2,2,2,1,3,0,1,0,0,3
401856910,2026,WNBA,KENNEDY BURKE,CONNECTICUT SUN,"2026-05-15, CON vs LV",24,11,4,7,1,5,0,0,2,1,3,3,4,1,3,4
401856910,2026,WNBA,HAILEY VAN LITH,CONNECTICUT SUN,"2026-05-15, CON vs LV",22,17,4,7,3,4,0,0,0,1,1,4,0,0,1,1
401856910,2026,WNBA,GIANNA KNEEPKENS,CONNECTICUT SUN,"2026-05-15, CON vs LV",18,3,1,3,0,2,1,1,1,2,3,1,0,0,2,2
401856910,2026,WNBA,ANEESAH MORROW,CONNECTICUT SUN,"2026-05-15, CON vs LV",27,10,4,8,0,3,2,2,8,2,10,2,2,0,2,4
401856910,2026,WNBA,RAEGAN BEERS,CONNECTICUT SUN,"2026-05-15, CON vs LV",17,6,2,4,0,0,2,2,2,2,4,2,0,0,1,3
401856910,2026,WNBA,NELL ANGLOMA,CONNECTICUT SUN,"2026-05-15, CON vs LV",14,7,3,6,0,0,1,2,0,1,1,1,0,0,1,2
401856910,2026,WNBA,SANIYA RIVERS,CONNECTICUT SUN,"2026-05-15, CON vs LV",28,14,3,6,2,6,2,2,3,0,3,7,2,1,1,3
401856910,2026,WNBA,CHARLISSE LEGER-WALKER,CONNECTICUT SUN,"2026-05-15, CON vs LV",18,10,2,4,1,1,3,4,1,0,1,4,1,0,0,0
401856911,2026,WNBA,KIKI IRIAFEN,WASHINGTON MYSTICS,"2026-05-15, IND vs WSH",36,25,10,16,1,1,2,4,9,4,13,2,1,1,6,3
401856911,2026,WNBA,SHAKIRA AUSTIN,WASHINGTON MYSTICS,"2026-05-15, IND vs WSH",34,19,7,11,0,0,5,6,8,1,9,5,0,3,3,5
401856911,2026,WNBA,SONIA CITRON,WASHINGTON MYSTICS,"2026-05-15, IND vs WSH",38,30,9,10,1,4,9,10,5,1,6,4,1,1,2,1
401856911,2026,WNBA,COTIE MCMAHON,WASHINGTON MYSTICS,"2026-05-15, IND vs WSH",30,13,3,8,2,4,1,2,5,0,5,2,0,0,1,4
401856911,2026,WNBA,GEORGIA AMOORE,WASHINGTON MYSTICS,"2026-05-15, IND vs WSH",24,7,1,1,1,2,2,2,0,0,0,4,0,0,2,3
401856911,2026,WNBA,ANGELA DUGALIC,WASHINGTON MYSTICS,"2026-05-15, IND vs WSH",6,0,0,0,0,0,0,0,3,0,3,0,0,1,0,1
401856911,2026,WNBA,LAUREN BETTS,WASHINGTON MYSTICS,"2026-05-15, IND vs WSH",14,4,1,2,0,0,2,2,0,2,2,0,0,0,1,4
401856911,2026,WNBA,RORI HARMON,WASHINGTON MYSTICS,"2026-05-15, IND vs WSH",9,1,0,0,0,0,1,2,1,0,1,1,1,0,1,1
401856911,2026,WNBA,CASSANDRE PROSPER,WASHINGTON MYSTICS,"2026-05-15, IND vs WSH",25,2,1,4,0,2,0,0,4,0,4,0,0,1,4,6
401856911,2026,WNBA,ALEX WILSON,WASHINGTON MYSTICS,"2026-05-15, IND vs WSH",9,3,0,0,1,3,0,0,1,0,1,0,0,1,0,0
401856911,2026,WNBA,MONIQUE BILLINGS,INDIANA FEVER,"2026-05-15, IND vs WSH",36,10,3,9,1,2,1,2,3,6,9,3,3,2,0,4
401856911,2026,WNBA,ALIYAH BOSTON,INDIANA FEVER,"2026-05-15, IND vs WSH",21,9,2,5,1,3,2,4,3,1,4,1,1,0,0,2
401856911,2026,WNBA,KELSEY MITCHELL,INDIANA FEVER,"2026-05-15, IND vs WSH",39,24,6,17,4,8,0,2,0,0,0,0,1,0,3,2
401856911,2026,WNBA,SOPHIE CUNNINGHAM,INDIANA FEVER,"2026-05-15, IND vs WSH",20,7,1,2,1,3,2,2,1,0,1,2,0,0,0,3
401856911,2026,WNBA,CAITLIN CLARK,INDIANA FEVER,"2026-05-15, IND vs WSH",37,32,3,11,7,17,5,5,3,1,4,10,2,1,4,3
401856911,2026,WNBA,MYISHA HINES-ALLEN,INDIANA FEVER,"2026-05-15, IND vs WSH",21,6,2,2,0,2,2,2,2,0,2,5,2,1,2,4
401856911,2026,WNBA,MAKAYLA TIMPSON,INDIANA FEVER,"2026-05-15, IND vs WSH",4,0,0,1,0,0,0,0,0,1,1,0,0,0,0,1
401856911,2026,WNBA,DAMIRIS DANTAS,INDIANA FEVER,"2026-05-15, IND vs WSH",7,3,0,0,1,2,0,0,2,0,2,0,1,0,0,1
401856911,2026,WNBA,TYASHA HARRIS,INDIANA FEVER,"2026-05-15, IND vs WSH",10,2,1,1,0,1,0,0,0,0,0,1,0,0,1,0
401856911,2026,WNBA,LEXIE HULL,INDIANA FEVER,"2026-05-15, IND vs WSH",26,9,1,2,2,4,1,2,3,1,4,1,3,0,1,5
401856911,2026,WNBA,RAVEN JOHNSON,INDIANA FEVER,"2026-05-15, IND vs WSH",4,0,0,0,0,0,0,0,1,1,2,0,0,0,0,0
401856912,2026,WNBA,NYARA SABALLY,TORONTO TEMPO,"2026-05-15, LA vs TOR",28,14,5,9,0,1,4,4,4,5,9,3,1,2,0,3
401856912,2026,WNBA,NIKOLINA MILIC,TORONTO TEMPO,"2026-05-15, LA vs TOR",5,0,0,0,0,0,0,0,0,0,0,0,0,0,2,1
401856912,2026,WNBA,BRITTNEY SYKES,TORONTO TEMPO,"2026-05-15, LA vs TOR",35,27,5,12,2,7,11,11,4,0,4,7,4,0,3,4
401856912,2026,WNBA,MARINA MABREY,TORONTO TEMPO,"2026-05-15, LA vs TOR",21,7,2,4,1,6,0,0,2,0,2,0,0,1,3,3
401856912,2026,WNBA,JULIE ALLEMAND,TORONTO TEMPO,"2026-05-15, LA vs TOR",21,5,1,1,1,3,0,0,1,0,1,4,2,0,1,1
401856912,2026,WNBA,MARIA CONDE,TORONTO TEMPO,"2026-05-15, LA vs TOR",20,6,0,1,2,5,0,0,2,2,4,0,1,0,2,0
401856912,2026,WNBA,TEONNI KEY,TORONTO TEMPO,"2026-05-15, LA vs TOR",9,5,0,0,1,1,2,2,0,2,2,1,0,1,0,2
401856912,2026,WNBA,LAURA JUSKAITE,TORONTO TEMPO,"2026-05-15, LA vs TOR",25,16,3,5,2,4,4,5,2,1,3,4,4,0,1,5
401856912,2026,WNBA,KIA NURSE,TORONTO TEMPO,"2026-05-15, LA vs TOR",9,4,2,2,0,2,0,0,1,0,1,1,1,0,0,0
401856912,2026,WNBA,LEXI HELD,TORONTO TEMPO,"2026-05-15, LA vs TOR",6,0,0,0,0,0,0,0,0,0,0,0,0,0,0,1
401856912,2026,WNBA,KIKI RICE,TORONTO TEMPO,"2026-05-15, LA vs TOR",21,11,1,3,3,4,0,0,0,0,0,2,0,0,1,4
401856912,2026,WNBA,NNEKA OGWUMIKE,LOS ANGELES SPARKS,"2026-05-15, LA vs TOR",32,20,7,9,1,2,3,3,5,0,5,3,1,0,2,4
401856912,2026,WNBA,DEARICA HAMBY,LOS ANGELES SPARKS,"2026-05-15, LA vs TOR",32,19,8,10,0,0,3,3,6,1,7,4,0,0,2,4
401856912,2026,WNBA,ERICA WHEELER,LOS ANGELES SPARKS,"2026-05-15, LA vs TOR",33,10,1,1,2,4,2,2,2,0,2,7,1,0,3,1
401856912,2026,WNBA,KELSEY PLUM,LOS ANGELES SPARKS,"2026-05-15, LA vs TOR",33,27,6,8,4,8,3,4,0,0,0,9,3,0,2,3
401856912,2026,WNBA,RAE BURRELL,LOS ANGELES SPARKS,"2026-05-15, LA vs TOR",35,13,3,3,2,3,1,2,4,1,5,2,0,0,5,2
401856912,2026,WNBA,CAMERON BRINK,LOS ANGELES SPARKS,"2026-05-15, LA vs TOR",16,10,3,5,0,1,4,6,3,0,3,1,1,1,1,3
401856912,2026,WNBA,KATE MARTIN,LOS ANGELES SPARKS,"2026-05-15, LA vs TOR",6,0,0,1,0,1,0,0,1,0,1,0,0,0,0,1
401856912,2026,WNBA,TA'NIYA LATSON,LOS ANGELES SPARKS,"2026-05-15, LA vs TOR",2,0,0,0,0,0,0,0,0,0,0,0,0,0,0,0
401856912,2026,WNBA,CHANCE GRAY,LOS ANGELES SPARKS,"2026-05-15, LA vs TOR",11,0,0,0,0,2,0,0,1,0,1,0,0,0,1,0
401856913,2026,WNBA,RICKEA JACKSON,CHICAGO SKY,"2026-05-15, PHX vs CHI",32,29,6,12,4,10,5,6,5,1,6,0,0,3,2,0
401856913,2026,WNBA,KAMILLA CARDOSO,CHICAGO SKY,"2026-05-15, PHX vs CHI",23,7,2,6,0,0,3,4,6,2,8,1,0,1,2,4
401856913,2026,WNBA,SKYLAR DIGGINS,CHICAGO SKY,"2026-05-15, PHX vs CHI",12,0,0,3,0,2,0,0,1,1,2,3,1,0,0,3
401856913,2026,WNBA,JACY SHELDON,CHICAGO SKY,"2026-05-15, PHX vs CHI",26,8,2,4,1,2,1,1,0,0,0,3,0,0,2,5
401856913,2026,WNBA,GABRIELA JAQUEZ,CHICAGO SKY,"2026-05-15, PHX vs CHI",29,13,4,4,0,1,5,7,2,1,3,0,1,0,2,2
401856913,2026,WNBA,ELIZABETH WILLIAMS,CHICAGO SKY,"2026-05-15, PHX vs CHI",17,1,0,2,0,0,1,2,3,1,4,1,0,1,1,3
401856913,2026,WNBA,NATASHA CLOUD,CHICAGO SKY,"2026-05-15, PHX vs CHI",23,7,3,6,0,2,1,3,3,0,3,7,2,0,1,5
401856913,2026,WNBA,RACHEL BANHAM,CHICAGO SKY,"2026-05-15, PHX vs CHI",16,5,1,2,1,3,0,0,0,0,0,1,0,1,1,3
401856913,2026,WNBA,AICHA COULIBALY,CHICAGO SKY,"2026-05-15, PHX vs CHI",16,8,4,5,0,1,0,0,1,0,1,0,1,0,0,4
401856913,2026,WNBA,SYDNEY TAYLOR,CHICAGO SKY,"2026-05-15, PHX vs CHI",7,5,1,2,0,1,3,3,0,0,0,0,0,1,0,1
401856913,2026,WNBA,DEWANNA BONNER,PHOENIX MERCURY,"2026-05-15, PHX vs CHI",33,8,3,5,0,2,2,2,6,1,7,0,1,1,2,2
401856913,2026,WNBA,ALYSSA THOMAS,PHOENIX MERCURY,"2026-05-15, PHX vs CHI",33,17,5,10,0,0,7,7,9,2,11,6,0,1,4,4
401856913,2026,WNBA,NATASHA MACK,PHOENIX MERCURY,"2026-05-15, PHX vs CHI",30,10,3,8,0,0,4,6,4,2,6,3,1,4,3,6
401856913,2026,WNBA,KAHLEAH COPPER,PHOENIX MERCURY,"2026-05-15, PHX vs CHI",34,17,2,10,1,6,10,10,5,0,5,1,3,0,1,2
401856913,2026,WNBA,JOVANA NOGIC,PHOENIX MERCURY,"2026-05-15, PHX vs CHI",31,27,1,3,5,8,10,11,2,2,4,0,0,0,1,2
401856913,2026,WNBA,VALERIANE AYAYI,PHOENIX MERCURY,"2026-05-15, PHX vs CHI",12,8,3,4,0,2,2,3,1,1,2,1,0,0,1,0
401856913,2026,WNBA,NOEMIE BROCHANT,PHOENIX MERCURY,"2026-05-15, PHX vs CHI",11,2,1,1,0,0,0,0,1,1,2,0,0,0,0,3
401856913,2026,WNBA,KYARA LINSKENS,PHOENIX MERCURY,"2026-05-15, PHX vs CHI",8,0,0,0,0,2,0,0,2,1,3,1,0,1,1,3
401856913,2026,WNBA,KIANA WILLIAMS,PHOENIX MERCURY,"2026-05-15, PHX vs CHI",8,2,0,0,0,1,2,2,0,0,0,0,0,0,2,0
401856908,2026,WNBA,NATASHA HOWARD,MINNESOTA LYNX,"2026-05-14, DAL vs MIN",35,26,11,14,0,0,4,6,1,4,5,4,0,3,7,4
401856908,2026,WNBA,NIA COFFEY,MINNESOTA LYNX,"2026-05-14, DAL vs MIN",30,13,2,3,3,3,0,0,8,0,8,1,1,2,1,4
401856908,2026,WNBA,KAYLA MCBRIDE,MINNESOTA LYNX,"2026-05-14, DAL vs MIN",34,11,1,5,0,2,9,11,7,1,8,1,1,1,2,3
401856908,2026,WNBA,COURTNEY WILLIAMS,MINNESOTA LYNX,"2026-05-14, DAL vs MIN",31,21,6,6,3,4,0,0,5,0,5,3,2,0,1,3
401856908,2026,WNBA,OLIVIA MILES,MINNESOTA LYNX,"2026-05-14, DAL vs MIN",32,15,7,11,0,1,1,1,1,1,2,6,0,1,3,2
401856908,2026,WNBA,ANTONIA DELAERE,MINNESOTA LYNX,"2026-05-14, DAL vs MIN",13,0,0,0,0,0,0,0,1,0,1,1,0,0,1,0
401856908,2026,WNBA,ANASTASIIA OLAIRI KOSU,MINNESOTA LYNX,"2026-05-14, DAL vs MIN",5,2,1,2,0,0,0,0,0,0,0,1,0,0,0,1
401856908,2026,WNBA,EMMA CECHOVA,MINNESOTA LYNX,"2026-05-14, DAL vs MIN",11,2,1,3,0,0,0,0,2,0,2,0,0,0,0,2
401856908,2026,WNBA,MAYA CALDWELL,MINNESOTA LYNX,"2026-05-14, DAL vs MIN",11,0,0,1,0,3,0,0,0,0,0,3,2,0,1,0
401856908,2026,WNBA,JESSICA SHEPARD,DALLAS WINGS,"2026-05-14, DAL vs MIN",31,7,3,7,0,1,1,2,4,2,6,4,1,0,0,3
401856908,2026,WNBA,ALANNA SMITH,DALLAS WINGS,"2026-05-14, DAL vs MIN",27,6,3,5,0,1,0,1,2,2,4,5,2,1,2,3
401856908,2026,WNBA,ODYSSEY SIMS,DALLAS WINGS,"2026-05-14, DAL vs MIN",25,11,3,6,1,2,2,2,1,0,1,3,2,0,1,0
401856908,2026,WNBA,ARIKE OGUNBOWALE,DALLAS WINGS,"2026-05-14, DAL vs MIN",30,6,1,7,1,4,1,1,1,3,4,1,0,0,1,3
401856908,2026,WNBA,PAIGE BUECKERS,DALLAS WINGS,"2026-05-14, DAL vs MIN",31,27,4,9,3,4,10,11,3,0,3,8,0,0,3,2
401856908,2026,WNBA,ALYSHA CLARK,DALLAS WINGS,"2026-05-14, DAL vs MIN",3,0,0,0,0,0,0,0,0,0,0,0,1,0,0,0
401856908,2026,WNBA,MADDY SIEGRIST,DALLAS WINGS,"2026-05-14, DAL vs MIN",16,17,7,8,0,3,3,3,4,0,4,1,0,1,0,1
401856908,2026,WNBA,AWAK KUIER,DALLAS WINGS,"2026-05-14, DAL vs MIN",6,0,0,0,0,0,0,0,0,1,1,0,0,0,1,1
401856908,2026,WNBA,AZZI FUDD,DALLAS WINGS,"2026-05-14, DAL vs MIN",20,8,4,5,0,2,0,0,1,0,1,0,1,1,2,4
401856908,2026,WNBA,AZIAHA JAMES,DALLAS WINGS,"2026-05-14, DAL vs MIN",11,4,1,3,0,0,2,2,1,1,2,0,2,0,1,1
401856909,2026,WNBA,BREANNA STEWART,NEW YORK LIBERTY,"2026-05-14, POR vs NY",28,22,7,10,1,4,5,6,6,1,7,1,0,0,2,3
401856909,2026,WNBA,JONQUEL JONES,NEW YORK LIBERTY,"2026-05-14, POR vs NY",26,6,2,4,0,0,2,2,8,1,9,3,1,0,2,1
401856909,2026,WNBA,BETNIJAH LANEY-HAMILTON,NEW YORK LIBERTY,"2026-05-14, POR vs NY",17,8,1,1,2,5,0,0,2,0,2,2,1,0,0,1
401856909,2026,WNBA,MARINE JOHANNES,NEW YORK LIBERTY,"2026-05-14, POR vs NY",28,3,0,0,1,7,0,0,3,0,3,11,2,0,1,1
401856909,2026,WNBA,PAULINE ASTIER,NEW YORK LIBERTY,"2026-05-14, POR vs NY",22,20,4,6,3,6,3,4,3,0,3,2,1,0,0,2
401856909,2026,WNBA,AUBREY GRIFFIN,NEW YORK LIBERTY,"2026-05-14, POR vs NY",2,0,0,0,0,0,0,0,1,0,1,0,0,0,0,1
401856909,2026,WNBA,ALEX FOWLER,NEW YORK LIBERTY,"2026-05-14, POR vs NY",17,12,2,2,2,5,2,2,0,0,0,1,0,0,3,6
401856909,2026,WNBA,HAN XU,NEW YORK LIBERTY,"2026-05-14, POR vs NY",7,3,1,2,0,0,1,2,1,1,2,2,0,0,1,0
401856909,2026,WNBA,REBEKAH GARDNER,NEW YORK LIBERTY,"2026-05-14, POR vs NY",20,14,2,3,2,4,4,4,4,1,5,5,0,0,1,1
401856909,2026,WNBA,JULIE VANLOO,NEW YORK LIBERTY,"2026-05-14, POR vs NY",18,9,0,0,3,5,0,0,0,0,0,4,1,0,2,1
401856909,2026,WNBA,REBECCA ALLEN,NEW YORK LIBERTY,"2026-05-14, POR vs NY",14,3,0,1,1,2,0,0,0,0,0,1,1,0,0,2
401856909,2026,WNBA,BRIDGET CARLETON,PORTLAND FIRE,"2026-05-14, POR vs NY",25,11,2,5,2,6,1,1,3,2,5,2,1,0,1,2
401856909,2026,WNBA,KAMIAH SMALLS,PORTLAND FIRE,"2026-05-14, POR vs NY",16,2,1,1,0,2,0,0,0,0,0,4,0,0,2,1
401856909,2026,WNBA,EMILY ENGSTLER,PORTLAND FIRE,"2026-05-14, POR vs NY",19,11,2,4,2,3,1,2,3,1,4,0,0,1,1,1
401856909,2026,WNBA,NYADIEW PUOCH,PORTLAND FIRE,"2026-05-14, POR vs NY",31,13,3,4,2,5,1,1,1,1,2,2,2,0,1,5
401856909,2026,WNBA,LUISA GEISELSODER,PORTLAND FIRE,"2026-05-14, POR vs NY",22,6,3,4,0,2,0,0,5,0,5,1,1,0,1,3
401856909,2026,WNBA,FRIEDA BUHNER,PORTLAND FIRE,"2026-05-14, POR vs NY",14,0,0,0,0,3,0,0,0,0,0,0,0,0,2,2
401856909,2026,WNBA,MEGAN DILEO,PORTLAND FIRE,"2026-05-14, POR vs NY",14,14,5,5,0,1,4,4,2,1,3,0,0,0,1,2
401856909,2026,WNBA,SERAH WILLIAMS,PORTLAND FIRE,"2026-05-14, POR vs NY",4,1,0,0,0,0,1,2,2,0,2,1,1,1,0,0
401856909,2026,WNBA,SUG SUTTON,PORTLAND FIRE,"2026-05-14, POR vs NY",20,8,2,8,1,5,1,4,3,0,3,8,0,0,1,3
401856909,2026,WNBA,HALEY JONES,PORTLAND FIRE,"2026-05-14, POR vs NY",15,10,3,5,0,1,4,6,2,1,3,2,1,0,2,2
401856909,2026,WNBA,SARAH ASHLEE BARKER,PORTLAND FIRE,"2026-05-14, POR vs NY",21,6,0,1,2,3,0,0,2,1,3,2,1,0,3,1
401856904,2026,WNBA,JORDAN HORSTON,SEATTLE STORM,"2026-05-13, TOR vs SEA",18,1,0,0,0,0,1,2,2,0,2,1,0,0,1,1
401856904,2026,WNBA,STEFANIE DOLSON,SEATTLE STORM,"2026-05-13, TOR vs SEA",22,16,4,5,2,3,2,2,3,0,3,0,0,2,3,5
401856904,2026,WNBA,DOMINIQUE MALONGA,SEATTLE STORM,"2026-05-13, TOR vs SEA",32,21,7,16,2,3,1,4,6,1,7,1,1,1,1,1
401856904,2026,WNBA,NATISHA HIEDEMAN,SEATTLE STORM,"2026-05-13, TOR vs SEA",22,5,1,2,1,4,0,0,0,0,0,5,0,0,2,3
401856904,2026,WNBA,FLAU'JAE JOHNSON,SEATTLE STORM,"2026-05-13, TOR vs SEA",29,7,2,6,0,1,3,4,5,1,6,2,1,1,3,3
401856904,2026,WNBA,MACKENZIE HOLMES,SEATTLE STORM,"2026-05-13, TOR vs SEA",5,0,0,0,0,0,0,0,1,0,1,0,0,0,0,0
401856904,2026,WNBA,GRACE VANSLOOTEN,SEATTLE STORM,"2026-05-13, TOR vs SEA",12,2,0,0,0,0,2,2,2,0,2,0,1,1,1,0
401856904,2026,WNBA,LEXIE BROWN,SEATTLE STORM,"2026-05-13, TOR vs SEA",16,0,0,0,0,1,0,0,3,0,3,1,0,0,3,3
401856904,2026,WNBA,ZIA COOKE,SEATTLE STORM,"2026-05-13, TOR vs SEA",16,7,2,3,1,5,0,0,3,0,3,2,0,0,1,1
401856904,2026,WNBA,JADE MELBOURNE,SEATTLE STORM,"2026-05-13, TOR vs SEA",28,14,4,6,1,3,3,3,0,1,1,6,3,0,4,4
401856904,2026,WNBA,NYARA SABALLY,TORONTO TEMPO,"2026-05-13, TOR vs SEA",26,8,2,3,0,1,4,6,3,2,5,3,2,2,2,2
401856904,2026,WNBA,TEONNI KEY,TORONTO TEMPO,"2026-05-13, TOR vs SEA",8,2,1,1,0,0,0,0,0,1,1,0,0,1,0,0
401856904,2026,WNBA,BRITTNEY SYKES,TORONTO TEMPO,"2026-05-13, TOR vs SEA",33,18,5,12,0,2,8,9,4,4,8,6,1,1,4,2
401856904,2026,WNBA,MARINA MABREY,TORONTO TEMPO,"2026-05-13, TOR vs SEA",29,26,3,9,6,11,2,2,4,0,4,3,4,0,1,0
401856904,2026,WNBA,JULIE ALLEMAND,TORONTO TEMPO,"2026-05-13, TOR vs SEA",29,2,1,3,0,2,0,0,3,0,3,6,3,0,3,0
401856904,2026,WNBA,MARIA CONDE,TORONTO TEMPO,"2026-05-13, TOR vs SEA",29,16,2,5,4,8,0,0,6,2,8,0,1,0,1,5
401856904,2026,WNBA,NIKOLINA MILIC,TORONTO TEMPO,"2026-05-13, TOR vs SEA",10,2,1,1,0,0,0,0,1,0,1,1,0,0,1,2
401856904,2026,WNBA,LAURA JUSKAITE,TORONTO TEMPO,"2026-05-13, TOR vs SEA",7,0,0,0,0,1,0,0,1,0,1,0,0,0,0,2
401856904,2026,WNBA,KIA NURSE,TORONTO TEMPO,"2026-05-13, TOR vs SEA",7,0,0,0,0,1,0,0,0,0,0,1,0,0,0,1
401856904,2026,WNBA,LEXI HELD,TORONTO TEMPO,"2026-05-13, TOR vs SEA",2,0,0,0,0,0,0,0,0,0,0,0,0,0,0,0
401856904,2026,WNBA,KIKI RICE,TORONTO TEMPO,"2026-05-13, TOR vs SEA",21,12,4,6,1,3,1,1,2,0,2,1,0,0,0,3
401856905,2026,WNBA,STEPHANIE TALBOT,LAS VEGAS ACES,"2026-05-13, CON vs LV",12,4,2,2,0,0,0,0,2,0,2,0,0,0,0,0
401856905,2026,WNBA,NALYSSA SMITH,LAS VEGAS ACES,"2026-05-13, CON vs LV",18,6,2,4,0,0,2,4,3,2,5,2,2,0,2,5
401856905,2026,WNBA,A'JA WILSON,LAS VEGAS ACES,"2026-05-13, CON vs LV",21,22,8,15,0,0,6,9,7,4,11,1,0,2,1,4
401856905,2026,WNBA,CHELSEA GRAY,LAS VEGAS ACES,"2026-05-13, CON vs LV",26,7,2,4,1,3,0,0,6,0,6,6,1,1,2,1
401856905,2026,WNBA,JACKIE YOUNG,LAS VEGAS ACES,"2026-05-13, CON vs LV",27,11,4,8,0,2,3,3,1,0,1,6,2,0,1,2
401856905,2026,WNBA,CHEYENNE PARKER-TYUS,LAS VEGAS ACES,"2026-05-13, CON vs LV",18,10,3,5,0,0,4,5,2,3,5,1,1,2,1,1
401856905,2026,WNBA,BRIANNA TURNER,LAS VEGAS ACES,"2026-05-13, CON vs LV",18,0,0,0,0,0,0,0,5,0,5,0,0,1,2,2
401856905,2026,WNBA,KIERSTAN BELL,LAS VEGAS ACES,"2026-05-13, CON vs LV",9,0,0,1,0,1,0,0,1,0,1,0,0,0,0,0
401856905,2026,WNBA,JEWELL LOYD,LAS VEGAS ACES,"2026-05-13, CON vs LV",28,11,1,3,3,8,0,0,2,0,2,1,1,0,2,1
401856905,2026,WNBA,CHENNEDY CARTER,LAS VEGAS ACES,"2026-05-13, CON vs LV",25,27,12,14,1,2,0,0,5,3,8,4,2,0,4,3
401856905,2026,WNBA,DIAMOND MILLER,CONNECTICUT SUN,"2026-05-13, CON vs LV",24,5,0,6,1,3,2,2,2,0,2,1,0,0,1,4
401856905,2026,WNBA,OLIVIA NELSON-ODODA,CONNECTICUT SUN,"2026-05-13, CON vs LV",22,14,5,7,0,0,4,4,6,0,6,3,1,0,2,4
401856905,2026,WNBA,KENNEDY BURKE,CONNECTICUT SUN,"2026-05-13, CON vs LV",31,4,2,5,0,3,0,0,1,0,1,5,0,1,4,0
401856905,2026,WNBA,SANIYA RIVERS,CONNECTICUT SUN,"2026-05-13, CON vs LV",30,8,2,10,0,1,4,4,1,0,1,4,0,1,2,1
401856905,2026,WNBA,CHARLISSE LEGER-WALKER,CONNECTICUT SUN,"2026-05-13, CON vs LV",16,2,1,2,0,0,0,0,2,0,2,2,0,0,2,2
401856905,2026,WNBA,ANEESAH MORROW,CONNECTICUT SUN,"2026-05-13, CON vs LV",24,16,3,13,1,3,7,10,7,4,11,0,1,0,0,3
401856905,2026,WNBA,RAEGAN BEERS,CONNECTICUT SUN,"2026-05-13, CON vs LV",14,7,3,8,0,0,1,2,1,2,3,0,1,0,0,4
401856905,2026,WNBA,HAILEY VAN LITH,CONNECTICUT SUN,"2026-05-13, CON vs LV",22,9,2,3,1,2,2,2,0,0,0,1,2,1,2,1
401856905,2026,WNBA,GIANNA KNEEPKENS,CONNECTICUT SUN,"2026-05-13, CON vs LV",16,4,2,3,0,1,0,0,1,2,3,0,1,0,0,1
401856906,2026,WNBA,RICKEA JACKSON,CHICAGO SKY,"2026-05-13, GS vs CHI",39,18,5,13,1,5,5,6,3,2,5,5,1,2,1,3
401856906,2026,WNBA,KAMILLA CARDOSO,CHICAGO SKY,"2026-05-13, GS vs CHI",27,8,3,10,0,0,2,5,6,1,7,1,1,2,1,3
401856906,2026,WNBA,SKYLAR DIGGINS,CHICAGO SKY,"2026-05-13, GS vs CHI",34,15,4,12,1,4,4,6,5,0,5,7,1,2,0,2
401856906,2026,WNBA,JACY SHELDON,CHICAGO SKY,"2026-05-13, GS vs CHI",31,12,2,3,2,5,2,2,6,1,7,4,3,1,1,3
401856906,2026,WNBA,GABRIELA JAQUEZ,CHICAGO SKY,"2026-05-13, GS vs CHI",26,7,2,5,1,2,0,0,5,0,5,2,0,0,1,2
401856906,2026,WNBA,ELIZABETH WILLIAMS,CHICAGO SKY,"2026-05-13, GS vs CHI",13,2,1,2,0,0,0,2,3,3,6,0,0,1,1,1
401856906,2026,WNBA,NATASHA CLOUD,CHICAGO SKY,"2026-05-13, GS vs CHI",18,7,2,4,1,3,0,0,3,1,4,0,0,0,3,4
401856906,2026,WNBA,RACHEL BANHAM,CHICAGO SKY,"2026-05-13, GS vs CHI",12,0,0,0,0,1,0,0,0,0,0,0,1,0,0,1
401856906,2026,WNBA,KAYLA THORNTON,GOLDEN STATE VALKYRIES,"2026-05-13, GS vs CHI",30,0,0,8,0,3,0,0,3,3,6,0,0,1,0,1
401856906,2026,WNBA,GABBY WILLIAMS,GOLDEN STATE VALKYRIES,"2026-05-13, GS vs CHI",32,18,3,11,3,6,3,4,4,1,5,1,1,1,2,1
401856906,2026,WNBA,KIAH STOKES,GOLDEN STATE VALKYRIES,"2026-05-13, GS vs CHI",29,7,3,6,0,2,1,2,8,3,11,2,0,5,0,6
401856906,2026,WNBA,KAILA CHARLES,GOLDEN STATE VALKYRIES,"2026-05-13, GS vs CHI",28,9,3,5,1,4,0,0,4,5,9,2,0,0,1,4
401856906,2026,WNBA,VERONICA BURTON,GOLDEN STATE VALKYRIES,"2026-05-13, GS vs CHI",36,16,3,9,2,6,4,4,3,0,3,4,1,0,5,5
401856906,2026,WNBA,LAETICIA AMIHERE,GOLDEN STATE VALKYRIES,"2026-05-13, GS vs CHI",11,3,1,2,0,0,1,2,1,0,1,1,1,2,1,0
401856906,2026,WNBA,JANELLE SALAUN,GOLDEN STATE VALKYRIES,"2026-05-13, GS vs CHI",17,6,0,1,1,4,3,4,1,0,1,0,0,0,0,1
401856906,2026,WNBA,KAITLYN CHEN,GOLDEN STATE VALKYRIES,"2026-05-13, GS vs CHI",18,4,2,7,0,1,0,0,4,2,6,0,0,0,2,1
401856907,2026,WNBA,MONIQUE BILLINGS,INDIANA FEVER,"2026-05-13, LA vs IND",27,9,1,3,1,1,4,6,6,2,8,2,1,0,3,3
401856907,2026,WNBA,ALIYAH BOSTON,INDIANA FEVER,"2026-05-13, LA vs IND",23,4,0,2,0,1,4,4,4,3,7,2,0,2,2,6
401856907,2026,WNBA,KELSEY MITCHELL,INDIANA FEVER,"2026-05-13, LA vs IND",27,23,6,8,3,9,2,2,0,0,0,0,1,0,2,3
401856907,2026,WNBA,SOPHIE CUNNINGHAM,INDIANA FEVER,"2026-05-13, LA vs IND",27,12,3,4,2,5,0,0,6,1,7,1,1,0,0,0
401856907,2026,WNBA,CAITLIN CLARK,INDIANA FEVER,"2026-05-13, LA vs IND",31,24,8,10,1,7,5,5,4,0,4,9,2,1,6,2
401856907,2026,WNBA,MYISHA HINES-ALLEN,INDIANA FEVER,"2026-05-13, LA vs IND",11,2,1,1,0,0,0,0,1,1,2,3,1,0,0,2
401856907,2026,WNBA,MAKAYLA TIMPSON,INDIANA FEVER,"2026-05-13, LA vs IND",9,2,1,2,0,0,0,0,1,0,1,1,0,0,0,0
401856907,2026,WNBA,DAMIRIS DANTAS,INDIANA FEVER,"2026-05-13, LA vs IND",11,3,0,0,1,4,0,0,1,0,1,0,0,0,1,4
401856907,2026,WNBA,TYASHA HARRIS,INDIANA FEVER,"2026-05-13, LA vs IND",16,7,2,2,1,2,0,0,1,0,1,3,0,0,1,0
401856907,2026,WNBA,LEXIE HULL,INDIANA FEVER,"2026-05-13, LA vs IND",13,1,0,0,0,1,1,2,1,0,1,0,1,0,1,3
401856907,2026,WNBA,RAVEN JOHNSON,INDIANA FEVER,"2026-05-13, LA vs IND",5,0,0,1,0,0,0,0,0,1,1,2,0,0,0,1
401856907,2026,WNBA,NNEKA OGWUMIKE,LOS ANGELES SPARKS,"2026-05-13, LA vs IND",32,10,2,3,1,2,3,4,5,0,5,0,3,1,3,2
401856907,2026,WNBA,DEARICA HAMBY,LOS ANGELES SPARKS,"2026-05-13, LA vs IND",29,16,6,7,0,1,4,5,7,1,8,1,2,0,4,4
401856907,2026,WNBA,KELSEY PLUM,LOS ANGELES SPARKS,"2026-05-13, LA vs IND",37,25,8,11,1,5,6,8,1,0,1,4,1,0,5,3
401856907,2026,WNBA,ARIEL ATKINS,LOS ANGELES SPARKS,"2026-05-13, LA vs IND",16,2,0,3,0,1,2,2,1,1,2,2,1,0,2,3
401856907,2026,WNBA,RAE BURRELL,LOS ANGELES SPARKS,"2026-05-13, LA vs IND",29,10,4,8,0,2,2,2,0,1,1,1,2,0,1,1
401856907,2026,WNBA,CAMERON BRINK,LOS ANGELES SPARKS,"2026-05-13, LA vs IND",19,11,4,4,0,2,3,4,4,1,5,1,1,3,3,3
401856907,2026,WNBA,ERICA WHEELER,LOS ANGELES SPARKS,"2026-05-13, LA vs IND",21,2,1,4,0,1,0,0,1,0,1,4,2,0,0,5
401856907,2026,WNBA,TA'NIYA LATSON,LOS ANGELES SPARKS,"2026-05-13, LA vs IND",2,0,0,0,0,1,0,0,0,0,0,0,0,0,1,0
401856907,2026,WNBA,CHANCE GRAY,LOS ANGELES SPARKS,"2026-05-13, LA vs IND",16,2,1,2,0,0,0,0,1,0,1,0,0,0,0,3
401856901,2026,WNBA,NAZ HILLMON,ATLANTA DREAM,"2026-05-12, DAL vs ATL",36,1,0,2,0,3,1,2,3,0,3,1,0,0,1,4
401856901,2026,WNBA,ANGEL REESE,ATLANTA DREAM,"2026-05-12, DAL vs ATL",34,12,4,7,0,1,4,4,8,8,16,2,1,1,3,3
401856901,2026,WNBA,ALLISHA GRAY,ATLANTA DREAM,"2026-05-12, DAL vs ATL",34,26,5,11,4,9,4,4,4,0,4,0,0,1,0,2
401856901,2026,WNBA,JORDIN CANADA,ATLANTA DREAM,"2026-05-12, DAL vs ATL",31,19,5,8,3,7,0,0,6,1,7,5,3,0,1,3
401856901,2026,WNBA,RHYNE HOWARD,ATLANTA DREAM,"2026-05-12, DAL vs ATL",37,14,2,5,1,9,7,7,1,2,3,4,1,0,0,4
401856901,2026,WNBA,SIKA KONE,ATLANTA DREAM,"2026-05-12, DAL vs ATL",1,0,0,0,0,0,0,0,2,0,2,0,0,0,1,1
401856901,2026,WNBA,MADINA OKOT,ATLANTA DREAM,"2026-05-12, DAL vs ATL",9,0,0,1,0,0,0,0,5,0,5,0,0,0,1,0
401856901,2026,WNBA,TE-HINA PAOPAO,ATLANTA DREAM,"2026-05-12, DAL vs ATL",13,2,1,1,0,3,0,0,3,0,3,1,0,0,2,1
401856901,2026,WNBA,INDYA NIVAR,ATLANTA DREAM,"2026-05-12, DAL vs ATL",1,0,0,0,0,0,0,0,1,0,1,0,0,1,0,0
401856901,2026,WNBA,ISOBEL BORLASE,ATLANTA DREAM,"2026-05-12, DAL vs ATL",4,3,0,1,1,1,0,0,0,0,0,0,0,0,0,0
401856901,2026,WNBA,JESSICA SHEPARD,DALLAS WINGS,"2026-05-12, DAL vs ATL",31,12,6,11,0,0,0,0,5,3,8,3,0,0,2,2
401856901,2026,WNBA,ALANNA SMITH,DALLAS WINGS,"2026-05-12, DAL vs ATL",27,2,1,2,0,6,0,0,4,2,6,3,0,1,3,2
401856901,2026,WNBA,ODYSSEY SIMS,DALLAS WINGS,"2026-05-12, DAL vs ATL",23,7,2,5,1,3,0,0,1,0,1,4,0,0,1,2
401856901,2026,WNBA,ARIKE OGUNBOWALE,DALLAS WINGS,"2026-05-12, DAL vs ATL",36,20,7,11,0,4,6,7,4,0,4,1,1,0,2,2
401856901,2026,WNBA,PAIGE BUECKERS,DALLAS WINGS,"2026-05-12, DAL vs ATL",32,15,3,8,2,4,3,3,2,0,2,3,0,1,0,2
401856901,2026,WNBA,ALYSHA CLARK,DALLAS WINGS,"2026-05-12, DAL vs ATL",14,2,1,1,0,1,0,0,4,0,4,0,0,0,0,2
401856901,2026,WNBA,MADDY SIEGRIST,DALLAS WINGS,"2026-05-12, DAL vs ATL",8,2,1,2,0,1,0,0,3,0,3,0,0,0,0,1
401856901,2026,WNBA,AWAK KUIER,DALLAS WINGS,"2026-05-12, DAL vs ATL",15,6,1,2,1,2,1,2,3,1,4,1,0,1,0,0
401856901,2026,WNBA,AZIAHA JAMES,DALLAS WINGS,"2026-05-12, DAL vs ATL",15,6,2,5,0,5,2,2,1,1,2,0,2,1,0,4
401856902,2026,WNBA,NATASHA HOWARD,MINNESOTA LYNX,"2026-05-12, PHX vs MIN",29,14,6,9,0,0,2,6,7,4,11,2,1,0,4,4
401856902,2026,WNBA,NIA COFFEY,MINNESOTA LYNX,"2026-05-12, PHX vs MIN",21,13,2,3,3,4,0,0,9,1,10,0,0,1,1,6
401856902,2026,WNBA,KAYLA MCBRIDE,MINNESOTA LYNX,"2026-05-12, PHX vs MIN",33,14,2,4,2,6,4,4,2,0,2,3,1,0,3,1
401856902,2026,WNBA,COURTNEY WILLIAMS,MINNESOTA LYNX,"2026-05-12, PHX vs MIN",30,11,3,9,1,4,2,3,3,0,3,5,2,2,1,2
401856902,2026,WNBA,OLIVIA MILES,MINNESOTA LYNX,"2026-05-12, PHX vs MIN",26,13,5,8,0,2,3,4,6,0,6,7,0,0,2,4
401856902,2026,WNBA,ANTONIA DELAERE,MINNESOTA LYNX,"2026-05-12, PHX vs MIN",19,8,2,3,1,1,1,1,0,0,0,1,0,0,0,2
401856902,2026,WNBA,ANASTASIIA OLAIRI KOSU,MINNESOTA LYNX,"2026-05-12, PHX vs MIN",9,2,1,2,0,0,0,0,1,1,2,2,0,0,0,3
401856902,2026,WNBA,EMMA CECHOVA,MINNESOTA LYNX,"2026-05-12, PHX vs MIN",22,11,4,7,0,1,3,4,3,3,6,0,1,1,2,4
401856902,2026,WNBA,MAYA CALDWELL,MINNESOTA LYNX,"2026-05-12, PHX vs MIN",8,0,0,0,0,0,0,0,2,0,2,0,0,0,0,1
401856902,2026,WNBA,ELISKA JOKLOVA,MINNESOTA LYNX,"2026-05-12, PHX vs MIN",5,2,0,0,0,1,2,2,1,0,1,0,0,0,2,1
401856902,2026,WNBA,DEWANNA BONNER,PHOENIX MERCURY,"2026-05-12, PHX vs MIN",30,16,4,8,2,8,2,2,6,1,7,2,0,1,1,3
401856902,2026,WNBA,ALYSSA THOMAS,PHOENIX MERCURY,"2026-05-12, PHX vs MIN",34,10,2,10,0,0,6,13,4,0,4,8,2,0,4,2
401856902,2026,WNBA,VALERIANE AYAYI,PHOENIX MERCURY,"2026-05-12, PHX vs MIN",17,6,0,1,2,3,0,0,3,1,4,3,1,0,2,3
401856902,2026,WNBA,NATASHA MACK,PHOENIX MERCURY,"2026-05-12, PHX vs MIN",28,9,4,4,0,1,1,1,7,3,10,0,1,3,0,2
401856902,2026,WNBA,KAHLEAH COPPER,PHOENIX MERCURY,"2026-05-12, PHX vs MIN",35,30,7,14,2,7,10,13,0,1,1,2,2,0,3,2
401856902,2026,WNBA,NOEMIE BROCHANT,PHOENIX MERCURY,"2026-05-12, PHX vs MIN",12,0,0,0,0,0,0,0,0,0,0,1,1,0,0,1
401856902,2026,WNBA,KYARA LINSKENS,PHOENIX MERCURY,"2026-05-12, PHX vs MIN",12,8,0,0,2,3,2,2,2,2,4,1,0,0,0,3
401856902,2026,WNBA,JOVANA NOGIC,PHOENIX MERCURY,"2026-05-12, PHX vs MIN",17,2,0,4,0,2,2,2,0,1,1,2,3,0,1,3
401856902,2026,WNBA,KIANA WILLIAMS,PHOENIX MERCURY,"2026-05-12, PHX vs MIN",14,3,0,1,1,5,0,0,0,0,0,1,1,0,0,3
401856903,2026,WNBA,BREANNA STEWART,NEW YORK LIBERTY,"2026-05-12, POR vs NY",38,16,4,10,0,2,8,8,9,1,10,4,2,3,2,5
401856903,2026,WNBA,JONQUEL JONES,NEW YORK LIBERTY,"2026-05-12, POR vs NY",34,17,3,5,3,6,2,2,6,1,7,3,1,0,4,3
401856903,2026,WNBA,BETNIJAH LANEY-HAMILTON,NEW YORK LIBERTY,"2026-05-12, POR vs NY",25,10,1,1,2,6,2,2,3,0,3,3,0,0,4,1
401856903,2026,WNBA,MARINE JOHANNES,NEW YORK LIBERTY,"2026-05-12, POR vs NY",33,18,3,4,3,7,3,3,2,2,4,4,2,0,2,1
401856903,2026,WNBA,PAULINE ASTIER,NEW YORK LIBERTY,"2026-05-12, POR vs NY",30,24,8,11,2,3,2,3,2,3,5,3,2,0,5,3
401856903,2026,WNBA,HAN XU,NEW YORK LIBERTY,"2026-05-12, POR vs NY",6,0,0,1,0,0,0,0,0,0,0,0,0,0,0,0
401856903,2026,WNBA,REBEKAH GARDNER,NEW YORK LIBERTY,"2026-05-12, POR vs NY",22,8,1,1,2,3,0,0,1,1,2,4,0,0,0,1
401856903,2026,WNBA,JULIE VANLOO,NEW YORK LIBERTY,"2026-05-12, POR vs NY",12,3,0,1,1,1,0,0,0,0,0,2,0,0,1,2
401856903,2026,WNBA,BRIDGET CARLETON,PORTLAND FIRE,"2026-05-12, POR vs NY",33,26,4,5,5,11,3,3,1,0,1,0,4,0,0,2
401856903,2026,WNBA,EMILY ENGSTLER,PORTLAND FIRE,"2026-05-12, POR vs NY",24,6,0,0,2,3,0,0,3,0,3,1,2,3,3,3
401856903,2026,WNBA,NYADIEW PUOCH,PORTLAND FIRE,"2026-05-12, POR vs NY",22,0,0,3,0,2,0,0,1,2,3,0,0,0,1,4
401856903,2026,WNBA,LUISA GEISELSODER,PORTLAND FIRE,"2026-05-12, POR vs NY",25,13,1,4,3,6,2,2,4,1,5,2,1,1,1,3
401856903,2026,WNBA,CARLA LEITE,PORTLAND FIRE,"2026-05-12, POR vs NY",26,21,8,13,0,1,5,5,3,1,4,6,1,0,2,1
401856903,2026,WNBA,KAMIAH SMALLS,PORTLAND FIRE,"2026-05-12, POR vs NY",14,13,0,2,4,5,1,1,0,0,0,2,0,0,2,1
401856903,2026,WNBA,FRIEDA BUHNER,PORTLAND FIRE,"2026-05-12, POR vs NY",8,2,0,0,0,0,2,2,0,2,2,0,0,0,0,2
401856903,2026,WNBA,MEGAN DILEO,PORTLAND FIRE,"2026-05-12, POR vs NY",15,6,2,2,0,2,2,2,0,1,1,0,0,0,1,2
401856903,2026,WNBA,HALEY JONES,PORTLAND FIRE,"2026-05-12, POR vs NY",11,6,3,3,0,1,0,0,5,0,5,1,0,0,1,2
401856903,2026,WNBA,SARAH ASHLEE BARKER,PORTLAND FIRE,"2026-05-12, POR vs NY",22,5,1,3,1,2,0,0,1,1,2,3,0,0,2,1
401856896,2026,WNBA,JORDAN HORSTON,SEATTLE STORM,"2026-05-10, CON vs SEA",15,4,1,3,0,1,2,2,2,1,3,1,1,1,3,0
401856896,2026,WNBA,STEFANIE DOLSON,SEATTLE STORM,"2026-05-10, CON vs SEA",21,6,1,1,0,2,4,4,3,1,4,0,0,0,1,5
401856896,2026,WNBA,DOMINIQUE MALONGA,SEATTLE STORM,"2026-05-10, CON vs SEA",20,6,2,6,0,0,2,2,7,0,7,0,2,3,2,4
401856896,2026,WNBA,NATISHA HIEDEMAN,SEATTLE STORM,"2026-05-10, CON vs SEA",26,11,5,9,0,1,1,2,2,0,2,3,1,0,4,2
401856896,2026,WNBA,FLAU'JAE JOHNSON,SEATTLE STORM,"2026-05-10, CON vs SEA",30,16,2,7,1,3,9,10,5,1,6,1,3,1,1,2
401856896,2026,WNBA,MACKENZIE HOLMES,SEATTLE STORM,"2026-05-10, CON vs SEA",23,5,1,3,1,3,0,0,4,2,6,2,0,1,1,5
401856896,2026,WNBA,GRACE VANSLOOTEN,SEATTLE STORM,"2026-05-10, CON vs SEA",10,5,1,1,1,1,0,0,1,1,2,0,1,0,0,0
401856896,2026,WNBA,LEXIE BROWN,SEATTLE STORM,"2026-05-10, CON vs SEA",21,17,1,1,5,6,0,0,0,0,0,1,0,1,0,0
401856896,2026,WNBA,ZIA COOKE,SEATTLE STORM,"2026-05-10, CON vs SEA",12,4,0,3,1,3,1,2,0,1,1,0,1,0,1,1
401856896,2026,WNBA,JADE MELBOURNE,SEATTLE STORM,"2026-05-10, CON vs SEA",23,15,3,5,1,2,6,11,1,0,1,6,1,1,1,3
401856896,2026,WNBA,DIAMOND MILLER,CONNECTICUT SUN,"2026-05-10, CON vs SEA",27,13,1,6,2,4,5,6,4,1,5,1,1,0,2,6
401856896,2026,WNBA,BRITTNEY GRINER,CONNECTICUT SUN,"2026-05-10, CON vs SEA",28,16,6,10,0,1,4,4,3,3,6,0,2,0,2,5
401856896,2026,WNBA,KENNEDY BURKE,CONNECTICUT SUN,"2026-05-10, CON vs SEA",34,12,1,5,2,6,4,6,5,1,6,5,0,2,5,3
401856896,2026,WNBA,SANIYA RIVERS,CONNECTICUT SUN,"2026-05-10, CON vs SEA",20,2,1,6,0,2,0,0,1,0,1,3,0,0,2,2
401856896,2026,WNBA,CHARLISSE LEGER-WALKER,CONNECTICUT SUN,"2026-05-10, CON vs SEA",20,6,2,4,0,2,2,2,1,1,2,2,1,0,1,4
401856896,2026,WNBA,ANEESAH MORROW,CONNECTICUT SUN,"2026-05-10, CON vs SEA",31,17,4,9,3,6,0,2,13,3,16,1,1,0,2,1
401856896,2026,WNBA,OLIVIA NELSON-ODODA,CONNECTICUT SUN,"2026-05-10, CON vs SEA",12,5,2,2,0,0,1,2,1,0,1,1,1,1,1,2
401856896,2026,WNBA,HAILEY VAN LITH,CONNECTICUT SUN,"2026-05-10, CON vs SEA",20,9,3,6,1,2,0,0,3,0,3,4,1,0,1,4
401856896,2026,WNBA,GIANNA KNEEPKENS,CONNECTICUT SUN,"2026-05-10, CON vs SEA",8,2,1,2,0,0,0,0,0,1,1,1,0,0,0,1
401856897,2026,WNBA,BREANNA STEWART,NEW YORK LIBERTY,"2026-05-10, WSH vs NY",39,23,8,19,1,4,4,4,8,1,9,4,2,2,4,5
401856897,2026,WNBA,JONQUEL JONES,NEW YORK LIBERTY,"2026-05-10, WSH vs NY",24,13,2,6,1,2,6,7,6,2,8,2,0,1,3,6
401856897,2026,WNBA,BETNIJAH LANEY-HAMILTON,NEW YORK LIBERTY,"2026-05-10, WSH vs NY",25,3,0,0,0,0,3,4,1,1,2,0,0,1,0,2
401856897,2026,WNBA,MARINE JOHANNES,NEW YORK LIBERTY,"2026-05-10, WSH vs NY",37,25,2,2,6,13,3,5,0,1,1,2,2,0,3,3
401856897,2026,WNBA,PAULINE ASTIER,NEW YORK LIBERTY,"2026-05-10, WSH vs NY",35,18,6,8,0,2,6,7,4,1,5,7,2,0,2,5
401856897,2026,WNBA,HAN XU,NEW YORK LIBERTY,"2026-05-10, WSH vs NY",26,4,2,3,0,2,0,0,4,1,5,0,1,1,0,6
401856897,2026,WNBA,REBEKAH GARDNER,NEW YORK LIBERTY,"2026-05-10, WSH vs NY",25,9,4,4,0,1,1,1,2,1,3,2,0,0,1,1
401856897,2026,WNBA,JULIE VANLOO,NEW YORK LIBERTY,"2026-05-10, WSH vs NY",13,3,0,0,1,3,0,0,1,0,1,2,0,0,2,3
401856897,2026,WNBA,KIKI IRIAFEN,WASHINGTON MYSTICS,"2026-05-10, WSH vs NY",28,20,7,12,0,1,6,7,6,6,12,3,1,0,2,5
401856897,2026,WNBA,SHAKIRA AUSTIN,WASHINGTON MYSTICS,"2026-05-10, WSH vs NY",33,16,6,12,0,1,4,8,8,2,10,4,0,0,1,2
401856897,2026,WNBA,SONIA CITRON,WASHINGTON MYSTICS,"2026-05-10, WSH vs NY",36,17,4,6,0,6,9,10,2,3,5,2,2,0,2,2
401856897,2026,WNBA,GEORGIA AMOORE,WASHINGTON MYSTICS,"2026-05-10, WSH vs NY",21,7,2,4,1,4,0,0,1,0,1,7,1,0,1,3
401856897,2026,WNBA,CASSANDRE PROSPER,WASHINGTON MYSTICS,"2026-05-10, WSH vs NY",28,8,4,8,0,1,0,0,0,3,3,0,1,0,0,6
401856897,2026,WNBA,ANGELA DUGALIC,WASHINGTON MYSTICS,"2026-05-10, WSH vs NY",10,5,1,1,1,3,0,2,2,0,2,0,1,0,0,3
401856897,2026,WNBA,LAUREN BETTS,WASHINGTON MYSTICS,"2026-05-10, WSH vs NY",18,7,3,7,0,0,1,2,1,1,2,1,0,1,0,1
401856897,2026,WNBA,RORI HARMON,WASHINGTON MYSTICS,"2026-05-10, WSH vs NY",22,3,0,0,1,3,0,0,3,0,3,4,1,0,5,1
401856897,2026,WNBA,LUCY OLSEN,WASHINGTON MYSTICS,"2026-05-10, WSH vs NY",5,5,1,1,1,1,0,0,0,0,0,1,0,0,0,1
401856897,2026,WNBA,ALEX WILSON,WASHINGTON MYSTICS,"2026-05-10, WSH vs NY",24,5,1,3,1,6,0,0,0,4,4,2,0,0,2,3
401856898,2026,WNBA,STEPHANIE TALBOT,LAS VEGAS ACES,"2026-05-10, LA vs LV",18,8,4,4,0,1,0,0,2,0,2,3,3,0,1,0
401856898,2026,WNBA,NALYSSA SMITH,LAS VEGAS ACES,"2026-05-10, LA vs LV",16,12,5,5,0,0,2,4,4,2,6,2,0,2,0,4
401856898,2026,WNBA,A'JA WILSON,LAS VEGAS ACES,"2026-05-10, LA vs LV",30,19,7,12,0,2,5,6,4,0,4,3,1,2,3,1
401856898,2026,WNBA,CHELSEA GRAY,LAS VEGAS ACES,"2026-05-10, LA vs LV",32,16,2,5,4,5,0,0,3,0,3,5,0,0,6,3
401856898,2026,WNBA,JACKIE YOUNG,LAS VEGAS ACES,"2026-05-10, LA vs LV",31,20,6,7,2,5,2,2,4,1,5,9,1,1,1,2
401856898,2026,WNBA,CHEYENNE PARKER-TYUS,LAS VEGAS ACES,"2026-05-10, LA vs LV",3,2,1,1,0,0,0,0,0,0,0,1,1,1,0,0
401856898,2026,WNBA,BRIANNA TURNER,LAS VEGAS ACES,"2026-05-10, LA vs LV",16,4,2,3,0,0,0,0,4,2,6,1,2,2,0,1
401856898,2026,WNBA,KIERSTAN BELL,LAS VEGAS ACES,"2026-05-10, LA vs LV",8,0,0,0,0,1,0,0,0,0,0,1,0,1,0,0
401856898,2026,WNBA,JEWELL LOYD,LAS VEGAS ACES,"2026-05-10, LA vs LV",26,2,1,2,0,3,0,0,4,0,4,3,1,1,1,2
401856898,2026,WNBA,CHENNEDY CARTER,LAS VEGAS ACES,"2026-05-10, LA vs LV",20,22,8,10,1,3,3,5,0,1,1,0,2,0,2,3
401856898,2026,WNBA,NNEKA OGWUMIKE,LOS ANGELES SPARKS,"2026-05-10, LA vs LV",33,19,4,10,3,5,2,2,5,5,10,2,1,0,2,1
401856898,2026,WNBA,DEARICA HAMBY,LOS ANGELES SPARKS,"2026-05-10, LA vs LV",27,12,4,10,0,1,4,8,3,2,5,1,0,0,3,2
401856898,2026,WNBA,KELSEY PLUM,LOS ANGELES SPARKS,"2026-05-10, LA vs LV",35,27,6,10,4,8,3,4,3,1,4,2,0,0,3,3
401856898,2026,WNBA,ARIEL ATKINS,LOS ANGELES SPARKS,"2026-05-10, LA vs LV",32,8,3,6,0,6,2,2,2,2,4,3,3,0,3,2
401856898,2026,WNBA,RAE BURRELL,LOS ANGELES SPARKS,"2026-05-10, LA vs LV",28,5,1,3,1,3,0,0,2,1,3,1,1,0,2,3
401856898,2026,WNBA,EMMA CANNON,LOS ANGELES SPARKS,"2026-05-10, LA vs LV",2,3,0,0,1,1,0,0,0,0,0,0,0,0,2,1
401856898,2026,WNBA,CAMERON BRINK,LOS ANGELES SPARKS,"2026-05-10, LA vs LV",8,0,0,0,0,0,0,0,0,3,3,0,0,0,3,3
401856898,2026,WNBA,SANIA FEAGIN,LOS ANGELES SPARKS,"2026-05-10, LA vs LV",3,0,0,0,0,0,0,0,0,0,0,0,0,0,0,1
401856898,2026,WNBA,JIHYUN PARK,LOS ANGELES SPARKS,"2026-05-10, LA vs LV",2,0,0,1,0,0,0,0,0,0,0,0,0,0,0,0
401856898,2026,WNBA,ERICA WHEELER,LOS ANGELES SPARKS,"2026-05-10, LA vs LV",18,2,1,5,0,6,0,0,0,1,1,1,3,0,0,1
401856898,2026,WNBA,TA'NIYA LATSON,LOS ANGELES SPARKS,"2026-05-10, LA vs LV",5,2,1,1,0,0,0,0,1,0,1,0,0,0,1,0
401856898,2026,WNBA,CHANCE GRAY,LOS ANGELES SPARKS,"2026-05-10, LA vs LV",8,0,0,1,0,1,0,0,1,0,1,1,0,0,0,0
401856900,2026,WNBA,DEWANNA BONNER,PHOENIX MERCURY,"2026-05-10, GS vs PHX",32,5,2,6,0,3,1,1,7,1,8,3,0,1,1,1
401856900,2026,WNBA,ALYSSA THOMAS,PHOENIX MERCURY,"2026-05-10, GS vs PHX",38,19,5,9,0,0,9,12,8,1,9,11,0,0,6,5
401856900,2026,WNBA,NATASHA MACK,PHOENIX MERCURY,"2026-05-10, GS vs PHX",29,11,3,4,1,1,2,2,1,1,2,1,0,1,1,3
401856900,2026,WNBA,KAHLEAH COPPER,PHOENIX MERCURY,"2026-05-10, GS vs PHX",36,11,3,11,1,4,2,2,1,0,1,4,1,0,3,2
401856900,2026,WNBA,JOVANA NOGIC,PHOENIX MERCURY,"2026-05-10, GS vs PHX",27,16,1,1,4,5,2,2,0,1,1,1,0,0,4,5
401856900,2026,WNBA,NOEMIE BROCHANT,PHOENIX MERCURY,"2026-05-10, GS vs PHX",16,9,0,0,3,5,0,0,1,0,1,0,0,0,1,2
401856900,2026,WNBA,KYARA LINSKENS,PHOENIX MERCURY,"2026-05-10, GS vs PHX",5,2,1,1,0,1,0,0,0,0,0,0,1,1,0,1
401856900,2026,WNBA,KIANA WILLIAMS,PHOENIX MERCURY,"2026-05-10, GS vs PHX",12,6,0,0,2,2,0,0,1,0,1,0,0,0,1,2
401856900,2026,WNBA,QUIONCHE CARTER,PHOENIX MERCURY,"2026-05-10, GS vs PHX",6,0,0,0,0,1,0,0,1,0,1,0,0,0,0,0
401856900,2026,WNBA,KAYLA THORNTON,GOLDEN STATE VALKYRIES,"2026-05-10, GS vs PHX",31,19,5,6,3,8,0,0,2,1,3,0,0,0,1,3
401856900,2026,WNBA,GABBY WILLIAMS,GOLDEN STATE VALKYRIES,"2026-05-10, GS vs PHX",32,19,3,4,4,9,1,1,4,1,5,3,4,1,4,2
401856900,2026,WNBA,KIAH STOKES,GOLDEN STATE VALKYRIES,"2026-05-10, GS vs PHX",13,1,0,1,0,1,1,2,3,0,3,0,1,0,0,3
401856900,2026,WNBA,KAILA CHARLES,GOLDEN STATE VALKYRIES,"2026-05-10, GS vs PHX",33,7,1,3,1,5,2,2,4,0,4,1,1,0,1,4
401856900,2026,WNBA,VERONICA BURTON,GOLDEN STATE VALKYRIES,"2026-05-10, GS vs PHX",32,13,2,4,1,5,6,6,2,1,3,12,3,0,0,3
401856900,2026,WNBA,LAETICIA AMIHERE,GOLDEN STATE VALKYRIES,"2026-05-10, GS vs PHX",24,13,5,7,0,0,3,4,5,1,6,5,0,3,2,4
401856900,2026,WNBA,JANELLE SALAUN,GOLDEN STATE VALKYRIES,"2026-05-10, GS vs PHX",26,21,3,5,4,5,3,3,2,1,3,2,1,0,0,1
401856900,2026,WNBA,KAITLYN CHEN,GOLDEN STATE VALKYRIES,"2026-05-10, GS vs PHX",9,2,1,4,0,0,0,0,2,1,3,2,0,0,1,1
401856893,2026,WNBA,JESSICA SHEPARD,DALLAS WINGS,"2026-05-09, IND vs DAL",32,13,5,8,0,0,3,5,8,1,9,9,2,0,2,5
401856893,2026,WNBA,ALANNA SMITH,DALLAS WINGS,"2026-05-09, IND vs DAL",20,6,2,5,0,1,2,2,2,1,3,2,2,1,2,4
401856893,2026,WNBA,ODYSSEY SIMS,DALLAS WINGS,"2026-05-09, IND vs DAL",26,20,6,8,2,3,2,3,2,0,2,2,2,0,4,5
401856893,2026,WNBA,ARIKE OGUNBOWALE,DALLAS WINGS,"2026-05-09, IND vs DAL",29,22,5,8,3,7,3,3,1,0,1,5,0,0,3,5
401856893,2026,WNBA,PAIGE BUECKERS,DALLAS WINGS,"2026-05-09, IND vs DAL",32,20,7,7,1,3,3,6,3,0,3,4,1,0,1,2
401856893,2026,WNBA,ALYSHA CLARK,DALLAS WINGS,"2026-05-09, IND vs DAL",4,3,0,0,1,1,0,0,1,0,1,0,0,0,1,2
401856893,2026,WNBA,MADDY SIEGRIST,DALLAS WINGS,"2026-05-09, IND vs DAL",18,7,2,4,1,3,0,0,3,0,3,1,0,0,0,3
401856893,2026,WNBA,AWAK KUIER,DALLAS WINGS,"2026-05-09, IND vs DAL",2,0,0,0,0,0,0,0,1,0,1,1,1,0,0,0
401856893,2026,WNBA,LI YUERU,DALLAS WINGS,"2026-05-09, IND vs DAL",4,3,0,1,0,0,3,4,1,0,1,0,0,0,0,0
401856893,2026,WNBA,AZZI FUDD,DALLAS WINGS,"2026-05-09, IND vs DAL",18,3,0,0,1,2,0,0,0,1,1,0,1,0,0,0
401856893,2026,WNBA,AZIAHA JAMES,DALLAS WINGS,"2026-05-09, IND vs DAL",16,10,0,2,3,3,1,1,2,0,2,2,0,1,2,2
401856893,2026,WNBA,MYISHA HINES-ALLEN,INDIANA FEVER,"2026-05-09, IND vs DAL",21,6,3,6,0,1,0,0,5,1,6,2,0,0,2,2
401856893,2026,WNBA,ALIYAH BOSTON,INDIANA FEVER,"2026-05-09, IND vs DAL",26,23,8,12,1,2,4,6,2,2,4,3,3,1,1,2
401856893,2026,WNBA,KELSEY MITCHELL,INDIANA FEVER,"2026-05-09, IND vs DAL",33,30,9,13,2,9,6,7,0,3,3,4,0,0,2,4
401856893,2026,WNBA,SOPHIE CUNNINGHAM,INDIANA FEVER,"2026-05-09, IND vs DAL",26,3,0,1,1,1,0,0,3,1,4,3,0,0,0,3
401856893,2026,WNBA,CAITLIN CLARK,INDIANA FEVER,"2026-05-09, IND vs DAL",31,20,5,9,2,9,4,4,5,0,5,7,0,0,5,4
401856893,2026,WNBA,MAKAYLA TIMPSON,INDIANA FEVER,"2026-05-09, IND vs DAL",19,11,5,6,0,0,1,2,2,0,2,1,0,0,0,2
401856893,2026,WNBA,DAMIRIS DANTAS,INDIANA FEVER,"2026-05-09, IND vs DAL",13,7,2,2,1,2,0,0,1,0,1,1,0,1,2,5
401856893,2026,WNBA,TYASHA HARRIS,INDIANA FEVER,"2026-05-09, IND vs DAL",4,0,0,1,0,0,0,0,0,0,0,0,0,0,0,0
401856893,2026,WNBA,LEXIE HULL,INDIANA FEVER,"2026-05-09, IND vs DAL",15,0,0,2,0,0,0,0,1,0,1,0,0,0,1,2
401856893,2026,WNBA,RAVEN JOHNSON,INDIANA FEVER,"2026-05-09, IND vs DAL",12,4,1,1,0,0,2,2,2,0,2,2,1,0,1,1
401856894,2026,WNBA,DEWANNA BONNER,PHOENIX MERCURY,"2026-05-09, LV vs PHX",22,13,2,3,3,4,0,0,7,0,7,2,1,2,0,2
401856894,2026,WNBA,ALYSSA THOMAS,PHOENIX MERCURY,"2026-05-09, LV vs PHX",26,20,9,17,0,0,2,4,5,1,6,9,3,0,1,1
401856894,2026,WNBA,NATASHA MACK,PHOENIX MERCURY,"2026-05-09, LV vs PHX",25,10,4,5,0,0,2,2,10,5,15,1,1,1,0,2
401856894,2026,WNBA,KAHLEAH COPPER,PHOENIX MERCURY,"2026-05-09, LV vs PHX",28,13,6,11,0,5,1,1,0,0,0,2,0,0,4,2
401856894,2026,WNBA,JOVANA NOGIC,PHOENIX MERCURY,"2026-05-09, LV vs PHX",21,19,1,3,4,5,5,5,0,0,0,4,2,0,1,1
401856894,2026,WNBA,PEYTON WILLIAMS,PHOENIX MERCURY,"2026-05-09, LV vs PHX",6,0,0,1,0,0,0,0,0,0,0,2,0,1,0,0
401856894,2026,WNBA,ANNELI MALEY,PHOENIX MERCURY,"2026-05-09, LV vs PHX",6,1,0,2,0,0,1,2,2,0,2,0,0,0,0,1
401856894,2026,WNBA,NOEMIE BROCHANT,PHOENIX MERCURY,"2026-05-09, LV vs PHX",18,8,2,5,1,1,1,1,3,0,3,0,0,0,0,0
401856894,2026,WNBA,KYARA LINSKENS,PHOENIX MERCURY,"2026-05-09, LV vs PHX",14,2,1,3,0,1,0,0,1,1,2,1,2,0,0,0
401856894,2026,WNBA,KIANA WILLIAMS,PHOENIX MERCURY,"2026-05-09, LV vs PHX",21,11,1,2,3,7,0,0,1,0,1,1,2,0,1,0
401856894,2026,WNBA,QUIONCHE CARTER,PHOENIX MERCURY,"2026-05-09, LV vs PHX",12,2,1,1,0,1,0,0,1,0,1,1,0,0,0,1
401856894,2026,WNBA,STEPHANIE TALBOT,LAS VEGAS ACES,"2026-05-09, LV vs PHX",19,2,1,2,0,4,0,0,2,0,2,0,0,0,1,0
401856894,2026,WNBA,NALYSSA SMITH,LAS VEGAS ACES,"2026-05-09, LV vs PHX",21,11,4,7,0,0,3,6,4,2,6,1,0,2,0,3
401856894,2026,WNBA,A'JA WILSON,LAS VEGAS ACES,"2026-05-09, LV vs PHX",24,19,6,12,2,3,1,2,3,1,4,4,2,2,2,0
401856894,2026,WNBA,CHELSEA GRAY,LAS VEGAS ACES,"2026-05-09, LV vs PHX",22,4,2,4,0,2,0,0,0,1,1,6,0,2,3,1
401856894,2026,WNBA,JACKIE YOUNG,LAS VEGAS ACES,"2026-05-09, LV vs PHX",25,12,3,9,2,6,0,0,6,0,6,3,0,0,2,1
401856894,2026,WNBA,CHEYENNE PARKER-TYUS,LAS VEGAS ACES,"2026-05-09, LV vs PHX",12,2,1,2,0,1,0,0,4,0,4,0,0,0,2,2
401856894,2026,WNBA,BRIANNA TURNER,LAS VEGAS ACES,"2026-05-09, LV vs PHX",14,0,0,0,0,0,0,0,1,2,3,0,0,1,1,0
401856894,2026,WNBA,KIERSTAN BELL,LAS VEGAS ACES,"2026-05-09, LV vs PHX",19,0,0,3,0,1,0,0,6,0,6,1,1,0,2,1
401856894,2026,WNBA,JEWELL LOYD,LAS VEGAS ACES,"2026-05-09, LV vs PHX",24,6,3,5,0,2,0,0,1,0,1,2,0,1,1,2
401856894,2026,WNBA,CHENNEDY CARTER,LAS VEGAS ACES,"2026-05-09, LV vs PHX",19,10,5,8,0,0,0,0,2,0,2,2,2,0,3,5
401856899,2026,WNBA,NAZ HILLMON,ATLANTA DREAM,"2026-05-09, MIN vs ATL",33,15,4,5,2,5,1,2,4,3,7,2,1,0,0,0
401856899,2026,WNBA,ANGEL REESE,ATLANTA DREAM,"2026-05-09, MIN vs ATL",32,11,4,11,0,0,3,6,5,9,14,2,2,3,5,5
401856899,2026,WNBA,ALLISHA GRAY,ATLANTA DREAM,"2026-05-09, MIN vs ATL",33,24,6,10,1,8,9,11,6,2,8,3,2,1,4,2
401856899,2026,WNBA,JORDIN CANADA,ATLANTA DREAM,"2026-05-09, MIN vs ATL",27,12,3,4,1,3,3,4,1,1,2,6,0,0,4,0
401856899,2026,WNBA,RHYNE HOWARD,ATLANTA DREAM,"2026-05-09, MIN vs ATL",38,15,1,3,3,7,4,5,5,1,6,5,3,1,3,4
401856899,2026,WNBA,SIKA KONE,ATLANTA DREAM,"2026-05-09, MIN vs ATL",3,0,0,0,0,1,0,0,0,0,0,0,0,0,0,0
401856899,2026,WNBA,MADINA OKOT,ATLANTA DREAM,"2026-05-09, MIN vs ATL",10,8,3,5,0,1,2,2,2,2,4,0,1,0,1,2
401856899,2026,WNBA,TE-HINA PAOPAO,ATLANTA DREAM,"2026-05-09, MIN vs ATL",21,6,3,6,0,4,0,0,4,1,5,4,0,1,3,5
401856899,2026,WNBA,ISOBEL BORLASE,ATLANTA DREAM,"2026-05-09, MIN vs ATL",3,0,0,0,0,0,0,0,0,0,0,0,0,0,0,0
401856899,2026,WNBA,NATASHA HOWARD,MINNESOTA LYNX,"2026-05-09, MIN vs ATL",20,6,3,5,0,1,0,4,1,4,5,2,1,0,5,6
401856899,2026,WNBA,NIA COFFEY,MINNESOTA LYNX,"2026-05-09, MIN vs ATL",31,3,0,1,1,3,0,0,3,0,3,1,1,3,0,2
401856899,2026,WNBA,KAYLA MCBRIDE,MINNESOTA LYNX,"2026-05-09, MIN vs ATL",33,20,5,7,2,6,4,5,2,0,2,2,1,0,1,0
401856899,2026,WNBA,COURTNEY WILLIAMS,MINNESOTA LYNX,"2026-05-09, MIN vs ATL",32,14,7,14,0,4,0,0,6,0,6,6,3,0,2,1
401856899,2026,WNBA,OLIVIA MILES,MINNESOTA LYNX,"2026-05-09, MIN vs ATL",34,21,5,12,1,2,8,8,3,0,3,8,2,2,3,3
401856899,2026,WNBA,ANTONIA DELAERE,MINNESOTA LYNX,"2026-05-09, MIN vs ATL",14,2,1,1,0,1,0,0,0,0,0,1,1,0,1,2
401856899,2026,WNBA,ANASTASIIA OLAIRI KOSU,MINNESOTA LYNX,"2026-05-09, MIN vs ATL",6,4,2,4,0,0,0,0,0,1,1,0,1,1,0,1
401856899,2026,WNBA,EMMA CECHOVA,MINNESOTA LYNX,"2026-05-09, MIN vs ATL",19,12,5,5,0,0,2,4,2,1,3,0,0,1,2,6
401856899,2026,WNBA,EMESE HOF,MINNESOTA LYNX,"2026-05-09, MIN vs ATL",4,2,1,2,0,0,0,0,0,0,0,0,0,0,0,1
401856899,2026,WNBA,MAYA CALDWELL,MINNESOTA LYNX,"2026-05-09, MIN vs ATL",8,6,1,1,1,1,1,1,1,1,2,0,0,0,1,2
401856895,2026,WNBA,RICKEA JACKSON,CHICAGO SKY,"2026-05-09, POR vs CHI",36,19,4,10,1,4,8,10,6,1,7,3,0,1,3,4
401856895,2026,WNBA,KAMILLA CARDOSO,CHICAGO SKY,"2026-05-09, POR vs CHI",25,22,8,15,0,0,6,8,6,8,14,1,0,1,2,3
401856895,2026,WNBA,SKYLAR DIGGINS,CHICAGO SKY,"2026-05-09, POR vs CHI",33,21,6,9,2,3,3,5,9,2,11,7,1,2,2,2
401856895,2026,WNBA,JACY SHELDON,CHICAGO SKY,"2026-05-09, POR vs CHI",34,13,3,4,1,3,4,4,4,0,4,4,1,3,0,3
401856895,2026,WNBA,GABRIELA JAQUEZ,CHICAGO SKY,"2026-05-09, POR vs CHI",32,10,2,6,1,1,3,4,5,2,7,2,2,0,0,3
401856895,2026,WNBA,ELIZABETH WILLIAMS,CHICAGO SKY,"2026-05-09, POR vs CHI",15,10,4,5,0,0,2,3,0,1,1,2,0,1,0,0
401856895,2026,WNBA,RACHEL BANHAM,CHICAGO SKY,"2026-05-09, POR vs CHI",15,3,0,0,1,3,0,0,0,0,0,2,0,0,2,1
401856895,2026,WNBA,AICHA COULIBALY,CHICAGO SKY,"2026-05-09, POR vs CHI",6,0,0,2,0,1,0,0,2,0,2,1,0,0,0,1
401856895,2026,WNBA,SYDNEY TAYLOR,CHICAGO SKY,"2026-05-09, POR vs CHI",4,0,0,1,0,2,0,0,0,0,0,0,0,0,0,0
401856895,2026,WNBA,BRIDGET CARLETON,PORTLAND FIRE,"2026-05-09, POR vs CHI",30,13,1,3,3,7,2,3,1,0,1,4,1,1,0,1
401856895,2026,WNBA,EMILY ENGSTLER,PORTLAND FIRE,"2026-05-09, POR vs CHI",23,4,2,4,0,2,0,0,2,0,2,2,1,3,3,5
401856895,2026,WNBA,NYADIEW PUOCH,PORTLAND FIRE,"2026-05-09, POR vs CHI",17,5,1,2,1,1,0,0,0,1,1,2,3,0,0,0
401856895,2026,WNBA,LUISA GEISELSODER,PORTLAND FIRE,"2026-05-09, POR vs CHI",25,8,1,4,1,6,3,3,6,1,7,3,0,2,0,3
401856895,2026,WNBA,CARLA LEITE,PORTLAND FIRE,"2026-05-09, POR vs CHI",29,18,2,6,1,5,11,12,2,1,3,3,0,0,1,3
401856895,2026,WNBA,FRIEDA BUHNER,PORTLAND FIRE,"2026-05-09, POR vs CHI",13,4,2,2,0,2,0,0,3,0,3,0,0,0,0,3
401856895,2026,WNBA,MEGAN DILEO,PORTLAND FIRE,"2026-05-09, POR vs CHI",14,10,2,2,2,4,0,2,1,0,1,1,0,0,1,1
401856895,2026,WNBA,SERAH WILLIAMS,PORTLAND FIRE,"2026-05-09, POR vs CHI",8,0,0,3,0,0,0,0,2,0,2,1,0,0,0,0
401856895,2026,WNBA,HALEY JONES,PORTLAND FIRE,"2026-05-09, POR vs CHI",7,4,2,3,0,0,0,0,0,0,0,0,0,0,0,2
401856895,2026,WNBA,SARAH ASHLEE BARKER,PORTLAND FIRE,"2026-05-09, POR vs CHI",24,13,5,7,1,2,0,0,4,0,4,0,1,1,1,4
401856895,2026,WNBA,JORDAN HARRISON,PORTLAND FIRE,"2026-05-09, POR vs CHI",11,4,2,6,0,0,0,0,0,0,0,4,0,0,2,2
401856890,2026,WNBA,DIAMOND MILLER,CONNECTICUT SUN,"2026-05-08, NY vs CON",25,16,5,10,1,6,3,5,2,1,3,1,2,0,2,3
401856890,2026,WNBA,ANEESAH MORROW,CONNECTICUT SUN,"2026-05-08, NY vs CON",24,15,6,10,1,5,0,0,3,3,6,0,1,0,5,5
401856890,2026,WNBA,BRITTNEY GRINER,CONNECTICUT SUN,"2026-05-08, NY vs CON",27,13,6,10,0,1,1,1,3,3,6,2,0,0,2,2
401856890,2026,WNBA,KENNEDY BURKE,CONNECTICUT SUN,"2026-05-08, NY vs CON",24,4,2,7,0,1,0,0,1,2,3,3,0,1,0,4
401856890,2026,WNBA,SANIYA RIVERS,CONNECTICUT SUN,"2026-05-08, NY vs CON",26,5,2,5,0,1,1,2,2,0,2,6,0,1,4,2
401856890,2026,WNBA,RAEGAN BEERS,CONNECTICUT SUN,"2026-05-08, NY vs CON",11,1,0,1,0,0,1,4,2,0,2,0,0,0,0,2
401856890,2026,WNBA,OLIVIA NELSON-ODODA,CONNECTICUT SUN,"2026-05-08, NY vs CON",15,1,0,2,0,0,1,2,1,1,2,3,1,0,0,2
401856890,2026,WNBA,HAILEY VAN LITH,CONNECTICUT SUN,"2026-05-08, NY vs CON",14,9,3,5,1,2,0,0,1,0,1,4,1,0,2,2
401856890,2026,WNBA,CHARLISSE LEGER-WALKER,CONNECTICUT SUN,"2026-05-08, NY vs CON",21,4,2,7,0,2,0,1,2,0,2,1,0,0,1,1
401856890,2026,WNBA,GIANNA KNEEPKENS,CONNECTICUT SUN,"2026-05-08, NY vs CON",13,7,2,4,1,4,0,0,3,2,5,1,0,0,0,2
401856890,2026,WNBA,BREANNA STEWART,NEW YORK LIBERTY,"2026-05-08, NY vs CON",28,31,10,13,0,4,11,12,9,1,10,2,1,3,4,3
401856890,2026,WNBA,JONQUEL JONES,NEW YORK LIBERTY,"2026-05-08, NY vs CON",25,10,2,2,1,5,3,4,5,0,5,1,2,1,2,5
401856890,2026,WNBA,BETNIJAH LANEY-HAMILTON,NEW YORK LIBERTY,"2026-05-08, NY vs CON",28,12,4,4,0,3,4,4,2,0,2,4,0,0,2,0
401856890,2026,WNBA,MARINE JOHANNES,NEW YORK LIBERTY,"2026-05-08, NY vs CON",28,17,1,4,5,9,0,0,3,2,5,3,3,0,1,2
401856890,2026,WNBA,PAULINE ASTIER,NEW YORK LIBERTY,"2026-05-08, NY vs CON",20,5,2,4,0,0,1,3,1,1,2,4,1,0,0,4
401856890,2026,WNBA,AUBREY GRIFFIN,NEW YORK LIBERTY,"2026-05-08, NY vs CON",5,2,1,1,0,0,0,0,0,0,0,0,0,0,1,0
401856890,2026,WNBA,HAN XU,NEW YORK LIBERTY,"2026-05-08, NY vs CON",22,8,1,2,2,6,0,0,2,0,2,1,0,1,1,2
401856890,2026,WNBA,REBEKAH GARDNER,NEW YORK LIBERTY,"2026-05-08, NY vs CON",22,9,3,5,0,1,3,4,2,2,4,0,1,0,2,5
401856890,2026,WNBA,JULIE VANLOO,NEW YORK LIBERTY,"2026-05-08, NY vs CON",22,12,1,1,2,3,4,4,6,1,7,11,1,0,3,2
401856891,2026,WNBA,KIKI IRIAFEN,WASHINGTON MYSTICS,"2026-05-08, TOR vs WSH",28,12,5,7,0,2,2,4,12,4,16,2,0,1,2,5
401856891,2026,WNBA,SHAKIRA AUSTIN,WASHINGTON MYSTICS,"2026-05-08, TOR vs WSH",28,18,6,12,0,1,6,10,11,0,11,2,2,2,2,4
401856891,2026,WNBA,SONIA CITRON,WASHINGTON MYSTICS,"2026-05-08, TOR vs WSH",34,26,6,6,3,6,5,8,2,0,2,0,2,2,2,2
401856891,2026,WNBA,GEORGIA AMOORE,WASHINGTON MYSTICS,"2026-05-08, TOR vs WSH",20,6,0,2,2,7,0,0,3,0,3,3,2,0,5,1
401856891,2026,WNBA,CASSANDRE PROSPER,WASHINGTON MYSTICS,"2026-05-08, TOR vs WSH",19,2,1,2,0,3,0,0,0,1,1,2,1,0,1,6
401856891,2026,WNBA,ANGELA DUGALIC,WASHINGTON MYSTICS,"2026-05-08, TOR vs WSH",12,2,1,2,0,2,0,0,2,0,2,0,0,0,1,1
401856891,2026,WNBA,LAUREN BETTS,WASHINGTON MYSTICS,"2026-05-08, TOR vs WSH",12,0,0,4,0,0,0,0,2,3,5,1,0,0,0,1
401856891,2026,WNBA,RORI HARMON,WASHINGTON MYSTICS,"2026-05-08, TOR vs WSH",20,0,0,2,0,0,0,0,2,0,2,2,3,0,3,4
401856891,2026,WNBA,LUCY OLSEN,WASHINGTON MYSTICS,"2026-05-08, TOR vs WSH",10,0,0,2,0,1,0,0,0,0,0,1,0,0,2,0
401856891,2026,WNBA,ALEX WILSON,WASHINGTON MYSTICS,"2026-05-08, TOR vs WSH",17,2,1,1,0,2,0,0,1,1,2,1,0,0,0,4
401856891,2026,WNBA,NYARA SABALLY,TORONTO TEMPO,"2026-05-08, TOR vs WSH",26,8,3,6,0,2,2,4,3,3,6,0,3,1,1,5
401856891,2026,WNBA,TEMI FAGBENLE,TORONTO TEMPO,"2026-05-08, TOR vs WSH",16,2,0,1,0,1,2,2,1,0,1,1,1,0,4,4
401856891,2026,WNBA,BRITTNEY SYKES,TORONTO TEMPO,"2026-05-08, TOR vs WSH",28,14,4,13,0,5,6,9,3,0,3,2,3,0,2,4
401856891,2026,WNBA,MARINA MABREY,TORONTO TEMPO,"2026-05-08, TOR vs WSH",30,27,3,9,3,9,12,14,7,0,7,2,1,0,4,3
401856891,2026,WNBA,JULIE ALLEMAND,TORONTO TEMPO,"2026-05-08, TOR vs WSH",30,3,0,0,1,2,0,0,3,0,3,2,1,0,0,1
401856891,2026,WNBA,MARIA CONDE,TORONTO TEMPO,"2026-05-08, TOR vs WSH",15,2,0,3,0,1,2,2,1,2,3,0,0,0,1,0
401856891,2026,WNBA,TEONNI KEY,TORONTO TEMPO,"2026-05-08, TOR vs WSH",9,0,0,0,0,1,0,2,2,1,3,1,0,1,1,0
401856891,2026,WNBA,LAURA JUSKAITE,TORONTO TEMPO,"2026-05-08, TOR vs WSH",15,7,1,4,1,2,2,2,5,1,6,0,1,0,2,5
401856891,2026,WNBA,MARIELLA FASOULA,TORONTO TEMPO,"2026-05-08, TOR vs WSH",1,0,0,0,0,0,0,0,1,0,1,0,0,0,0,2
401856891,2026,WNBA,KIA NURSE,TORONTO TEMPO,"2026-05-08, TOR vs WSH",10,2,1,1,0,0,0,0,1,0,1,1,0,0,1,2
401856891,2026,WNBA,LEXI HELD,TORONTO TEMPO,"2026-05-08, TOR vs WSH",2,0,0,0,0,0,0,0,0,0,0,0,0,0,0,0
401856891,2026,WNBA,KIKI RICE,TORONTO TEMPO,"2026-05-08, TOR vs WSH",18,0,0,1,0,2,0,0,1,2,3,1,0,0,0,0
401856892,2026,WNBA,KAYLA THORNTON,GOLDEN STATE VALKYRIES,"2026-05-08, SEA vs GS",30,13,1,3,3,6,2,2,5,3,8,1,0,0,2,2
401856892,2026,WNBA,GABBY WILLIAMS,GOLDEN STATE VALKYRIES,"2026-05-08, SEA vs GS",24,7,1,4,1,5,2,3,3,3,6,4,1,0,2,0
401856892,2026,WNBA,KIAH STOKES,GOLDEN STATE VALKYRIES,"2026-05-08, SEA vs GS",24,6,3,4,0,1,0,0,4,0,4,3,1,3,0,3
401856892,2026,WNBA,TIFFANY HAYES,GOLDEN STATE VALKYRIES,"2026-05-08, SEA vs GS",4,1,0,0,0,1,1,2,0,0,0,1,0,0,0,1
401856892,2026,WNBA,VERONICA BURTON,GOLDEN STATE VALKYRIES,"2026-05-08, SEA vs GS",31,16,3,9,2,4,4,5,1,1,2,6,2,0,1,4
401856892,2026,WNBA,CECILIA ZANDALASINI,GOLDEN STATE VALKYRIES,"2026-05-08, SEA vs GS",7,8,2,2,1,3,1,2,2,0,2,1,1,0,0,0
401856892,2026,WNBA,LAETICIA AMIHERE,GOLDEN STATE VALKYRIES,"2026-05-08, SEA vs GS",16,3,1,2,0,1,1,3,1,3,4,1,0,0,1,4
401856892,2026,WNBA,JANELLE SALAUN,GOLDEN STATE VALKYRIES,"2026-05-08, SEA vs GS",27,20,2,5,5,11,1,3,2,0,2,1,0,1,1,4
401856892,2026,WNBA,KAILA CHARLES,GOLDEN STATE VALKYRIES,"2026-05-08, SEA vs GS",17,3,0,1,1,1,0,0,3,3,6,2,0,1,2,5
401856892,2026,WNBA,MIELA SOWAH,GOLDEN STATE VALKYRIES,"2026-05-08, SEA vs GS",3,0,0,0,0,1,0,0,0,0,0,0,0,0,0,0
401856892,2026,WNBA,KAITLYN CHEN,GOLDEN STATE VALKYRIES,"2026-05-08, SEA vs GS",16,14,3,7,2,3,2,2,1,0,1,2,0,0,0,0
401856892,2026,WNBA,NDJAKALENGA MWENENTANDA,GOLDEN STATE VALKYRIES,"2026-05-08, SEA vs GS",1,0,0,0,0,0,0,0,0,0,0,0,0,0,0,0
401856892,2026,WNBA,JORDAN HORSTON,SEATTLE STORM,"2026-05-08, SEA vs GS",15,0,0,2,0,2,0,0,4,0,4,0,0,1,1,1
401856892,2026,WNBA,STEFANIE DOLSON,SEATTLE STORM,"2026-05-08, SEA vs GS",27,6,1,1,1,2,1,2,4,1,5,3,0,2,2,3
401856892,2026,WNBA,DOMINIQUE MALONGA,SEATTLE STORM,"2026-05-08, SEA vs GS",29,21,8,13,0,2,5,9,4,4,8,0,0,2,3,3
401856892,2026,WNBA,NATISHA HIEDEMAN,SEATTLE STORM,"2026-05-08, SEA vs GS",23,6,2,3,0,4,2,3,5,0,5,3,1,0,1,5
401856892,2026,WNBA,FLAU'JAE JOHNSON,SEATTLE STORM,"2026-05-08, SEA vs GS",26,12,0,5,3,7,3,3,2,0,2,2,1,0,2,2
401856892,2026,WNBA,MACKENZIE HOLMES,SEATTLE STORM,"2026-05-08, SEA vs GS",11,2,1,1,0,0,0,0,3,3,6,0,0,0,0,2
401856892,2026,WNBA,GRACE VANSLOOTEN,SEATTLE STORM,"2026-05-08, SEA vs GS",7,5,0,1,1,1,2,2,0,0,0,0,0,0,0,2
401856892,2026,WNBA,LEXIE BROWN,SEATTLE STORM,"2026-05-08, SEA vs GS",22,0,0,0,0,2,0,0,1,1,2,3,0,0,4,1
401856892,2026,WNBA,ZIA COOKE,SEATTLE STORM,"2026-05-08, SEA vs GS",23,15,3,9,2,3,3,5,4,3,7,2,1,0,1,1
401856892,2026,WNBA,JADE MELBOURNE,SEATTLE STORM,"2026-05-08, SEA vs GS",17,13,2,2,2,3,3,3,1,1,2,3,1,0,0,2
